st_case_year,STATE,ST_CASE,VEH_NO,VE_FORMS,NUMOCCS,DAY,MONTH,HOUR,MINUTE,HARM_EV,MAN_COLL,UNITTYPE,HIT_RUN,REG_STAT,OWNER,MAKE,MODEL,MAK_MOD,BODY_TYP,MOD_YEAR,VIN,VIN_1,VIN_2,VIN_3,VIN_4,VIN_5,VIN_6,VIN_7,VIN_8,VIN_9,VIN_10,VIN_11,VIN_12,TOW_VEH,J_KNIFE,MCARR_I1,MCARR_I2,MCARR_ID,GVWR,V_CONFIG,CARGO_BT,HAZ_INV,HAZ_PLAC,HAZ_ID,HAZ_CNO,HAZ_REL,BUS_USE,SPEC_USE,EMER_USE,TRAV_SP,UNDERIDE,ROLLOVER,ROLINLOC,IMPACT1,DEFORMED,TOWED,M_HARM,VEH_SC1,VEH_SC2,FIRE_EXP,DR_PRES,L_STATE,DR_ZIP,L_STATUS,L_TYPE,CDL_STAT,L_ENDORS,L_COMPL,L_RESTRI,DR_HGT,DR_WGT,PREV_ACC,PREV_SUS,PREV_DWI,PREV_SPD,PREV_OTH,FIRST_MO,FIRST_YR,LAST_MO,LAST_YR,SPEEDREL,DR_SF1,DR_SF2,DR_SF3,DR_SF4,VTRAFWAY,VNUM_LAN,VSPD_LIM,VALIGN,VPROFILE,VPAVETYP,VSURCOND,VTRAFCON,VTCONT_F,P_CRASH1,P_CRASH2,P_CRASH3,PCRASH4,PCRASH5,ACC_TYPE,DEATHS,DR_DRINK,idno
110016_2013,11,110016,1,1,5,25,7,21,16,8,0,1,0,24,2,20,421,20421,15,1999,3GNEK18R1XG2,3,G,N,E,K,1,8,R,1,X,G,2,0,0,0,000000000,00000000000,0,0,0,1,0,0,0,0,0,0,0,998,0,0,0,11,2,3,8,0,0,0,1,24,20743,1,1,0,0,2,0,72,175,0,1,0,1,0,12,2012,12,2012,0,0,0,0,0,1,4,25,1,3,2,1,0,0,1,80,1,1,1,13,0,0,173
110017_2013,11,110017,1,3,1,29,7,10,15,12,6,1,0,11,1,73,705,73705,80,2003,JKAEXMF103A0,J,K,A,E,X,M,F,1,0,3,A,0,0,0,0,000000000,00000000000,0,0,0,1,0,0,0,0,0,0,0,38,0,0,0,12,6,2,12,0,0,0,1,11,20005,6,1,0,0,3,0,72,160,0,0,0,0,0,0,0,0,0,3,0,0,0,0,1,6,25,1,2,2,1,0,0,1,62,3,1,2,69,1,0,174
110017_2013,11,110017,2,3,1,29,7,10,15,12,6,1,0,11,2,99,898,99898,60,2007,5B4KPD2U6734,5,B,4,K,P,D,2,U,6,7,3,4,0,0,77,777777777,77777777777,2,1,1,1,0,0,0,0,0,0,0,998,0,0,0,83,6,2,12,0,0,0,1,11,20011,6,1,0,0,3,0,72,190,0,0,0,0,0,0,0,0,0,0,0,0,0,0,1,6,25,1,2,2,1,0,0,11,54,1,1,2,68,0,0,175
110017_2013,11,110017,3,3,1,29,7,10,15,12,6,1,0,11,1,20,482,20482,31,2008,3GNFK12358G1,3,G,N,F,K,1,2,3,5,8,G,1,0,0,0,000000000,00000000000,0,0,0,1,0,0,0,0,0,0,0,0,0,0,0,11,2,5,12,0,0,0,1,11,20001,6,1,0,0,3,0,71,207,0,0,0,0,0,0,0,0,0,0,0,0,0,0,1,6,25,1,2,2,1,0,0,5,62,1,1,1,98,0,0,176
110018_2013,11,110018,1,2,1,8,11,18,10,8,0,1,1,24,2,12,461,12461,21,2013,1FTNE1EW6DDB,1,F,T,N,E,1,E,W,6,D,D,B,0,0,0,000000000,00000000000,0,0,0,1,0,0,0,0,0,0,0,998,0,0,0,12,6,2,8,0,0,0,1,24,20743,6,1,0,0,3,0,67,180,0,0,0,0,0,0,0,0,0,3,38,0,0,0,1,4,25,1,1,2,1,2,3,1,80,1,1,2,13,0,0,177
110018_2013,11,110018,2,2,1,8,11,18,10,8,0,1,0,24,1,7,422,7422,15,2007,1D8HB48P87F5,1,D,8,H,B,4,8,P,8,7,F,5,0,0,0,000000000,00000000000,0,0,0,1,0,0,0,0,0,0,0,998,0,0,0,11,2,5,12,0,0,0,1,24,20704,6,1,0,0,3,0,999,999,99,99,99,99,99,99,9999,99,9999,0,0,0,0,0,1,4,25,1,1,2,1,2,3,1,61,1,1,1,98,0,0,178
110019_2013,11,110019,1,2,1,11,11,13,0,12,6,1,0,11,1,37,32,37032,4,2007,1HGCM66517A1,1,H,G,C,M,6,6,5,1,7,A,1,0,0,0,000000000,00000000000,0,0,0,1,0,0,0,0,0,0,0,40,0,0,0,12,6,2,12,0,0,0,1,11,20011,6,1,0,0,3,0,999,999,99,99,99,99,99,99,9999,99,9999,0,0,0,0,0,3,6,35,1,1,2,1,2,3,1,62,1,1,2,69,0,0,179
110019_2013,11,110019,2,2,2,11,11,13,0,12,6,1,0,51,1,20,37,20037,4,2011,1G1ZD5E11BF2,1,G,1,Z,D,5,E,1,1,B,F,2,0,0,0,000000000,00000000000,0,0,0,1,0,0,0,0,0,0,0,998,0,0,0,3,6,2,12,0,0,0,1,51,22980,6,1,0,0,3,0,72,185,0,0,0,1,1,2,2012,10,2012,0,0,0,0,0,3,6,35,1,1,2,1,2,3,11,15,1,1,2,68,1,0,180
110020_2013,11,110020,1,1,1,30,12,23,45,42,0,1,0,24,1,20,9,20009,2,2002,2G1FP22G9221,2,G,1,F,P,2,2,G,9,2,2,1,0,0,0,000000000,00000000000,0,0,0,1,0,0,0,0,0,0,0,82,0,0,0,61,6,2,42,0,0,0,1,24,20769,6,1,0,0,3,0,71,160,0,0,0,0,0,0,0,0,0,3,0,0,0,0,3,3,50,2,1,2,1,0,0,14,11,9,3,4,2,1,0,181
240001_2013,24,240001,1,3,1,1,1,17,54,12,11,1,0,24,1,12,17,12017,4,1994,1FALP52U0RA1,1,F,A,L,P,5,2,U,0,R,A,1,0,0,0,000000000,00000000000,0,0,0,1,0,0,0,0,0,0,0,998,0,0,0,12,6,2,12,0,0,0,1,24,20747,6,1,0,0,3,0,63,200,0,0,0,0,0,0,0,0,0,0,28,0,0,0,1,2,50,1,2,2,1,0,0,1,10,1,1,2,64,1,0,182
240001_2013,24,240001,2,3,3,1,1,17,54,12,11,1,0,24,2,37,32,37032,4,2006,1HGCM55486A0,1,H,G,C,M,5,5,4,8,6,A,0,0,0,0,000000000,00000000000,0,0,0,1,0,0,0,0,0,0,0,998,0,0,0,8,6,2,12,0,0,0,1,24,20622,6,1,0,0,3,0,65,180,0,0,0,0,0,0,0,0,0,0,0,0,0,0,1,2,50,1,2,2,1,0,0,1,62,1,1,1,65,0,0,183
240001_2013,24,240001,3,3,1,1,1,17,54,12,11,1,0,51,1,7,43,7043,4,1999,1B3EJ56H8XN6,1,B,3,E,J,5,6,H,8,X,N,6,0,0,0,000000000,00000000000,0,0,0,1,0,0,0,0,0,0,0,998,0,0,0,12,6,2,12,0,0,0,1,51,22314,6,1,0,0,3,0,63,104,0,0,0,0,0,0,0,0,0,0,0,0,0,0,1,2,50,1,2,2,1,0,0,1,62,1,1,1,98,0,0,184
240002_2013,24,240002,1,1,1,6,1,19,28,8,0,1,0,24,1,51,43,51043,6,2006,YV4SZ5926612,Y,V,4,S,Z,5,9,2,6,6,1,2,0,0,0,000000000,00000000000,0,0,0,1,0,0,0,0,0,0,0,998,0,0,0,12,4,3,8,0,0,0,1,24,21788,6,1,0,0,3,0,61,117,0,0,0,0,0,0,0,0,0,0,0,0,0,0,1,2,40,1,1,2,1,0,0,1,80,1,1,1,13,0,0,185
240003_2013,24,240003,1,1,1,9,1,9,1,26,0,1,0,24,2,12,37,12037,4,2006,1FAHP34NX6W2,1,F,A,H,P,3,4,N,X,6,W,2,0,0,0,000000000,00000000000,0,0,0,1,0,0,0,0,0,0,0,998,0,0,0,12,6,2,8,0,0,0,1,24,21901,6,1,0,0,3,0,70,225,0,0,0,0,0,0,0,0,0,0,28,0,0,0,2,2,55,1,2,2,1,0,0,1,90,1,1,2,12,0,0,186
240004_2013,24,240004,1,1,1,8,1,9,42,8,0,1,0,24,1,13,14,13014,6,2011,2LMDJ8JK3BBJ,2,L,M,D,J,8,J,K,3,B,B,J,0,0,0,000000000,00000000000,0,0,0,1,0,0,0,0,0,0,0,998,0,0,0,12,6,2,8,0,0,0,1,24,21212,6,1,0,0,3,0,69,196,0,0,0,0,0,0,0,0,0,0,38,0,0,0,0,0,0,0,0,0,0,0,0,98,98,1,1,5,13,0,0,187
240005_2013,24,240005,1,1,1,5,1,18,56,8,0,1,0,24,1,12,481,12481,31,2005,1FTPX04595KC,1,F,T,P,X,0,4,5,9,5,K,C,0,0,0,000000000,00000000000,0,0,0,1,0,0,0,0,0,0,0,998,0,0,0,12,4,5,8,0,0,0,1,24,21236,6,1,0,0,3,0,73,190,0,0,0,0,0,0,0,0,0,0,0,0,0,0,1,4,55,1,1,2,1,0,0,1,80,1,1,1,13,0,0,188
240006_2013,24,240006,1,2,1,13,1,10,0,12,2,1,0,42,1,37,31,37031,4,2002,1HGES16672L0,1,H,G,E,S,1,6,6,7,2,L,0,0,0,0,000000000,00000000000,0,0,0,1,0,0,0,0,0,0,0,998,0,0,0,12,6,2,12,0,0,0,1,42,17268,6,1,0,0,3,0,61,999,0,0,0,0,0,0,0,0,0,0,28,87,0,0,1,2,30,1,1,2,2,0,0,1,10,1,1,2,50,1,0,189
240006_2013,24,240006,2,2,1,13,1,10,0,12,2,1,0,42,1,63,33,63033,4,2009,KNAFE2228956,K,N,A,F,E,2,2,2,8,9,5,6,0,0,0,000000000,00000000000,0,0,0,1,0,0,0,0,0,0,0,998,0,0,0,12,6,2,12,0,0,0,1,42,17268,6,1,0,0,3,0,68,999,0,0,0,0,0,0,0,0,0,0,0,0,0,0,1,2,30,1,1,2,2,0,0,1,62,1,1,1,51,0,0,190
240007_2013,24,240007,1,1,2,13,1,23,6,30,0,1,0,24,1,2,405,2405,14,2002,1J8GL48K42W1,1,J,8,G,L,4,8,K,4,2,W,1,0,0,0,000000000,00000000000,0,0,0,1,0,0,0,0,0,0,0,998,0,0,0,1,6,2,30,0,0,0,1,24,21791,6,1,0,0,3,0,67,130,0,1,0,2,1,4,2011,10,2011,0,87,0,0,0,1,2,50,1,1,2,2,0,0,1,13,99,2,4,2,1,0,191
240008_2013,24,240008,1,1,1,15,1,6,48,8,0,1,0,24,3,12,461,12461,21,2005,1FMRE11W45HA,1,F,M,R,E,1,1,W,4,5,H,A,0,0,0,000000000,00000000000,0,0,0,1,0,0,0,0,0,0,0,20,0,0,0,12,6,2,8,0,0,0,1,24,21239,6,1,0,0,3,3,68,278,0,0,0,0,0,0,0,0,0,0,0,0,0,0,1,4,35,1,2,2,2,0,0,1,80,1,1,1,13,0,0,192
240009_2013,24,240009,1,2,1,15,1,21,35,12,6,1,0,24,1,42,43,42043,4,1997,WDBGA43G8VA3,W,D,B,G,A,4,3,G,8,V,A,3,0,0,0,000000000,00000000000,0,0,0,1,0,0,0,0,0,0,0,998,0,0,0,3,6,2,12,0,0,0,1,24,20688,6,1,0,0,3,0,65,160,0,0,0,0,0,0,0,0,0,4,87,0,0,0,3,2,55,1,2,2,2,0,0,1,10,1,1,4,64,1,1,193
240009_2013,24,240009,2,2,2,15,1,21,35,12,6,1,0,24,1,2,403,2403,14,2013,1C4GJWAG8DL5,1,C,4,G,J,W,A,G,8,D,L,5,0,0,0,000000000,00000000000,0,0,0,1,0,0,0,0,0,0,0,998,0,0,0,12,6,2,12,0,0,0,1,24,20676,6,1,0,0,3,0,72,190,0,0,0,0,0,0,0,0,0,0,0,0,0,0,3,2,55,1,2,2,2,0,0,1,62,1,1,1,65,0,0,194
240010_2013,24,240010,1,1,1,18,1,8,33,42,0,1,0,24,2,35,471,35471,30,1995,1N6SD11S3SC4,1,N,6,S,D,1,1,S,3,S,C,4,0,0,0,000000000,00000000000,0,0,0,1,0,0,0,0,0,0,0,998,0,0,0,12,6,2,42,0,0,0,1,24,20678,6,1,0,0,3,0,70,155,0,0,0,0,0,0,0,0,0,4,0,0,0,0,1,2,30,2,1,2,1,0,0,14,13,1,1,4,1,1,0,195
240011_2013,24,240011,1,2,1,21,1,6,25,12,2,1,0,24,2,7,482,7482,31,2001,3B7HF13Z21M2,3,B,7,H,F,1,3,Z,2,1,M,2,0,0,0,000000000,00000000000,0,0,0,1,0,0,0,0,0,0,0,72,0,0,0,12,6,2,12,0,0,0,1,24,21776,1,1,0,0,2,2,65,146,0,4,2,0,0,4,2011,10,2012,3,38,74,0,0,1,4,50,1,1,2,2,0,0,1,19,1,1,1,52,1,1,196
240011_2013,24,240011,2,2,1,21,1,6,25,12,2,1,0,24,3,12,461,12461,21,2005,1FTSE34P45HB,1,F,T,S,E,3,4,P,4,5,H,B,0,0,0,000000000,00000000000,0,0,0,1,0,0,0,0,0,0,0,998,0,0,0,12,6,2,12,0,0,0,1,24,21157,6,1,0,0,3,0,67,195,0,0,0,0,0,0,0,0,0,0,0,0,0,0,1,4,50,1,1,2,2,0,0,1,73,1,1,1,52,0,0,197
240012_2013,24,240012,1,2,1,15,1,20,59,12,6,1,0,24,1,20,37,20037,4,2004,1G1ND52F04M6,1,G,1,N,D,5,2,F,0,4,M,6,0,0,0,000000000,00000000000,0,0,0,1,0,0,0,0,0,0,0,998,0,0,0,12,2,5,12,0,0,0,1,24,21224,6,1,0,0,3,0,72,280,0,0,0,0,0,0,0,0,0,0,38,0,0,0,1,2,99,1,2,2,1,99,9,1,17,1,1,1,86,1,1,198
240012_2013,24,240012,2,2,2,15,1,20,59,12,6,1,0,24,1,20,16,20016,4,2004,1G1JC12F9471,1,G,1,J,C,1,2,F,9,4,7,1,0,0,0,000000000,00000000000,0,0,0,1,0,0,0,0,0,0,0,998,0,0,0,5,4,5,12,0,0,0,1,24,21221,6,1,0,0,3,0,62,130,0,0,0,0,0,0,0,0,0,0,0,0,0,0,1,2,25,1,2,2,1,99,9,1,66,1,1,1,87,0,0,199
240013_2013,24,240013,1,1,1,22,1,5,16,25,0,1,0,24,1,49,52,49052,5,2011,JTKKU4B4XB10,J,T,K,K,U,4,B,4,X,B,1,0,0,0,0,000000000,00000000000,0,0,0,1,0,0,0,0,0,0,0,998,0,0,0,12,6,2,25,0,0,0,1,24,21703,6,1,0,0,3,0,63,150,0,0,0,0,0,0,0,0,0,0,0,0,0,0,3,4,55,1,1,2,1,0,0,1,12,1,1,4,6,1,0,200
240014_2013,24,240014,1,2,1,22,1,6,30,12,2,1,0,23,2,2,404,2404,14,1995,1J4FJ28S7SL6,1,J,4,F,J,2,8,S,7,S,L,6,0,0,0,000000000,00000000000,0,0,0,1,0,0,0,0,0,0,0,998,0,0,0,12,6,2,12,0,0,0,1,24,21784,6,1,0,0,3,0,69,190,0,0,0,0,0,0,0,0,0,0,28,0,0,0,1,2,55,4,2,2,1,0,0,1,10,1,1,1,50,0,0,201
240014_2013,24,240014,2,2,1,22,1,6,30,12,2,1,0,24,1,24,1,24001,4,1999,1G8ZK5274XZ3,1,G,8,Z,K,5,2,7,4,X,Z,3,0,0,0,000000000,00000000000,0,0,0,1,0,0,0,0,0,0,0,998,0,0,0,12,6,2,12,0,0,0,1,24,21797,6,1,0,0,3,0,70,155,0,0,0,0,0,0,0,0,0,0,0,0,0,0,1,2,55,4,2,2,1,0,0,1,62,1,1,1,51,1,0,202
240015_2013,24,240015,1,2,1,25,1,17,55,12,6,1,0,24,1,30,40,30040,4,2001,3VWRP29M51M0,3,V,W,R,P,2,9,M,5,1,M,0,0,0,0,000000000,00000000000,0,0,0,1,0,0,0,0,0,0,0,998,0,0,0,5,6,2,12,0,0,0,1,24,21701,6,1,0,0,3,0,73,185,0,0,0,0,0,0,0,0,0,4,0,0,0,0,3,2,60,1,3,2,2,0,0,1,12,99,4,4,64,1,1,203
240015_2013,24,240015,2,2,1,25,1,17,55,12,6,1,0,45,3,82,881,82881,66,2004,1FUJA6CK04LM,1,F,U,J,A,6,C,K,0,4,L,M,1,1,57,1770449,571770449,3,6,1,1,0,0,0,0,0,0,0,998,0,0,0,12,6,2,12,0,0,0,1,45,29945,6,1,6,0,3,0,73,215,0,0,0,0,0,0,0,0,0,0,0,0,0,0,3,2,60,1,3,2,2,0,0,1,62,1,1,1,65,0,0,204
240016_2013,24,240016,1,1,1,28,1,21,45,8,0,1,0,24,1,14,401,14401,14,1998,4M2ZU55P9WUJ,4,M,2,Z,U,5,5,P,9,W,U,J,0,0,0,000000000,00000000000,0,0,0,1,0,0,0,0,0,0,0,998,0,0,0,12,6,2,8,0,0,0,1,24,21222,6,1,0,0,3,3,61,180,0,1,0,0,0,4,2011,4,2011,0,28,0,0,0,3,2,55,1,3,2,1,0,0,1,13,1,1,4,13,0,1,205
240017_2013,24,240017,1,4,1,30,1,18,13,12,8,1,0,24,1,7,19,7019,4,1993,1B3XA46K7PF6,1,B,3,X,A,4,6,K,7,P,F,6,0,0,0,000000000,00000000000,0,0,0,1,0,0,0,0,0,0,0,998,0,0,0,11,6,2,12,0,0,0,1,24,20842,1,1,0,0,2,2,67,213,0,1,0,0,0,7,2010,7,2010,0,28,74,0,0,1,2,30,1,1,2,2,0,0,1,10,1,1,2,64,1,1,206
240017_2013,24,240017,2,4,1,30,1,18,13,12,8,1,0,24,1,20,34,20034,4,1996,1Y1SK5289TZ0,1,Y,1,S,K,5,2,8,9,T,Z,0,0,0,0,000000000,00000000000,0,0,0,1,0,0,0,0,0,0,0,998,0,0,0,7,4,5,12,0,0,0,1,24,21237,6,1,0,0,3,0,68,170,0,0,0,0,0,0,0,0,0,0,0,0,0,0,1,2,30,1,1,2,2,0,0,1,62,1,1,1,65,0,0,207
240017_2013,24,240017,3,4,1,30,1,18,13,12,8,1,0,24,1,41,50,41050,4,2007,1YVHP80C275M,1,Y,V,H,P,8,0,C,2,7,5,M,0,0,0,000000000,00000000000,0,0,0,1,0,0,0,0,0,0,0,998,0,0,0,12,6,2,12,0,0,0,1,24,21224,6,1,0,0,3,0,66,140,0,0,0,0,0,0,0,0,0,0,0,0,0,0,1,2,30,1,1,2,2,0,0,1,62,1,1,1,98,0,0,208
240017_2013,24,240017,4,4,1,30,1,18,13,12,8,1,0,24,1,19,18,19018,4,2009,1G6DF5776901,1,G,6,D,F,5,7,7,6,9,0,1,0,0,0,000000000,00000000000,0,0,0,1,0,0,0,0,0,0,0,998,0,0,0,12,6,2,12,0,0,0,1,24,21237,6,1,0,0,3,0,69,205,0,0,0,0,0,0,0,0,0,0,0,0,0,0,1,2,30,1,1,2,2,0,0,1,62,1,1,1,98,0,0,209
240018_2013,24,240018,1,1,1,12,1,18,48,8,0,1,0,24,1,6,441,6441,20,2002,2C8GP34332R5,2,C,8,G,P,3,4,3,3,2,R,5,0,0,0,000000000,00000000000,0,0,0,1,0,0,0,0,0,0,0,998,0,0,0,12,4,3,8,0,0,0,1,24,21236,6,1,0,0,3,0,67,175,0,0,0,0,0,0,0,0,0,0,0,0,0,0,1,4,30,1,1,2,1,0,0,1,80,7,1,3,13,0,0,210
240019_2013,24,240019,1,2,1,1,2,11,15,12,6,1,0,24,3,12,461,12461,21,2008,1FDSE35L18DA,1,F,D,S,E,3,5,L,1,8,D,A,0,0,0,000000000,00000000000,0,0,0,1,0,0,0,0,0,0,0,998,0,0,0,3,6,2,12,0,0,0,1,24,21220,6,1,0,0,3,0,72,240,0,0,0,1,1,3,2012,7,2012,0,28,77,0,0,1,2,50,1,1,2,2,0,0,1,5,1,9,2,64,1,0,211
240019_2013,24,240019,2,2,2,1,2,11,15,12,6,1,0,24,3,87,881,87881,66,2005,1XP5D49X95N8,1,X,P,5,D,4,9,X,9,5,N,8,1,1,57,1968421,571968421,3,6,1,1,0,0,0,0,0,0,0,998,0,0,0,12,6,2,12,0,0,0,1,24,21660,6,1,6,0,3,0,70,185,0,0,0,0,0,0,0,0,0,0,0,0,0,0,1,2,50,1,1,2,2,0,0,1,62,7,1,1,65,0,0,212
240020_2013,24,240020,1,1,1,2,2,12,43,52,0,1,0,24,1,54,31,54031,3,1992,JH4DA9353NS0,J,H,4,D,A,9,3,5,3,N,S,0,0,0,0,000000000,00000000000,0,0,0,1,0,0,0,0,0,0,0,998,0,0,0,1,6,2,52,0,0,0,1,24,21224,6,1,0,0,3,0,72,265,0,1,0,0,1,11,2011,9,2012,4,0,0,0,0,3,3,40,1,1,2,1,0,0,1,12,99,4,4,7,1,0,213
240021_2013,24,240021,1,1,1,7,2,0,48,8,0,1,0,24,1,49,40,49040,4,2010,4T1BF3EKXAU5,4,T,1,B,F,3,E,K,X,A,U,5,0,0,0,000000000,00000000000,0,0,0,1,0,0,0,0,0,0,0,998,0,0,0,12,6,2,8,0,0,0,1,24,20716,1,1,0,0,2,2,73,225,0,1,0,0,0,12,2012,12,2012,0,74,0,0,0,1,4,55,1,1,2,1,0,0,1,80,4,1,1,13,0,0,214
240022_2013,24,240022,1,3,3,28,1,4,44,12,7,1,0,24,1,49,40,49040,4,2007,JTNBK46K3730,J,T,N,B,K,4,6,K,3,7,3,0,0,0,0,000000000,00000000000,0,0,0,1,0,0,0,0,0,0,0,998,0,0,0,11,6,2,12,0,0,0,1,24,21009,6,1,0,0,3,0,61,118,0,0,0,0,0,0,0,0,0,4,28,87,0,0,3,3,65,1,1,2,2,0,0,15,51,99,2,2,48,1,0,215
240022_2013,24,240022,2,3,1,28,1,4,44,12,7,1,0,18,3,82,881,82881,66,2012,1FUJGEDR7CLB,1,F,U,J,G,E,D,R,7,C,L,B,1,1,99,999999999,99999999999,3,6,1,1,0,0,0,0,0,0,0,998,0,0,0,5,4,5,12,0,0,0,1,51,23803,6,1,6,0,3,0,73,290,0,0,0,0,0,0,0,0,0,0,0,0,0,0,3,3,65,1,1,2,2,0,0,1,61,1,1,1,48,0,0,216
240022_2013,24,240022,3,3,1,28,1,4,44,12,7,1,0,24,1,19,3,19003,4,2003,1G6KF57923U2,1,G,6,K,F,5,7,9,2,3,U,2,0,0,0,000000000,00000000000,0,0,0,1,0,0,0,0,0,0,0,998,0,0,0,12,6,2,25,0,0,0,1,42,19390,6,1,0,0,3,0,73,999,0,0,0,0,0,0,0,0,0,0,0,0,0,0,3,3,65,1,1,2,2,0,0,1,60,99,9,1,98,0,0,217
240023_2013,24,240023,1,1,1,8,1,12,11,33,0,1,0,37,1,37,709,37709,80,2010,JH2SC5904AK2,J,H,2,S,C,5,9,0,4,A,K,2,0,0,0,000000000,00000000000,0,0,0,1,0,0,0,0,0,0,0,998,0,0,0,12,6,2,42,0,0,0,1,37,27948,6,1,0,0,3,3,67,999,0,2,0,0,5,9,2011,1,2012,0,0,0,0,0,1,4,40,1,1,2,1,0,0,1,13,1,1,4,1,1,0,218
240024_2013,24,240024,1,2,1,11,2,6,51,12,98,1,0,24,2,12,37,12037,4,2001,1FAFP34321W3,1,F,A,F,P,3,4,3,2,1,W,3,0,0,0,000000000,00000000000,0,0,0,1,0,0,0,0,0,0,0,998,0,0,0,98,6,2,12,0,0,1,1,24,21158,6,1,0,0,3,0,76,205,0,0,0,0,0,0,0,0,0,4,28,87,0,0,1,2,40,4,3,2,4,0,0,14,6,99,9,2,64,1,0,219
240024_2013,24,240024,2,2,1,11,2,6,51,12,98,1,0,42,3,84,981,84981,50,1995,1HVBBABNXSH2,1,H,V,B,B,A,B,N,X,S,H,2,0,0,88,888888888,88888888888,3,21,22,1,0,0,0,0,98,98,0,998,0,0,0,12,6,2,12,0,0,0,1,42,17331,6,1,6,0,3,0,67,999,0,0,0,0,0,0,0,0,0,0,0,0,0,0,1,2,40,4,3,2,4,0,0,14,62,1,1,1,65,0,0,220
240025_2013,24,240025,1,2,1,14,2,13,7,12,2,1,0,24,3,37,441,37441,20,2002,5FNRL18782B0,5,F,N,R,L,1,8,7,8,2,B,0,0,0,0,000000000,00000000000,0,0,0,1,0,0,0,0,0,0,0,998,0,0,0,12,6,2,12,0,0,0,1,24,21740,2,1,0,0,2,2,74,205,0,1,0,0,0,5,2012,5,2012,3,50,74,0,0,4,1,35,3,1,2,1,0,0,14,54,1,1,1,52,1,0,221
240025_2013,24,240025,2,2,1,14,2,13,7,12,2,1,0,24,1,30,421,30421,15,2012,WVGEK9BP4CD0,W,V,G,E,K,9,B,P,4,C,D,0,0,0,0,000000000,00000000000,0,0,0,1,0,0,0,0,0,0,0,998,0,0,0,12,6,2,12,0,0,0,1,24,21783,6,1,6,0,3,0,71,230,0,0,0,0,0,0,0,0,0,0,0,0,0,0,4,1,35,3,1,2,1,0,0,14,54,99,9,1,52,0,0,222
240026_2013,24,240026,1,2,1,14,2,7,44,12,6,1,0,24,2,20,401,20401,14,2001,1GNCS18W51K2,1,G,N,C,S,1,8,W,5,1,K,2,0,0,0,000000000,00000000000,0,0,0,1,0,0,0,0,0,0,0,998,0,0,0,3,6,2,12,0,0,0,1,24,21114,6,1,0,0,3,2,61,170,0,0,0,0,0,0,0,0,0,0,28,87,74,0,1,2,35,4,1,2,4,0,0,14,5,99,4,2,64,1,0,223
240026_2013,24,240026,2,2,1,14,2,7,44,12,6,1,0,24,3,86,881,86881,63,2003,1M2AG11C13M0,1,M,2,A,G,1,1,C,1,3,M,0,0,0,57,543976,57543976,3,1,5,1,0,0,0,0,0,0,0,998,0,0,0,12,6,2,12,0,0,0,1,24,21403,6,1,6,0,3,0,70,200,0,0,0,0,0,0,0,0,0,0,0,0,0,0,1,2,35,4,1,2,4,0,0,14,62,99,1,1,65,0,0,224
240027_2013,24,240027,1,1,1,15,2,19,14,8,0,1,0,24,3,37,31,37031,4,2003,JHMES96693S0,J,H,M,E,S,9,6,6,9,3,S,0,0,0,0,000000000,00000000000,0,0,0,1,0,0,0,0,0,0,0,998,0,0,0,12,6,2,8,0,0,0,1,10,19711,6,1,0,0,3,0,65,195,0,1,0,0,0,8,2011,8,2011,0,0,0,0,0,2,2,55,1,1,2,1,0,0,1,80,7,1,2,13,0,0,225
240028_2013,24,240028,1,1,1,17,2,3,5,39,0,1,0,24,1,22,8,22008,2,2006,6G2VX12U56L8,6,G,2,V,X,1,2,U,5,6,L,8,0,0,0,000000000,00000000000,0,0,0,1,0,0,0,0,0,0,0,998,0,0,0,12,6,2,39,0,0,0,1,24,21015,6,1,0,0,3,0,72,185,0,0,0,0,1,4,2011,4,2011,0,39,0,0,0,1,2,50,1,1,2,1,9,3,1,14,1,1,4,14,1,1,226
240029_2013,24,240029,1,1,1,16,2,1,33,19,0,1,0,92,0,37,31,37031,2,1996,1HGEJ8148TL0,1,H,G,E,J,8,1,4,8,T,L,0,0,0,0,000000000,00000000000,0,0,0,1,0,0,0,0,0,0,0,998,0,0,0,12,6,2,19,0,0,0,1,24,20776,0,0,0,0,0,0,74,170,0,0,0,0,0,0,0,0,0,0,39,0,0,0,1,2,25,1,1,2,2,20,3,1,14,99,9,4,14,1,1,227
240030_2013,24,240030,1,1,1,30,1,23,34,8,0,1,1,99,9,99,999,99999,99,9999,999999999999,9,9,9,9,9,9,9,9,9,9,9,9,0,0,0,000000000,00000000000,0,0,0,1,0,0,0,0,0,0,0,998,0,0,0,12,9,5,8,0,0,0,1,99,99999,9,9,99,9,9,9,999,999,99,99,99,99,99,99,9999,99,9999,4,99,99,99,99,1,2,25,1,1,2,2,0,0,1,80,99,9,1,13,0,0,228
240031_2013,24,240031,1,1,1,19,2,8,50,42,0,1,0,42,1,32,43,32043,4,1997,WAUEA88D0VA1,W,A,U,E,A,8,8,D,0,V,A,1,0,0,0,000000000,00000000000,0,0,0,1,0,0,0,0,0,0,0,998,0,0,0,7,6,2,42,0,0,1,1,42,17557,6,1,0,0,3,0,69,999,0,0,0,1,0,9,2010,9,2010,4,87,0,0,0,3,2,65,1,2,2,4,0,0,1,5,99,4,4,7,1,0,229
240032_2013,24,240032,1,1,1,5,2,5,24,8,0,1,0,24,1,20,431,20431,16,1998,3GNFK16R6WG1,3,G,N,F,K,1,6,R,6,W,G,1,0,0,0,000000000,00000000000,0,0,0,1,0,0,0,0,0,0,0,998,0,0,0,12,6,2,8,0,0,0,1,24,20872,6,1,0,0,3,0,68,205,0,0,0,0,0,0,0,0,0,0,0,0,0,0,2,3,35,1,1,2,2,0,0,1,80,1,1,1,13,0,0,230