st_case_year,STATE,ST_CASE,VEH_NO,VE_FORMS,NUMOCCS,DAY,MONTH,HOUR,MINUTE,HARM_EV,MAN_COLL,UNITTYPE,HIT_RUN,REG_STAT,OWNER,MAKE,MODEL,MAK_MOD,BODY_TYP,MOD_YEAR,VIN,VIN_1,VIN_2,VIN_3,VIN_4,VIN_5,VIN_6,VIN_7,VIN_8,VIN_9,VIN_10,VIN_11,VIN_12,TOW_VEH,J_KNIFE,MCARR_I1,MCARR_I2,MCARR_ID,GVWR,V_CONFIG,CARGO_BT,HAZ_INV,HAZ_PLAC,HAZ_ID,HAZ_CNO,HAZ_REL,BUS_USE,SPEC_USE,EMER_USE,TRAV_SP,UNDERIDE,ROLLOVER,ROLINLOC,IMPACT1,DEFORMED,TOWED,M_HARM,VEH_SC1,VEH_SC2,FIRE_EXP,DR_PRES,L_STATE,DR_ZIP,L_STATUS,L_TYPE,CDL_STAT,L_ENDORS,L_COMPL,L_RESTRI,DR_HGT,DR_WGT,PREV_ACC,PREV_SUS,PREV_DWI,PREV_SPD,PREV_OTH,FIRST_MO,FIRST_YR,LAST_MO,LAST_YR,SPEEDREL,DR_SF1,DR_SF2,DR_SF3,DR_SF4,VTRAFWAY,VNUM_LAN,VSPD_LIM,VALIGN,VPROFILE,VPAVETYP,VSURCOND,VTRAFCON,VTCONT_F,P_CRASH1,P_CRASH2,P_CRASH3,PCRASH4,PCRASH5,ACC_TYPE,DEATHS,DR_DRINK,idno
240073_2013,24,240073,1,2,3,28,3,12,47,12,6,1,0,24,2,14,17,14017,4,2000,1MEFM55S9YA6,1,M,E,F,M,5,5,S,9,Y,A,6,0,0,0,000000000,00000000000,0,0,0,1,0,0,0,0,0,0,0,998,0,0,0,3,6,2,12,0,0,0,1,24,20625,6,1,0,0,3,0,60,146,0,0,0,0,0,0,0,0,0,0,28,58,0,0,1,2,50,1,1,2,1,0,0,1,10,99,4,2,64,1,0,288
240073_2013,24,240073,2,2,2,28,3,12,47,12,6,1,0,24,1,49,40,49040,4,2010,4T1BF3EK5AU5,4,T,1,B,F,3,E,K,5,A,U,5,0,0,0,000000000,00000000000,0,0,0,1,0,0,0,0,0,0,0,998,0,0,0,12,6,2,12,0,0,0,1,24,20625,6,1,0,0,3,0,63,140,0,0,0,0,0,0,0,0,0,0,0,0,0,0,1,2,50,1,1,2,1,0,0,1,62,99,9,1,65,0,0,289
240074_2013,24,240074,1,1,4,31,3,0,37,30,0,1,0,24,1,48,38,48038,4,2005,JF1GD29685G5,J,F,1,G,D,2,9,6,8,5,G,5,0,0,0,000000000,00000000000,0,0,0,1,0,0,0,0,0,0,0,998,0,1,5,12,6,2,42,0,0,0,1,24,21113,6,1,0,0,3,0,75,180,0,0,0,0,0,0,0,0,0,3,0,0,0,0,2,2,35,4,2,2,1,0,0,14,13,99,9,4,1,3,1,290
240075_2013,24,240075,1,1,1,31,3,15,14,35,0,1,0,24,2,24,7,24007,4,2007,1G8AJ55F97Z1,1,G,8,A,J,5,5,F,9,7,Z,1,0,0,0,000000000,00000000000,0,0,0,1,0,0,0,0,0,0,0,998,0,0,0,12,6,2,35,0,0,0,1,24,21750,1,1,0,0,2,2,68,165,0,1,0,0,0,1,2012,1,2012,0,74,0,0,0,1,2,50,4,1,2,2,0,0,1,12,1,1,4,6,1,1,291
240076_2013,24,240076,1,2,3,4,3,11,44,12,7,1,0,24,1,7,24,7024,4,2012,2C3CDXCT9CH1,2,C,3,C,D,X,C,T,9,C,H,1,0,0,0,000000000,00000000000,0,0,0,1,0,0,0,0,0,0,0,998,0,0,0,11,6,2,14,0,0,0,1,24,20721,6,1,0,0,3,0,67,230,0,0,0,0,0,0,0,0,0,3,28,0,0,0,3,3,35,1,2,2,1,97,8,16,10,1,1,2,47,1,0,292
240076_2013,24,240076,2,2,1,4,3,11,44,12,7,1,0,24,2,12,422,12422,15,2001,1FMFU18L21LA,1,F,M,F,U,1,8,L,2,1,L,A,0,0,0,000000000,00000000000,0,0,0,1,0,0,0,0,0,0,0,998,0,0,0,5,6,2,12,0,0,0,1,24,20722,6,1,0,0,3,0,74,227,0,0,0,0,1,1,2013,1,2013,0,0,0,0,0,3,3,35,1,2,2,1,97,8,1,61,1,1,1,45,0,0,293
240077_2013,24,240077,1,2,1,7,4,4,24,12,2,1,0,24,1,55,33,55033,4,2003,KMHWF25S63A7,K,M,H,W,F,2,5,S,6,3,A,7,0,0,0,000000000,00000000000,0,0,0,1,0,0,0,0,0,0,0,998,0,0,0,12,6,2,12,0,0,0,1,24,20625,6,1,0,0,3,0,66,130,0,0,0,0,1,1,2013,1,2013,0,51,0,0,0,3,2,55,1,1,2,1,0,0,1,54,1,1,1,52,1,1,294
240077_2013,24,240077,2,2,1,7,4,4,24,12,2,1,0,24,2,7,442,7442,20,2002,2B4GP44372R6,2,B,4,G,P,4,4,3,7,2,R,6,0,0,0,000000000,00000000000,0,0,0,1,0,0,0,0,0,0,0,998,0,0,0,12,6,2,12,0,0,0,1,24,21207,2,1,0,0,2,2,72,300,0,1,0,0,0,10,2011,10,2011,0,74,0,0,0,3,2,55,1,1,2,1,0,0,1,54,1,1,1,52,1,0,295
240078_2013,24,240078,1,1,1,22,1,18,15,8,0,1,0,24,2,52,401,52401,14,2002,JA4MW51R02J0,J,A,4,M,W,5,1,R,0,2,J,0,0,0,0,000000000,00000000000,0,0,0,1,0,0,0,0,0,0,0,998,0,0,0,12,6,2,8,0,0,0,1,24,20745,6,1,0,0,3,0,61,145,0,0,0,0,0,0,0,0,0,0,99,99,99,99,8,8,98,8,8,8,1,0,0,1,14,99,1,4,14,0,1,296
240079_2013,24,240079,1,1,2,22,1,23,16,1,0,1,0,24,1,12,471,12471,30,2000,1FTYR10C8YTA,1,F,T,Y,R,1,0,C,8,Y,T,A,0,0,0,000000000,00000000000,0,0,0,1,0,0,0,0,0,0,0,998,0,2,6,0,6,2,1,0,0,0,1,24,20755,6,1,0,0,3,0,64,115,0,0,0,0,0,0,0,0,0,4,0,0,0,0,1,2,35,3,1,2,1,0,0,14,10,99,3,4,2,1,1,297
240080_2013,24,240080,1,1,1,11,1,20,37,21,0,1,0,24,2,12,401,12401,14,1997,1FMDU34E7VUB,1,F,M,D,U,3,4,E,7,V,U,B,0,0,0,000000000,00000000000,0,0,0,1,0,0,0,0,0,0,0,998,0,0,0,12,6,2,21,0,0,0,1,24,21771,6,1,0,0,3,0,72,230,0,0,0,0,1,4,2012,4,2012,4,0,0,0,0,1,2,30,2,2,2,2,0,0,14,6,1,9,4,7,1,1,298
240081_2013,24,240081,1,1,1,7,2,22,30,8,0,1,0,24,1,35,47,35047,2,2008,1N4AL24E58C1,1,N,4,A,L,2,4,E,5,8,C,1,0,0,0,000000000,00000000000,0,0,0,1,0,0,0,0,0,0,0,998,0,0,0,12,2,3,8,0,0,0,1,24,21044,6,1,0,0,3,0,66,250,0,0,0,0,0,0,0,0,0,0,0,0,0,0,3,3,45,1,2,2,1,0,0,1,80,99,9,1,13,0,0,299
240082_2013,24,240082,1,2,3,25,3,7,47,12,6,1,0,24,2,37,32,37032,4,1990,1HGCB7648LA1,1,H,G,C,B,7,6,4,8,L,A,1,0,0,0,000000000,00000000000,0,0,0,1,0,0,0,0,0,0,0,998,0,0,0,1,6,2,12,0,0,0,1,24,20706,0,0,0,0,0,0,999,999,0,0,0,0,0,0,0,0,0,0,28,39,0,0,1,2,45,1,1,1,2,0,0,1,10,1,1,2,64,2,1,300
240082_2013,24,240082,2,2,1,25,3,7,47,12,6,1,0,24,2,32,42,32042,4,2006,WAUDH74F26N1,W,A,U,D,H,7,4,F,2,6,N,1,0,0,0,000000000,00000000000,0,0,0,1,0,0,0,0,0,0,0,998,0,0,0,12,6,2,12,0,0,0,1,24,20769,6,1,0,0,3,0,76,290,0,0,0,0,0,0,0,0,0,0,0,0,0,0,1,2,45,1,1,1,2,0,0,1,62,99,9,1,65,0,0,301
240083_2013,24,240083,1,1,1,22,3,12,20,33,0,1,0,24,1,34,401,34401,14,2003,5UXFA53563LV,5,U,X,F,A,5,3,5,6,3,L,V,0,0,0,000000000,00000000000,0,0,0,1,0,0,0,0,0,0,0,998,0,0,0,14,6,2,42,0,0,0,1,24,20879,6,1,0,0,3,0,69,198,0,0,0,0,0,0,0,0,0,0,0,0,0,0,2,3,45,3,1,2,1,0,0,14,13,1,1,4,1,1,0,302
240084_2013,24,240084,1,1,1,24,3,1,6,42,0,1,0,24,1,35,471,35471,30,1993,1N6SD11S3PC4,1,N,6,S,D,1,1,S,3,P,C,4,0,0,0,000000000,00000000000,0,0,0,1,0,0,0,0,0,0,0,998,0,0,0,12,6,2,42,0,0,0,1,24,20878,6,1,0,0,3,0,71,270,0,0,0,0,0,0,0,0,0,9,99,99,99,99,1,4,40,1,1,2,1,0,0,1,13,99,9,4,4,1,1,303
240085_2013,24,240085,1,1,2,13,3,23,7,53,0,1,0,24,1,20,4,20004,1,1998,1G1YY32G4W51,1,G,1,Y,Y,3,2,G,4,W,5,1,0,0,0,000000000,00000000000,0,0,0,1,0,0,0,0,0,0,0,998,0,0,0,12,6,2,30,0,0,0,1,24,21229,6,1,0,0,3,0,75,205,0,1,0,0,0,1,2011,1,2011,3,0,0,0,0,1,2,35,1,2,2,1,0,0,1,12,99,4,4,7,1,0,304
240086_2013,24,240086,1,1,1,5,1,14,25,8,0,1,0,24,1,37,32,37032,4,1995,1HGCD5638SA1,1,H,G,C,D,5,6,3,8,S,A,1,0,0,0,000000000,00000000000,0,0,0,1,0,0,0,0,0,0,0,998,0,0,0,12,2,5,8,0,0,0,1,24,21212,6,1,0,0,3,0,61,184,0,0,0,0,0,0,0,0,0,0,38,0,0,0,1,2,30,1,1,2,1,2,3,11,80,1,1,1,13,0,0,305
240087_2013,24,240087,1,2,1,4,4,5,55,12,6,1,0,24,2,24,5,24005,4,2001,1G8JW54R31Y5,1,G,8,J,W,5,4,R,3,1,Y,5,0,0,0,000000000,00000000000,0,0,0,1,0,0,0,0,0,0,0,998,0,0,0,9,6,2,12,0,0,0,1,24,21028,6,1,0,0,3,0,67,114,0,0,0,0,0,0,0,0,0,0,38,39,0,0,1,2,35,8,8,2,1,20,3,11,15,1,1,1,82,1,0,306
240087_2013,24,240087,2,2,1,4,4,5,55,12,6,1,0,24,3,12,881,12881,61,1999,1FDXF47F7XEA,1,F,D,X,F,4,7,F,7,X,E,A,0,0,57,1081600,571081600,2,1,96,1,0,0,0,0,0,0,0,998,0,0,0,12,6,2,12,0,0,0,1,24,21028,6,1,0,0,3,0,73,250,0,1,0,0,1,8,2012,8,2012,0,0,0,0,0,1,2,45,4,1,2,1,0,0,1,67,1,1,1,83,0,0,307
240088_2013,24,240088,1,2,1,4,4,19,4,12,2,1,0,24,1,7,461,7461,21,2003,2D7JB21Y13K5,2,D,7,J,B,2,1,Y,1,3,K,5,0,0,0,000000000,00000000000,0,0,0,1,0,0,0,0,0,0,0,998,0,1,6,12,6,2,12,0,0,0,1,24,21863,6,1,0,0,3,0,70,160,0,0,0,0,0,0,0,0,0,0,38,39,0,0,1,2,50,1,1,2,1,20,3,1,17,1,1,1,90,1,1,308
240088_2013,24,240088,2,2,2,4,4,19,4,12,2,1,0,24,1,23,481,23481,31,2002,2GTEC19T5211,2,G,T,E,C,1,9,T,5,2,1,1,0,0,0,000000000,00000000000,0,0,0,1,0,0,0,0,0,0,0,998,0,0,0,12,6,2,12,0,0,0,1,24,21801,6,1,0,0,3,0,73,190,0,0,0,0,0,0,0,0,0,0,0,0,0,0,1,2,50,1,1,2,1,0,0,1,66,1,1,1,90,0,0,309
240089_2013,24,240089,1,2,1,6,4,5,40,12,1,1,0,24,1,72,706,72706,80,2005,1HD1JBB185Y0,1,H,D,1,J,B,B,1,8,5,Y,0,0,0,0,000000000,00000000000,0,0,0,1,0,0,0,0,0,0,0,998,0,0,0,12,6,2,12,0,0,0,1,24,20646,6,1,0,0,3,0,71,185,0,0,0,0,0,0,0,0,0,3,26,0,0,0,3,2,55,1,1,2,1,0,0,3,51,99,9,1,24,1,0,310
240089_2013,24,240089,2,2,2,6,4,5,40,12,1,1,0,24,1,38,882,38882,62,2000,4GTJ7C131YJ7,4,G,T,J,7,C,1,3,1,Y,J,7,0,0,57,1408457,571408457,2,1,1,1,0,0,0,0,0,0,0,998,0,0,0,6,2,5,12,0,0,0,1,24,20874,6,1,0,0,3,0,69,170,0,0,0,1,1,11,2011,12,2012,0,0,0,0,0,3,2,55,1,1,2,1,0,0,1,53,1,1,1,25,0,0,311
240090_2013,24,240090,1,2,1,6,4,2,31,12,2,1,0,24,1,37,32,37032,4,2006,1HGFA16856L0,1,H,G,F,A,1,6,8,5,6,L,0,0,0,0,000000000,00000000000,0,0,0,1,0,0,0,0,0,0,0,998,0,0,0,12,6,2,42,0,0,0,1,24,20874,6,1,0,0,3,2,66,125,0,1,0,3,2,3,2011,9,2012,9,74,0,0,0,1,2,30,1,2,2,1,4,3,11,15,1,1,1,82,1,1,312
240090_2013,24,240090,2,2,1,6,4,2,31,12,2,1,0,24,2,12,16,12016,4,2008,2FAFP74V18X1,2,F,A,F,P,7,4,V,1,8,X,1,0,0,0,000000000,00000000000,0,0,0,1,0,0,0,0,0,0,0,998,0,0,0,12,6,2,12,0,0,0,1,24,20874,6,1,0,0,3,0,72,192,0,0,0,0,0,0,0,0,0,0,0,0,0,0,1,2,35,1,2,2,1,4,3,1,67,99,9,1,83,0,0,313
240091_2013,24,240091,1,1,1,9,4,13,4,1,0,1,0,24,1,73,709,73709,80,2012,JKAZX4R15CA0,J,K,A,Z,X,4,R,1,5,C,A,0,0,0,0,000000000,00000000000,0,0,0,1,0,0,0,0,0,0,0,998,0,0,0,0,6,2,1,0,0,0,1,24,21045,6,1,0,0,3,0,70,185,0,0,0,1,0,1,2013,1,2013,9,99,99,99,99,3,2,55,1,1,2,1,0,0,1,98,99,9,1,98,1,0,314
240092_2013,24,240092,1,1,1,17,4,21,44,42,0,1,0,24,1,12,481,12481,31,1993,2FTEF14N2PCA,2,F,T,E,F,1,4,N,2,P,C,A,0,0,0,000000000,00000000000,0,0,0,1,0,0,0,0,0,0,0,998,0,0,0,12,6,2,42,0,0,0,1,24,20662,1,1,0,0,2,2,71,250,0,1,0,0,0,5,2012,5,2012,0,74,0,0,0,1,2,40,2,2,2,1,0,0,14,12,1,1,4,6,1,1,315
240093_2013,24,240093,1,2,1,3,4,20,34,12,1,1,0,24,1,49,40,49040,4,2003,4T1BE32KX3U6,4,T,1,B,E,3,2,K,X,3,U,6,0,0,0,000000000,00000000000,0,0,0,1,0,0,0,0,0,0,0,998,0,0,0,12,6,2,12,0,0,0,1,24,20710,6,1,0,0,3,0,64,126,0,0,0,1,0,2,2013,2,2013,0,0,0,0,0,3,2,35,1,1,2,1,0,0,1,50,99,9,1,20,1,0,316
240093_2013,24,240093,2,2,1,3,4,20,34,12,1,1,0,24,3,7,881,7881,61,2011,3D6WA7EL2BG5,3,D,6,W,A,7,E,L,2,B,G,5,0,0,57,835914,57835914,2,1,3,1,0,0,0,0,0,0,0,0,0,0,0,6,4,5,12,0,0,0,1,24,20715,6,1,0,0,3,0,66,150,0,0,0,0,0,0,0,0,0,0,0,0,0,0,3,2,35,1,1,2,1,0,0,5,53,1,1,1,21,0,0,317
240094_2013,24,240094,1,2,1,4,4,14,39,11,0,1,0,24,1,24,10,24010,6,2007,5GZER13797J1,5,G,Z,E,R,1,3,7,9,7,J,1,0,0,0,000000000,00000000000,0,0,0,1,0,0,0,0,0,0,0,998,0,0,0,12,2,5,11,0,0,0,1,24,21093,1,1,0,0,2,2,64,118,0,1,0,0,0,3,2013,3,2013,0,83,74,0,0,1,2,35,1,1,2,1,0,0,1,87,1,1,1,13,0,0,318
240094_2013,24,240094,2,2,1,4,4,14,39,11,0,1,0,24,1,37,31,37031,4,2008,1HGFA16948L0,1,H,G,F,A,1,6,9,4,8,L,0,0,0,0,000000000,00000000000,0,0,0,1,0,0,0,0,0,0,0,998,0,0,0,19,6,2,54,0,0,0,1,24,21209,6,1,0,0,3,0,67,160,0,0,0,0,0,0,0,0,0,0,0,0,0,0,1,2,35,1,1,2,1,0,0,1,98,99,1,1,98,1,0,319
240095_2013,24,240095,1,1,1,6,4,21,44,42,0,1,0,24,2,7,482,7482,31,2006,1D7HA18N66S6,1,D,7,H,A,1,8,N,6,6,S,6,0,0,0,000000000,00000000000,0,0,0,1,0,0,0,0,0,0,0,998,0,1,6,98,6,2,42,0,0,0,1,24,21225,6,1,0,0,3,0,68,153,0,0,0,0,0,0,0,0,0,4,0,0,0,0,1,2,50,2,1,2,1,0,0,14,12,99,1,4,6,1,1,320
240096_2013,24,240096,1,1,1,9,4,14,7,30,0,1,0,24,1,54,36,54036,4,2000,JH4KA9653YC0,J,H,4,K,A,9,6,5,3,Y,C,0,0,0,0,000000000,00000000000,0,0,0,1,0,0,0,0,0,0,0,998,0,1,6,12,6,2,8,0,0,0,1,24,21217,0,0,0,0,0,0,73,185,0,0,0,0,0,0,0,0,0,4,38,39,0,0,4,2,30,1,1,2,1,3,3,11,6,99,9,4,2,0,0,321
240097_2013,24,240097,1,1,1,13,4,20,23,8,0,1,0,24,1,37,32,37032,4,2005,1HGES16375L0,1,H,G,E,S,1,6,3,7,5,L,0,0,0,0,000000000,00000000000,0,0,0,1,0,0,0,0,0,0,0,46,0,0,0,12,6,2,8,0,0,0,1,24,21221,6,1,0,0,3,0,66,165,0,0,0,0,0,0,0,0,0,0,0,0,0,0,3,2,50,1,1,2,1,0,0,1,80,99,9,1,13,0,0,322
240098_2013,24,240098,1,1,1,12,4,21,25,8,0,1,1,99,9,12,422,12422,15,9999,999999999999,9,9,9,9,9,9,9,9,9,9,9,9,0,0,0,000000000,00000000000,0,0,0,1,0,0,0,0,0,0,0,998,0,0,0,12,4,5,8,0,0,0,1,99,99999,9,9,99,9,9,9,999,999,99,99,99,99,99,99,9999,99,9999,9,99,99,99,99,1,2,40,1,1,2,1,0,0,1,13,99,1,4,5,0,0,323
240099_2013,24,240099,1,2,1,3,4,9,23,12,6,1,0,24,1,37,402,37402,14,2004,SHSRD78844U2,S,H,S,R,D,7,8,8,4,4,U,2,0,0,0,000000000,00000000000,0,0,0,1,0,0,0,0,0,0,0,998,0,0,0,7,6,2,12,0,0,0,1,24,20743,6,1,0,0,3,0,74,292,0,0,0,0,0,0,0,0,0,0,48,0,0,0,1,3,40,1,1,2,1,3,3,10,16,99,1,1,78,0,0,324
240099_2013,24,240099,2,2,1,3,4,9,23,12,6,1,0,24,2,76,706,76706,80,2005,JYARN13E95A0,J,Y,A,R,N,1,3,E,9,5,A,0,0,0,0,000000000,00000000000,0,0,0,1,0,0,0,0,0,0,0,998,0,0,0,12,6,2,12,0,0,0,1,24,20721,6,1,0,0,2,2,74,180,0,0,0,0,1,8,2012,8,2012,0,74,0,0,0,1,4,40,1,1,2,1,3,3,1,65,99,9,1,79,1,0,325
240100_2013,24,240100,1,1,1,29,4,0,15,31,0,1,0,24,1,37,705,37705,80,1994,JH2PC2508RM3,J,H,2,P,C,2,5,0,8,R,M,3,0,0,0,000000000,00000000000,0,0,0,1,0,0,0,0,0,0,0,998,0,0,0,12,6,2,39,0,0,0,1,24,21001,6,1,0,0,3,0,71,275,0,0,0,0,0,0,0,0,0,3,0,0,0,0,1,2,30,1,1,1,1,0,0,1,13,4,1,4,1,1,1,326
240101_2013,24,240101,1,2,1,24,4,14,46,12,6,1,0,24,1,14,6,14006,4,2006,2MEFM74W56X6,2,M,E,F,M,7,4,W,5,6,X,6,0,0,0,000000000,00000000000,0,0,0,1,0,0,0,0,0,0,0,998,0,0,0,12,6,2,12,0,0,0,1,24,21804,6,1,0,0,3,0,67,135,0,0,0,0,0,0,0,0,0,0,38,0,0,0,1,2,25,1,1,2,1,20,3,1,17,1,1,1,88,0,0,327
240101_2013,24,240101,2,2,1,24,4,14,46,12,6,1,0,24,1,12,401,12401,14,1998,1FMZU34E6WZB,1,F,M,Z,U,3,4,E,6,W,Z,B,0,0,0,000000000,00000000000,0,0,0,1,0,0,0,0,0,0,0,998,0,1,1,9,6,2,1,0,0,0,1,24,21813,6,1,0,0,3,0,64,150,0,0,0,0,0,0,0,0,0,0,0,0,0,0,1,2,25,1,1,2,1,0,0,15,66,6,1,2,89,1,0,328
240102_2013,24,240102,1,1,1,1,5,1,26,8,0,1,0,24,1,12,37,12037,4,2012,1FAHP3F29CL2,1,F,A,H,P,3,F,2,9,C,L,2,0,0,0,000000000,00000000000,0,0,0,1,0,0,0,0,0,0,0,998,0,0,0,12,4,3,8,0,0,0,1,24,20662,6,1,0,0,3,0,62,150,0,0,0,0,1,12,2012,12,2012,0,0,0,0,0,2,4,45,1,1,2,1,0,0,1,80,4,9,1,13,0,0,329
240103_2013,24,240103,1,2,1,9,5,17,51,12,6,1,0,24,1,63,402,63402,14,2003,KNDJC7331351,K,N,D,J,C,7,3,3,1,3,5,1,0,0,0,000000000,00000000000,0,0,0,1,0,0,0,0,0,0,0,998,0,0,0,9,6,2,12,0,0,0,1,24,21716,6,1,0,0,3,0,64,167,0,0,0,0,0,0,0,0,0,0,39,0,0,0,1,2,30,1,2,2,1,20,3,1,17,1,1,1,89,0,0,330
240103_2013,24,240103,2,2,1,9,5,17,51,12,6,1,0,54,1,12,402,12402,14,2012,1FMCU9EG1CKC,1,F,M,C,U,9,E,G,1,C,K,C,0,0,0,000000000,00000000000,0,0,0,1,0,0,0,0,0,0,0,998,0,0,0,12,6,2,12,0,0,0,1,54,25425,6,1,0,0,3,0,66,175,0,0,0,0,0,0,0,0,0,0,0,0,0,0,1,2,50,1,2,2,1,0,0,1,66,1,1,1,88,1,0,331
240104_2013,24,240104,1,1,1,17,4,11,8,42,0,1,0,10,1,35,51,35051,6,2009,JN8AS58T49W0,J,N,8,A,S,5,8,T,4,9,W,0,0,0,0,000000000,00000000000,0,0,0,1,0,0,0,0,0,0,0,998,0,0,0,12,6,2,42,0,0,0,1,10,19977,6,1,0,0,3,0,63,139,0,0,0,0,0,0,0,0,0,4,0,0,0,0,1,2,40,3,1,2,1,0,0,14,13,1,1,4,1,1,0,332
240105_2013,24,240105,1,2,1,10,4,18,24,12,1,1,0,24,1,53,706,53706,80,2005,JS1GR7JA0521,J,S,1,G,R,7,J,A,0,5,2,1,0,0,0,000000000,00000000000,0,0,0,1,0,0,0,0,0,0,0,998,0,0,0,12,6,2,12,0,0,0,1,24,21237,6,1,0,0,3,0,70,155,0,0,0,2,0,1,2012,3,2012,3,36,26,0,0,3,4,55,1,1,2,1,0,0,1,51,1,1,1,24,1,0,333
240105_2013,24,240105,2,2,1,10,4,18,24,12,1,1,0,24,2,18,5,18005,2,1997,1G4GD2217V47,1,G,4,G,D,2,2,1,7,V,4,7,0,0,0,000000000,00000000000,0,0,0,1,0,0,0,0,0,0,0,998,0,0,0,6,6,2,12,0,0,0,1,24,21220,6,1,0,0,3,0,74,230,0,0,0,0,0,0,0,0,0,0,0,0,0,0,3,4,55,1,1,2,1,0,0,1,53,1,1,1,25,0,0,334
240106_2013,24,240106,1,2,1,30,4,18,43,8,0,1,0,24,2,6,18,6018,4,2013,999999999999,9,9,9,9,9,9,9,9,9,9,9,9,0,0,0,000000000,00000000000,0,0,0,1,0,0,0,0,0,0,0,998,0,0,0,6,6,2,8,0,0,0,1,24,21711,0,0,0,0,0,0,999,999,0,0,0,0,0,0,0,0,0,0,38,30,0,0,3,3,50,1,2,2,1,0,0,8,10,1,1,2,98,0,0,335
240106_2013,24,240106,2,2,1,30,4,18,43,8,0,1,0,24,1,12,17,12017,4,2012,1FAHP2EWXCG1,1,F,A,H,P,2,E,W,X,C,G,1,0,0,0,000000000,00000000000,0,0,0,1,0,0,0,0,0,0,0,998,0,0,0,12,6,2,8,0,0,0,1,24,21769,6,1,0,0,3,0,71,225,0,0,0,0,0,0,0,0,0,0,0,0,0,0,3,3,50,1,2,2,1,0,0,1,61,1,1,1,13,0,0,336
240107_2013,24,240107,1,1,1,10,5,0,3,42,0,1,0,24,1,20,471,20471,30,2002,1GCCS1959281,1,G,C,C,S,1,9,5,9,2,8,1,0,0,0,000000000,00000000000,0,0,0,1,0,0,0,0,0,0,0,998,0,0,0,12,6,2,42,0,0,0,1,24,21160,6,1,0,0,3,0,65,155,0,0,0,0,1,10,2012,10,2012,4,0,0,0,0,1,2,35,3,1,2,1,0,0,1,13,1,1,4,1,1,1,337
240108_2013,24,240108,1,2,1,11,5,5,25,12,2,1,0,24,1,12,441,12441,20,1996,1FMDA11U3TZB,1,F,M,D,A,1,1,U,3,T,Z,B,0,0,0,000000000,00000000000,0,0,0,1,0,0,0,0,0,0,0,998,0,0,0,12,6,2,12,0,0,0,1,24,20601,6,1,0,0,3,0,65,140,0,0,0,0,0,0,0,0,0,0,38,39,0,0,3,2,45,1,1,2,1,3,3,11,15,1,1,1,76,1,1,338
240108_2013,24,240108,2,2,1,11,5,5,25,12,2,1,0,37,1,85,881,85881,66,2000,1XKWDB9X6YJ8,1,X,K,W,D,B,9,X,6,Y,J,8,1,1,57,2172461,572172461,3,6,1,1,0,0,0,0,0,0,0,998,0,0,0,12,6,2,12,0,0,0,1,37,28466,6,1,6,0,3,0,69,999,0,0,0,0,0,0,0,0,0,0,0,0,0,0,3,3,45,1,1,1,2,3,3,1,65,7,1,1,77,0,0,339
240109_2013,24,240109,1,1,1,13,5,17,30,34,0,1,0,24,2,35,32,35032,2,1996,1N4BB42D4TC5,1,N,4,B,B,4,2,D,4,T,C,5,0,0,0,000000000,00000000000,0,0,0,1,0,0,0,0,0,0,0,998,0,1,5,12,6,2,1,0,0,0,1,24,21655,6,1,0,0,3,0,69,165,0,0,0,0,0,0,0,0,0,0,0,0,0,0,1,2,50,1,1,2,1,0,0,1,12,6,9,4,7,1,0,340
240110_2013,24,240110,1,1,2,10,5,20,51,8,0,1,0,24,1,7,482,7482,31,2001,1B7HF13Y51J5,1,B,7,H,F,1,3,Y,5,1,J,5,0,0,0,000000000,00000000000,0,0,0,1,0,0,0,0,0,0,0,998,0,0,0,12,4,3,8,0,0,0,1,24,21221,6,1,0,0,3,0,72,210,0,0,0,0,0,0,0,0,0,0,0,0,0,0,2,2,50,1,5,2,1,0,0,1,80,1,1,1,13,0,0,341
240111_2013,24,240111,1,2,1,18,5,16,29,12,6,1,0,24,3,12,881,12881,61,2007,1FDAF56P97EB,1,F,D,A,F,5,6,P,9,7,E,B,0,0,57,01381313,5701381313,2,1,4,1,0,0,0,0,0,0,0,998,0,0,0,12,6,2,12,0,0,0,1,24,21122,6,1,6,0,3,1,70,175,0,2,0,0,1,4,2012,10,2012,0,28,0,0,0,3,3,55,4,1,2,2,0,0,1,11,1,1,2,84,0,0,342
240111_2013,24,240111,2,2,1,18,5,16,29,12,6,1,0,24,1,6,52,6052,6,2002,3C8FY58B52T2,3,C,8,F,Y,5,8,B,5,2,T,2,0,0,0,000000000,00000000000,0,0,0,1,0,0,0,0,0,0,0,998,0,0,0,11,6,2,12,0,0,0,1,24,20678,6,1,0,0,3,0,73,220,0,0,0,0,0,0,0,0,0,0,0,0,0,0,1,2,30,8,8,8,2,20,3,10,66,1,1,1,84,1,0,343
240112_2013,24,240112,1,2,1,25,5,17,52,12,6,1,0,99,9,37,706,37706,80,1998,JH2SC3302WM2,J,H,2,S,C,3,3,0,2,W,M,2,0,0,0,000000000,00000000000,0,0,0,1,0,0,0,0,0,0,0,998,0,0,0,12,6,2,12,0,0,0,1,24,21620,1,1,0,0,2,2,74,185,0,5,0,0,0,5,2011,5,2011,4,38,28,74,0,1,2,55,1,1,2,1,0,0,6,51,1,1,2,73,1,1,344