st_case_year,STATE,ST_CASE,VEH_NO,VE_FORMS,NUMOCCS,DAY,MONTH,HOUR,MINUTE,HARM_EV,MAN_COLL,UNITTYPE,HIT_RUN,REG_STAT,OWNER,MAKE,MODEL,MAK_MOD,BODY_TYP,MOD_YEAR,VIN,VIN_1,VIN_2,VIN_3,VIN_4,VIN_5,VIN_6,VIN_7,VIN_8,VIN_9,VIN_10,VIN_11,VIN_12,TOW_VEH,J_KNIFE,MCARR_I1,MCARR_I2,MCARR_ID,GVWR,V_CONFIG,CARGO_BT,HAZ_INV,HAZ_PLAC,HAZ_ID,HAZ_CNO,HAZ_REL,BUS_USE,SPEC_USE,EMER_USE,TRAV_SP,UNDERIDE,ROLLOVER,ROLINLOC,IMPACT1,DEFORMED,TOWED,M_HARM,VEH_SC1,VEH_SC2,FIRE_EXP,DR_PRES,L_STATE,DR_ZIP,L_STATUS,L_TYPE,CDL_STAT,L_ENDORS,L_COMPL,L_RESTRI,DR_HGT,DR_WGT,PREV_ACC,PREV_SUS,PREV_DWI,PREV_SPD,PREV_OTH,FIRST_MO,FIRST_YR,LAST_MO,LAST_YR,SPEEDREL,DR_SF1,DR_SF2,DR_SF3,DR_SF4,VTRAFWAY,VNUM_LAN,VSPD_LIM,VALIGN,VPROFILE,VPAVETYP,VSURCOND,VTRAFCON,VTCONT_F,P_CRASH1,P_CRASH2,P_CRASH3,PCRASH4,PCRASH5,ACC_TYPE,DEATHS,DR_DRINK,idno
240154_2013,24,240154,2,2,1,10,6,7,55,12,6,1,0,24,1,12,461,12461,21,2011,1FTNE2EW7BDB,1,F,T,N,E,2,E,W,7,B,D,B,0,0,0,000000000,00000000000,0,0,0,1,0,0,0,0,0,0,0,998,0,0,0,12,6,2,12,0,0,0,1,24,21048,6,1,0,0,3,0,72,230,0,0,0,0,0,0,0,0,0,0,0,0,0,0,1,2,45,4,2,2,2,0,0,14,62,1,1,1,65,0,0,402
240155_2013,24,240155,1,2,1,10,6,15,18,12,6,1,0,24,1,20,37,20037,4,2006,1G1ZS51F76F1,1,G,1,Z,S,5,1,F,7,6,F,1,0,0,0,000000000,00000000000,0,0,0,1,0,0,0,0,0,0,0,998,0,0,0,3,6,2,12,0,0,0,1,24,21784,6,1,0,0,3,0,61,132,0,0,0,0,0,0,0,0,0,4,28,0,0,0,1,2,50,1,2,2,2,0,0,12,10,99,3,2,98,1,0,403
240155_2013,24,240155,2,2,1,10,6,15,18,12,6,1,0,24,1,49,401,49401,14,2006,JTEBU14R0680,J,T,E,B,U,1,4,R,0,6,8,0,0,0,0,000000000,00000000000,0,0,0,1,0,0,0,0,0,0,0,998,0,0,0,12,6,2,12,0,0,0,1,24,21074,6,1,0,0,3,0,66,135,0,0,0,0,0,0,0,0,0,0,0,0,0,0,1,2,50,1,2,2,2,0,0,1,62,1,1,1,98,0,0,404
240156_2013,24,240156,1,2,1,11,6,8,33,12,2,1,0,24,1,18,1,18001,4,1965,434695B10686,4,3,4,6,9,5,B,1,0,6,8,6,0,0,0,000000000,00000000000,0,0,0,1,0,0,0,0,0,0,0,998,0,0,0,12,6,2,12,0,0,0,1,24,21798,6,1,0,0,3,0,70,170,0,0,0,0,1,1,2013,1,2013,0,28,0,0,0,1,2,50,1,1,2,1,0,0,1,10,1,1,2,50,1,0,405
240156_2013,24,240156,2,2,2,11,6,8,33,12,2,1,0,24,3,23,481,23481,40,2007,1GDHC29K87E5,1,G,D,H,C,2,9,K,8,7,E,5,0,0,0,000000000,00000000000,0,0,0,1,0,0,0,0,0,0,0,998,0,0,0,12,6,2,12,0,0,0,1,24,21740,6,1,0,0,3,0,77,250,0,0,0,0,0,0,0,0,0,0,0,0,0,0,1,2,50,1,1,2,1,0,0,1,62,1,1,1,51,0,0,406
240157_2013,24,240157,1,2,1,14,6,11,4,12,2,1,0,24,3,7,27,7027,6,2013,3C4PDDDG8DT6,3,C,4,P,D,D,D,G,8,D,T,6,0,0,0,000000000,00000000000,0,0,0,1,0,0,0,0,0,0,0,998,0,0,0,12,6,2,12,0,0,0,1,24,21776,6,1,0,0,3,0,73,225,0,0,0,0,0,0,0,0,0,3,35,0,0,0,1,2,55,1,1,2,1,0,0,6,10,1,1,2,52,1,0,407
240157_2013,24,240157,2,2,3,14,6,11,4,12,2,1,0,24,2,20,881,20881,61,1989,1GBE6D1F0KV1,1,G,B,E,6,D,1,F,0,K,V,1,0,0,88,888888888,88888888888,2,1,4,1,0,0,0,0,0,0,0,998,0,0,0,12,6,2,12,0,0,0,1,24,21157,6,1,0,0,3,0,74,185,0,0,0,0,2,6,2011,6,2013,0,0,0,0,0,1,2,55,1,1,2,1,0,0,1,54,1,1,1,52,0,0,408
240158_2013,24,240158,1,2,2,15,6,17,15,12,6,1,0,24,1,48,46,48046,3,2013,JF1ZCAB1XD16,J,F,1,Z,C,A,B,1,X,D,1,6,0,0,0,000000000,00000000000,0,0,0,1,0,0,0,0,0,0,0,998,0,0,0,9,6,2,12,0,0,0,1,24,21228,6,1,0,0,3,0,68,190,0,0,0,0,0,0,0,0,0,0,38,0,0,0,1,2,40,1,1,2,1,0,0,11,15,1,1,1,82,0,0,409
240158_2013,24,240158,2,2,1,15,6,17,15,12,6,1,0,24,1,73,705,73705,80,2005,JKBZXJC115A0,J,K,B,Z,X,J,C,1,1,5,A,0,0,0,0,000000000,00000000000,0,0,0,1,0,0,0,0,0,0,0,998,0,0,0,12,6,2,12,0,0,0,1,24,21704,6,1,0,0,3,0,73,220,0,0,0,2,0,8,2011,8,2012,0,0,0,0,0,1,2,40,1,1,2,1,0,0,1,67,99,9,1,83,1,1,410
240159_2013,24,240159,1,1,1,21,6,11,35,11,0,1,0,24,1,98,709,98709,88,2007,ZAPM459L3750,Z,A,P,M,4,5,9,L,3,7,5,0,0,0,0,000000000,00000000000,0,0,0,1,0,0,0,0,0,0,0,998,0,0,0,12,6,2,11,0,0,0,1,24,21001,6,1,0,0,3,0,70,240,0,0,0,2,1,2,2011,1,2012,0,83,0,0,0,2,2,50,4,2,2,1,0,0,1,87,1,1,1,13,1,0,411
240160_2013,24,240160,1,2,1,29,6,22,14,12,1,1,0,24,1,37,706,37706,80,2007,JH2SC57497M3,J,H,2,S,C,5,7,4,9,7,M,3,0,0,0,000000000,00000000000,0,0,0,1,0,0,0,0,0,0,0,998,0,0,0,12,6,2,12,0,0,0,1,24,21122,3,1,0,0,2,2,70,165,0,0,0,0,0,0,0,0,0,3,74,0,0,0,3,3,65,1,1,2,1,0,0,1,51,1,1,1,24,1,1,412
240160_2013,24,240160,2,2,1,29,6,22,14,12,1,1,0,24,1,2,404,2404,14,1996,1J4GZ58S3TC2,1,J,4,G,Z,5,8,S,3,T,C,2,0,0,0,000000000,00000000000,0,0,0,1,0,0,0,0,0,0,0,998,0,0,0,6,6,2,12,0,0,0,1,24,21401,6,1,0,0,3,0,71,145,0,0,0,0,0,0,0,0,0,0,0,0,0,0,3,3,65,1,1,2,1,0,0,1,53,1,1,1,25,0,0,413
240161_2013,24,240161,1,1,1,29,6,20,37,34,0,1,0,10,1,53,706,53706,80,2007,JS1GT77A1721,J,S,1,G,T,7,7,A,1,7,2,1,0,0,0,000000000,00000000000,0,0,0,1,0,0,0,0,0,0,0,998,0,0,0,98,6,2,34,0,0,0,1,10,19701,2,1,0,0,2,2,70,183,0,1,0,0,0,5,2013,5,2013,3,74,0,0,0,1,2,50,4,1,2,1,0,0,1,10,1,1,4,6,1,1,414
240162_2013,24,240162,1,1,2,6,4,21,7,8,0,1,0,24,1,51,45,51045,4,2002,YV1TS92D1212,Y,V,1,T,S,9,2,D,1,2,1,2,0,0,0,000000000,00000000000,0,0,0,1,0,0,0,0,0,0,0,50,0,0,0,12,6,2,8,0,0,0,1,24,21403,6,1,0,0,3,0,78,222,0,0,0,0,0,0,0,0,0,0,0,0,0,0,2,2,50,1,1,2,1,0,0,1,80,99,1,1,13,0,1,415
240163_2013,24,240163,1,1,1,8,6,1,47,8,0,1,1,99,9,99,999,99999,99,9999,999999999999,9,9,9,9,9,9,9,9,9,9,9,9,0,0,0,000000000,00000000000,0,0,0,1,0,0,0,0,0,0,0,998,0,0,0,99,9,5,8,0,0,0,1,99,99999,9,9,99,9,9,9,999,999,99,99,99,99,99,99,9999,99,9999,9,99,99,99,99,3,4,55,1,1,2,2,0,0,1,80,99,9,9,13,0,0,416
240164_2013,24,240164,1,1,1,29,6,3,24,34,0,1,0,24,1,12,481,12481,31,1992,1FTHF26M3NNA,1,F,T,H,F,2,6,M,3,N,N,A,0,0,0,000000000,00000000000,0,0,0,1,0,0,0,0,0,0,0,998,0,1,1,12,6,2,1,0,0,0,1,24,21601,6,1,0,0,3,0,73,220,0,2,0,0,1,1,2012,1,2013,4,80,58,0,0,1,2,50,2,1,2,2,0,0,14,1,6,9,4,2,1,1,417
240165_2013,24,240165,1,1,1,2,5,8,26,8,0,1,0,24,1,30,46,30046,4,2011,WVWMP7AN1BE7,W,V,W,M,P,7,A,N,1,B,E,7,0,0,0,000000000,00000000000,0,0,0,1,0,0,0,0,0,0,0,998,0,0,0,12,6,2,8,0,0,0,1,24,21733,6,1,0,0,3,0,68,155,0,0,0,0,0,0,0,0,0,0,0,0,0,0,1,2,50,3,1,2,1,0,0,14,80,6,1,1,13,0,0,418
240166_2013,24,240166,1,1,1,18,5,21,32,8,0,1,0,24,1,49,472,49472,30,2004,5TEHN72N54Z4,5,T,E,H,N,7,2,N,5,4,Z,4,0,0,0,000000000,00000000000,0,0,0,1,0,0,0,0,0,0,0,998,0,0,0,12,2,5,8,0,0,0,1,24,21234,6,1,0,0,3,0,74,180,0,0,0,0,0,0,0,0,0,0,0,0,0,0,1,4,30,1,1,2,2,2,3,11,80,1,1,1,13,0,0,419
240167_2013,24,240167,1,1,2,7,4,21,9,25,0,1,0,24,1,72,706,72706,80,2008,1HD1KB4108Y6,1,H,D,1,K,B,4,1,0,8,Y,6,0,0,0,000000000,00000000000,0,0,0,1,0,0,0,0,0,0,0,60,0,0,0,12,6,2,1,0,0,0,1,24,21032,6,1,0,0,3,0,75,230,0,0,0,0,0,0,0,0,0,4,6,0,0,0,3,2,40,1,1,2,1,0,0,6,12,1,1,4,6,1,1,420
240168_2013,24,240168,1,1,1,1,5,20,3,32,0,1,0,24,1,37,31,37031,4,2000,1HGEJ864XYL0,1,H,G,E,J,8,6,4,X,Y,L,0,0,0,0,000000000,00000000000,0,0,0,1,0,0,0,0,0,0,0,998,0,0,0,12,6,2,32,0,0,0,1,24,21801,6,1,0,0,3,0,63,120,0,0,0,0,0,0,0,0,0,0,0,0,0,0,1,2,50,1,1,2,1,0,0,1,13,1,1,4,1,1,0,421
240169_2013,24,240169,1,3,1,25,5,13,30,12,11,1,0,24,1,72,706,72706,80,1996,1HD1BJL47TY0,1,H,D,1,B,J,L,4,7,T,Y,0,0,0,0,000000000,00000000000,0,0,0,1,0,0,0,0,0,0,0,998,0,0,0,12,6,2,24,0,0,0,1,24,20772,6,1,0,0,3,0,70,145,0,0,0,0,0,0,0,0,0,3,28,0,0,0,1,2,30,2,1,2,1,0,0,14,8,1,1,2,66,1,0,422
240169_2013,24,240169,2,3,2,25,5,13,30,12,11,1,0,24,3,87,881,87881,63,2004,2NPNHD7X14M8,2,N,P,N,H,D,7,X,1,4,M,8,0,0,57,1473776,571473776,3,1,2,1,0,0,0,0,0,0,0,998,0,0,0,7,2,5,12,0,0,0,1,24,20737,6,1,0,0,3,2,64,155,0,0,0,0,0,0,0,0,0,0,74,0,0,0,1,2,30,2,1,2,1,0,0,14,62,1,1,1,66,0,0,423
240169_2013,24,240169,3,3,1,25,5,13,30,12,11,1,0,24,2,72,706,72706,80,2003,1HD1GDV433K3,1,H,D,1,G,D,V,4,3,3,K,3,0,0,0,000000000,00000000000,0,0,0,1,0,0,0,0,0,0,0,998,0,0,0,0,4,5,1,0,0,0,1,24,20716,6,1,0,0,3,0,64,165,0,0,0,1,0,5,2012,5,2012,0,0,0,0,0,1,2,30,2,1,2,1,0,0,14,53,7,9,1,98,0,0,424
240170_2013,24,240170,1,1,1,9,4,20,11,8,0,1,0,24,1,30,32,30032,2,1973,1132539952,1,1,3,2,5,3,9,9,5,2,NULL,NULL,0,0,0,000000000,00000000000,0,0,0,1,0,0,0,0,0,0,0,40,0,0,0,12,6,2,8,0,0,0,1,24,21085,6,1,0,0,3,0,71,180,0,0,0,0,0,0,0,0,0,3,0,0,0,0,2,2,40,1,1,2,1,0,0,1,19,99,1,1,13,0,0,425
240171_2013,24,240171,1,2,2,29,4,16,8,12,2,1,0,24,1,20,481,20481,31,1991,2GCEC19K1M11,2,G,C,E,C,1,9,K,1,M,1,1,0,0,0,000000000,00000000000,0,0,0,1,0,0,0,0,0,0,0,998,0,0,0,12,6,2,12,0,0,0,1,24,21220,6,1,0,0,3,0,68,162,0,0,0,0,0,0,0,0,0,0,28,0,0,0,1,2,35,4,1,2,2,0,0,1,10,1,1,2,50,1,0,426
240171_2013,24,240171,2,2,1,29,4,16,8,12,2,1,0,24,1,34,402,34402,14,2006,WBXPA93426WG,W,B,X,P,A,9,3,4,2,6,W,G,0,0,0,000000000,00000000000,0,0,0,1,0,0,0,0,0,0,0,998,0,0,0,12,6,2,12,0,0,0,1,24,21220,6,1,0,0,3,0,67,149,0,0,0,0,0,0,0,0,0,0,0,0,0,0,1,2,35,4,1,2,2,0,0,1,62,1,1,1,51,0,0,427
240172_2013,24,240172,1,1,1,8,5,23,30,1,0,1,0,24,1,20,473,20473,30,2004,1GCDT1960481,1,G,C,D,T,1,9,6,0,4,8,1,0,0,0,000000000,00000000000,0,0,0,1,0,0,0,0,0,0,0,998,0,2,5,0,6,2,1,0,0,0,1,24,21520,6,1,0,0,3,1,73,170,0,0,0,0,0,0,0,0,0,0,0,0,0,0,1,2,50,1,2,2,2,0,0,1,13,1,1,4,1,1,1,428
240173_2013,24,240173,1,2,3,1,6,12,23,12,2,1,0,54,1,7,461,7461,21,1987,2B4HB21W4HK2,2,B,4,H,B,2,1,W,4,H,K,2,0,0,0,000000000,00000000000,0,0,0,1,0,0,0,0,0,0,0,998,0,0,0,12,6,2,12,0,0,0,1,54,25427,6,1,0,0,3,0,72,195,0,0,0,0,0,0,0,0,0,0,51,0,0,0,3,2,55,1,1,2,1,0,0,1,54,1,1,1,52,1,0,429
240173_2013,24,240173,2,2,2,1,6,12,23,12,2,1,0,42,1,37,31,37031,4,1999,2HGEJ6576XH5,2,H,G,E,J,6,5,7,6,X,H,5,0,0,0,000000000,00000000000,0,0,0,1,0,0,0,0,0,0,0,998,0,0,0,12,6,2,12,0,0,0,1,42,19344,6,1,0,0,3,0,80,999,0,0,0,0,0,0,0,0,0,0,0,0,0,0,3,2,55,1,1,2,1,0,0,1,54,4,2,1,52,0,0,430
240174_2013,24,240174,1,1,3,14,6,18,15,8,0,1,0,24,3,12,16,12016,4,2006,2FAHP71W66X1,2,F,A,H,P,7,1,W,6,6,X,1,0,0,0,000000000,00000000000,0,0,0,1,0,0,0,0,0,0,0,998,0,0,0,12,2,5,8,0,0,0,1,24,21213,6,1,0,0,3,0,64,200,0,1,0,0,0,8,2011,8,2011,0,86,0,0,0,1,2,25,1,1,2,1,0,0,1,80,1,1,1,13,0,0,431
240175_2013,24,240175,1,5,3,28,6,15,6,12,2,1,0,24,1,37,32,37032,4,2008,1HGCP26848A1,1,H,G,C,P,2,6,8,4,8,A,1,0,0,0,000000000,00000000000,0,0,0,1,0,0,0,0,0,0,0,998,0,0,0,12,6,2,12,0,0,0,1,24,20744,6,1,0,0,3,0,63,153,0,0,0,0,0,0,0,0,0,0,0,0,0,0,2,2,55,1,2,2,1,0,0,1,12,99,9,4,50,1,0,432
240175_2013,24,240175,2,5,1,28,6,15,6,12,2,1,0,24,3,82,870,82870,61,2010,WDPPF4CC2A94,W,D,P,P,F,4,C,C,2,A,9,4,0,0,57,568125,57568125,2,1,1,1,0,0,0,0,0,0,0,998,0,1,1,12,6,2,12,0,0,0,1,24,21144,6,1,6,0,3,0,68,175,0,0,0,0,0,0,0,0,0,0,0,0,0,0,2,2,55,1,2,2,1,0,0,1,62,99,9,1,51,0,0,433
240175_2013,24,240175,3,5,4,28,6,15,6,12,2,1,0,24,2,18,7,18007,4,2004,2G4WS52J6412,2,G,4,W,S,5,2,J,6,4,1,2,0,0,0,000000000,00000000000,0,0,0,1,0,0,0,0,0,0,0,998,0,0,0,11,6,2,12,0,0,0,1,24,20706,6,1,0,0,3,0,73,180,0,0,0,0,0,0,0,0,0,0,0,0,0,0,2,2,55,1,2,2,1,0,0,1,60,99,9,1,98,0,0,434
240175_2013,24,240175,4,5,1,28,6,15,6,12,2,1,0,24,1,37,31,37031,2,2012,2HGFG3B52CH5,2,H,G,F,G,3,B,5,2,C,H,5,0,0,0,000000000,00000000000,0,0,0,1,0,0,0,0,0,0,0,998,0,0,0,18,2,5,73,0,0,0,1,24,21550,6,1,0,0,3,0,70,300,0,0,0,0,0,0,0,0,0,0,0,0,0,0,2,2,55,1,2,2,1,0,0,1,98,99,9,1,98,0,0,435
240175_2013,24,240175,5,5,1,28,6,15,6,12,2,1,0,24,1,55,35,55035,4,2011,KMHDH4AE2BU1,K,M,H,D,H,4,A,E,2,B,U,1,0,0,0,000000000,00000000000,0,0,0,1,0,0,0,0,0,0,0,998,0,0,0,18,2,5,73,0,0,0,1,42,17365,6,1,0,0,3,0,67,999,0,0,0,0,0,0,0,0,0,0,0,0,0,0,2,2,55,1,2,2,1,0,0,1,98,99,9,1,98,0,0,436
240176_2013,24,240176,1,1,1,28,6,19,10,42,0,1,0,24,1,49,402,49402,14,2010,JTMRK4DV4A50,J,T,M,R,K,4,D,V,4,A,5,0,0,0,0,000000000,00000000000,0,0,0,1,0,0,0,0,0,0,0,998,0,0,0,9,6,2,42,36,0,0,1,24,20772,6,1,0,0,3,0,71,181,0,0,0,0,0,0,0,0,0,4,0,0,0,0,2,2,55,1,1,2,2,0,0,1,6,99,3,4,2,1,0,437
240177_2013,24,240177,1,1,1,29,6,19,31,24,0,1,0,24,1,12,481,12481,31,2002,1FTNF21L82EA,1,F,T,N,F,2,1,L,8,2,E,A,0,0,0,000000000,00000000000,0,0,0,1,0,0,0,0,0,0,0,998,0,1,5,3,6,2,1,0,0,0,1,24,21536,6,1,0,0,3,0,64,155,0,0,0,0,0,0,0,0,0,9,99,99,99,99,1,2,50,4,2,2,1,0,0,1,13,99,9,4,5,1,1,438
240178_2013,24,240178,1,2,5,30,6,11,54,12,2,1,0,24,1,20,16,20016,4,2004,1G1JC52F1471,1,G,1,J,C,5,2,F,1,4,7,1,0,0,0,000000000,00000000000,0,0,0,1,0,0,0,0,0,0,0,998,0,0,0,12,6,2,12,0,0,0,1,24,21044,6,1,0,0,3,1,76,212,0,0,0,0,0,0,0,0,0,0,33,0,0,0,1,2,55,2,1,2,1,0,0,6,54,1,1,2,52,0,0,439
240178_2013,24,240178,2,2,4,30,6,11,54,12,2,1,0,24,1,24,401,24401,14,2006,5GZCZ33D66S8,5,G,Z,C,Z,3,3,D,6,6,S,8,0,0,0,000000000,00000000000,0,0,0,1,0,0,0,0,0,0,0,998,0,0,0,12,6,2,12,0,0,0,1,24,21211,6,1,0,0,3,0,69,167,0,0,0,0,0,0,0,0,0,0,0,0,0,0,1,2,55,2,1,2,1,0,0,14,54,99,1,1,52,1,1,440
240179_2013,24,240179,1,4,1,26,6,3,32,12,9,1,0,24,1,49,33,49033,2,1992,JT2ST87N5N01,J,T,2,S,T,8,7,N,5,N,0,1,0,0,0,000000000,00000000000,0,0,0,1,0,0,0,0,0,0,0,998,0,0,0,6,6,2,12,0,0,0,1,24,20901,6,1,0,0,3,0,65,170,0,0,0,0,0,0,0,0,0,0,0,0,0,0,3,3,65,1,1,2,1,0,0,1,11,99,9,2,48,1,0,441
240179_2013,24,240179,2,4,1,26,6,3,32,12,9,1,0,24,1,58,37,58037,2,2004,JNKCV54E44M8,J,N,K,C,V,5,4,E,4,4,M,8,0,0,0,000000000,00000000000,0,0,0,1,0,0,0,0,0,0,0,998,0,0,0,5,4,3,12,0,0,0,1,53,98003,6,1,0,0,3,0,62,127,0,0,0,0,0,0,0,0,0,0,0,0,0,0,3,3,65,1,1,2,1,0,0,1,60,99,1,1,48,0,0,442
240179_2013,24,240179,3,4,1,26,6,3,32,12,9,1,0,24,3,87,881,87881,66,2005,1XP5DB9X25N8,1,X,P,5,D,B,9,X,2,5,N,8,1,1,57,084666,57084666,3,6,1,1,0,0,0,0,0,0,0,998,7,0,0,12,6,2,12,0,0,0,1,24,20794,6,1,6,0,3,0,76,200,0,0,0,0,1,9,2011,9,2011,0,0,0,0,0,3,3,65,1,1,2,1,0,0,1,62,1,1,1,98,0,0,443
240179_2013,24,240179,4,4,1,26,6,3,32,12,9,1,0,24,1,49,40,49040,4,2011,4T1BF3EKXBU7,4,T,1,B,F,3,E,K,X,B,U,7,0,0,0,000000000,00000000000,0,0,0,1,0,0,0,0,0,0,0,998,0,0,0,19,2,5,73,0,0,0,1,24,20763,6,1,0,0,3,0,70,210,0,0,0,0,0,0,0,0,0,0,0,0,0,0,3,3,65,1,1,2,1,0,0,1,98,99,9,1,98,0,0,444
240180_2013,24,240180,1,1,2,1,7,7,50,24,0,1,0,24,3,98,884,98884,63,2006,2FZACGDC96AW,2,F,Z,A,C,G,D,C,9,6,A,W,0,0,57,357536,57357536,3,1,1,1,0,0,0,0,0,0,0,998,0,1,5,12,6,2,1,0,0,0,1,24,21215,6,1,6,0,3,0,68,200,0,1,0,0,2,9,2012,3,2013,0,0,0,0,0,3,3,65,1,1,2,1,0,0,1,13,1,1,4,1,1,0,445
240181_2013,24,240181,1,2,1,29,6,11,38,12,1,1,0,10,1,7,472,7472,30,2002,1B7GG12X82S5,1,B,7,G,G,1,2,X,8,2,S,5,0,0,0,000000000,00000000000,0,0,0,1,0,0,0,0,0,0,0,998,0,0,0,12,6,2,12,0,0,0,1,10,19930,6,1,0,0,3,0,73,200,0,0,0,0,0,0,0,0,0,0,35,0,0,0,1,2,35,1,1,2,1,0,0,6,61,9,1,2,32,0,0,446
240181_2013,24,240181,2,2,1,29,6,11,38,12,1,1,0,24,3,20,471,20471,30,1991,1GBCS10A0M29,1,G,B,C,S,1,0,A,0,M,2,9,0,0,0,000000000,00000000000,0,0,0,1,0,0,0,0,0,0,0,998,0,1,1,6,6,2,1,0,0,0,1,24,21120,6,1,0,0,3,0,66,200,0,0,0,0,0,0,0,0,0,0,0,0,0,0,1,2,35,1,1,2,1,0,0,11,15,1,1,1,32,1,0,447
240182_2013,24,240182,1,2,1,30,6,11,40,1,0,1,0,24,1,49,402,49402,14,2007,JTMBD32V4760,J,T,M,B,D,3,2,V,4,7,6,0,0,0,0,000000000,00000000000,0,0,0,1,0,0,0,0,0,0,0,998,0,0,0,6,2,5,12,0,0,0,1,24,21074,6,1,0,0,3,3,70,139,0,0,0,0,0,0,0,0,0,0,31,38,48,0,1,2,50,1,3,2,1,0,0,13,98,1,1,2,98,0,0,448
240182_2013,24,240182,2,2,1,30,6,11,40,1,0,1,0,24,1,72,706,72706,80,2006,1HD1BMY116Y0,1,H,D,1,B,M,Y,1,1,6,Y,0,0,0,0,000000000,00000000000,0,0,0,1,0,0,0,0,0,0,0,70,0,0,0,0,6,2,1,0,0,0,1,24,21076,1,1,0,0,2,2,74,230,0,1,0,0,0,6,2013,6,2013,3,74,0,0,0,1,2,50,1,3,2,1,0,0,1,56,3,2,1,98,1,0,449
240183_2013,24,240183,1,1,5,4,7,19,11,5,0,1,0,24,2,23,461,23461,21,2005,1GTGG29U5512,1,G,T,G,G,2,9,U,5,5,1,2,1,1,0,000000000,00000000000,0,0,0,1,0,0,0,0,0,0,0,998,0,0,0,0,0,3,5,0,0,0,1,24,21060,6,1,6,0,3,0,72,389,0,0,0,0,0,0,0,0,0,0,0,0,0,0,1,2,25,1,2,2,1,0,0,1,98,1,1,1,0,1,0,450
240184_2013,24,240184,1,2,1,5,7,9,14,12,6,1,0,24,1,30,40,30040,4,2012,3VWBP7AJ3CM3,3,V,W,B,P,7,A,J,3,C,M,3,0,0,0,000000000,00000000000,0,0,0,1,0,0,0,0,0,0,0,998,0,0,0,3,6,2,12,0,0,0,1,24,20770,6,1,0,0,3,0,60,125,0,0,0,0,0,0,0,0,0,0,38,0,0,0,3,2,50,1,1,2,1,97,8,11,15,1,1,1,68,0,0,451
240184_2013,24,240184,2,2,1,5,7,9,14,12,6,1,0,24,2,53,705,53705,80,2001,JS1GR7HA9121,J,S,1,G,R,7,H,A,9,1,2,1,0,0,0,000000000,00000000000,0,0,0,1,0,0,0,0,0,0,0,998,0,0,0,12,6,2,12,0,0,0,1,51,22181,1,1,0,0,2,2,70,200,0,1,0,0,1,10,2012,6,2013,0,74,0,0,0,3,2,50,1,1,2,1,0,0,1,62,3,2,1,69,1,0,452
240185_2013,24,240185,1,1,1,2,6,17,21,9,0,1,0,24,1,49,40,49040,4,2000,4T1BG22K0YU9,4,T,1,B,G,2,2,K,0,Y,U,9,0,0,0,000000000,00000000000,0,0,0,1,0,0,0,0,0,0,0,998,0,0,0,12,4,3,9,0,0,0,1,24,21701,6,1,0,0,3,0,63,200,0,1,0,0,0,1,2013,1,2013,0,0,0,0,0,3,3,45,1,1,2,1,0,0,1,83,99,9,3,13,0,0,453
240186_2013,24,240186,1,1,1,26,6,1,44,42,0,1,0,24,3,58,37,58037,2,2011,JN1CV6EK0BM2,J,N,1,C,V,6,E,K,0,B,M,2,0,0,0,000000000,00000000000,0,0,0,1,0,0,0,0,0,0,0,998,0,2,1,12,6,2,1,0,0,0,1,24,20706,6,1,0,0,3,0,69,184,0,0,0,0,0,0,0,0,0,3,0,0,0,0,3,2,55,1,1,2,2,0,0,1,12,99,9,4,10,1,1,454
240187_2013,24,240187,1,1,1,16,6,21,52,1,0,1,0,51,5,73,706,73706,80,2012,JKAZRCD16CA0,J,K,A,Z,R,C,D,1,6,C,A,0,0,0,0,000000000,00000000000,0,0,0,1,0,0,0,0,0,0,0,998,0,0,0,0,6,2,1,0,0,0,1,24,20743,6,1,0,0,2,2,70,165,0,0,0,0,0,0,0,0,0,3,74,0,0,0,3,2,55,1,1,2,1,0,0,1,10,1,9,4,6,1,1,455
240188_2013,24,240188,1,1,2,8,6,14,43,42,0,1,0,24,2,37,706,37706,80,2002,1HFSC43062A2,1,H,F,S,C,4,3,0,6,2,A,2,0,0,0,000000000,00000000000,0,0,0,1,0,0,0,0,0,0,0,998,0,0,0,12,6,2,72,0,0,0,1,24,21234,2,1,0,0,2,2,74,230,0,1,0,0,0,10,2011,10,2011,0,74,0,0,0,2,2,30,2,1,2,1,0,0,14,12,1,1,4,6,1,1,456
240189_2013,24,240189,1,1,2,10,6,21,41,42,0,1,0,24,1,55,35,55035,4,2008,KMHDU46D88U4,K,M,H,D,U,4,6,D,8,8,U,4,0,0,0,000000000,00000000000,0,0,0,1,0,0,0,0,0,0,0,998,0,0,0,12,6,2,42,0,0,0,1,24,20872,6,1,0,0,3,0,64,195,0,0,0,0,0,0,0,0,0,4,0,0,0,0,1,2,50,1,2,2,2,0,0,1,6,99,9,4,7,1,0,457
240190_2013,24,240190,1,1,1,19,6,3,6,30,0,1,0,24,2,37,32,37032,4,2013,1HGCR2F36DA1,1,H,G,C,R,2,F,3,6,D,A,1,0,0,0,000000000,00000000000,0,0,0,1,0,0,0,0,0,0,0,998,0,0,0,12,6,2,30,0,0,0,1,24,20850,1,1,0,0,2,2,999,999,0,1,0,0,0,10,2011,10,2011,9,74,0,0,0,2,2,45,1,2,2,2,0,0,1,11,1,1,4,1,1,0,458