st_case_year,STATE,ST_CASE,VEH_NO,VE_FORMS,NUMOCCS,DAY,MONTH,HOUR,MINUTE,HARM_EV,MAN_COLL,UNITTYPE,HIT_RUN,REG_STAT,OWNER,MAKE,MODEL,MAK_MOD,BODY_TYP,MOD_YEAR,VIN,VIN_1,VIN_2,VIN_3,VIN_4,VIN_5,VIN_6,VIN_7,VIN_8,VIN_9,VIN_10,VIN_11,VIN_12,TOW_VEH,J_KNIFE,MCARR_I1,MCARR_I2,MCARR_ID,GVWR,V_CONFIG,CARGO_BT,HAZ_INV,HAZ_PLAC,HAZ_ID,HAZ_CNO,HAZ_REL,BUS_USE,SPEC_USE,EMER_USE,TRAV_SP,UNDERIDE,ROLLOVER,ROLINLOC,IMPACT1,DEFORMED,TOWED,M_HARM,VEH_SC1,VEH_SC2,FIRE_EXP,DR_PRES,L_STATE,DR_ZIP,L_STATUS,L_TYPE,CDL_STAT,L_ENDORS,L_COMPL,L_RESTRI,DR_HGT,DR_WGT,PREV_ACC,PREV_SUS,PREV_DWI,PREV_SPD,PREV_OTH,FIRST_MO,FIRST_YR,LAST_MO,LAST_YR,SPEEDREL,DR_SF1,DR_SF2,DR_SF3,DR_SF4,VTRAFWAY,VNUM_LAN,VSPD_LIM,VALIGN,VPROFILE,VPAVETYP,VSURCOND,VTRAFCON,VTCONT_F,P_CRASH1,P_CRASH2,P_CRASH3,PCRASH4,PCRASH5,ACC_TYPE,DEATHS,DR_DRINK,idno
240228_2013,24,240228,2,2,1,4,8,0,58,12,2,1,0,24,1,12,471,12471,30,1998,1FTZR15X1WTA,1,F,T,Z,R,1,5,X,1,W,T,A,0,0,0,000000000,00000000000,0,0,0,1,0,0,0,0,0,0,0,998,0,0,0,12,6,2,12,0,0,0,1,24,21787,6,1,6,0,3,0,73,205,0,0,0,0,0,0,0,0,0,0,0,0,0,0,1,2,55,1,1,2,1,0,0,1,62,7,1,1,51,0,0,517
240229_2013,24,240229,1,1,1,11,6,11,40,42,0,1,0,24,2,12,471,12471,30,2001,1FTYR10D21PB,1,F,T,Y,R,1,0,D,2,1,P,B,0,0,0,000000000,00000000000,0,0,0,1,0,0,0,0,0,0,0,998,0,0,0,12,6,2,42,0,0,0,1,24,20650,6,1,0,0,3,0,72,180,0,0,0,1,0,5,2011,5,2011,4,58,0,0,0,1,2,50,1,1,2,1,0,0,1,12,6,9,4,7,1,0,518
240230_2013,24,240230,1,1,1,6,6,2,43,33,0,1,0,24,2,37,31,37031,4,2009,2HGFA16529H3,2,H,G,F,A,1,6,5,2,9,H,3,0,0,0,000000000,00000000000,0,0,0,1,0,0,0,0,0,0,0,998,0,0,0,14,6,2,39,0,0,0,1,24,20910,6,1,0,0,3,0,69,152,0,1,0,0,0,10,2012,10,2012,0,99,99,99,99,2,3,40,3,2,2,1,0,0,99,11,1,1,4,1,1,0,519
240231_2013,24,240231,1,1,1,2,6,13,50,8,0,1,0,24,1,54,421,54421,15,2009,2HNYD286X9H5,2,H,N,Y,D,2,8,6,X,9,H,5,0,0,0,000000000,00000000000,0,0,0,1,0,0,0,0,0,0,0,998,0,0,0,12,4,5,8,0,0,0,1,24,20874,6,1,0,0,3,0,72,115,0,0,0,0,0,0,0,0,0,0,99,99,99,99,0,0,0,0,0,0,0,0,0,11,80,1,1,1,13,0,0,520
240232_2013,24,240232,1,1,2,4,7,1,30,30,0,1,0,24,1,49,403,49403,14,2003,JTEHF21A8301,J,T,E,H,F,2,1,A,8,3,0,1,0,0,0,000000000,00000000000,0,0,0,1,0,0,0,0,0,0,0,998,0,1,6,12,6,2,1,0,0,0,1,24,20877,6,1,0,0,3,0,66,179,0,0,0,0,0,0,0,0,0,0,99,99,99,99,1,2,30,2,2,2,1,0,0,14,10,1,1,4,6,1,0,521
240233_2013,24,240233,1,1,1,8,8,17,20,8,0,1,0,42,3,82,881,82881,62,2012,1FVACWDTXCHB,1,F,V,A,C,W,D,T,X,C,H,B,0,0,77,777777777,77777777777,2,2,98,1,0,0,0,0,0,0,0,998,0,0,0,6,2,5,8,0,0,0,1,42,19146,6,1,0,0,2,2,70,999,0,0,0,0,2,4,2011,1,2012,0,31,74,0,0,3,2,55,1,1,2,1,0,0,13,98,1,1,5,98,0,0,522
240234_2013,24,240234,1,1,1,2,8,3,11,34,0,1,0,51,2,24,401,24401,14,2003,5GZCZ53B13S8,5,G,Z,C,Z,5,3,B,1,3,S,8,0,0,0,000000000,00000000000,0,0,0,1,0,0,0,0,0,0,0,998,0,1,6,11,6,2,1,0,0,0,1,24,21804,6,1,0,0,3,2,59,100,0,1,0,0,0,12,2012,12,2012,0,74,0,0,0,2,2,55,1,1,2,2,0,0,1,13,7,1,4,1,1,1,523
240235_2013,24,240235,1,2,1,3,8,18,33,12,6,1,0,24,2,58,37,58037,4,2012,JN1CV6AR9CM6,J,N,1,C,V,6,A,R,9,C,M,6,0,0,0,000000000,00000000000,0,0,0,1,0,0,0,0,0,0,0,998,0,0,0,3,6,2,12,0,0,0,1,24,21228,6,1,0,0,3,0,70,230,0,0,0,0,0,0,0,0,0,0,0,0,0,0,1,2,40,3,1,2,2,0,0,1,6,99,4,2,64,1,0,524
240235_2013,24,240235,2,2,2,3,8,18,33,12,6,1,0,24,2,23,401,23401,14,2005,1GKDT13SX522,1,G,K,D,T,1,3,S,X,5,2,2,0,0,0,000000000,00000000000,0,0,0,1,0,0,0,0,0,0,0,998,0,0,0,12,6,2,12,0,0,0,1,24,21244,6,1,0,0,3,0,63,160,0,0,0,0,0,0,0,0,0,0,0,0,0,0,1,2,40,3,1,2,2,0,0,1,62,2,1,1,65,0,0,525
240236_2013,24,240236,1,1,1,1,8,1,10,8,0,1,0,24,1,49,472,49472,30,1999,4TAWM72N3XZ5,4,T,A,W,M,7,2,N,3,X,Z,5,0,0,0,000000000,00000000000,0,0,0,1,0,0,0,0,0,0,0,998,0,0,0,12,6,2,8,0,0,0,1,24,20640,6,1,0,0,3,0,73,175,0,0,0,0,0,0,0,0,0,0,0,0,0,0,3,2,55,1,1,2,2,0,0,1,80,1,1,1,13,0,0,526
240237_2013,24,240237,1,1,1,5,8,0,56,8,0,1,1,99,9,99,999,99999,99,9999,999999999999,9,9,9,9,9,9,9,9,9,9,9,9,0,0,0,000000000,00000000000,0,0,0,1,0,0,0,0,0,0,0,998,0,0,0,99,4,5,8,0,0,0,1,99,99999,9,9,99,9,9,9,999,999,99,99,99,99,99,99,9999,99,9999,9,99,99,99,99,1,2,35,1,2,2,1,0,0,1,80,1,1,1,13,0,0,527
240238_2013,24,240238,1,1,1,11,8,2,57,42,0,1,0,24,1,20,401,20401,14,1996,1GNCT18W4TK2,1,G,N,C,T,1,8,W,4,T,K,2,0,0,0,000000000,00000000000,0,0,0,1,0,0,0,0,0,0,0,998,0,0,0,12,6,2,42,0,0,0,1,24,21830,6,1,0,0,3,0,71,225,0,0,0,1,0,3,2013,3,2013,3,0,0,0,0,1,2,35,1,1,2,1,0,0,1,13,1,1,4,1,1,1,528
240239_2013,24,240239,1,3,1,4,8,19,24,72,0,1,0,24,2,73,705,73705,80,2005,JKBZXJC165A0,J,K,B,Z,X,J,C,1,6,5,A,0,0,0,0,000000000,00000000000,0,0,0,1,0,0,0,0,0,0,0,998,0,0,0,0,6,2,72,0,0,0,1,24,21043,6,1,0,0,3,0,72,160,0,0,0,0,0,0,0,0,0,4,26,0,0,0,3,4,65,1,1,2,1,0,0,1,51,4,9,1,0,1,0,529
240239_2013,24,240239,2,3,1,4,8,19,24,72,0,1,0,24,1,76,709,76709,80,2013,JYARJ16E5DA0,J,Y,A,R,J,1,6,E,5,D,A,0,0,0,0,000000000,00000000000,0,0,0,1,0,0,0,0,0,0,0,998,0,0,0,0,6,2,72,0,0,0,1,24,21228,6,1,0,0,3,0,70,160,0,1,0,1,2,3,2012,7,2013,4,26,0,0,0,3,4,65,1,1,2,1,0,0,1,51,4,9,1,98,0,0,530
240239_2013,24,240239,3,3,1,4,8,19,24,72,0,1,0,24,1,76,709,76709,80,2006,JYARJ12EX6A0,J,Y,A,R,J,1,2,E,X,6,A,0,0,0,0,000000000,00000000000,0,0,0,1,0,0,0,0,0,0,0,998,0,0,0,0,6,2,72,0,0,0,1,24,21236,6,1,0,0,3,0,71,165,0,0,0,0,0,0,0,0,0,4,26,0,0,0,3,4,65,1,1,2,1,0,0,1,51,4,9,1,98,0,0,531
240240_2013,24,240240,1,2,2,14,8,15,43,12,6,1,0,24,2,20,471,20471,30,1996,1GCCS19X9T81,1,G,C,C,S,1,9,X,9,T,8,1,0,0,0,000000000,00000000000,0,0,0,1,0,0,0,0,0,0,0,47,0,0,0,12,6,2,12,0,0,0,1,24,21719,6,1,0,0,3,0,71,156,0,0,0,0,0,0,0,0,0,0,39,0,0,0,2,2,30,1,1,2,1,3,3,1,17,1,1,1,86,0,0,532
240240_2013,24,240240,2,2,2,14,8,15,43,12,6,1,0,24,1,72,706,72706,80,2002,1HD1BZB152Y0,1,H,D,1,B,Z,B,1,5,2,Y,0,0,0,0,000000000,00000000000,0,0,0,1,0,0,0,0,0,0,0,998,0,0,0,3,6,2,12,0,0,0,1,24,21795,6,1,0,0,3,0,70,174,0,0,0,0,0,0,0,0,0,0,0,0,0,0,2,2,30,1,1,2,1,3,3,1,66,1,1,1,87,1,0,533
240241_2013,24,240241,1,2,1,8,8,13,30,12,6,1,0,24,1,12,471,12471,30,1999,1FTYR10C5XTA,1,F,T,Y,R,1,0,C,5,X,T,A,0,0,0,000000000,00000000000,0,0,0,1,0,0,0,0,0,0,0,998,0,0,0,12,6,2,12,0,0,0,1,24,21208,6,1,0,0,3,0,69,200,0,0,0,0,0,0,0,0,0,0,99,99,99,99,3,4,40,1,1,2,1,3,3,1,62,1,1,1,69,0,0,534
240241_2013,24,240241,2,2,2,8,8,13,30,12,6,1,0,42,1,20,20,20020,4,1995,2G1WL52M5S11,2,G,1,W,L,5,2,M,5,S,1,1,0,0,0,000000000,00000000000,0,0,0,1,0,0,0,0,0,0,0,998,0,0,0,3,6,2,12,0,0,0,1,42,17361,6,1,0,0,3,0,75,999,0,0,0,0,0,0,0,0,0,9,99,99,99,99,3,4,40,1,1,2,1,3,3,11,15,1,1,1,68,1,0,535
240242_2013,24,240242,1,1,1,21,8,17,23,9,0,1,0,24,1,37,441,37441,20,2011,5FNRL5H91BB0,5,F,N,R,L,5,H,9,1,B,B,0,0,0,0,000000000,00000000000,0,0,0,1,0,0,0,0,0,0,0,998,0,0,0,12,4,5,9,0,0,0,1,24,20639,6,1,0,0,3,0,67,135,0,0,0,0,0,0,0,0,0,0,35,38,0,0,1,2,40,1,3,2,1,0,0,1,83,6,1,1,13,0,0,536
240243_2013,24,240243,1,1,1,20,8,17,0,8,0,1,1,99,9,99,999,99999,99,9999,999999999999,9,9,9,9,9,9,9,9,9,9,9,9,0,0,0,000000000,00000000000,0,0,0,1,0,0,0,0,0,0,0,998,0,0,0,98,9,5,8,0,0,0,1,99,99999,9,9,99,9,9,9,999,999,99,99,99,99,99,99,9999,99,9999,9,99,99,99,99,1,2,35,4,1,2,1,0,0,99,82,99,9,1,13,0,0,537
240244_2013,24,240244,1,1,2,25,8,12,30,72,0,1,0,24,1,71,706,71706,80,2012,ZDM1XBMV0CB0,Z,D,M,1,X,B,M,V,0,C,B,0,0,0,0,000000000,00000000000,0,0,0,1,0,0,0,0,0,0,0,998,0,0,0,0,6,2,72,0,0,0,1,24,20832,6,1,0,0,3,0,74,200,0,0,0,0,0,0,0,0,0,0,0,0,0,0,1,2,40,3,2,2,1,0,0,14,9,99,9,1,0,1,0,538
240245_2013,24,240245,1,3,1,20,6,6,14,12,1,1,0,34,3,82,881,82881,66,2014,NULL,NULL,NULL,NULL,NULL,NULL,NULL,NULL,NULL,NULL,NULL,NULL,NULL,1,1,77,777777777,77777777777,3,6,1,1,0,0,0,0,0,0,0,998,0,0,0,12,6,2,12,0,0,0,1,12,32137,6,1,6,0,3,0,68,999,0,0,0,0,0,0,0,0,0,0,99,99,99,99,3,5,65,1,1,2,1,0,0,1,51,1,1,1,24,0,0,539
240245_2013,24,240245,2,3,1,20,6,6,14,12,1,1,0,24,1,49,32,49032,4,2011,2T1BU4EE0BC6,2,T,1,B,U,4,E,E,0,B,C,6,0,0,0,000000000,00000000000,0,0,0,1,0,0,0,0,0,0,0,998,0,0,0,6,6,2,12,0,0,0,1,24,20706,6,1,0,0,3,0,76,207,0,0,0,0,1,9,2011,9,2011,0,0,0,0,0,3,5,65,1,1,2,1,0,0,1,53,1,1,1,25,1,0,540
240245_2013,24,240245,3,3,1,20,6,6,14,12,1,1,0,24,3,87,883,87883,62,2013,2NP2HM6X9DM2,2,N,P,2,H,M,6,X,9,D,M,2,0,0,77,777777777,77777777777,2,1,1,1,0,0,0,0,0,0,0,998,0,1,1,12,6,2,1,0,0,0,1,24,21217,6,1,6,0,3,0,73,242,0,0,0,0,0,0,0,0,0,0,0,0,0,0,3,5,65,1,1,2,1,0,0,1,51,1,1,1,98,0,0,541
240246_2013,24,240246,1,2,1,1,7,17,35,12,6,1,0,24,2,24,1,24001,4,1996,1G8ZH5287TZ3,1,G,8,Z,H,5,2,8,7,T,Z,3,0,0,0,000000000,00000000000,0,0,0,1,0,0,0,0,0,0,0,998,0,0,0,12,6,2,12,0,0,0,1,24,21122,6,1,0,0,3,2,64,130,0,0,0,0,0,0,0,0,0,0,48,6,74,0,1,2,40,1,1,2,1,0,0,12,98,1,1,7,98,0,0,542
240246_2013,24,240246,2,2,2,1,7,17,35,12,6,1,0,24,1,20,481,20481,31,1999,1GCEK19R6XR1,1,G,C,E,K,1,9,R,6,X,R,1,0,0,0,000000000,00000000000,0,0,0,1,0,0,0,0,0,0,0,998,0,1,1,4,6,2,12,0,0,0,1,24,21122,6,1,0,0,3,0,67,225,0,0,0,0,0,0,0,0,0,0,0,0,0,0,1,2,40,1,1,2,1,0,0,99,64,1,1,1,98,1,0,543
240247_2013,24,240247,1,1,2,7,7,20,16,34,0,1,0,51,1,34,34,34034,2,1999,WBSBG9334XEY,W,B,S,B,G,9,3,3,4,X,E,Y,0,0,0,000000000,00000000000,0,0,0,1,0,0,0,0,0,0,0,998,0,0,0,12,6,2,32,0,0,0,1,51,22031,6,1,0,0,3,0,68,180,0,0,0,0,0,0,0,0,0,3,58,0,0,0,2,2,55,1,1,2,1,0,0,1,13,7,1,4,1,1,1,544
240248_2013,24,240248,1,2,1,5,7,15,0,1,0,1,0,24,1,73,706,73706,80,1995,JKAZGCA16SB5,J,K,A,Z,G,C,A,1,6,S,B,5,0,0,0,000000000,00000000000,0,0,0,1,0,0,0,0,0,0,0,998,0,0,0,0,6,2,12,0,0,0,1,24,21104,6,1,0,0,3,0,72,165,0,0,0,1,0,7,2011,7,2011,4,28,0,0,0,1,2,30,2,6,2,1,0,0,14,6,9,2,2,98,1,0,545
240248_2013,24,240248,2,2,1,5,7,15,0,1,0,1,0,24,2,34,34,34034,4,2002,WBAEU33452PF,W,B,A,E,U,3,3,4,5,2,P,F,0,0,0,000000000,00000000000,0,0,0,1,0,0,0,0,0,0,0,998,0,0,0,12,6,2,12,0,0,0,1,24,20705,0,0,0,0,0,0,999,999,0,0,0,0,2,11,2010,6,2011,0,0,0,0,0,1,2,30,2,6,2,1,0,0,14,62,1,1,1,98,0,0,546
240249_2013,24,240249,1,2,1,13,7,0,55,12,1,1,0,24,2,37,706,37706,80,2009,JH2PC40049K2,J,H,2,P,C,4,0,0,4,9,K,2,0,0,0,000000000,00000000000,0,0,0,1,0,0,0,0,0,0,0,998,0,0,0,12,6,2,24,0,0,0,1,24,20910,6,1,0,0,3,0,69,155,0,0,0,1,1,3,2011,8,2012,4,28,0,0,0,3,4,55,1,1,2,1,0,0,1,10,1,1,2,32,1,1,547
240249_2013,24,240249,2,2,1,13,7,0,55,12,1,1,0,24,2,9,442,9442,20,2000,2P4GP2532YR6,2,P,4,G,P,2,5,3,2,Y,R,6,0,0,0,000000000,00000000000,0,0,0,1,0,0,0,0,0,0,0,998,0,0,0,6,6,2,12,0,0,0,1,24,20748,6,1,0,0,3,0,71,205,0,1,0,0,0,12,2011,12,2011,0,0,0,0,0,3,4,55,1,1,2,1,0,0,1,61,1,1,1,32,0,0,548
240250_2013,24,240250,1,2,1,18,7,17,0,72,0,1,0,24,1,72,706,72706,80,2006,1HD1BVB196Y0,1,H,D,1,B,V,B,1,9,6,Y,0,0,0,0,000000000,00000000000,0,0,0,1,0,0,0,0,0,0,0,998,0,0,0,0,6,2,72,0,0,0,1,24,21078,6,1,0,0,3,0,71,200,0,0,0,0,0,0,0,0,0,0,35,0,0,0,1,2,35,4,1,2,1,0,0,6,13,1,1,4,0,1,0,549
240250_2013,24,240250,2,2,1,18,7,17,0,72,0,1,0,24,1,72,706,72706,80,2007,1HD1JL5147Y0,1,H,D,1,J,L,5,1,4,7,Y,0,0,0,0,000000000,00000000000,0,0,0,1,0,0,0,0,0,0,0,998,0,0,0,1,6,2,12,0,0,0,1,24,21917,6,1,0,0,3,0,74,210,0,0,0,0,0,0,0,0,0,0,33,0,0,0,1,2,35,4,1,2,1,0,0,6,63,1,1,1,98,0,0,550
240251_2013,24,240251,1,4,1,18,7,0,35,12,1,1,0,24,1,53,706,53706,80,2005,JS1GT76A1521,J,S,1,G,T,7,6,A,1,5,2,1,0,0,0,000000000,00000000000,0,0,0,1,0,0,0,0,0,0,0,998,0,0,0,12,6,2,12,0,0,0,1,24,20711,6,1,0,0,3,0,69,192,0,0,0,0,1,2,2013,2,2013,3,26,27,0,0,3,4,55,1,1,2,1,0,0,15,51,4,9,2,32,1,1,551
240251_2013,24,240251,2,4,1,18,7,0,35,12,1,1,0,24,1,55,35,55035,4,2006,KMHDN46D16U2,K,M,H,D,N,4,6,D,1,6,U,2,0,0,0,000000000,00000000000,0,0,0,1,0,0,0,0,0,0,0,998,0,0,0,6,6,2,12,0,0,0,1,24,20748,6,1,0,0,3,0,70,180,0,0,0,0,0,0,0,0,0,0,0,0,0,0,3,4,55,1,1,2,1,0,0,1,53,1,1,1,32,0,0,552
240251_2013,24,240251,3,4,1,18,7,0,35,12,1,1,9,24,1,37,706,37706,80,2005,JH2PC37015M2,J,H,2,P,C,3,7,0,1,5,M,2,0,0,0,000000000,00000000000,0,0,0,1,0,0,0,0,0,0,0,998,0,0,0,6,6,2,1,0,0,0,1,24,20657,6,1,0,0,3,0,69,140,0,0,0,2,0,5,2012,1,2013,0,0,0,0,0,3,4,55,1,1,2,1,0,0,1,60,1,1,1,98,0,0,553
240251_2013,24,240251,4,4,1,18,7,0,35,12,1,1,0,24,1,37,32,37032,4,2004,1HGCM56354A0,1,H,G,C,M,5,6,3,5,4,A,0,0,0,0,000000000,00000000000,0,0,0,1,0,0,0,0,0,0,0,998,0,0,0,6,6,2,12,0,0,0,1,24,20745,6,1,0,0,3,0,66,197,0,0,0,0,0,0,0,0,0,0,0,0,0,0,3,4,55,1,1,2,1,0,0,1,61,1,1,1,98,0,0,554
240252_2013,24,240252,1,2,1,21,7,9,58,1,0,1,0,24,1,72,706,72706,80,2006,1HD1FCW106Y6,1,H,D,1,F,C,W,1,0,6,Y,6,0,0,0,000000000,00000000000,0,0,0,1,0,0,0,0,0,0,0,998,0,0,0,0,6,2,12,0,0,0,1,24,21702,6,1,0,0,3,0,72,160,0,0,0,0,0,0,0,0,0,4,28,0,0,0,1,2,50,2,1,2,2,0,0,14,6,99,9,2,98,1,0,555
240252_2013,24,240252,2,2,1,21,7,9,58,1,0,1,0,24,2,35,50,35050,5,2009,3N1BC11EX9L4,3,N,1,B,C,1,1,E,X,9,L,4,0,0,0,000000000,00000000000,0,0,0,1,0,0,0,0,0,0,0,998,0,0,0,12,2,5,12,0,0,0,1,24,21788,6,1,0,0,3,0,71,145,0,0,0,0,0,0,0,0,0,0,0,0,0,0,1,2,50,2,1,2,2,0,0,14,62,7,1,1,98,0,0,556
240253_2013,24,240253,1,1,1,29,9,22,23,8,0,1,0,24,1,41,50,41050,4,2013,1YVHZ8BH4D5M,1,Y,V,H,Z,8,B,H,4,D,5,M,0,0,0,000000000,00000000000,0,0,0,1,0,0,0,0,0,0,0,45,0,0,0,12,4,3,8,0,0,0,1,24,21228,6,1,0,0,3,0,71,170,0,0,0,0,0,0,0,0,0,0,0,0,0,0,3,3,45,1,1,2,1,0,0,1,80,1,1,1,13,0,0,557
240254_2013,24,240254,1,1,1,25,7,11,19,8,0,1,1,24,1,22,20,22020,4,2004,2G2WR5248411,2,G,2,W,R,5,2,4,8,4,1,1,0,0,0,000000000,00000000000,0,0,0,1,0,0,0,0,0,0,0,998,0,0,0,12,4,5,8,0,0,0,1,24,21236,6,1,0,0,3,0,66,115,0,1,0,2,0,3,2012,5,2013,0,28,0,0,0,2,2,55,1,1,2,1,0,0,1,13,1,1,4,13,0,1,558
240255_2013,24,240255,1,1,1,25,7,21,5,8,0,1,0,37,2,12,37,12037,4,2013,1FADP3F2XDL2,1,F,A,D,P,3,F,2,X,D,L,2,0,0,0,000000000,00000000000,0,0,0,1,0,0,0,0,0,0,0,998,0,0,0,12,6,2,8,0,0,0,1,37,28385,6,1,0,0,3,0,69,999,0,0,0,0,0,0,0,0,0,0,0,0,0,0,1,2,35,1,1,2,1,0,0,1,80,1,1,1,13,0,0,559
240256_2013,24,240256,1,1,1,26,7,0,52,30,0,1,0,24,1,41,35,41035,4,2000,JM1BJ2239Y02,J,M,1,B,J,2,2,3,9,Y,0,2,0,0,0,000000000,00000000000,0,0,0,1,0,0,0,0,0,0,0,998,0,0,0,12,6,2,30,0,0,0,1,24,21502,6,1,0,0,3,0,64,144,0,0,0,0,0,0,0,0,0,3,0,0,0,0,1,2,25,1,1,2,1,0,0,1,13,1,1,4,1,1,1,560
240257_2013,24,240257,1,1,1,27,7,18,29,35,0,1,0,24,1,52,37,52037,1,2007,4A3AL35T57E0,4,A,3,A,L,3,5,T,5,7,E,0,0,0,0,000000000,00000000000,0,0,0,1,0,0,0,0,0,0,0,998,0,1,5,12,6,2,1,0,0,0,1,24,21009,6,1,0,0,3,0,69,143,0,0,0,1,2,9,2012,11,2012,0,0,0,0,0,1,2,25,3,2,2,1,0,0,14,13,1,1,4,1,1,1,561
240258_2013,24,240258,1,1,1,29,7,17,39,42,0,1,0,24,1,22,20,22020,4,2002,1G2WK52J62F2,1,G,2,W,K,5,2,J,6,2,F,2,0,0,0,000000000,00000000000,0,0,0,1,0,0,0,0,0,0,0,998,0,1,6,9,6,2,42,0,0,0,1,24,21817,6,1,0,0,3,0,65,170,0,0,0,0,0,0,0,0,0,0,0,0,0,0,1,2,50,1,1,2,1,0,0,1,10,1,1,4,6,1,0,562
240259_2013,24,240259,1,1,1,30,7,17,22,8,0,1,0,48,1,20,2,20002,4,2011,2G1WB5EKXB12,2,G,1,W,B,5,E,K,X,B,1,2,0,0,0,000000000,00000000000,0,0,0,1,0,0,0,0,0,0,0,998,0,0,0,12,2,5,8,0,0,0,1,24,21221,6,1,0,0,3,0,67,180,0,0,0,0,0,0,0,0,0,9,99,99,99,99,2,2,25,1,1,2,1,0,0,11,80,1,1,1,13,0,0,563
240260_2013,24,240260,1,1,1,24,8,20,50,34,0,1,0,24,2,20,403,20403,14,2004,1GNDT13S1423,1,G,N,D,T,1,3,S,1,4,2,3,0,0,0,000000000,00000000000,0,0,0,1,0,0,0,0,0,0,0,998,0,1,5,12,6,2,1,0,0,0,1,24,21619,6,1,0,0,3,0,76,310,0,0,0,0,1,9,2011,9,2011,0,0,0,0,0,1,2,35,1,1,2,1,0,0,1,13,7,5,4,2,1,1,564
240261_2013,24,240261,1,1,1,1,9,21,0,8,0,1,0,51,1,20,461,20461,21,1994,1GBEG25K1RF1,1,G,B,E,G,2,5,K,1,R,F,1,0,0,0,000000000,00000000000,0,0,0,1,0,0,0,0,0,0,0,998,0,0,0,12,2,3,8,0,0,0,1,51,22303,6,1,0,0,3,0,66,150,0,0,0,1,0,5,2011,5,2011,0,0,0,0,0,1,2,50,1,1,2,1,0,0,1,80,1,1,1,13,0,0,565
240262_2013,24,240262,1,2,3,12,6,21,46,12,6,1,0,24,2,49,442,49442,20,2000,4T3ZF13C9YU2,4,T,3,Z,F,1,3,C,9,Y,U,2,0,0,0,000000000,00000000000,0,0,0,1,0,0,0,0,0,0,0,998,0,0,0,3,6,2,12,0,0,0,1,24,20748,6,1,0,0,3,0,63,146,0,0,0,0,0,0,0,0,0,0,38,48,0,0,2,2,35,1,1,2,1,98,8,11,15,1,1,2,68,1,0,566
240262_2013,24,240262,2,2,2,12,6,21,46,12,6,1,1,99,9,52,401,52401,14,2000,JA4LS31H2YP8,J,A,4,L,S,3,1,H,2,Y,P,8,0,0,0,000000000,00000000000,0,0,0,1,0,0,0,0,0,0,0,999,9,0,0,12,6,2,12,0,0,0,1,99,99999,9,9,99,9,9,9,999,999,99,99,99,99,99,99,9999,99,9999,9,99,99,99,99,2,2,35,1,1,2,1,98,8,1,62,1,1,1,69,0,0,567
240263_2013,24,240263,1,1,1,11,6,21,20,8,0,1,0,24,2,20,37,20037,4,2009,1G1ZG57BX942,1,G,1,Z,G,5,7,B,X,9,4,2,0,0,0,000000000,00000000000,0,0,0,1,0,0,0,0,0,0,0,998,0,0,0,12,6,2,8,0,0,0,1,24,20723,6,1,0,0,3,1,72,160,0,0,0,0,0,0,0,0,0,0,6,39,0,0,6,2,45,8,8,8,1,0,0,1,80,1,1,1,13,0,0,568
240264_2013,24,240264,1,1,1,1,9,1,47,42,0,1,0,11,1,52,46,52046,4,2006,JA3AJ26E56U0,J,A,3,A,J,2,6,E,5,6,U,0,0,0,0,000000000,00000000000,0,0,0,1,0,0,0,0,0,0,0,998,0,1,6,12,6,2,1,0,0,0,1,11,20011,6,1,0,0,3,0,999,999,99,99,99,99,99,99,9999,99,9999,9,99,99,99,99,1,2,40,1,2,2,1,0,0,1,12,1,1,4,6,1,1,569
240265_2013,24,240265,1,1,1,30,8,12,30,33,0,1,0,24,1,71,706,71706,80,2006,ZDM1RB5T36B0,Z,D,M,1,R,B,5,T,3,6,B,0,0,0,0,000000000,00000000000,0,0,0,1,0,0,0,0,0,0,0,998,0,0,0,12,6,2,1,0,0,0,1,24,20772,6,1,0,0,3,0,74,210,0,0,0,0,0,0,0,0,0,0,28,0,0,0,1,2,25,1,1,2,1,0,0,1,11,1,1,4,1,1,1,570
240266_2013,24,240266,1,1,1,31,8,2,26,8,0,1,1,99,9,99,999,99999,99,9999,999999999999,9,9,9,9,9,9,9,9,9,9,9,9,0,0,0,000000000,00000000000,0,0,0,1,0,0,0,0,0,0,0,998,0,0,0,98,9,5,8,0,0,0,1,99,99999,9,9,99,9,9,9,999,999,99,99,99,99,99,99,9999,99,9999,9,99,99,99,99,2,2,40,1,2,2,1,0,0,1,80,1,1,1,13,0,0,571
240267_2013,24,240267,1,2,3,7,8,10,49,12,6,1,0,24,2,20,9,20009,2,1995,2G1FP22P7S21,2,G,1,F,P,2,2,P,7,S,2,1,0,0,0,000000000,00000000000,0,0,0,1,0,0,0,0,0,0,0,998,0,0,0,3,6,2,12,0,0,0,1,24,20732,6,1,0,0,3,1,63,121,0,0,0,0,0,0,0,0,0,4,28,0,0,0,1,2,40,3,1,2,2,0,0,14,6,99,9,2,64,1,0,572
240267_2013,24,240267,2,2,1,7,8,10,49,12,6,1,0,24,1,37,471,37471,30,2013,5FPYK1F58DB0,5,F,P,Y,K,1,F,5,8,D,B,0,0,0,0,000000000,00000000000,0,0,0,1,0,0,0,0,0,0,0,998,0,0,0,12,6,2,12,0,0,0,1,24,20754,6,1,0,0,3,0,65,161,0,0,0,2,0,6,2013,6,2013,0,0,0,0,0,1,2,40,3,1,2,2,0,0,14,62,1,1,1,65,0,0,573