st_case_year,STATE,ST_CASE,VEH_NO,VE_FORMS,NUMOCCS,DAY,MONTH,HOUR,MINUTE,HARM_EV,MAN_COLL,UNITTYPE,HIT_RUN,REG_STAT,OWNER,MAKE,MODEL,MAK_MOD,BODY_TYP,MOD_YEAR,VIN,VIN_1,VIN_2,VIN_3,VIN_4,VIN_5,VIN_6,VIN_7,VIN_8,VIN_9,VIN_10,VIN_11,VIN_12,TOW_VEH,J_KNIFE,MCARR_I1,MCARR_I2,MCARR_ID,GVWR,V_CONFIG,CARGO_BT,HAZ_INV,HAZ_PLAC,HAZ_ID,HAZ_CNO,HAZ_REL,BUS_USE,SPEC_USE,EMER_USE,TRAV_SP,UNDERIDE,ROLLOVER,ROLINLOC,IMPACT1,DEFORMED,TOWED,M_HARM,VEH_SC1,VEH_SC2,FIRE_EXP,DR_PRES,L_STATE,DR_ZIP,L_STATUS,L_TYPE,CDL_STAT,L_ENDORS,L_COMPL,L_RESTRI,DR_HGT,DR_WGT,PREV_ACC,PREV_SUS,PREV_DWI,PREV_SPD,PREV_OTH,FIRST_MO,FIRST_YR,LAST_MO,LAST_YR,SPEEDREL,DR_SF1,DR_SF2,DR_SF3,DR_SF4,VTRAFWAY,VNUM_LAN,VSPD_LIM,VALIGN,VPROFILE,VPAVETYP,VSURCOND,VTRAFCON,VTCONT_F,P_CRASH1,P_CRASH2,P_CRASH3,PCRASH4,PCRASH5,ACC_TYPE,DEATHS,DR_DRINK,idno
240268_2013,24,240268,1,1,1,22,8,21,26,8,0,1,1,99,9,99,999,99999,99,9999,999999999999,9,9,9,9,9,9,9,9,9,9,9,9,0,0,0,000000000,00000000000,0,0,0,1,0,0,0,0,0,0,0,998,0,0,0,98,2,5,8,0,0,0,1,99,99999,9,9,99,9,9,9,999,999,99,99,99,99,99,99,9999,99,9999,9,99,99,99,99,2,2,35,1,1,2,1,0,0,1,80,1,1,1,13,0,0,574
240269_2013,24,240269,1,1,1,2,9,99,99,33,0,1,0,24,1,37,706,37706,80,1997,1HFSC3207VA2,1,H,F,S,C,3,2,0,7,V,A,2,0,0,0,000000000,00000000000,0,0,0,1,0,0,0,0,0,0,0,998,0,0,0,12,6,2,38,0,0,0,1,24,21136,6,1,0,0,3,0,71,219,0,0,0,0,0,0,0,0,0,4,0,0,0,0,1,2,35,1,1,2,1,0,0,1,14,3,2,4,14,1,1,575
240270_2013,24,240270,1,2,1,31,8,13,34,12,6,1,0,24,5,20,431,20431,16,2001,1GNFK16T01J2,1,G,N,F,K,1,6,T,0,1,J,2,0,0,0,000000000,00000000000,0,0,0,1,0,0,0,0,0,0,0,998,0,0,0,12,6,2,12,0,0,0,1,24,21158,6,1,0,0,3,0,70,195,0,3,0,2,2,5,2011,10,2012,0,39,0,0,0,3,3,45,1,1,2,1,98,3,1,63,4,2,1,69,0,0,576
240270_2013,24,240270,2,2,2,31,8,13,34,12,6,1,0,24,1,35,39,35039,4,2011,1N4AA5AP5BC8,1,N,4,A,A,5,A,P,5,B,C,8,0,0,0,000000000,00000000000,0,0,0,1,0,0,0,0,0,0,0,998,0,0,0,3,6,2,12,0,0,0,1,24,21784,6,1,0,0,3,0,62,140,0,0,0,0,0,0,0,0,0,0,0,0,0,0,3,3,45,1,1,2,1,98,3,11,15,1,1,1,68,1,0,577
240271_2013,24,240271,1,1,1,30,8,17,0,42,0,1,0,24,1,53,706,53706,80,2002,JS1GW71A7221,J,S,1,G,W,7,1,A,7,2,2,1,0,0,0,000000000,00000000000,0,0,0,1,0,0,0,0,0,0,0,998,0,0,0,98,6,2,1,0,0,0,1,24,20886,6,1,0,0,2,2,76,315,0,0,0,1,0,3,2012,3,2012,0,74,0,0,0,1,2,25,1,1,2,1,0,0,1,13,1,1,4,1,1,0,578
240272_2013,24,240272,1,1,1,7,9,10,10,38,0,1,0,24,2,72,706,72706,80,2012,1HD1KBM17CB6,1,H,D,1,K,B,M,1,7,C,B,6,0,0,0,000000000,00000000000,0,0,0,1,0,0,0,0,0,0,0,998,0,0,0,12,6,2,38,0,0,0,1,24,21102,6,1,0,0,3,0,72,192,0,0,0,0,0,0,0,0,0,0,0,0,0,0,1,2,30,4,2,2,1,0,0,14,11,1,1,4,1,1,0,579
240273_2013,24,240273,1,2,1,10,9,2,55,12,1,1,0,24,1,12,481,12481,31,2003,1FTRX17W83NA,1,F,T,R,X,1,7,W,8,3,N,A,0,0,0,000000000,00000000000,0,0,0,1,0,0,0,0,0,0,0,998,0,0,0,12,6,2,12,0,0,0,1,24,20639,6,1,0,0,3,0,73,325,0,3,0,0,1,8,2011,1,2013,4,0,0,0,0,3,2,55,1,1,2,1,0,0,1,51,1,1,1,24,1,0,580
240273_2013,24,240273,2,2,1,10,9,2,55,12,1,1,0,24,3,86,881,86881,63,1995,1M2P264C4SM0,1,M,2,P,2,6,4,C,4,S,M,0,0,0,54,1446658,541446658,3,1,4,1,0,0,0,0,0,0,0,998,0,0,0,6,6,2,12,0,0,0,1,24,20639,6,1,6,0,3,0,71,200,0,0,0,1,0,2,2011,2,2011,0,0,0,0,0,3,2,55,1,1,2,1,0,0,1,53,1,1,1,25,0,0,581
240274_2013,24,240274,1,1,1,6,9,7,28,34,0,1,0,24,1,20,16,20016,2,1999,1G1JC1245X72,1,G,1,J,C,1,2,4,5,X,7,2,0,0,0,000000000,00000000000,0,0,0,1,0,0,0,0,0,0,0,998,0,1,5,6,6,2,34,0,0,0,1,24,21849,6,1,0,0,3,0,68,175,0,0,0,0,1,6,2013,6,2013,3,0,0,0,0,1,2,50,2,1,2,1,0,0,14,12,1,1,4,6,1,1,582
240275_2013,24,240275,1,1,1,12,9,23,6,33,0,1,0,24,1,12,481,12481,31,1991,1FTDF15Y8MNA,1,F,T,D,F,1,5,Y,8,M,N,A,0,0,0,000000000,00000000000,0,0,0,1,0,0,0,0,0,0,0,998,0,1,5,14,6,2,1,0,0,0,1,24,20646,6,1,6,0,3,0,68,240,0,0,0,0,0,0,0,0,0,0,0,0,0,0,2,2,45,1,1,2,1,0,0,1,12,1,1,4,6,1,1,583
240276_2013,24,240276,1,2,3,25,8,22,23,12,6,1,0,24,2,19,3,19003,4,1999,1G6KD54Y8XU7,1,G,6,K,D,5,4,Y,8,X,U,7,0,0,0,000000000,00000000000,0,0,0,1,0,0,0,0,0,0,0,998,0,0,0,3,6,2,12,0,0,0,1,24,20744,6,1,0,0,3,3,69,134,0,1,0,0,0,1,2011,1,2011,0,38,0,0,0,1,2,30,1,1,2,1,0,0,11,15,1,1,1,68,0,0,584
240276_2013,24,240276,2,2,1,25,8,22,23,12,6,1,0,24,2,76,706,76706,80,2009,JYAVP22E39A0,J,Y,A,V,P,2,2,E,3,9,A,0,0,0,0,000000000,00000000000,0,0,0,1,0,0,0,0,0,0,0,998,0,0,0,12,6,2,12,0,0,0,1,24,20613,6,1,0,0,3,0,76,250,0,0,0,0,0,0,0,0,0,0,0,0,0,0,1,2,30,1,1,2,1,0,0,1,62,1,1,1,69,1,0,585
240277_2013,24,240277,1,1,1,14,9,6,41,34,0,1,0,45,2,49,32,49032,4,1987,JT2AE82E8H34,J,T,2,A,E,8,2,E,8,H,3,4,0,0,0,000000000,00000000000,0,0,0,1,0,0,0,0,0,0,0,998,0,0,0,12,6,2,34,0,0,0,1,24,21660,0,0,0,0,0,0,999,999,0,0,0,0,0,0,0,0,0,0,0,0,0,0,1,2,50,1,2,1,1,0,0,1,12,1,1,4,6,1,1,586
240278_2013,24,240278,1,1,1,14,9,16,30,42,0,1,0,24,1,37,39,37039,5,2008,JHMGD38468S0,J,H,M,G,D,3,8,4,6,8,S,0,0,0,0,000000000,00000000000,0,0,0,1,0,0,0,0,0,0,0,998,0,1,6,11,6,2,1,0,0,0,1,24,21757,6,1,0,0,3,0,71,200,0,0,0,0,0,0,0,0,0,0,0,0,0,0,1,2,30,3,1,2,1,0,0,14,11,1,1,4,1,1,1,587
240279_2013,24,240279,1,1,1,16,9,6,58,33,0,1,0,24,1,53,705,53705,80,2001,JS1GN7BA1121,J,S,1,G,N,7,B,A,1,1,2,1,0,0,0,000000000,00000000000,0,0,0,1,0,0,0,0,0,0,0,998,0,0,0,12,6,2,24,0,0,0,1,24,20879,6,1,0,0,3,0,75,200,0,1,0,1,1,5,2011,11,2011,3,0,0,0,0,3,2,45,4,1,2,1,0,0,1,12,99,9,4,10,1,0,588
240280_2013,24,240280,1,2,1,11,9,17,0,12,6,1,0,24,1,20,481,20481,31,2008,2GCEC19J2811,2,G,C,E,C,1,9,J,2,8,1,1,0,0,0,000000000,00000000000,0,0,0,1,0,0,0,0,0,0,0,998,0,0,0,12,6,2,12,0,0,0,1,24,21632,6,1,0,0,3,0,72,210,0,0,0,0,0,0,0,0,0,0,38,0,0,0,1,2,50,1,1,2,1,20,3,11,15,1,1,1,76,1,0,589
240280_2013,24,240280,2,2,1,11,9,17,0,12,6,1,0,24,2,23,481,23481,31,2006,1GTEK19B46Z2,1,G,T,E,K,1,9,B,4,6,Z,2,0,0,0,000000000,00000000000,0,0,0,1,0,0,0,0,0,0,0,998,0,0,0,9,6,2,12,0,0,0,1,24,21643,6,1,0,0,3,0,72,154,0,0,0,0,0,0,0,0,0,0,0,0,0,0,1,2,50,1,1,2,1,0,0,1,65,99,9,1,77,0,0,590
240281_2013,24,240281,1,1,1,21,9,1,14,42,0,1,0,24,1,2,404,2404,14,1996,1J4FJ68S6TL2,1,J,4,F,J,6,8,S,6,T,L,2,0,0,0,000000000,00000000000,0,0,0,1,0,0,0,0,0,0,0,998,0,1,6,12,6,2,42,0,0,0,1,24,21713,6,1,0,0,3,0,70,160,0,0,0,1,0,7,2012,7,2012,3,0,0,0,0,1,2,30,1,2,2,1,0,0,1,11,1,1,4,1,1,1,591
240282_2013,24,240282,1,1,1,21,9,11,39,9,0,1,0,24,1,23,421,23421,15,2004,1GKEK13T54J1,1,G,K,E,K,1,3,T,5,4,J,1,0,0,0,000000000,00000000000,0,0,0,1,0,0,0,0,0,0,0,998,0,0,0,12,6,2,9,0,0,0,1,24,21620,6,1,0,0,3,0,73,200,0,0,0,0,0,0,0,0,0,4,0,0,0,0,1,2,50,1,1,2,1,0,0,1,83,1,1,1,13,0,0,592
240283_2013,24,240283,1,1,1,25,9,17,4,42,0,1,0,24,1,34,39,34039,1,2001,WBACN334X1LM,W,B,A,C,N,3,3,4,X,1,L,M,0,0,0,000000000,00000000000,0,0,0,1,0,0,0,0,0,0,0,998,0,1,5,12,6,2,1,0,0,0,1,24,21756,6,1,0,0,3,0,62,125,0,1,0,0,0,7,2013,7,2013,3,58,36,0,0,3,2,65,1,1,2,1,0,0,15,13,7,9,4,1,1,0,593
240284_2013,24,240284,1,1,1,6,9,23,35,1,0,1,0,24,1,72,706,72706,80,2012,1HD1GZM13CC3,1,H,D,1,G,Z,M,1,3,C,C,3,0,0,0,000000000,00000000000,0,0,0,1,0,0,0,0,0,0,0,998,0,0,0,0,6,2,1,0,0,0,1,24,20871,6,1,0,0,3,0,71,180,0,0,0,0,0,0,0,0,0,0,99,99,99,99,1,2,35,3,3,2,1,0,0,14,13,99,9,4,1,1,1,594
240285_2013,24,240285,1,1,1,20,9,22,8,8,0,1,1,99,9,99,999,99999,99,9999,999999999999,9,9,9,9,9,9,9,9,9,9,9,9,0,0,0,000000000,00000000000,0,0,0,1,0,0,0,0,0,0,0,998,0,0,0,12,4,5,8,0,0,0,1,99,99999,9,9,99,9,9,9,999,999,99,99,99,99,99,99,9999,99,9999,9,99,99,99,99,3,2,40,1,1,2,2,0,0,1,80,99,9,1,13,0,0,595
240286_2013,24,240286,1,2,1,20,9,0,53,12,7,1,0,24,1,73,706,73706,80,2009,JKBZXNC179A0,J,K,B,Z,X,N,C,1,7,9,A,0,0,0,0,000000000,00000000000,0,0,0,1,0,0,0,0,0,0,0,998,0,0,0,9,6,2,72,0,0,0,1,24,21162,6,1,0,0,3,0,72,260,0,0,0,0,1,4,2012,4,2012,0,35,0,0,0,6,1,98,4,2,2,1,0,0,6,51,1,1,1,44,1,1,596
240286_2013,24,240286,2,2,2,20,9,0,53,12,7,1,0,24,1,48,401,48401,14,2001,JF1SF63501G7,J,F,1,S,F,6,3,5,0,1,G,7,0,0,0,000000000,00000000000,0,0,0,1,0,0,0,0,0,0,0,998,0,0,0,5,6,2,12,0,0,0,1,24,21234,6,1,0,0,3,0,68,230,0,0,0,0,0,0,0,0,0,0,0,0,0,0,6,1,98,4,2,2,1,0,0,1,53,1,1,1,45,0,0,597
240287_2013,24,240287,1,1,8,4,9,15,28,8,0,1,0,24,3,98,981,98981,52,2011,5FYH8FU03BB0,5,F,Y,H,8,F,U,0,3,B,B,0,0,0,88,888888888,88888888888,3,21,22,1,0,0,0,0,6,0,0,998,0,0,0,12,4,3,8,0,0,0,1,24,21213,6,1,6,0,3,0,64,140,0,0,0,0,0,0,0,0,0,0,0,0,0,0,1,2,30,1,1,2,1,0,0,1,80,2,1,1,13,0,0,598
240288_2013,24,240288,1,1,3,29,9,8,57,53,0,1,0,47,2,20,34,20034,4,2000,2C1MR5226Y67,2,C,1,M,R,5,2,2,6,Y,6,7,0,0,0,000000000,00000000000,0,0,0,1,0,0,0,0,0,0,0,998,0,0,0,12,6,2,42,0,0,0,1,24,21659,0,0,0,0,0,0,999,999,0,0,0,0,0,0,0,0,0,3,58,0,0,0,1,2,50,1,1,2,1,0,0,1,12,6,4,4,6,2,0,599
240289_2013,24,240289,1,1,1,11,9,8,31,42,0,1,0,24,1,55,33,55033,4,2009,5NPEU46C79H5,5,N,P,E,U,4,6,C,7,9,H,5,0,0,0,000000000,00000000000,0,0,0,1,0,0,0,0,0,0,0,998,0,1,5,12,6,2,42,0,0,0,1,24,21771,6,1,0,0,3,0,70,220,0,0,0,0,0,0,0,0,0,0,99,99,99,99,1,2,50,1,1,2,1,0,0,1,11,1,1,4,1,1,1,600
240290_2013,24,240290,1,2,2,26,8,10,1,12,6,1,0,24,1,12,401,12401,14,2006,1FMEU75896UA,1,F,M,E,U,7,5,8,9,6,U,A,0,0,0,000000000,00000000000,0,0,0,1,0,0,0,0,0,0,0,998,0,0,0,12,6,2,12,0,0,0,1,24,21793,6,1,0,0,3,0,64,120,0,0,0,0,0,0,0,0,0,0,38,0,0,0,1,2,50,1,1,2,1,97,8,11,15,1,1,1,84,0,0,601
240290_2013,24,240290,2,2,1,26,8,10,1,12,6,1,0,24,1,37,703,37703,88,1986,JH2MF0109GK1,J,H,2,M,F,0,1,0,9,G,K,1,0,0,0,000000000,00000000000,0,0,0,1,0,0,0,0,0,0,0,998,0,0,0,3,6,2,12,0,0,0,1,24,21793,6,1,0,0,3,0,73,235,0,0,0,0,0,0,0,0,0,0,0,0,0,0,1,2,50,1,1,2,1,98,8,1,67,1,1,1,84,1,0,602
240291_2013,24,240291,1,1,1,25,9,23,31,8,0,1,1,21,1,63,34,63034,4,2008,KNAGE123X852,K,N,A,G,E,1,2,3,X,8,5,2,0,0,0,000000000,00000000000,0,0,0,1,0,0,0,0,0,0,0,998,0,0,0,12,4,5,8,0,0,0,1,24,21921,6,1,0,0,3,0,70,170,0,0,0,0,0,0,0,0,0,0,0,0,0,0,2,1,40,1,2,2,1,0,0,1,80,1,1,1,13,0,1,603
240292_2013,24,240292,1,1,1,4,9,18,3,24,0,1,0,24,1,58,38,58038,4,2007,JNKAY01F77M4,J,N,K,A,Y,0,1,F,7,7,M,4,0,0,0,000000000,00000000000,0,0,0,1,0,0,0,0,0,0,0,998,0,0,0,12,6,2,23,0,0,0,1,24,21044,6,1,0,0,3,0,70,220,0,0,0,0,0,0,0,0,0,9,99,99,99,99,3,2,55,4,2,2,1,0,0,1,11,99,1,4,1,1,1,604
240293_2013,24,240293,1,1,4,22,9,19,55,33,0,1,0,24,2,12,422,12422,15,2003,1FMPU16L93LC,1,F,M,P,U,1,6,L,9,3,L,C,0,0,0,000000000,00000000000,0,0,0,1,0,0,0,0,0,0,0,998,0,1,5,14,6,2,32,0,0,0,1,24,20781,0,0,0,0,0,0,61,170,0,1,0,1,0,6,2011,7,2011,0,99,99,99,99,1,4,30,1,2,2,1,0,0,1,10,1,1,4,6,1,0,605
240294_2013,24,240294,1,3,1,16,8,1,59,12,1,1,0,24,3,12,881,12881,61,2011,1FD8X3ET9BEC,1,F,D,8,X,3,E,T,9,B,E,C,0,0,88,888888888,88888888888,2,1,96,1,0,0,0,0,0,0,0,998,0,0,0,12,6,2,12,0,0,0,1,24,21015,6,1,6,0,3,0,76,290,0,0,0,0,0,0,0,0,0,4,26,0,0,0,3,3,65,1,1,2,1,98,3,1,51,4,2,1,24,1,1,606
240294_2013,24,240294,2,3,1,16,8,1,59,12,1,1,0,40,3,84,881,84881,66,2012,1HSDHSJR5CJ6,1,H,S,D,H,S,J,R,5,C,J,6,1,1,57,0080806,570080806,3,6,1,1,0,0,0,0,0,0,0,10,0,0,0,6,6,2,12,0,0,0,1,51,24401,6,1,6,0,3,0,70,185,0,0,0,0,0,0,0,0,0,0,0,0,0,0,3,3,65,1,1,2,1,98,3,1,53,1,1,1,25,0,0,607
240294_2013,24,240294,3,3,1,16,8,1,59,12,1,1,0,42,3,86,881,86881,66,2009,1M1AW02Y99N0,1,M,1,A,W,0,2,Y,9,9,N,0,1,1,57,10571,5710571,3,6,1,1,0,0,0,0,0,0,0,11,0,0,0,6,6,2,12,0,0,0,1,54,25427,6,1,6,0,3,0,71,180,0,0,0,0,2,7,2013,7,2013,0,0,0,0,0,3,3,65,1,1,2,1,98,3,1,53,1,1,1,98,0,0,608
240295_2013,24,240295,1,2,3,18,8,22,4,24,0,1,0,24,1,35,47,35047,4,2005,1N4BL11E35C2,1,N,4,B,L,1,1,E,3,5,C,2,0,0,0,000000000,00000000000,0,0,0,1,0,0,0,0,0,0,0,998,0,0,0,12,6,2,12,0,0,0,1,24,20774,6,1,0,0,3,0,70,170,0,0,0,0,0,0,0,0,0,3,27,0,0,0,3,4,55,1,1,2,1,0,0,15,12,1,1,4,6,1,1,609
240295_2013,24,240295,2,2,1,18,8,22,4,24,0,1,0,40,3,84,881,84881,66,2009,2HSCUAPR19C1,2,H,S,C,U,A,P,R,1,9,C,1,1,1,57,303024,57303024,3,6,1,1,0,0,0,0,0,0,0,998,0,0,0,12,6,2,12,0,0,0,1,42,19104,6,1,6,0,3,0,75,999,0,0,0,0,0,0,0,0,0,0,0,0,0,0,3,4,55,1,1,2,1,0,0,1,64,1,1,1,98,0,0,610
240296_2013,24,240296,1,2,2,16,9,2,16,12,1,1,0,24,2,76,706,76706,80,1999,JYARN02Y4XA0,J,Y,A,R,N,0,2,Y,4,X,A,0,0,0,0,000000000,00000000000,0,0,0,1,0,0,0,0,0,0,0,998,0,0,0,12,6,2,12,0,0,0,1,24,20646,0,0,0,0,0,0,72,156,0,0,0,0,0,0,0,0,0,4,26,0,0,0,2,2,55,1,1,2,1,0,0,1,51,1,1,1,24,2,1,611
240296_2013,24,240296,2,2,1,16,9,2,16,12,1,1,0,51,3,85,881,85881,66,2006,1XKDDB9X86J1,1,X,K,D,D,B,9,X,8,6,J,1,1,1,57,004809,57004809,3,6,3,1,0,0,0,0,0,0,0,998,0,0,0,6,2,3,12,0,0,0,1,51,22524,6,1,6,0,3,0,73,255,0,0,0,0,1,11,2011,11,2011,0,0,0,0,0,2,2,55,1,1,2,1,0,0,1,53,1,1,1,25,0,0,612
240297_2013,24,240297,1,4,1,24,8,3,23,12,1,1,0,28,2,24,5,24005,4,2001,1G8JW52RX1Y5,1,G,8,J,W,5,2,R,X,1,Y,5,0,0,0,000000000,00000000000,0,0,0,1,0,0,0,0,0,0,0,998,0,0,0,12,6,2,12,0,0,0,1,13,30127,6,1,0,0,3,0,77,230,98,0,0,0,0,0,0,0,0,0,38,0,0,0,3,3,55,1,1,2,1,0,0,12,98,1,1,2,98,0,1,613
240297_2013,24,240297,2,4,1,24,8,3,23,12,1,1,0,24,1,12,17,12017,4,2013,1FAHP2D84DG2,1,F,A,H,P,2,D,8,4,D,G,2,0,0,0,000000000,00000000000,0,0,0,1,0,0,0,0,0,0,0,998,0,1,2,6,6,2,12,0,0,0,1,24,20716,6,1,0,0,3,0,70,240,0,0,0,0,0,0,0,0,0,0,38,0,0,0,3,3,55,1,1,2,1,0,0,12,98,1,1,1,98,1,1,614
240297_2013,24,240297,3,4,3,24,8,3,23,12,1,1,0,24,1,19,22,19022,4,2008,1G6KD57Y58U1,1,G,6,K,D,5,7,Y,5,8,U,1,0,0,0,000000000,00000000000,0,0,0,1,0,0,0,0,0,0,0,998,0,0,0,12,6,2,12,0,0,0,1,24,20640,6,1,0,0,3,0,76,210,0,0,0,0,0,0,0,0,0,4,0,0,0,0,3,3,55,1,1,2,1,0,0,1,62,1,1,1,98,0,1,615
240297_2013,24,240297,4,4,1,24,8,3,23,12,1,1,0,11,2,35,39,35039,4,2010,1N4AA5AP5AC8,1,N,4,A,A,5,A,P,5,A,C,8,0,0,0,000000000,00000000000,0,0,0,1,0,0,0,0,0,0,0,998,0,0,0,12,6,2,12,0,0,0,1,24,20744,6,1,0,0,3,0,74,210,0,0,0,0,2,2,2012,1,2013,4,0,0,0,0,3,3,55,1,1,2,1,0,0,1,62,1,1,1,98,0,1,616
240298_2013,24,240298,1,1,1,9,6,23,38,31,0,1,0,24,3,12,881,12881,61,2011,1FD0X5GT8BEB,1,F,D,0,X,5,G,T,8,B,E,B,0,0,88,888888888,88888888888,2,1,1,1,0,0,0,0,0,0,0,997,0,1,5,12,6,2,24,0,0,0,1,24,21780,6,1,0,0,3,0,70,165,0,0,0,0,0,0,0,0,0,0,0,0,0,0,2,3,65,1,1,2,1,0,0,1,12,99,9,4,6,1,0,617
240299_2013,24,240299,1,1,2,26,7,19,1,42,0,1,0,24,1,30,40,30040,4,2003,3VWRK69M83M0,3,V,W,R,K,6,9,M,8,3,M,0,0,0,0,000000000,00000000000,0,0,0,1,0,0,0,0,0,0,0,998,0,0,0,3,6,2,42,0,0,0,1,24,21797,6,1,0,0,3,0,70,155,0,0,0,0,1,2,2013,2,2013,3,0,0,0,0,1,2,35,4,2,2,1,0,0,1,11,99,4,4,2,2,1,618
240300_2013,24,240300,1,1,1,31,8,11,31,24,0,1,0,24,1,53,705,53705,80,2004,JS1GR7JA2421,J,S,1,G,R,7,J,A,2,4,2,1,0,0,0,000000000,00000000000,0,0,0,1,0,0,0,0,0,0,0,998,0,0,0,12,6,2,24,0,0,0,1,24,20772,6,1,0,0,3,0,72,170,0,3,0,2,3,5,2011,10,2012,0,0,0,0,0,6,1,45,4,1,2,1,0,0,14,12,1,9,4,7,1,0,619
240301_2013,24,240301,1,1,1,22,8,20,13,8,0,1,0,24,1,37,32,37032,4,1999,1HGCG1658XA0,1,H,G,C,G,1,6,5,8,X,A,0,0,0,0,000000000,00000000000,0,0,0,1,0,0,0,0,0,0,0,998,0,0,0,12,4,3,8,0,0,0,1,24,20906,6,1,0,0,3,0,65,140,0,0,0,0,0,0,0,0,0,0,99,99,99,99,3,3,35,1,1,2,1,28,3,1,80,1,1,1,13,0,0,620
240302_2013,24,240302,1,1,1,3,9,3,3,8,0,1,0,24,3,37,441,37441,20,2006,5FNRL38816B1,5,F,N,R,L,3,8,8,1,6,B,1,0,0,0,000000000,00000000000,0,0,0,1,0,0,0,0,0,0,0,998,0,0,0,12,6,2,8,0,0,0,1,24,21223,1,1,0,0,2,0,65,158,0,0,0,0,3,8,2012,7,2013,3,0,0,0,0,3,2,25,1,1,2,1,0,0,1,80,1,1,1,13,0,0,621
240303_2013,24,240303,1,1,1,13,9,3,54,42,0,1,0,51,2,49,40,49040,4,2006,4T1BA30KX6U0,4,T,1,B,A,3,0,K,X,6,U,0,0,0,0,000000000,00000000000,0,0,0,1,0,0,0,0,0,0,0,998,0,1,1,12,6,2,1,0,0,0,1,51,22150,0,0,0,0,0,0,999,999,0,0,0,0,0,0,0,0,0,0,99,99,99,99,1,2,35,1,1,2,1,0,0,1,12,1,1,4,6,1,1,622
240304_2013,24,240304,1,1,1,6,10,17,12,1,0,1,0,10,1,72,706,72706,80,2005,1HD1BXB135Y0,1,H,D,1,B,X,B,1,3,5,Y,0,0,0,0,000000000,00000000000,0,0,0,1,0,0,0,0,0,0,0,998,0,0,0,0,4,3,1,0,0,0,1,10,19953,6,1,0,0,3,0,74,200,0,0,0,0,0,0,0,0,0,4,0,0,0,0,1,2,50,3,1,2,1,0,0,14,6,99,9,4,5,1,0,623
240305_2013,24,240305,1,1,2,25,10,6,4,11,0,1,1,42,2,41,49,41049,4,2005,JM1FE1734501,J,M,1,F,E,1,7,3,4,5,0,1,0,0,0,000000000,00000000000,0,0,0,1,0,0,0,0,0,0,0,998,0,0,0,12,6,2,8,0,0,0,1,42,19001,6,1,0,0,3,3,73,999,0,3,0,0,1,11,2010,4,2012,3,83,28,0,0,1,2,50,3,1,2,1,0,0,1,87,1,1,1,13,0,1,624
240306_2013,24,240306,1,2,2,4,10,12,41,12,6,1,0,24,1,35,49,35049,6,2011,JN8AZ1FYXBW0,J,N,8,A,Z,1,F,Y,X,B,W,0,0,0,0,000000000,00000000000,0,0,0,1,0,0,0,0,0,0,0,998,0,0,0,12,6,2,12,0,0,0,1,24,21061,6,1,0,0,3,0,81,165,0,0,0,0,0,0,0,0,0,0,0,0,0,0,2,2,50,1,1,2,1,0,0,1,61,1,9,1,48,0,0,625
240306_2013,24,240306,2,2,1,4,10,12,41,12,6,1,0,24,1,48,34,48034,5,1996,4S3BK4251T73,4,S,3,B,K,4,2,5,1,T,7,3,0,0,0,000000000,00000000000,0,0,0,1,0,0,0,0,0,0,0,998,0,0,0,9,6,2,12,0,0,0,1,6,94129,6,1,0,0,3,0,69,200,0,0,0,0,0,0,0,0,0,0,38,0,0,0,2,2,50,1,1,2,1,0,0,15,10,1,1,2,48,1,0,626
240307_2013,24,240307,1,1,1,3,10,17,34,9,0,1,0,24,1,2,403,2403,14,2001,1B3EJ46X01N6,1,B,3,E,J,4,6,X,0,1,N,6,0,0,0,000000000,00000000000,0,0,0,1,0,0,0,0,0,0,0,998,0,0,0,12,6,2,9,0,0,0,1,24,20639,6,1,0,0,3,0,68,190,0,0,0,0,0,0,0,0,0,0,0,0,0,0,2,2,55,1,1,2,1,0,0,1,83,1,1,1,13,0,0,627
240308_2013,24,240308,1,1,1,4,10,0,37,8,0,1,1,99,9,99,999,99999,99,9999,999999999999,9,9,9,9,9,9,9,9,9,9,9,9,0,0,0,000000000,00000000000,0,0,0,1,0,0,0,0,0,0,0,998,0,0,0,98,4,5,8,0,0,0,1,99,99999,9,9,99,9,9,9,999,999,99,99,99,99,99,99,9999,99,9999,9,28,0,0,0,3,2,30,1,2,2,1,0,0,1,12,99,9,4,10,0,0,628
240309_2013,24,240309,1,2,1,7,10,2,42,12,6,1,0,24,1,6,51,6051,4,2005,2C3JA53GX5H1,2,C,3,J,A,5,3,G,X,5,H,1,0,0,0,000000000,00000000000,0,0,0,1,0,0,0,0,0,0,0,998,0,0,0,9,6,2,12,0,0,0,1,24,20904,6,1,0,0,3,0,64,150,0,2,1,0,1,7,2011,8,2013,0,27,0,0,0,3,4,55,1,1,2,1,0,0,15,10,1,1,2,47,1,1,629
240309_2013,24,240309,2,2,1,7,10,2,42,12,6,1,0,24,1,42,48,42048,4,2004,WDBUF65J74A4,W,D,B,U,F,6,5,J,7,4,A,4,0,0,0,000000000,00000000000,0,0,0,1,0,0,0,0,0,0,0,998,0,0,0,12,6,2,12,0,0,0,1,24,20706,6,1,0,0,3,0,68,150,0,0,0,2,0,11,2011,11,2011,0,0,0,0,0,3,4,55,1,1,2,1,0,0,1,61,1,1,1,45,0,0,630