st_case_year,STATE,ST_CASE,VEH_NO,VE_FORMS,NUMOCCS,DAY,MONTH,HOUR,MINUTE,HARM_EV,MAN_COLL,UNITTYPE,HIT_RUN,REG_STAT,OWNER,MAKE,MODEL,MAK_MOD,BODY_TYP,MOD_YEAR,VIN,VIN_1,VIN_2,VIN_3,VIN_4,VIN_5,VIN_6,VIN_7,VIN_8,VIN_9,VIN_10,VIN_11,VIN_12,TOW_VEH,J_KNIFE,MCARR_I1,MCARR_I2,MCARR_ID,GVWR,V_CONFIG,CARGO_BT,HAZ_INV,HAZ_PLAC,HAZ_ID,HAZ_CNO,HAZ_REL,BUS_USE,SPEC_USE,EMER_USE,TRAV_SP,UNDERIDE,ROLLOVER,ROLINLOC,IMPACT1,DEFORMED,TOWED,M_HARM,VEH_SC1,VEH_SC2,FIRE_EXP,DR_PRES,L_STATE,DR_ZIP,L_STATUS,L_TYPE,CDL_STAT,L_ENDORS,L_COMPL,L_RESTRI,DR_HGT,DR_WGT,PREV_ACC,PREV_SUS,PREV_DWI,PREV_SPD,PREV_OTH,FIRST_MO,FIRST_YR,LAST_MO,LAST_YR,SPEEDREL,DR_SF1,DR_SF2,DR_SF3,DR_SF4,VTRAFWAY,VNUM_LAN,VSPD_LIM,VALIGN,VPROFILE,VPAVETYP,VSURCOND,VTRAFCON,VTCONT_F,P_CRASH1,P_CRASH2,P_CRASH3,PCRASH4,PCRASH5,ACC_TYPE,DEATHS,DR_DRINK,idno
240310_2013,24,240310,1,1,1,26,10,1,53,30,0,1,0,24,2,59,31,59031,4,2007,JTHBJ46G3721,J,T,H,B,J,4,6,G,3,7,2,1,0,0,0,000000000,00000000000,0,0,0,1,0,0,0,0,0,0,0,115,0,1,5,12,6,2,30,0,0,0,1,24,21093,6,1,0,0,3,0,73,160,0,0,0,0,1,4,2012,4,2012,3,0,0,0,0,1,2,35,1,1,2,1,0,0,1,12,3,2,4,7,1,1,631
240311_2013,24,240311,1,1,1,15,10,0,44,42,0,1,0,24,2,7,422,7422,15,2004,1D4HB48N74F1,1,D,4,H,B,4,8,N,7,4,F,1,0,0,0,000000000,00000000000,0,0,0,1,0,0,0,0,0,0,0,998,0,0,0,1,6,2,42,0,0,0,1,24,20601,6,1,0,0,3,0,70,200,0,1,0,0,0,10,2012,10,2012,0,0,0,0,0,1,2,50,2,1,2,1,0,0,14,6,6,2,4,7,1,1,632
240312_2013,24,240312,1,1,1,30,10,11,2,8,0,1,0,24,1,12,442,12442,20,2003,2FMDA51453BA,2,F,M,D,A,5,1,4,5,3,B,A,0,0,0,000000000,00000000000,0,0,0,1,0,0,0,0,0,0,0,998,0,0,0,12,6,2,8,0,0,0,1,24,21234,6,1,0,0,3,0,73,220,0,0,0,0,0,0,0,0,0,0,0,0,0,0,3,4,65,1,1,2,1,0,0,1,80,1,1,1,13,0,0,633
240313_2013,24,240313,1,1,4,10,6,9,8,42,0,1,0,24,2,35,39,35039,4,1999,JN1CA21D2XT2,J,N,1,C,A,2,1,D,2,X,T,2,0,0,0,000000000,00000000000,0,0,0,1,0,0,0,0,0,0,0,998,0,0,0,8,6,2,42,0,0,0,1,24,20602,6,1,0,0,3,0,62,111,0,0,0,0,0,0,0,0,0,4,0,0,0,0,1,2,40,3,2,2,2,0,0,14,6,99,9,4,2,1,0,634
240314_2013,24,240314,1,1,1,13,7,0,53,8,0,1,0,24,1,59,32,59032,4,2003,JTHBN30F5301,J,T,H,B,N,3,0,F,5,3,0,1,0,0,0,000000000,00000000000,0,0,0,1,0,0,0,0,0,0,0,998,0,0,0,12,4,3,8,0,0,0,1,24,20695,6,1,0,0,3,0,68,193,0,0,0,0,0,0,0,0,0,0,99,99,99,99,2,2,50,1,1,2,1,0,0,1,80,1,1,1,13,0,1,635
240315_2013,24,240315,1,1,2,12,9,9,55,1,0,1,0,42,1,72,706,72706,80,1997,1HD1FBR1XVY6,1,H,D,1,F,B,R,1,X,V,Y,6,0,0,0,000000000,00000000000,0,0,0,1,0,0,0,0,0,0,0,998,0,0,0,0,6,2,1,0,0,0,1,42,16679,6,1,6,0,3,0,69,999,0,0,0,0,0,0,0,0,0,0,0,0,0,0,3,2,65,1,1,2,2,0,0,1,1,1,9,4,7,1,0,636
240316_2013,24,240316,1,1,2,3,10,17,40,8,0,1,0,24,1,12,880,12880,67,2008,1FTWW31R48EA,1,F,T,W,W,3,1,R,4,8,E,A,0,0,88,888888888,88888888888,2,1,97,1,0,0,0,0,0,0,0,998,0,0,0,12,2,3,8,0,0,0,1,24,20659,6,1,0,0,3,0,76,240,0,0,0,0,0,0,0,0,0,0,0,0,0,0,1,2,55,1,1,2,1,0,0,1,80,1,1,1,13,0,0,637
240317_2013,24,240317,1,2,1,6,10,12,44,12,2,1,0,24,3,12,402,12402,14,2013,1FMCU9H93DUD,1,F,M,C,U,9,H,9,3,D,U,D,0,0,0,000000000,00000000000,0,0,0,1,0,0,0,0,0,0,0,998,0,0,0,12,6,2,12,0,0,0,1,24,20764,6,1,0,0,3,0,68,216,0,0,0,0,1,10,2012,10,2012,0,28,0,0,0,1,2,50,2,1,2,1,0,0,11,15,1,1,1,68,0,0,638
240317_2013,24,240317,2,2,2,6,10,12,44,12,2,1,0,24,1,72,706,72706,80,2012,1HD1BWV10CB0,1,H,D,1,B,W,V,1,0,C,B,0,0,0,0,000000000,00000000000,0,0,0,1,0,0,0,0,0,0,0,998,0,0,0,12,6,2,12,0,0,0,1,24,20659,6,1,0,0,3,0,66,168,0,0,0,0,0,0,0,0,0,0,0,0,0,0,1,2,50,2,1,2,1,0,0,14,62,1,1,1,69,2,0,639
240318_2013,24,240318,1,1,1,7,10,19,1,41,0,1,0,24,1,49,472,49472,30,2003,5TENM92N43Z1,5,T,E,N,M,9,2,N,4,3,Z,1,0,0,0,000000000,00000000000,0,0,0,1,0,0,0,0,0,0,0,998,0,1,6,12,6,2,1,0,0,0,1,24,20904,6,1,0,0,3,0,72,200,0,0,0,0,0,0,0,0,0,0,0,0,0,0,3,2,55,3,2,2,1,0,0,14,9,99,2,4,2,1,1,640
240319_2013,24,240319,1,2,1,7,10,12,1,12,11,1,0,24,3,7,442,7442,20,2005,1D4GP24R05B1,1,D,4,G,P,2,4,R,0,5,B,1,0,0,0,000000000,00000000000,0,0,0,1,0,0,0,0,0,1,0,998,0,0,0,12,6,2,12,0,0,0,1,24,21054,6,1,0,0,3,0,75,220,0,0,0,0,1,1,2013,1,2013,4,28,0,0,0,1,2,45,3,2,2,2,0,0,14,6,1,5,2,66,1,0,641
240319_2013,24,240319,2,2,1,7,10,12,1,12,11,1,0,24,3,12,881,12881,60,2011,1FDXE4FL6BDA,1,F,D,X,E,4,F,L,6,B,D,A,0,0,57,1634480,571634480,2,1,1,1,0,0,0,0,0,0,0,30,0,0,0,9,6,2,12,0,0,0,1,24,20903,6,1,0,0,3,0,79,180,0,0,0,0,0,0,0,0,0,0,0,0,0,0,1,2,45,3,2,2,2,0,0,14,62,1,1,1,66,0,0,642
240320_2013,24,240320,1,2,1,9,10,18,43,12,6,1,0,24,1,19,421,19421,15,2009,1GYFK23259R1,1,G,Y,F,K,2,3,2,5,9,R,1,0,0,0,000000000,00000000000,0,0,0,1,0,0,0,0,0,0,0,998,0,0,0,3,6,2,12,0,0,0,1,24,21104,6,1,0,0,3,0,74,198,0,0,0,0,0,0,0,0,0,0,38,0,0,0,1,4,45,1,1,2,1,0,0,11,15,1,1,1,68,0,0,643
240320_2013,24,240320,2,2,3,9,10,18,43,12,6,1,0,42,1,37,31,37031,4,2005,1HGES26715L0,1,H,G,E,S,2,6,7,1,5,L,0,0,0,0,000000000,00000000000,0,0,0,1,0,0,0,0,0,0,0,998,0,0,0,12,6,2,12,0,0,0,1,42,17331,6,1,0,0,3,0,61,999,0,0,0,0,0,0,0,0,0,0,0,0,0,0,1,4,45,1,1,2,1,0,0,1,62,1,1,1,69,1,0,644
240321_2013,24,240321,1,1,3,18,10,19,32,42,0,1,0,24,1,20,473,20473,30,2004,1GCCS1360481,1,G,C,C,S,1,3,6,0,4,8,1,0,0,0,000000000,00000000000,0,0,0,1,0,0,0,0,0,0,0,998,0,0,0,9,6,2,42,0,0,0,1,24,20603,6,1,0,0,3,0,69,140,0,0,0,0,0,0,0,0,0,3,0,0,0,0,1,2,35,2,2,2,1,0,0,14,6,99,9,4,7,1,1,645
240322_2013,24,240322,1,1,1,29,10,22,58,33,0,1,0,24,1,20,481,20481,31,1988,2GCFC29H5J11,2,G,C,F,C,2,9,H,5,J,1,1,0,0,0,000000000,00000000000,0,0,0,1,0,0,0,0,0,0,0,998,0,1,5,14,6,2,1,0,0,0,1,24,20772,6,1,0,0,3,0,70,238,0,0,0,0,1,8,2013,8,2013,3,0,0,0,0,1,2,30,3,2,2,1,0,0,14,6,99,9,4,2,1,1,646
240323_2013,24,240323,1,1,1,5,10,2,55,1,0,1,0,24,1,37,32,37032,2,1993,2HGEH3383PH5,2,H,G,E,H,3,3,8,3,P,H,5,0,0,0,000000000,00000000000,0,0,0,1,0,0,0,0,0,0,0,998,0,2,3,0,6,2,1,0,0,0,1,24,21710,6,1,0,0,3,0,72,160,0,0,0,0,0,0,0,0,0,3,0,0,0,0,2,2,65,1,2,2,1,0,0,1,12,99,9,4,6,1,1,647
240324_2013,24,240324,1,2,2,11,1,14,57,12,2,1,0,24,1,12,37,12037,4,2005,1FAHP36NX5W1,1,F,A,H,P,3,6,N,X,5,W,1,0,0,0,000000000,00000000000,0,0,0,1,0,0,0,0,0,0,0,998,0,0,0,12,6,2,12,0,0,0,1,24,21090,6,1,0,0,3,0,62,105,0,0,0,0,0,0,0,0,0,0,38,39,0,0,1,2,40,1,1,2,1,3,3,11,15,1,1,1,74,1,0,648
240324_2013,24,240324,2,2,1,11,1,14,57,12,2,1,0,24,3,12,481,12481,31,2005,1FTSX21P55EB,1,F,T,S,X,2,1,P,5,5,E,B,0,0,0,000000000,00000000000,0,0,0,1,0,0,0,0,0,0,0,998,0,0,0,12,6,2,12,0,0,0,1,24,21797,6,1,0,0,3,0,68,160,0,0,0,0,0,0,0,0,0,0,0,0,0,0,1,2,40,1,1,2,1,3,3,1,62,1,1,1,74,0,0,649
240325_2013,24,240325,1,1,1,14,10,4,2,30,0,1,0,24,1,37,31,37031,4,2000,1HGEJ8140YL0,1,H,G,E,J,8,1,4,0,Y,L,0,0,0,0,000000000,00000000000,0,0,0,1,0,0,0,0,0,0,0,78,0,0,0,9,6,2,30,0,0,1,1,24,20715,6,1,0,0,3,0,76,205,0,0,0,0,1,3,2013,3,2013,3,58,0,0,0,1,2,40,2,1,2,2,0,0,14,6,7,3,4,2,1,1,650
240326_2013,24,240326,1,8,1,27,8,16,55,12,1,1,0,24,3,84,881,84881,66,2000,1HTHCATR8YH2,1,H,T,H,C,A,T,R,8,Y,H,2,1,1,57,651585,57651585,3,6,3,1,0,0,0,0,0,0,0,998,0,0,0,12,6,2,12,0,0,0,1,24,20602,6,1,6,0,3,0,75,220,0,0,0,0,1,6,2013,6,2013,3,0,0,0,0,3,2,50,1,3,2,1,0,0,1,50,1,1,1,20,0,0,651
240326_2013,24,240326,2,8,5,27,8,16,55,12,1,1,0,51,1,49,40,49040,4,2009,4T1BE46K09U8,4,T,1,B,E,4,6,K,0,9,U,8,0,0,0,000000000,00000000000,0,0,0,1,0,0,0,0,0,0,0,0,0,0,0,6,6,2,12,0,0,0,1,51,22572,6,1,0,0,3,0,67,185,0,0,0,0,0,0,0,0,0,0,0,0,0,0,3,2,50,1,3,2,1,0,0,5,53,1,1,1,21,3,0,652
240326_2013,24,240326,3,8,1,27,8,16,55,12,1,1,0,24,1,37,32,37032,4,2008,1HGCP26318A1,1,H,G,C,P,2,6,3,1,8,A,1,0,0,0,000000000,00000000000,0,0,0,1,0,0,0,0,0,0,0,0,0,0,0,6,6,2,12,0,0,0,1,24,20716,6,1,0,0,3,0,63,120,0,0,0,0,1,5,2013,5,2013,0,0,0,0,0,3,2,50,1,3,2,1,0,0,5,53,1,1,1,98,0,0,653
240326_2013,24,240326,4,8,1,27,8,16,55,12,1,1,0,24,2,2,406,2406,14,2009,1J8HG48K79C5,1,J,8,H,G,4,8,K,7,9,C,5,0,0,0,000000000,00000000000,0,0,0,1,0,0,0,0,0,0,0,0,0,0,0,6,6,2,12,0,0,0,1,24,21060,6,1,0,0,3,0,67,135,0,0,0,0,0,0,0,0,0,0,0,0,0,0,3,2,50,1,3,2,1,0,0,5,53,1,1,1,98,0,0,654
240326_2013,24,240326,5,8,2,27,8,16,55,12,1,1,0,24,1,58,37,58037,4,2004,JNKCV54E54M8,J,N,K,C,V,5,4,E,5,4,M,8,0,0,0,000000000,00000000000,0,0,0,1,0,0,0,0,0,0,0,0,0,0,0,1,6,2,12,0,0,0,1,24,20721,6,1,0,0,3,0,72,190,0,0,0,0,0,0,0,0,0,0,0,0,0,0,3,2,50,1,3,2,1,0,0,5,53,1,1,1,98,0,0,655
240326_2013,24,240326,6,8,2,27,8,16,55,12,1,1,0,24,1,18,7,18007,4,2003,2G4WS52J5311,2,G,4,W,S,5,2,J,5,3,1,1,0,0,0,000000000,00000000000,0,0,0,1,0,0,0,0,0,0,0,0,0,0,0,1,6,2,12,0,0,0,1,24,20602,6,1,0,0,3,0,73,192,0,0,0,0,0,0,0,0,0,0,0,0,0,0,3,2,50,1,3,2,1,0,0,5,53,1,1,1,98,0,0,656
240326_2013,24,240326,7,8,1,27,8,16,55,12,1,1,0,24,1,37,32,37032,4,2011,19XFA1F52BE0,1,9,X,F,A,1,F,5,2,B,E,0,0,0,0,000000000,00000000000,0,0,0,1,0,0,0,0,0,0,0,0,0,0,0,3,4,5,12,0,0,0,1,24,20714,6,1,0,0,3,0,61,120,0,0,0,0,0,0,0,0,0,0,0,0,0,0,3,2,50,1,3,2,1,0,0,5,53,1,1,1,98,0,0,657
240326_2013,24,240326,8,8,1,27,8,16,55,12,1,1,0,24,1,37,32,37032,2,2009,1HGCS12779A0,1,H,G,C,S,1,2,7,7,9,A,0,0,0,0,000000000,00000000000,0,0,0,1,0,0,0,0,0,0,0,0,0,0,0,6,4,3,12,0,0,0,1,24,20721,6,1,0,0,3,0,67,130,0,0,0,0,0,0,0,0,0,0,0,0,0,0,3,2,50,1,3,2,1,0,0,5,53,1,1,1,98,0,0,658
240327_2013,24,240327,1,1,1,17,10,23,54,42,0,1,0,24,1,49,42,49042,2,1993,JT2EL45U0P01,J,T,2,E,L,4,5,U,0,P,0,1,0,0,0,000000000,00000000000,0,0,0,1,0,0,0,0,0,0,0,998,0,0,0,12,6,2,42,0,0,0,1,24,21875,6,1,0,0,3,0,67,160,0,0,0,0,0,0,0,0,0,0,0,0,0,0,1,2,50,1,1,2,1,0,0,1,12,1,1,4,6,1,0,659
240328_2013,24,240328,1,1,1,12,10,3,51,33,0,1,0,24,3,6,51,6051,4,2005,2C3AA63H25H5,2,C,3,A,A,6,3,H,2,5,H,5,0,0,0,000000000,00000000000,0,0,0,1,0,0,0,0,0,0,0,998,0,0,0,14,6,2,30,0,0,1,1,96,0,9,9,99,9,9,9,999,999,99,99,99,99,99,99,9999,99,9999,3,0,0,0,0,1,2,30,4,1,2,2,0,0,1,12,1,1,4,6,1,1,660
240329_2013,24,240329,1,2,1,10,10,4,0,12,6,1,0,34,1,23,423,23423,15,2013,1GKKVRKD9DJ1,1,G,K,K,V,R,K,D,9,D,J,1,0,0,0,000000000,00000000000,0,0,0,1,0,0,0,0,0,0,0,998,0,0,0,12,6,2,12,0,0,0,1,34,8618,6,1,0,0,3,0,68,999,0,0,0,0,0,0,0,0,0,0,84,0,0,0,3,4,55,1,6,2,2,0,0,1,50,1,1,1,98,1,0,661
240329_2013,24,240329,2,2,0,10,10,4,0,12,6,1,0,24,6,99,884,99884,66,9999,999999999999,9,9,9,9,9,9,9,9,9,9,9,9,1,1,99,999999999,99999999999,3,6,1,1,0,0,0,0,0,0,0,0,0,0,0,5,6,2,12,0,0,0,0,0,99997,7,6,97,7,6,7,998,997,998,998,998,998,998,98,9998,98,9998,8,54,0,0,0,3,4,55,1,6,2,2,0,0,0,51,0,0,0,98,0,0,662
240330_2013,24,240330,1,2,1,27,9,20,7,12,2,1,0,24,2,9,19,9019,4,1993,3P3XA4635PT6,3,P,3,X,A,4,6,3,5,P,T,6,0,0,0,000000000,00000000000,0,0,0,1,0,0,0,0,0,0,0,998,0,0,0,12,6,2,12,0,0,0,1,24,21771,6,1,0,0,3,0,68,130,0,0,0,0,1,7,2011,7,2011,0,38,0,0,0,1,4,50,1,1,2,1,0,0,11,15,1,1,1,68,0,0,663
240330_2013,24,240330,2,2,2,27,9,20,7,12,2,1,0,24,1,72,706,72706,80,2007,1HD1FC4107Y6,1,H,D,1,F,C,4,1,0,7,Y,6,0,0,0,000000000,00000000000,0,0,0,1,0,0,0,0,0,0,0,998,0,0,0,12,6,2,12,0,0,0,1,24,20707,6,1,0,0,3,0,70,310,0,0,0,0,0,0,0,0,0,0,0,0,0,0,1,4,50,1,1,2,1,0,0,1,62,1,1,1,69,1,0,664
240331_2013,24,240331,1,1,2,27,10,2,19,8,0,1,0,24,1,2,403,2403,14,2005,1J4FA69S65P3,1,J,4,F,A,6,9,S,6,5,P,3,0,0,0,000000000,00000000000,0,0,0,1,0,0,0,0,0,0,0,998,0,0,0,12,4,3,8,0,0,0,1,24,21074,6,1,0,0,3,0,71,220,0,0,0,0,0,0,0,0,0,0,0,0,0,0,3,2,55,1,1,2,1,0,0,1,80,1,1,1,13,0,0,665
240332_2013,24,240332,1,3,1,23,10,14,5,12,1,1,0,24,1,21,3,21003,4,1991,1G3CV53LXM43,1,G,3,C,V,5,3,L,X,M,4,3,0,0,0,000000000,00000000000,0,0,0,1,0,0,0,0,0,0,0,998,0,0,0,12,6,2,12,0,0,0,1,24,21756,6,1,0,0,3,0,72,182,0,0,0,0,0,0,0,0,0,4,26,0,0,0,1,2,50,1,5,2,1,0,0,1,50,1,1,1,20,0,0,666
240332_2013,24,240332,2,3,2,23,10,14,5,12,1,1,0,24,1,35,471,35471,30,1996,1N6SD16YXTC3,1,N,6,S,D,1,6,Y,X,T,C,3,0,0,0,000000000,00000000000,0,0,0,1,0,0,0,0,0,0,0,0,0,1,1,6,6,2,12,0,0,0,1,24,21713,6,1,0,0,3,0,69,170,0,0,0,0,0,0,0,0,0,0,0,0,0,0,1,2,50,1,5,2,1,0,0,5,53,1,1,1,21,1,0,667
240332_2013,24,240332,3,3,1,23,10,14,5,12,1,1,0,24,1,23,401,23401,14,2008,1GKDT13S3821,1,G,K,D,T,1,3,S,3,8,2,1,0,0,0,000000000,00000000000,0,0,0,1,0,0,0,0,0,0,0,998,0,0,0,12,9,2,12,0,0,0,1,24,21713,6,1,0,0,3,0,70,290,0,0,0,0,0,0,0,0,0,0,0,0,0,0,1,2,50,1,5,2,1,0,0,1,62,99,1,1,98,0,0,668
240333_2013,24,240333,1,2,1,23,10,0,44,12,2,1,0,24,1,49,472,49472,30,2000,5TEVL52N9YZ7,5,T,E,V,L,5,2,N,9,Y,Z,7,0,0,0,000000000,00000000000,0,0,0,1,0,0,0,0,0,0,0,998,0,0,0,12,6,2,12,0,0,0,1,24,20784,6,1,0,0,3,0,66,190,0,0,0,0,0,0,0,0,0,0,28,0,0,0,1,4,30,1,2,2,1,0,0,1,10,1,1,2,50,1,1,669
240333_2013,24,240333,2,2,2,23,10,0,44,12,2,1,0,24,1,53,402,53402,14,2001,999999999999,9,9,9,9,9,9,9,9,9,9,9,9,0,0,0,000000000,00000000000,0,0,0,1,0,0,0,0,0,0,0,998,0,0,0,12,6,2,12,0,0,0,1,24,20770,6,1,0,0,3,0,70,168,0,0,0,0,0,0,0,0,0,0,0,0,0,0,1,4,30,1,2,2,1,0,0,1,62,6,1,1,51,0,0,670
240334_2013,24,240334,1,2,4,28,10,19,9,12,6,1,0,24,2,55,35,55035,4,2002,KMHDN45D42U3,K,M,H,D,N,4,5,D,4,2,U,3,0,0,0,000000000,00000000000,0,0,0,1,0,0,0,0,0,0,0,998,0,0,0,3,6,2,12,0,0,0,1,24,20747,6,1,0,0,3,3,72,160,0,0,0,0,0,0,0,0,0,0,28,58,0,0,1,4,40,1,1,2,1,0,0,1,8,6,4,3,64,1,0,671
240334_2013,24,240334,2,2,1,28,10,19,9,12,6,1,0,24,1,34,37,34037,4,2000,WBAGH8345YDP,W,B,A,G,H,8,3,4,5,Y,D,P,0,0,0,000000000,00000000000,0,0,0,1,0,0,0,0,0,0,0,998,0,0,0,12,6,2,12,0,0,0,1,24,20784,6,1,0,0,3,0,66,155,0,0,0,0,0,0,0,0,0,0,0,0,0,0,1,4,40,1,1,2,1,0,0,1,62,1,1,1,65,0,0,672
240335_2013,24,240335,1,2,1,26,10,11,23,12,2,1,0,24,1,20,37,20037,4,2006,1G1ZT53836F2,1,G,1,Z,T,5,3,8,3,6,F,2,0,0,0,000000000,00000000000,0,0,0,1,0,0,0,0,0,0,0,998,0,0,0,12,6,2,12,0,0,0,1,24,21050,6,1,0,0,3,0,66,125,0,0,0,0,0,0,0,0,0,0,38,0,0,0,3,2,55,1,6,2,1,0,0,11,15,1,1,1,68,1,0,673
240335_2013,24,240335,2,2,1,26,10,11,23,12,2,1,0,24,2,12,3,12003,2,2008,1ZVHT80N0851,1,Z,V,H,T,8,0,N,0,8,5,1,0,0,0,000000000,00000000000,0,0,0,1,0,0,0,0,0,0,0,998,0,0,0,12,6,2,12,0,0,0,1,24,21084,6,1,0,0,3,1,72,155,0,0,0,0,0,0,0,0,0,0,0,0,0,0,3,2,55,1,6,2,1,0,0,1,62,1,1,1,69,0,0,674
240336_2013,24,240336,1,2,1,31,10,16,35,12,2,1,0,24,2,12,881,12881,61,1996,1FDKF38F6TEB,1,F,D,K,F,3,8,F,6,T,E,B,0,0,88,888888888,88888888888,2,1,96,1,0,0,0,0,0,0,0,998,0,1,1,12,6,2,12,0,0,0,1,24,21793,6,1,6,0,3,0,72,180,0,0,0,0,0,0,0,0,0,0,28,0,0,0,1,2,55,1,1,2,1,0,0,1,1,1,9,2,50,0,0,675
240336_2013,24,240336,2,2,3,31,10,16,35,12,2,1,0,42,1,2,404,2404,14,2008,1J8FF28W78D5,1,J,8,F,F,2,8,W,7,8,D,5,0,0,0,000000000,00000000000,0,0,0,1,0,0,0,0,0,0,0,998,0,0,0,12,6,2,12,0,0,0,1,42,17327,6,1,0,0,3,0,66,999,1,0,0,0,0,1,2011,1,2011,0,0,0,0,0,1,2,55,1,1,2,1,0,0,1,62,1,1,1,51,1,0,676
240337_2013,24,240337,1,2,1,31,10,2,10,12,2,1,0,28,2,41,37,41037,4,1999,1YVGF22D0X58,1,Y,V,G,F,2,2,D,0,X,5,8,0,0,0,000000000,00000000000,0,0,0,1,0,0,0,0,0,0,0,998,0,0,0,12,6,2,12,0,0,0,1,22,70058,0,0,0,0,0,0,999,999,0,0,0,0,0,0,0,0,0,0,33,39,0,0,1,2,45,4,1,2,1,28,3,6,10,1,1,2,50,0,1,677
240337_2013,24,240337,2,2,1,31,10,2,10,12,2,1,0,24,1,73,703,73703,80,2006,JKAEXMF176DA,J,K,A,E,X,M,F,1,7,6,D,A,0,0,0,000000000,00000000000,0,0,0,1,0,0,0,0,0,0,0,998,0,0,0,12,6,2,12,0,0,0,1,24,21237,6,1,0,0,3,0,68,160,0,1,0,0,1,6,2011,3,2013,0,0,0,0,0,1,2,45,4,1,2,1,28,3,1,62,1,1,1,51,1,1,678
240338_2013,24,240338,1,2,1,15,10,13,36,12,1,1,0,42,3,38,882,38882,61,2008,JALC4W163870,J,A,L,C,4,W,1,6,3,8,7,0,0,0,57,679784,57679784,2,1,1,1,0,0,0,0,0,0,0,998,0,0,0,12,6,2,12,0,0,0,1,24,21044,6,1,0,0,3,0,73,150,0,0,0,0,0,0,0,0,0,0,26,0,0,0,3,2,55,1,1,2,1,0,0,1,51,1,1,1,24,1,0,679
240338_2013,24,240338,2,2,1,15,10,13,36,12,1,1,0,42,3,85,881,85881,66,2003,1XKWDB9X33J3,1,X,K,W,D,B,9,X,3,3,J,3,1,1,57,969894,57969894,3,6,1,1,0,0,0,0,0,0,0,998,0,0,0,6,6,2,12,0,0,0,1,24,21921,6,1,6,0,3,0,71,220,0,0,0,0,0,0,0,0,0,0,0,0,0,0,3,2,55,1,1,2,1,0,0,3,53,1,1,1,25,0,0,680
240339_2013,24,240339,1,4,1,14,10,11,30,12,1,1,0,24,1,37,32,37032,4,1999,2HGEJ667XXH5,2,H,G,E,J,6,6,7,X,X,H,5,0,0,0,000000000,00000000000,0,0,0,1,0,0,0,0,0,0,0,998,0,0,0,12,6,2,12,0,0,0,1,24,21237,6,1,0,0,3,0,70,215,0,0,0,0,0,0,0,0,0,4,0,0,0,0,3,4,55,1,1,2,1,0,0,1,51,1,1,1,28,1,0,681
240339_2013,24,240339,2,4,1,14,10,11,30,12,1,1,0,24,3,20,22,20022,4,2007,1G1AK58F9773,1,G,1,A,K,5,8,F,9,7,7,3,0,0,0,000000000,00000000000,0,0,0,1,0,0,0,0,0,0,0,998,0,0,0,6,6,2,12,0,0,0,1,24,21093,6,1,0,0,3,0,72,185,0,0,0,0,0,0,0,0,0,0,0,0,0,0,3,4,55,1,1,2,1,0,0,2,53,1,1,1,29,0,0,682
240339_2013,24,240339,3,4,1,14,10,11,30,12,1,1,0,18,3,85,881,85881,66,2006,1XKWD49X56J1,1,X,K,W,D,4,9,X,5,6,J,1,1,1,77,777777777,77777777777,3,6,1,1,0,0,0,0,0,0,0,998,0,0,0,12,4,3,12,0,0,0,1,18,46901,6,1,6,0,3,0,74,175,0,0,0,1,1,2,2013,10,2013,0,0,0,0,0,3,4,55,1,1,2,1,0,0,2,62,1,1,1,98,0,0,683
240339_2013,24,240339,4,4,1,14,10,11,30,12,1,1,0,24,1,37,31,37031,2,2008,2HGFG129X8H5,2,H,G,F,G,1,2,9,X,8,H,5,0,0,0,000000000,00000000000,0,0,0,1,0,0,0,0,0,0,0,998,0,0,0,12,2,5,12,0,0,0,1,24,21074,6,1,0,0,3,0,65,107,0,0,0,0,0,0,0,0,0,0,0,0,0,0,3,4,55,1,1,2,1,0,0,17,13,7,1,4,98,0,0,684
240340_2013,24,240340,1,2,1,1,11,5,54,30,0,1,0,24,2,54,35,54035,4,2002,19UUA56912A0,1,9,U,U,A,5,6,9,1,2,A,0,0,0,0,000000000,00000000000,0,0,0,1,0,0,0,0,0,0,0,998,0,0,0,12,6,2,12,0,0,0,1,24,21239,6,1,0,0,3,0,64,127,0,1,0,0,0,3,2013,3,2013,4,39,0,0,0,2,3,35,1,3,2,2,3,3,1,12,1,1,4,6,0,0,685
240340_2013,24,240340,2,2,2,1,11,5,54,30,0,1,0,24,2,49,40,49040,4,1994,4T1SK12E0RU3,4,T,1,S,K,1,2,E,0,R,U,3,0,0,0,000000000,00000000000,0,0,0,1,0,0,0,0,0,0,0,998,0,0,0,9,6,2,12,0,0,0,1,24,20783,0,0,0,0,0,0,999,999,0,0,0,0,0,0,0,0,0,0,0,0,0,0,2,3,35,1,3,2,2,3,3,1,62,1,1,1,98,2,0,686
240341_2013,24,240341,1,2,4,8,11,12,40,34,0,1,0,24,2,37,421,37421,15,2008,5FNYF18778B0,5,F,N,Y,F,1,8,7,7,8,B,0,0,0,0,000000000,00000000000,0,0,0,1,0,0,0,0,0,0,0,998,0,1,1,98,6,2,1,0,0,0,1,24,20746,6,1,0,0,3,0,70,205,0,0,0,0,0,0,0,0,0,3,36,58,0,0,3,2,55,1,1,2,1,0,0,1,13,7,9,4,1,1,0,687