st_case_year,STATE,ST_CASE,VEH_NO,VE_FORMS,NUMOCCS,DAY,MONTH,HOUR,MINUTE,HARM_EV,MAN_COLL,UNITTYPE,HIT_RUN,REG_STAT,OWNER,MAKE,MODEL,MAK_MOD,BODY_TYP,MOD_YEAR,VIN,VIN_1,VIN_2,VIN_3,VIN_4,VIN_5,VIN_6,VIN_7,VIN_8,VIN_9,VIN_10,VIN_11,VIN_12,TOW_VEH,J_KNIFE,MCARR_I1,MCARR_I2,MCARR_ID,GVWR,V_CONFIG,CARGO_BT,HAZ_INV,HAZ_PLAC,HAZ_ID,HAZ_CNO,HAZ_REL,BUS_USE,SPEC_USE,EMER_USE,TRAV_SP,UNDERIDE,ROLLOVER,ROLINLOC,IMPACT1,DEFORMED,TOWED,M_HARM,VEH_SC1,VEH_SC2,FIRE_EXP,DR_PRES,L_STATE,DR_ZIP,L_STATUS,L_TYPE,CDL_STAT,L_ENDORS,L_COMPL,L_RESTRI,DR_HGT,DR_WGT,PREV_ACC,PREV_SUS,PREV_DWI,PREV_SPD,PREV_OTH,FIRST_MO,FIRST_YR,LAST_MO,LAST_YR,SPEEDREL,DR_SF1,DR_SF2,DR_SF3,DR_SF4,VTRAFWAY,VNUM_LAN,VSPD_LIM,VALIGN,VPROFILE,VPAVETYP,VSURCOND,VTRAFCON,VTCONT_F,P_CRASH1,P_CRASH2,P_CRASH3,PCRASH4,PCRASH5,ACC_TYPE,DEATHS,DR_DRINK,idno
240341_2013,24,240341,2,2,2,8,11,12,40,34,0,1,0,24,1,55,33,55033,4,2013,5NPEB4AC7DH7,5,N,P,E,B,4,A,C,7,D,H,7,0,0,0,000000000,00000000000,0,0,0,1,0,0,0,0,0,0,0,998,0,0,0,1,6,2,12,0,0,0,1,24,20639,6,1,0,0,3,0,72,229,0,0,0,0,0,0,0,0,0,0,0,0,0,0,3,2,55,1,1,2,1,0,0,1,61,1,1,2,98,0,0,688
240342_2013,24,240342,1,1,1,8,11,20,2,8,0,1,0,24,3,12,16,12016,4,2009,2FAHP71V49X1,2,F,A,H,P,7,1,V,4,9,X,1,0,0,0,000000000,00000000000,0,0,0,1,0,0,0,0,0,5,0,998,0,0,0,12,4,3,8,0,0,0,1,24,21543,6,1,0,0,3,0,73,200,0,0,0,0,0,0,0,0,0,0,0,0,0,0,2,2,50,1,1,2,1,0,0,1,80,1,1,1,13,0,0,689
240343_2013,24,240343,1,1,1,6,11,2,45,34,0,1,0,24,2,20,37,20037,4,2012,1G1ZB5E02CF2,1,G,1,Z,B,5,E,0,2,C,F,2,0,0,0,000000000,00000000000,0,0,0,1,0,0,0,0,0,0,0,998,0,1,5,12,6,2,1,0,0,0,1,10,19904,1,1,0,0,2,2,69,170,0,1,0,0,2,3,2011,10,2013,3,36,74,0,0,1,2,50,2,1,2,1,0,0,14,12,1,1,4,6,1,1,690
240344_2013,24,240344,1,2,1,7,11,2,17,12,1,1,0,24,1,37,31,37031,4,2008,1HGFA16808L0,1,H,G,F,A,1,6,8,0,8,L,0,0,0,0,000000000,00000000000,0,0,0,1,0,0,0,0,0,0,0,998,0,0,0,12,6,2,12,0,0,0,1,24,20886,6,1,0,0,3,0,70,150,0,0,0,0,0,0,0,0,0,3,36,37,38,0,3,2,55,1,5,2,1,0,0,1,51,1,1,1,24,1,0,691
240344_2013,24,240344,2,2,1,7,11,2,17,12,1,1,0,42,1,82,884,82884,66,1988,1FUP2XYB5JH3,1,F,U,P,2,X,Y,B,5,J,H,3,1,1,77,777777777,77777777777,3,6,3,1,0,0,0,0,0,0,0,998,0,0,0,6,6,2,12,0,0,0,1,42,19087,6,1,6,0,3,0,71,999,0,0,0,0,0,0,0,0,0,0,0,0,0,0,3,2,55,1,5,2,1,0,0,1,53,1,1,1,25,0,0,692
240345_2013,24,240345,1,2,1,22,11,20,48,12,6,1,0,24,1,20,20,20020,4,1997,2G1WL52M3V93,2,G,1,W,L,5,2,M,3,V,9,3,0,0,0,000000000,00000000000,0,0,0,1,0,0,0,0,0,0,0,998,0,0,0,3,6,2,12,0,0,0,1,24,20747,6,1,0,0,3,0,66,155,0,0,0,0,1,8,2013,8,2013,0,39,0,0,0,3,3,45,1,1,2,2,3,3,1,17,1,1,1,87,1,0,693
240345_2013,24,240345,2,2,2,22,11,20,48,12,6,1,0,24,1,35,39,35039,4,2001,JN1CA31A41T1,J,N,1,C,A,3,1,A,4,1,T,1,0,0,0,000000000,00000000000,0,0,0,1,0,0,0,0,0,0,0,998,0,0,0,12,6,2,12,0,0,0,1,24,20721,6,1,0,0,3,0,72,200,0,0,0,0,0,0,0,0,0,0,0,0,0,0,3,3,50,1,1,2,2,3,3,1,66,1,1,1,86,0,0,694
240346_2013,24,240346,1,2,1,12,11,23,27,12,2,1,0,24,2,37,32,37032,4,2011,1HGCP2F63BA0,1,H,G,C,P,2,F,6,3,B,A,0,0,0,0,000000000,00000000000,0,0,0,1,0,0,0,0,0,0,0,998,0,0,0,12,6,2,12,0,0,0,1,24,20876,6,1,0,0,3,0,63,120,0,0,0,0,0,0,0,0,0,0,50,0,0,0,3,4,55,1,1,2,1,0,0,1,54,1,1,1,52,1,1,695
240346_2013,24,240346,2,2,1,12,11,23,27,12,2,1,0,24,2,42,421,42421,15,2011,4JGBF7BE0BA6,4,J,G,B,F,7,B,E,0,B,A,6,0,0,0,000000000,00000000000,0,0,0,1,0,0,0,0,0,0,0,998,0,0,0,12,6,2,12,0,0,0,1,24,20871,1,1,0,0,2,2,62,94,0,1,0,0,0,6,2012,6,2012,0,74,0,0,0,3,4,55,1,1,2,1,0,0,1,54,1,1,1,52,0,0,696
240347_2013,24,240347,1,3,1,1,11,5,25,12,2,1,0,24,1,37,31,37031,2,1997,1HGEJ7128VL0,1,H,G,E,J,7,1,2,8,V,L,0,0,0,0,000000000,00000000000,0,0,0,1,0,0,0,0,0,0,0,998,0,0,0,12,6,2,12,0,0,0,1,24,21136,6,1,0,0,3,0,70,219,0,0,0,0,0,0,0,0,0,0,38,39,0,0,2,2,30,1,1,2,1,20,3,10,16,3,2,1,78,0,0,697
240347_2013,24,240347,2,3,1,1,11,5,25,12,2,1,0,24,3,85,881,85881,66,2004,1XKWDB0X84J0,1,X,K,W,D,B,0,X,8,4,J,0,1,1,57,968109,57968109,3,6,1,1,0,0,0,0,0,0,0,998,0,0,0,12,6,2,12,0,0,0,1,24,21207,6,1,6,0,3,0,64,165,0,0,0,0,0,0,0,0,0,0,0,0,0,0,2,2,55,1,1,2,1,0,0,1,65,1,1,1,79,0,0,698
240347_2013,24,240347,3,3,1,1,11,5,25,12,2,1,0,24,1,30,40,30040,4,2010,3VWRL7AJ1AM1,3,V,W,R,L,7,A,J,1,A,M,1,0,0,0,000000000,00000000000,0,0,0,1,0,0,0,0,0,0,0,998,0,0,0,12,6,2,12,0,0,0,1,48,78133,6,1,0,0,3,0,70,185,0,0,0,0,0,0,0,0,0,0,0,0,0,0,2,2,55,1,1,2,1,0,0,1,62,1,1,1,98,1,0,699
240348_2013,24,240348,1,1,1,2,11,3,23,33,0,1,0,24,1,53,706,53706,80,2005,JS1GW71A4521,J,S,1,G,W,7,1,A,4,5,2,1,0,0,0,000000000,00000000000,0,0,0,1,0,0,0,0,0,0,0,998,0,0,0,12,6,2,72,0,0,0,1,24,20736,6,1,0,0,3,0,72,190,0,0,0,0,0,0,0,0,0,0,39,0,0,0,2,2,50,1,1,2,1,4,3,1,14,99,9,4,14,1,1,700
240349_2013,24,240349,1,1,1,12,11,23,8,8,0,1,0,24,3,12,16,12016,4,2011,4FABP7BV9BX1,4,F,A,B,P,7,B,V,9,B,X,1,0,0,0,000000000,00000000000,0,0,0,1,0,0,0,0,0,5,0,998,0,0,0,12,6,2,8,0,0,0,1,24,21740,6,1,0,0,3,0,69,177,0,0,0,0,0,0,0,0,0,0,0,0,0,0,3,3,65,1,3,2,2,0,0,1,80,6,1,1,13,0,0,701
240350_2013,24,240350,1,2,1,3,11,17,59,12,2,1,0,24,1,55,35,55035,4,2013,5NPDH4AE6DH1,5,N,P,D,H,4,A,E,6,D,H,1,0,0,0,000000000,00000000000,0,0,0,1,0,0,0,0,0,0,0,998,0,0,0,12,6,2,12,0,0,0,1,24,20852,6,1,0,0,3,0,71,170,0,0,0,0,0,0,0,0,0,0,51,0,0,0,3,3,45,1,1,2,1,0,0,1,54,1,1,1,52,0,1,702
240350_2013,24,240350,2,2,2,3,11,17,59,12,2,1,0,24,1,49,40,49040,4,2006,4T1BE30K06U1,4,T,1,B,E,3,0,K,0,6,U,1,0,0,0,000000000,00000000000,0,0,0,1,0,0,0,0,0,0,0,998,0,0,0,12,6,2,12,0,0,0,1,24,20874,6,1,0,0,3,0,63,110,0,0,0,0,0,0,0,0,0,0,0,0,0,0,3,3,45,1,1,2,1,0,0,1,54,1,1,1,52,1,0,703
240351_2013,24,240351,1,4,1,13,11,5,49,12,1,1,0,10,3,20,16,20016,4,2003,1G1JF54F6372,1,G,1,J,F,5,4,F,6,3,7,2,0,0,0,000000000,00000000000,0,0,0,1,0,0,0,0,0,0,0,998,0,0,0,6,6,2,12,0,0,0,1,10,19701,6,1,0,0,3,3,74,160,0,0,0,0,0,0,0,0,0,0,31,0,0,0,3,3,65,1,1,2,1,0,0,13,98,1,1,7,92,1,0,704
240351_2013,24,240351,2,4,1,13,11,5,49,12,1,1,0,42,3,20,481,20481,31,2005,1GCHC24U65E2,1,G,C,H,C,2,4,U,6,5,E,2,0,0,0,000000000,00000000000,0,0,0,1,0,0,0,0,0,0,0,998,0,0,0,12,6,2,12,0,0,0,1,24,21911,6,1,0,0,3,0,72,170,0,0,0,0,0,0,0,0,0,0,0,0,0,0,3,3,65,1,1,2,1,0,0,1,60,1,1,1,93,0,0,705
240351_2013,24,240351,3,4,1,13,11,5,49,12,1,1,0,42,3,86,881,86881,66,2009,1M1AW02Y59N0,1,M,1,A,W,0,2,Y,5,9,N,0,1,1,57,238954,57238954,3,6,1,1,0,0,0,0,0,0,0,998,0,0,0,12,6,2,12,0,0,0,1,42,19047,6,1,6,0,3,0,70,999,1,0,0,0,0,12,2011,12,2011,0,0,0,0,0,3,3,65,1,1,2,1,0,0,2,62,1,1,1,98,0,0,706
240351_2013,24,240351,4,4,1,13,11,5,49,12,1,1,0,9,3,82,881,82881,66,2014,1FUBGADV8ELF,1,F,U,B,G,A,D,V,8,E,L,F,1,1,77,777777777,77777777777,3,6,1,1,0,0,0,0,0,0,0,998,0,0,0,11,4,5,12,0,0,0,1,42,17304,6,1,6,0,3,0,70,999,0,0,0,0,1,12,2012,12,2012,0,0,0,0,0,3,3,65,1,1,2,1,0,0,16,52,6,1,2,98,0,0,707
240352_2013,24,240352,1,1,1,14,11,11,7,8,0,1,0,24,1,51,45,51045,4,2001,YV1TS94D4111,Y,V,1,T,S,9,4,D,4,1,1,1,0,0,0,000000000,00000000000,0,0,0,1,0,0,0,0,0,0,0,998,0,0,0,12,6,2,8,0,0,0,1,24,21208,6,1,0,0,3,0,61,107,0,0,0,0,0,0,0,0,0,0,0,0,0,0,3,3,55,1,1,2,1,0,0,1,13,1,1,4,13,0,0,708
240353_2013,24,240353,1,2,1,14,11,22,54,12,1,1,0,24,2,12,461,12461,21,1999,1FDPE24L1XHB,1,F,D,P,E,2,4,L,1,X,H,B,0,0,0,000000000,00000000000,0,0,0,1,0,0,0,0,0,0,0,998,0,0,0,12,6,2,12,0,0,0,1,24,21403,6,1,0,0,3,0,67,170,0,0,0,0,0,0,0,0,0,4,26,0,0,0,3,3,65,1,1,2,1,0,0,1,51,1,1,1,24,1,0,709
240353_2013,24,240353,2,2,1,14,11,22,54,12,1,1,0,52,3,82,881,82881,66,2005,1FUJA6AV25LU,1,F,U,J,A,6,A,V,2,5,L,U,1,1,57,2139785,572139785,3,6,1,1,0,0,0,0,0,0,0,998,0,0,0,6,4,5,12,0,0,0,1,51,23225,6,1,6,0,3,0,60,160,0,0,0,0,0,0,0,0,0,0,0,0,0,0,3,3,65,1,1,2,1,0,0,1,53,1,1,1,25,0,0,710
240354_2013,24,240354,1,1,1,1,11,22,30,8,0,1,0,24,1,49,32,49032,4,2005,1NXBR32E85Z4,1,N,X,B,R,3,2,E,8,5,Z,4,0,0,0,000000000,00000000000,0,0,0,1,0,0,0,0,0,0,0,40,0,0,0,12,2,3,8,0,0,0,1,24,21061,6,1,0,0,3,0,75,240,0,0,0,0,0,0,0,0,0,0,86,0,0,0,3,3,40,1,1,2,1,0,0,1,80,1,1,1,13,0,0,711
240355_2013,24,240355,1,2,1,17,11,3,46,12,2,1,0,24,1,35,47,35047,4,2006,1N4AL11D86N4,1,N,4,A,L,1,1,D,8,6,N,4,0,0,0,000000000,00000000000,0,0,0,1,0,0,0,0,0,0,0,998,0,0,0,12,6,2,12,0,0,0,1,24,20832,6,1,0,0,3,0,75,180,0,0,0,1,0,10,2012,10,2012,3,36,51,39,0,3,4,65,1,1,2,1,0,0,1,54,1,1,1,52,1,1,712
240355_2013,24,240355,2,2,1,17,11,3,46,12,2,1,0,24,3,82,881,82881,66,2008,1FVXFB0048DZ,1,F,V,X,F,B,0,0,4,8,D,Z,1,1,57,966621,57966621,3,6,1,1,0,0,0,0,0,0,0,998,0,0,0,12,6,2,12,0,0,0,1,37,27591,6,1,6,0,3,0,74,999,0,0,0,0,1,1,2011,1,2011,0,0,0,0,0,3,4,65,1,1,2,1,0,0,1,54,1,1,1,52,0,0,713
240356_2013,24,240356,1,2,1,9,11,14,21,12,2,1,0,24,1,52,39,52039,2,1994,JA3AM64J7RY0,J,A,3,A,M,6,4,J,7,R,Y,0,0,0,0,000000000,00000000000,0,0,0,1,0,0,0,0,0,0,0,998,0,0,0,12,6,2,12,0,0,0,1,24,20735,6,1,0,0,3,0,68,165,0,0,0,0,0,0,0,0,0,0,0,0,0,0,1,2,35,2,2,2,1,0,0,1,10,1,1,1,50,1,1,714
240356_2013,24,240356,2,2,1,9,11,14,21,12,2,1,0,24,1,42,42,42042,4,2004,WDBRF40JX4F4,W,D,B,R,F,4,0,J,X,4,F,4,0,0,0,000000000,00000000000,0,0,0,1,0,0,0,0,0,0,0,998,0,0,0,12,6,2,12,0,0,0,1,24,20601,6,1,0,0,3,0,71,195,0,0,0,0,0,0,0,0,0,0,0,0,0,0,1,2,35,2,2,2,1,0,0,1,62,1,1,1,51,0,0,715
240357_2013,24,240357,1,1,1,23,11,1,8,8,0,1,0,24,1,37,31,37031,4,2008,1HGFA15878L0,1,H,G,F,A,1,5,8,7,8,L,0,0,0,0,000000000,00000000000,0,0,0,1,0,0,0,0,0,0,0,998,0,0,0,12,6,2,8,0,0,0,1,24,21040,6,1,0,0,3,0,63,105,0,1,0,1,0,12,2011,3,2012,0,0,0,0,0,1,2,50,1,1,2,1,0,0,1,80,1,1,1,13,0,0,716
240358_2013,24,240358,1,1,1,21,11,23,10,42,0,1,0,24,1,42,47,42047,2,2003,WDBTJ65J53F0,W,D,B,T,J,6,5,J,5,3,F,0,0,0,0,000000000,00000000000,0,0,0,1,0,0,0,0,0,0,0,998,0,0,0,12,6,2,42,0,0,0,1,24,20744,6,1,0,0,3,0,73,170,0,0,0,0,0,0,0,0,0,0,0,0,0,0,1,2,35,4,1,2,1,0,0,1,13,1,9,4,2,1,1,717
240359_2013,24,240359,1,3,1,7,11,22,3,12,2,1,0,24,1,55,33,55033,4,2011,5NPEC4AC0BH0,5,N,P,E,C,4,A,C,0,B,H,0,0,0,0,000000000,00000000000,0,0,0,1,0,0,0,0,0,0,0,998,0,0,0,12,6,2,12,0,0,0,1,24,21152,6,1,0,0,3,0,74,190,0,0,0,0,1,11,2011,11,2011,0,28,0,0,0,1,2,40,1,2,2,1,0,0,1,10,1,1,2,50,0,1,718
240359_2013,24,240359,2,3,3,7,11,22,3,12,2,1,0,24,1,55,402,55402,14,2006,KM8JN72D46U3,K,M,8,J,N,7,2,D,4,6,U,3,0,0,0,000000000,00000000000,0,0,0,1,0,0,0,0,0,0,0,998,0,0,0,12,6,2,12,0,0,0,1,24,21286,6,1,0,0,3,0,67,170,0,0,0,0,0,0,0,0,0,0,0,0,0,0,1,2,40,1,2,2,1,0,0,1,62,1,1,1,51,2,1,719
240359_2013,24,240359,3,3,1,7,11,22,3,12,2,1,0,24,1,7,29,7029,4,2013,1C3CDFBA0DD2,1,C,3,C,D,F,B,A,0,D,D,2,0,0,0,000000000,00000000000,0,0,0,1,0,0,0,0,0,0,0,998,0,0,0,12,6,2,12,0,0,0,1,24,21152,6,1,0,0,3,0,74,165,0,0,0,2,0,6,2012,6,2012,0,26,0,0,0,1,2,40,1,2,2,1,0,0,1,62,1,1,1,98,0,1,720
240360_2013,24,240360,1,1,1,1,11,20,32,8,0,1,0,24,1,49,402,49402,14,1998,JT3HP10V4W01,J,T,3,H,P,1,0,V,4,W,0,1,0,0,0,000000000,00000000000,0,0,0,1,0,0,0,0,0,0,0,30,0,0,0,12,4,5,8,0,0,0,1,24,20706,6,1,0,0,3,0,65,170,0,0,0,0,0,0,0,0,0,0,0,0,0,0,2,2,30,1,1,2,1,0,0,1,82,1,1,1,13,0,0,721
240361_2013,24,240361,1,3,1,20,11,6,17,12,1,1,0,24,3,20,461,20461,21,2001,1GCHG35F4111,1,G,C,H,G,3,5,F,4,1,1,1,0,0,0,000000000,00000000000,0,0,0,1,0,0,0,0,0,0,0,998,0,0,0,12,6,2,12,0,0,0,1,42,17363,6,1,0,0,3,0,66,999,0,0,0,0,0,0,0,0,0,4,0,0,0,0,3,2,55,1,1,2,1,0,0,1,50,1,1,1,20,1,0,722
240361_2013,24,240361,2,3,1,20,11,6,17,12,1,1,0,24,1,86,881,86881,63,1999,1M2P264C7XM0,1,M,2,P,2,6,4,C,7,X,M,0,0,0,77,777777777,77777777777,3,2,4,1,0,0,0,0,0,0,0,0,0,0,0,6,6,2,12,0,0,0,1,24,21014,6,1,6,0,3,0,74,217,0,0,0,0,1,1,2011,1,2011,0,0,0,0,0,3,2,55,1,1,2,1,0,0,5,53,1,1,1,21,0,0,723
240361_2013,24,240361,3,3,1,20,11,6,17,12,1,1,0,24,2,12,881,12881,61,2013,1FT8W3DT7DEA,1,F,T,8,W,3,D,T,7,D,E,A,0,0,88,888888888,88888888888,2,1,98,1,0,0,0,0,0,0,0,998,0,0,0,12,6,2,12,0,0,0,1,24,21040,6,1,0,0,3,0,69,165,0,0,0,0,0,0,0,0,0,0,0,0,0,0,3,2,55,1,1,2,1,0,0,1,50,1,1,1,98,0,0,724
240362_2013,24,240362,1,1,4,23,11,23,3,30,0,1,0,24,1,12,481,12481,31,2008,1FTSW21R98EE,1,F,T,S,W,2,1,R,9,8,E,E,0,0,0,000000000,00000000000,0,0,0,1,0,0,0,0,0,0,0,998,0,1,6,12,6,2,1,0,0,0,1,24,21532,6,1,0,0,3,0,72,190,0,0,0,0,0,0,0,0,0,4,36,0,0,0,1,2,50,4,2,2,3,0,0,1,6,1,3,4,7,1,1,725
240363_2013,24,240363,1,1,1,10,11,3,28,42,0,1,0,24,1,59,31,59031,4,2010,JTHBK1EG1A23,J,T,H,B,K,1,E,G,1,A,2,3,0,0,0,000000000,00000000000,0,0,0,1,0,0,0,0,0,0,0,35,0,0,0,12,6,2,42,0,0,0,1,24,20772,6,1,0,0,3,0,70,218,0,0,0,0,0,0,0,0,0,0,0,0,0,0,2,2,35,1,1,2,1,0,0,1,13,1,1,4,1,1,1,726
240364_2013,24,240364,1,2,3,22,11,8,14,12,6,1,0,24,1,41,37,41037,4,2002,1YVGF22F5252,1,Y,V,G,F,2,2,F,5,2,5,2,0,0,0,000000000,00000000000,0,0,0,1,0,0,0,0,0,0,0,998,0,0,0,61,6,2,12,0,0,0,1,24,21122,6,1,0,0,3,0,72,145,0,0,0,0,0,0,0,0,0,0,0,0,0,0,3,3,65,8,8,2,2,0,0,15,10,1,1,1,47,1,0,727
240364_2013,24,240364,2,2,4,22,11,8,14,12,6,1,0,24,2,12,481,12481,31,1995,1FTJX35F8SKA,1,F,T,J,X,3,5,F,8,S,K,A,1,1,0,000000000,00000000000,0,0,0,1,0,0,0,0,0,0,0,998,0,0,0,12,6,2,12,0,0,0,1,24,21037,6,1,0,0,3,0,62,175,0,0,0,0,0,0,0,0,0,0,0,0,0,0,3,3,65,8,8,2,2,0,0,1,61,1,1,1,45,0,0,728
240365_2013,24,240365,1,1,1,17,11,5,36,30,0,1,0,24,1,22,22,22022,4,2007,1G2ZH58N9742,1,G,2,Z,H,5,8,N,9,7,4,2,0,0,0,000000000,00000000000,0,0,0,1,0,0,0,0,0,0,0,30,0,0,0,12,6,2,30,0,0,0,1,24,20601,1,1,0,0,2,2,71,250,0,0,0,0,0,0,0,0,0,4,74,0,0,0,2,2,30,1,1,2,1,0,0,1,12,1,1,4,6,1,1,729
240366_2013,24,240366,1,1,2,30,8,22,46,8,0,1,0,24,2,55,35,55035,4,2009,KMHDU46D39U7,K,M,H,D,U,4,6,D,3,9,U,7,0,0,0,000000000,00000000000,0,0,0,1,0,0,0,0,0,0,0,998,0,0,0,12,6,2,8,0,0,0,1,24,21236,6,1,0,0,3,0,68,146,0,0,0,0,2,2,2012,3,2013,0,0,0,0,0,1,4,30,1,1,2,1,0,0,1,80,1,1,1,13,0,0,730
240367_2013,24,240367,1,1,1,4,9,21,32,33,0,1,0,24,2,98,709,98709,80,2008,4MZHL04D483B,4,M,Z,H,L,0,4,D,4,8,3,B,0,0,0,000000000,00000000000,0,0,0,1,0,0,0,0,0,0,0,998,0,0,0,12,6,2,30,0,0,0,1,24,21205,6,1,0,0,3,0,69,125,0,0,0,0,0,0,0,0,0,0,0,0,0,0,3,3,40,1,2,2,1,0,0,1,11,1,1,4,1,1,1,731
240368_2013,24,240368,1,1,1,23,9,19,0,21,0,1,0,24,1,49,402,49402,14,2008,JTMBD32VX860,J,T,M,B,D,3,2,V,X,8,6,0,0,0,0,000000000,00000000000,0,0,0,1,0,0,0,0,0,0,0,998,0,0,0,12,6,2,21,0,0,0,1,24,21219,6,1,0,0,3,0,74,210,0,0,0,0,0,0,0,0,0,4,0,0,0,0,1,2,30,1,1,2,1,0,0,1,14,1,1,4,14,1,0,732
240369_2013,24,240369,1,1,1,25,10,15,30,8,0,1,0,24,2,55,35,55035,4,2009,KMHDU46D49U7,K,M,H,D,U,4,6,D,4,9,U,7,0,0,0,000000000,00000000000,0,0,0,1,0,0,0,0,0,0,0,998,0,0,0,12,4,3,8,0,0,0,1,24,21903,6,1,0,0,3,0,70,200,0,1,0,0,0,11,2011,11,2011,4,27,0,0,0,2,2,50,1,1,2,1,0,0,15,80,99,1,2,13,0,0,733
240370_2013,24,240370,1,1,1,30,10,5,16,8,0,1,0,24,1,20,461,20461,21,1993,1GBEG25K2PF3,1,G,B,E,G,2,5,K,2,P,F,3,0,0,0,000000000,00000000000,0,0,0,1,0,0,0,0,0,0,0,998,0,0,0,12,2,5,8,0,0,0,1,24,21225,6,1,0,0,3,0,72,160,0,0,0,1,0,8,2011,8,2011,0,0,0,0,0,1,4,30,1,2,2,1,0,0,1,80,1,1,1,13,0,0,734
240371_2013,24,240371,1,1,1,18,11,19,55,8,0,1,0,24,1,12,481,12481,31,2011,1FTMF1EM7BKE,1,F,T,M,F,1,E,M,7,B,K,E,0,0,0,000000000,00000000000,0,0,0,1,0,0,0,0,0,0,0,998,0,0,0,12,4,3,8,0,0,0,1,24,20619,6,1,0,0,3,0,71,175,0,0,0,0,0,0,0,0,0,0,0,0,0,0,3,2,45,1,1,2,1,0,0,1,80,1,1,1,13,0,0,735
240372_2013,24,240372,1,1,1,24,11,1,56,33,0,1,0,24,1,13,12,13012,4,2001,1LNHM86S71Y6,1,L,N,H,M,8,6,S,7,1,Y,6,0,0,0,000000000,00000000000,0,0,0,1,0,0,0,0,0,0,0,998,0,0,0,14,6,2,30,0,0,0,1,24,21223,6,1,0,0,3,0,66,160,0,0,0,0,0,0,0,0,0,3,0,0,0,0,1,4,35,1,2,2,1,0,0,1,12,1,4,4,7,1,1,736
240373_2013,24,240373,1,1,1,18,11,18,10,24,0,1,0,24,1,12,17,12017,4,2009,1FAHP25W09G1,1,F,A,H,P,2,5,W,0,9,G,1,0,0,0,000000000,00000000000,0,0,0,1,0,0,0,0,0,0,0,1,0,0,0,14,6,2,42,0,0,0,1,24,21057,6,1,0,0,3,0,73,175,0,0,0,0,0,0,0,0,0,0,0,0,0,0,1,2,25,2,1,2,1,0,0,14,12,1,1,4,6,1,0,737
240374_2013,24,240374,1,1,1,5,7,21,20,14,0,1,1,24,2,37,32,37032,4,1998,1HGCG2253WA0,1,H,G,C,G,2,2,5,3,W,A,0,0,0,0,000000000,00000000000,0,0,0,1,0,0,0,0,0,0,0,998,0,0,0,12,6,2,14,0,0,0,1,24,21223,6,1,0,0,3,0,69,125,0,0,0,0,0,0,0,0,0,3,28,0,0,0,1,4,30,1,1,2,1,0,0,1,11,7,1,2,11,0,1,738
240375_2013,24,240375,1,1,1,17,11,17,10,11,0,1,0,24,1,73,706,73706,80,1996,JKBVNCA13TA0,J,K,B,V,N,C,A,1,3,T,A,0,0,0,0,000000000,00000000000,0,0,0,1,0,0,0,0,0,0,0,998,0,0,0,12,6,2,11,0,0,0,1,24,21917,6,1,0,0,3,0,68,180,0,0,0,0,0,0,0,0,0,0,83,0,0,0,1,2,40,1,1,2,1,0,0,1,87,1,1,1,13,1,0,739
240376_2013,24,240376,1,2,2,28,11,0,58,12,2,1,0,24,1,37,33,37033,2,1995,JHMBB2174SC0,J,H,M,B,B,2,1,7,4,S,C,0,0,0,0,000000000,00000000000,0,0,0,1,0,0,0,0,0,0,0,998,0,0,0,12,6,2,12,0,0,0,1,24,21776,6,1,0,0,3,0,73,150,0,0,0,0,0,0,0,0,0,3,33,35,0,0,1,2,25,3,1,2,1,0,0,6,10,1,1,2,50,2,1,740
240376_2013,24,240376,2,2,1,28,11,0,58,12,2,1,0,24,1,7,482,7482,31,2007,1D7HU18P57J6,1,D,7,H,U,1,8,P,5,7,J,6,0,0,0,000000000,00000000000,0,0,0,1,0,0,0,0,0,0,0,998,0,0,0,12,6,2,12,0,0,0,1,24,20882,6,1,0,0,3,0,69,215,0,0,0,0,1,11,2012,11,2012,0,0,0,0,0,1,2,25,3,1,2,1,0,0,14,62,99,9,1,51,0,0,741
240377_2013,24,240377,1,2,1,25,11,15,48,12,1,1,0,24,3,82,881,82881,66,1998,1FUPFDZB6WL9,1,F,U,P,F,D,Z,B,6,W,L,9,1,1,77,777777777,77777777777,3,6,10,1,0,0,0,0,0,0,0,998,0,0,0,6,2,5,12,0,0,0,1,10,19973,6,1,6,0,3,0,66,185,0,1,0,1,1,4,2011,4,2012,0,0,0,0,0,3,2,55,1,1,2,1,0,0,11,98,1,1,1,72,0,0,742
240377_2013,24,240377,2,2,1,25,11,15,48,12,1,1,0,24,0,7,442,7442,20,2006,1D4GP45R66B6,1,D,4,G,P,4,5,R,6,6,B,6,0,0,0,000000000,00000000000,0,0,0,1,0,0,0,0,0,0,0,998,0,0,0,12,6,2,12,0,0,0,1,24,21659,6,1,0,0,3,0,64,180,0,0,0,0,0,0,0,0,0,0,0,0,0,0,3,2,55,1,1,2,1,0,0,1,61,1,1,1,73,1,0,743
240378_2013,24,240378,1,1,1,3,11,1,20,33,0,1,0,24,1,20,2,20002,4,2004,1G1ZT62834F2,1,G,1,Z,T,6,2,8,3,4,F,2,0,0,0,000000000,00000000000,0,0,0,1,0,0,0,0,0,0,0,998,0,1,5,14,6,2,42,0,0,0,1,24,20906,6,1,0,0,3,0,73,190,0,0,0,0,1,3,2013,3,2013,9,99,99,99,99,2,3,40,2,2,2,1,0,0,14,9,3,9,4,2,1,0,744