st_case_year,STATE,ST_CASE,VEH_NO,VE_FORMS,NUMOCCS,DAY,MONTH,HOUR,MINUTE,HARM_EV,MAN_COLL,UNITTYPE,HIT_RUN,REG_STAT,OWNER,MAKE,MODEL,MAK_MOD,BODY_TYP,MOD_YEAR,VIN,VIN_1,VIN_2,VIN_3,VIN_4,VIN_5,VIN_6,VIN_7,VIN_8,VIN_9,VIN_10,VIN_11,VIN_12,TOW_VEH,J_KNIFE,MCARR_I1,MCARR_I2,MCARR_ID,GVWR,V_CONFIG,CARGO_BT,HAZ_INV,HAZ_PLAC,HAZ_ID,HAZ_CNO,HAZ_REL,BUS_USE,SPEC_USE,EMER_USE,TRAV_SP,UNDERIDE,ROLLOVER,ROLINLOC,IMPACT1,DEFORMED,TOWED,M_HARM,VEH_SC1,VEH_SC2,FIRE_EXP,DR_PRES,L_STATE,DR_ZIP,L_STATUS,L_TYPE,CDL_STAT,L_ENDORS,L_COMPL,L_RESTRI,DR_HGT,DR_WGT,PREV_ACC,PREV_SUS,PREV_DWI,PREV_SPD,PREV_OTH,FIRST_MO,FIRST_YR,LAST_MO,LAST_YR,SPEEDREL,DR_SF1,DR_SF2,DR_SF3,DR_SF4,VTRAFWAY,VNUM_LAN,VSPD_LIM,VALIGN,VPROFILE,VPAVETYP,VSURCOND,VTRAFCON,VTCONT_F,P_CRASH1,P_CRASH2,P_CRASH3,PCRASH4,PCRASH5,ACC_TYPE,DEATHS,DR_DRINK,idno
240412_2013,24,240412,1,1,1,11,12,6,30,8,0,1,0,24,1,2,405,2405,14,2007,1J4GK48K57W5,1,J,4,G,K,4,8,K,5,7,W,5,0,0,0,000000000,00000000000,0,0,0,1,0,0,0,0,0,0,0,45,0,0,0,1,6,2,8,0,0,0,1,24,21222,6,1,0,0,3,0,61,170,0,0,0,0,0,0,0,0,0,0,86,0,0,0,3,2,45,1,1,2,2,0,0,1,80,1,1,1,13,0,0,802
240413_2013,24,240413,1,1,1,16,12,19,16,8,0,1,0,24,1,19,18,19018,4,2005,1G6DM56T9501,1,G,6,D,M,5,6,T,9,5,0,1,0,0,0,000000000,00000000000,0,0,0,1,0,0,0,0,0,0,0,998,0,0,0,12,4,3,8,0,0,0,1,24,20748,6,1,0,0,3,0,68,204,0,6,0,1,0,5,2012,9,2013,0,0,0,0,0,3,2,35,1,1,2,1,0,0,1,80,1,1,1,13,0,0,803
240414_2013,24,240414,1,1,1,11,10,7,22,8,0,1,0,24,1,49,40,49040,4,2008,4T1BE46K38U7,4,T,1,B,E,4,6,K,3,8,U,7,0,0,0,000000000,00000000000,0,0,0,1,0,0,0,0,0,0,0,998,0,0,0,12,2,5,8,0,0,0,1,24,20724,6,1,0,0,3,0,65,145,0,0,0,1,0,9,2012,9,2012,0,0,0,0,0,0,0,0,0,0,0,0,0,0,1,80,1,1,5,13,0,0,804
240416_2013,24,240416,1,1,2,22,8,5,41,1,0,1,0,24,2,52,401,52401,14,2002,999999999999,9,9,9,9,9,9,9,9,9,9,9,9,0,0,0,000000000,00000000000,0,0,0,1,0,0,0,0,0,0,0,998,0,9,1,0,6,2,1,0,0,0,1,24,99999,9,9,99,9,9,9,999,999,99,99,99,99,99,99,9999,99,9999,9,99,99,99,99,3,2,55,9,9,9,1,0,0,1,99,99,9,9,99,1,1,805
240417_2013,24,240417,1,1,1,9,10,5,2,8,0,1,0,24,3,48,45,48045,6,2014,4S4BRBCC7E32,4,S,4,B,R,B,C,C,7,E,3,2,0,0,0,000000000,00000000000,0,0,0,1,0,0,0,0,0,0,0,998,0,0,0,98,8,8,8,0,0,0,1,24,21042,6,1,0,0,3,0,69,200,0,0,0,0,0,0,0,0,0,9,99,99,99,99,2,2,55,1,2,2,1,0,0,99,80,99,9,9,13,0,0,806
240418_2013,24,240418,1,1,1,8,12,7,27,99,99,1,0,24,1,35,47,35047,4,2005,1N4AL11D85C3,1,N,4,A,L,1,1,D,8,5,C,3,0,0,0,000000000,00000000000,0,0,0,1,0,0,0,0,0,0,0,998,0,0,0,99,6,2,99,0,0,0,1,24,20770,6,1,0,0,3,0,64,188,0,0,0,1,0,8,2012,8,2012,0,99,99,99,99,9,9,55,1,1,2,98,0,0,1,99,99,9,9,99,1,0,807
240419_2013,24,240419,1,2,2,12,12,1,59,12,1,1,1,24,2,12,481,12481,31,1996,1FDKF37G2TEB,1,F,D,K,F,3,7,G,2,T,E,B,0,0,0,000000000,00000000000,0,0,0,1,0,0,0,0,0,0,0,998,0,0,0,6,6,2,12,0,0,0,1,99,99999,9,9,99,9,9,9,999,999,99,99,99,99,99,99,9999,99,9999,9,0,0,0,0,9,9,45,1,2,2,1,0,0,2,53,1,1,1,25,0,0,808
240419_2013,24,240419,2,2,4,12,12,1,59,12,1,1,0,24,1,58,37,58037,4,2006,JNKCV51F66M6,J,N,K,C,V,5,1,F,6,6,M,6,0,0,0,000000000,00000000000,0,0,0,1,0,0,0,0,0,0,0,998,0,1,1,12,6,2,1,0,0,0,1,24,20716,6,1,0,0,3,0,70,150,0,1,0,0,1,2,2013,2,2013,0,99,99,99,99,9,9,45,1,2,2,1,0,0,1,51,99,9,1,24,2,0,809
240420_2013,24,240420,1,2,1,16,9,9,6,12,6,1,0,24,1,49,403,49403,14,2006,JTEDP21A0601,J,T,E,D,P,2,1,A,0,6,0,1,0,0,0,000000000,00000000000,0,0,0,1,0,0,0,0,0,0,0,998,0,0,0,3,6,2,12,0,0,0,1,24,20852,6,1,0,0,3,0,67,130,0,0,0,0,0,0,0,0,0,0,99,99,99,99,1,4,40,1,2,2,1,29,8,11,15,1,1,1,68,0,0,810
240420_2013,24,240420,2,2,2,16,9,9,6,12,6,1,0,51,1,98,706,98706,80,2013,ZDM11BMV1DB0,Z,D,M,1,1,B,M,V,1,D,B,0,0,0,0,000000000,00000000000,0,0,0,1,0,0,0,0,0,0,0,998,0,0,0,12,6,2,12,0,0,0,1,24,20874,6,1,0,0,3,0,70,170,0,0,0,0,1,6,2013,6,2013,0,0,0,0,0,1,4,40,1,2,2,1,29,8,1,62,1,1,1,69,1,0,811
240421_2013,24,240421,1,1,1,22,11,20,40,8,0,1,0,24,3,12,16,12016,4,2010,2FABP7BV5AX1,2,F,A,B,P,7,B,V,5,A,X,1,0,0,0,000000000,00000000000,0,0,0,1,0,0,0,0,0,5,0,998,0,0,0,12,0,3,8,0,0,0,1,24,20720,6,1,0,0,3,0,66,200,0,0,0,0,0,0,0,0,0,0,0,0,0,0,2,2,35,1,1,2,1,29,9,11,80,1,1,1,13,0,0,812
240422_2013,24,240422,1,1,2,10,12,6,23,10,0,1,0,24,2,51,401,51401,14,2004,YV1CZ91H5410,Y,V,1,C,Z,9,1,H,5,4,1,0,0,0,0,000000000,00000000000,0,0,0,1,0,0,0,0,0,0,0,998,0,0,0,8,6,2,10,0,0,0,1,24,21227,6,1,0,0,3,0,63,125,0,0,0,0,0,0,0,0,0,0,39,40,0,0,1,2,50,1,1,2,3,65,3,1,98,1,1,1,98,2,0,813
240423_2013,24,240423,1,1,2,18,12,17,19,8,0,1,0,24,1,20,16,20016,2,1998,1G1JC1241W72,1,G,1,J,C,1,2,4,1,W,7,2,0,0,0,000000000,00000000000,0,0,0,1,0,0,0,0,0,0,0,998,0,0,0,12,4,3,8,0,0,0,1,24,21014,6,1,0,0,3,0,69,195,0,0,0,1,0,8,2012,8,2012,0,0,0,0,0,1,2,25,1,3,2,1,0,0,1,80,1,1,1,13,0,0,814
240424_2013,24,240424,1,1,1,26,12,20,39,42,0,1,0,24,1,12,16,12016,4,2004,2FAFP74W04X1,2,F,A,F,P,7,4,W,0,4,X,1,0,0,0,000000000,00000000000,0,0,0,1,0,0,0,0,0,0,0,130,0,0,0,11,6,2,42,0,0,0,1,24,20613,6,1,0,0,3,0,72,230,0,0,0,0,0,0,0,0,0,0,0,0,0,0,2,2,30,1,2,2,1,0,0,1,12,99,1,4,6,1,1,815
240425_2013,24,240425,1,2,1,10,7,23,38,8,0,1,1,24,2,20,471,20471,30,2001,1GCCS14W9182,1,G,C,C,S,1,4,W,9,1,8,2,0,0,0,000000000,00000000000,0,0,0,1,0,0,0,0,0,0,0,998,0,0,0,12,2,5,8,0,0,0,1,24,21704,6,1,0,0,3,0,74,240,0,0,0,0,0,0,0,0,0,9,99,99,99,99,2,2,40,1,1,2,1,0,0,1,80,1,1,1,13,0,0,816
240425_2013,24,240425,2,2,2,10,7,23,38,8,0,1,0,24,2,54,35,54035,4,2006,19UUA66246A0,1,9,U,U,A,6,6,2,4,6,A,0,0,0,0,000000000,00000000000,0,0,0,1,0,0,0,0,0,0,0,998,0,0,0,14,2,5,8,0,0,0,1,24,21774,6,1,0,0,3,3,60,105,0,0,0,0,0,0,0,0,0,0,0,0,0,0,2,2,40,1,1,2,1,0,0,1,80,1,1,1,98,0,0,817
240426_2013,24,240426,1,2,2,24,9,0,20,12,6,1,0,24,2,37,32,37032,4,2010,5KBCP3F85AB0,5,K,B,C,P,3,F,8,5,A,B,0,0,0,0,000000000,00000000000,0,0,0,1,0,0,0,0,0,0,0,998,0,0,0,12,6,2,12,0,0,0,1,24,21218,2,1,0,0,2,2,999,999,0,1,0,0,0,3,2011,3,2011,3,39,74,0,0,1,4,25,1,1,2,1,3,3,1,17,1,1,1,86,2,0,818
240426_2013,24,240426,2,2,2,24,9,0,20,12,6,1,0,24,1,2,403,2403,14,2007,1J8HR58227C5,1,J,8,H,R,5,8,2,2,7,C,5,0,0,0,000000000,00000000000,0,0,0,1,0,0,0,0,0,0,0,998,0,0,0,3,6,2,12,0,0,0,1,24,21213,6,1,0,0,3,3,71,205,0,0,0,0,1,1,2013,1,2013,0,0,0,0,0,3,5,35,1,1,2,1,3,3,1,66,1,1,1,87,1,0,819
240427_2013,24,240427,1,2,1,14,10,16,38,12,6,1,0,24,2,98,709,98709,80,2012,2C9T19C46C21,2,C,9,T,1,9,C,4,6,C,2,1,0,0,0,000000000,00000000000,0,0,0,1,0,0,0,0,0,0,0,998,0,0,0,12,6,2,12,0,0,0,1,24,21217,6,1,0,0,3,0,68,165,0,1,0,1,2,9,2011,1,2013,2,0,0,0,0,3,2,25,1,1,2,1,0,0,1,62,1,1,1,69,1,0,820
240427_2013,24,240427,2,2,3,14,10,16,38,12,6,1,0,24,2,20,403,20403,14,2003,1GNDT13S6321,1,G,N,D,T,1,3,S,6,3,2,1,0,0,0,000000000,00000000000,0,0,0,1,0,0,0,0,0,0,0,998,0,0,0,3,6,2,12,0,0,0,1,24,21133,6,1,0,0,3,0,62,160,0,0,0,0,0,0,0,0,0,0,0,0,0,0,3,2,25,1,1,2,1,0,0,11,15,1,1,1,68,0,0,821
240428_2013,24,240428,1,2,1,15,11,7,24,25,0,1,0,24,3,7,402,7402,14,2000,1B4HS28N7YF2,1,B,4,H,S,2,8,N,7,Y,F,2,0,0,0,000000000,00000000000,0,0,0,1,0,0,0,0,0,0,0,998,0,1,1,14,6,2,1,0,0,0,1,24,21136,6,1,0,0,3,0,67,180,0,0,0,0,0,0,0,0,0,9,99,99,99,99,3,2,30,1,2,2,1,0,0,3,12,99,9,4,10,1,0,822
240428_2013,24,240428,2,2,1,15,11,7,24,25,0,1,0,24,1,34,34,34034,4,2011,WBAPH7C5XBE1,W,B,A,P,H,7,C,5,X,B,E,1,0,0,0,000000000,00000000000,0,0,0,1,0,0,0,0,0,0,0,998,0,0,0,9,6,2,12,0,0,0,1,24,21208,6,1,0,0,3,0,62,170,0,0,0,1,0,3,2012,3,2012,9,99,99,99,99,3,2,30,1,2,2,1,0,0,3,60,1,1,1,98,0,0,823
240429_2013,24,240429,1,1,1,19,12,8,37,42,0,1,0,24,1,35,43,35043,4,2012,3N1AB6AP8CL7,3,N,1,A,B,6,A,P,8,C,L,7,0,0,0,000000000,00000000000,0,0,0,1,0,0,0,0,0,0,0,998,0,0,0,12,6,2,42,0,0,0,1,24,21206,6,1,0,0,3,0,65,200,0,0,0,0,0,0,0,0,0,0,0,0,0,0,1,2,25,1,2,2,1,0,0,1,13,1,1,4,1,1,0,824
240430_2013,24,240430,1,1,1,31,12,22,0,8,0,1,0,24,1,20,37,20037,4,2011,1G1ZC5E17BF2,1,G,1,Z,C,5,E,1,7,B,F,2,0,0,0,000000000,00000000000,0,0,0,1,0,0,0,0,0,0,0,998,0,0,0,12,4,3,8,0,0,0,1,24,20653,6,1,0,0,3,0,69,135,0,0,0,0,0,0,0,0,0,0,0,0,0,0,1,4,30,1,1,2,1,0,0,1,80,1,1,1,13,0,0,825
240431_2013,24,240431,1,1,1,25,12,22,35,8,0,1,0,24,1,2,404,2404,14,1997,1J4GZ78Y3VC7,1,J,4,G,Z,7,8,Y,3,V,C,7,0,0,0,000000000,00000000000,0,0,0,1,0,0,0,0,0,0,0,998,0,0,0,12,2,3,8,0,0,0,1,24,21218,6,1,0,0,3,0,69,165,0,0,0,0,0,0,0,0,0,0,38,0,0,0,3,2,30,1,1,2,1,3,3,1,80,1,1,1,13,0,0,826
240432_2013,24,240432,1,3,1,27,12,5,45,8,0,1,0,24,1,7,482,7482,31,2006,1D7HU18206S5,1,D,7,H,U,1,8,2,0,6,S,5,0,0,0,000000000,00000000000,0,0,0,1,0,0,0,0,0,0,0,998,0,0,0,98,2,3,12,0,0,0,1,24,20772,6,1,0,0,3,0,70,195,0,0,0,0,0,0,0,0,0,9,99,99,99,99,8,8,45,1,1,8,1,3,3,1,99,99,9,9,13,0,0,827
240432_2013,24,240432,2,3,1,27,12,5,45,8,0,1,0,24,1,49,43,49043,4,2013,4T1BK1EB0DU0,4,T,1,B,K,1,E,B,0,D,U,0,0,0,0,000000000,00000000000,0,0,0,1,0,0,0,0,0,0,0,998,0,0,0,98,2,3,12,0,0,0,1,24,20639,6,1,0,0,3,0,71,230,0,0,0,0,0,0,0,0,0,9,99,99,99,99,8,8,45,1,1,8,1,3,3,1,99,99,9,9,98,0,0,828
240432_2013,24,240432,3,3,1,27,12,5,45,8,0,1,0,24,1,35,47,35047,4,2007,1N4AL21E87N4,1,N,4,A,L,2,1,E,8,7,N,4,0,0,0,000000000,00000000000,0,0,0,1,0,0,0,0,0,0,0,998,0,0,0,98,2,5,12,0,0,0,1,24,20639,6,1,0,0,3,0,69,205,0,0,0,0,0,0,0,0,0,9,99,99,99,99,8,8,45,1,1,8,1,3,3,99,99,99,9,9,98,0,0,829
100001_2012,10,100001,1,3,1,3,1,18,34,15,0,1,1,10,2,21,2,21002,4,1994,1G3HN52L5RH3,1,G,3,H,N,5,2,L,5,R,H,3,0,0,0,000000000,00000000000,0,0,0,1,0,0,0,0,0,0,0,45,0,0,0,12,4,1,15,0,0,0,1,10,19707,2,1,0,0,2,0,67,150,0,3,2,0,1,4,2011,10,2011,0,86,0,0,0,3,3,45,1,1,1,1,0,0,1,83,1,1,1,13,0,0,830
100001_2012,10,100001,2,3,1,3,1,18,34,15,0,1,1,99,9,99,999,99999,99,9999,999999999999,9,9,9,9,9,9,9,9,9,9,9,9,0,0,0,000000000,00000000000,0,0,0,1,0,0,0,0,0,0,0,999,0,0,0,99,9,2,15,99,99,0,1,99,99999,9,9,99,9,9,9,999,999,99,99,99,99,99,99,9999,99,9999,0,99,99,99,99,3,3,45,1,1,1,1,0,0,99,99,99,9,9,98,0,0,831
100001_2012,10,100001,3,3,1,3,1,18,34,15,0,1,1,99,9,99,999,99999,99,9999,999999999999,9,9,9,9,9,9,9,9,9,9,9,9,0,0,0,000000000,00000000000,0,0,0,1,0,0,0,0,0,0,0,999,0,0,0,99,9,1,15,0,0,0,1,99,99999,9,9,99,9,9,9,999,999,99,99,99,99,99,99,9999,99,9999,0,86,0,0,0,3,3,45,1,1,1,1,0,0,99,99,99,9,9,98,0,0,832
100002_2012,10,100002,1,1,2,5,1,2,15,53,0,1,0,10,2,18,20,18020,4,1996,2G4WB52M3T14,2,G,4,W,B,5,2,M,3,T,1,4,0,0,0,000000000,00000000000,0,0,0,1,0,0,0,0,0,0,0,998,0,0,0,9,6,2,42,0,0,0,1,10,19962,6,1,0,0,3,0,73,199,0,1,1,0,0,2,2011,2,2011,1,6,87,0,0,2,4,55,1,1,2,4,0,0,1,11,1,2,4,2,1,1,833
100003_2012,10,100003,1,1,1,12,1,10,50,34,0,1,0,10,2,49,38,49038,2,1994,JT2EL43S9R03,J,T,2,E,L,4,3,S,9,R,0,3,0,0,0,000000000,00000000000,0,0,0,1,0,0,0,0,0,0,0,35,0,0,0,14,6,2,42,0,0,0,1,10,19711,6,1,0,0,3,0,59,115,0,0,0,0,2,1,2011,1,2011,0,6,27,36,0,1,2,35,3,1,2,2,0,0,14,13,9,4,4,2,1,0,834
100004_2012,10,100004,1,1,3,14,1,0,4,25,0,1,0,10,1,48,34,48034,6,1995,4S3BK6350S73,4,S,3,B,K,6,3,5,0,S,7,3,0,0,0,000000000,00000000000,0,0,0,1,0,0,0,0,0,0,0,999,0,0,0,3,6,2,21,0,0,0,1,10,19808,6,1,0,0,3,0,65,260,0,0,0,1,0,4,2011,4,2011,1,99,99,99,99,3,5,55,1,1,2,1,0,0,1,13,6,2,4,2,1,0,835
100005_2012,10,100005,1,1,3,21,1,8,23,42,0,1,0,42,2,21,20,21020,4,1994,1G3WH55M5RD3,1,G,3,W,H,5,5,M,5,R,D,3,0,0,0,000000000,00000000000,0,0,0,1,0,0,0,0,0,0,0,999,0,0,0,83,6,2,42,0,0,0,1,42,19082,1,1,0,0,2,0,60,999,1,1,1,0,1,9,2009,12,2010,1,36,0,0,0,2,4,40,1,6,2,3,0,0,1,12,1,2,4,7,0,1,836
100006_2012,10,100006,1,1,1,2,2,21,58,8,0,1,0,10,1,49,442,49442,20,2008,5TDZK23C58S1,5,T,D,Z,K,2,3,C,5,8,S,1,0,0,0,000000000,00000000000,0,0,0,1,0,0,0,0,0,0,0,45,0,0,0,12,6,2,8,0,0,0,1,10,19702,6,1,0,0,3,0,62,190,0,0,0,0,0,0,0,0,0,0,0,0,0,0,3,2,45,1,2,2,1,0,0,1,80,1,1,1,13,0,0,837
100007_2012,10,100007,1,3,1,3,2,21,2,12,2,1,0,42,2,20,441,20441,20,1997,1GNEL19W0VB1,1,G,N,E,L,1,9,W,0,V,B,1,0,0,0,000000000,00000000000,0,0,0,1,0,0,0,0,0,0,0,50,0,0,0,12,6,2,12,0,0,0,1,10,19958,6,1,6,0,3,3,67,140,0,0,0,0,0,0,0,0,0,1,0,0,0,0,2,3,45,1,1,2,1,0,0,1,10,1,1,2,50,1,1,838
100007_2012,10,100007,2,3,1,3,2,21,2,12,2,1,0,10,1,54,421,54421,15,2004,2HNYD18964H5,2,H,N,Y,D,1,8,9,6,4,H,5,0,0,0,000000000,00000000000,0,0,0,1,0,0,0,0,0,0,0,50,0,0,0,12,6,2,12,0,0,0,1,10,19971,6,1,0,0,3,3,63,117,0,0,0,1,0,9,2011,9,2011,0,0,0,0,0,2,3,45,1,1,2,1,0,0,1,62,1,1,2,51,0,0,839
100007_2012,10,100007,3,3,2,3,2,21,2,12,2,1,1,24,1,7,442,7442,20,2006,2D8GP44L26R6,2,D,8,G,P,4,4,L,2,6,R,6,0,0,0,000000000,00000000000,0,0,0,1,0,0,0,0,0,0,0,50,0,0,0,10,6,2,12,0,0,0,1,24,21113,6,1,0,0,3,0,76,255,0,0,0,0,0,0,0,0,0,0,0,0,0,0,2,3,45,1,1,2,1,0,0,1,62,1,1,2,98,0,0,840
100008_2012,10,100008,1,1,1,7,2,19,29,8,0,1,0,10,1,12,461,12461,21,2009,1FTNE14W79DA,1,F,T,N,E,1,4,W,7,9,D,A,0,0,0,000000000,00000000000,0,0,0,1,0,0,0,0,0,0,0,50,0,0,0,12,6,2,8,0,0,0,1,10,19713,6,1,0,0,3,0,67,132,0,0,0,0,0,0,0,0,0,0,86,0,0,0,2,4,50,1,1,2,1,1,3,1,83,1,1,1,13,0,0,841
100009_2012,10,100009,1,2,2,11,2,14,38,12,6,1,0,10,2,7,20,7020,4,2004,1B3ES56C84D6,1,B,3,E,S,5,6,C,8,4,D,6,0,0,0,000000000,00000000000,0,0,0,1,0,0,0,0,0,0,0,55,0,0,0,12,6,2,12,0,0,0,1,10,19977,6,1,0,0,3,0,64,180,0,0,0,5,2,3,2009,7,2011,0,0,0,0,0,3,4,55,1,1,2,2,20,3,1,66,2,1,2,88,0,0,842
100009_2012,10,100009,2,2,1,11,2,14,38,12,6,1,0,10,1,49,46,49046,4,2010,JTDKN3DU0A00,J,T,D,K,N,3,D,U,0,A,0,0,0,0,0,000000000,00000000000,0,0,0,1,0,0,0,0,0,0,0,55,0,0,0,9,6,2,12,0,0,0,1,10,19730,6,1,0,0,3,3,71,151,0,0,0,1,0,9,2011,9,2011,0,0,0,0,0,3,4,55,1,1,2,2,20,3,1,17,1,1,2,89,1,0,843
100010_2012,10,100010,1,2,1,11,2,19,50,12,2,1,0,10,2,22,19,22019,2,2008,1G2AL18F5872,1,G,2,A,L,1,8,F,5,8,7,2,0,0,0,000000000,00000000000,0,0,0,1,0,0,0,0,0,0,0,50,0,0,0,12,6,2,12,0,0,0,1,10,19958,6,1,0,0,3,0,72,155,0,0,0,0,1,1,2010,1,2010,0,6,36,0,0,1,2,50,1,1,2,2,0,0,15,10,1,2,2,50,0,1,844
100010_2012,10,100010,2,2,2,11,2,19,50,12,2,1,0,10,1,37,32,37032,5,1995,1HGCE1893SA0,1,H,G,C,E,1,8,9,3,S,A,0,0,0,0,000000000,00000000000,0,0,0,1,0,0,0,0,0,0,0,50,0,0,0,12,6,2,12,0,0,0,1,10,19947,6,1,0,0,3,0,61,180,0,0,0,0,0,0,0,0,0,0,0,0,0,0,1,2,50,1,1,2,2,0,0,1,54,1,1,2,51,1,0,845
100011_2012,10,100011,1,1,2,14,2,19,17,42,0,1,0,10,1,20,481,20481,31,2004,1GCEK19T14E3,1,G,C,E,K,1,9,T,1,4,E,3,0,0,0,000000000,00000000000,0,0,0,1,0,0,0,0,0,0,0,999,0,1,6,12,6,2,35,0,0,0,1,10,19808,6,1,0,0,3,0,74,218,0,0,0,0,0,0,0,0,0,0,0,0,0,0,6,8,65,1,1,1,1,0,0,1,12,2,1,5,98,1,0,846
100012_2012,10,100012,1,2,1,20,2,1,0,12,1,1,0,10,1,22,16,22016,4,1994,1G2JB54H2R75,1,G,2,J,B,5,4,H,2,R,7,5,0,0,0,000000000,00000000000,0,0,0,1,0,0,0,0,0,0,0,0,0,0,0,6,6,2,12,0,0,0,1,10,19952,6,1,0,0,3,3,67,107,0,0,0,0,0,0,0,0,0,0,54,0,0,0,3,4,55,1,1,2,1,0,0,5,98,1,9,2,21,1,0,847
100012_2012,10,100012,2,2,2,20,2,1,0,12,1,1,0,10,1,20,421,20421,15,2000,1GNEK13T4YJ1,1,G,N,E,K,1,3,T,4,Y,J,1,0,0,0,000000000,00000000000,0,0,0,1,0,0,0,0,0,0,0,55,0,1,5,12,6,2,34,0,0,0,1,10,19943,6,1,0,0,3,0,62,164,0,0,0,1,0,3,2010,3,2010,0,84,0,0,0,3,4,55,1,1,2,1,0,0,1,50,1,1,1,20,0,0,848
100013_2012,10,100013,1,1,1,25,2,5,32,33,0,1,0,10,1,54,35,54035,4,2003,19UUA56653A0,1,9,U,U,A,5,6,6,5,3,A,0,0,0,0,000000000,00000000000,0,0,0,1,0,0,0,0,0,0,0,50,0,1,5,14,6,2,31,0,0,0,1,10,19720,6,1,0,0,3,0,68,165,0,0,0,0,0,0,0,0,0,1,8,0,0,0,2,6,50,1,1,2,1,0,0,1,11,1,2,5,2,1,1,849
100014_2012,10,100014,1,1,1,1,3,14,7,8,0,1,0,10,1,37,32,37032,4,2005,1HGCM56455A1,1,H,G,C,M,5,6,4,5,5,A,1,0,0,0,000000000,00000000000,0,0,0,1,0,0,0,0,0,0,0,40,0,0,0,12,6,2,8,0,0,0,1,10,19810,6,1,0,0,3,3,71,186,0,0,0,0,0,0,0,0,0,0,80,0,0,0,2,4,40,1,1,2,1,0,0,1,80,1,1,2,13,0,0,850
100015_2012,10,100015,1,2,1,4,3,20,51,12,2,1,0,39,1,12,481,12481,31,2006,1FTSW21P16EA,1,F,T,S,W,2,1,P,1,6,E,A,0,0,0,000000000,00000000000,0,0,0,1,0,0,0,0,0,0,0,40,0,0,0,12,6,2,12,0,0,0,1,39,44060,6,1,0,0,3,0,74,180,0,0,0,1,1,8,2011,8,2011,0,0,0,0,0,1,2,50,2,2,2,1,0,0,14,62,1,1,1,51,0,0,851
100015_2012,10,100015,2,2,1,4,3,20,51,12,2,1,0,10,2,6,43,6043,4,2007,1C3LC56R77N5,1,C,3,L,C,5,6,R,7,7,N,5,0,0,0,000000000,00000000000,0,0,0,1,0,0,0,0,0,0,0,50,0,0,0,12,6,2,12,0,0,0,1,10,19709,2,1,0,0,2,0,71,175,0,2,0,0,0,11,2010,1,2011,0,58,0,0,0,1,2,50,3,2,2,1,0,0,14,10,8,2,2,50,1,1,852
100016_2012,10,100016,1,2,1,7,3,19,25,54,11,1,0,10,1,7,421,7421,15,1987,1B7HD14T5HS3,1,B,7,H,D,1,4,T,5,H,S,3,0,0,0,000000000,00000000000,0,0,0,1,0,0,0,0,0,0,0,55,0,0,0,18,2,1,54,0,0,0,1,10,19952,6,1,0,0,3,0,71,180,0,0,0,0,0,0,0,0,0,0,0,0,0,0,3,4,55,1,1,2,1,0,0,1,90,1,1,1,98,0,0,853
100016_2012,10,100016,2,2,2,7,3,19,25,54,11,1,0,10,1,54,36,54036,4,2003,JH4KA96543C0,J,H,4,K,A,9,6,5,4,3,C,0,0,0,0,000000000,00000000000,0,0,0,1,0,0,0,0,0,0,0,55,0,0,0,12,2,1,54,0,0,0,1,10,19950,6,1,0,0,3,3,68,151,0,0,0,0,0,0,0,0,0,0,0,0,0,0,3,4,55,1,1,2,1,0,0,1,92,1,1,1,98,1,0,854
100017_2012,10,100017,1,1,1,2,4,21,5,43,0,1,0,10,2,53,705,53705,80,2000,JS1GR7HA2Y21,J,S,1,G,R,7,H,A,2,Y,2,1,0,0,0,000000000,00000000000,0,0,0,1,0,0,0,0,0,0,0,999,0,0,0,12,6,2,19,0,0,0,1,10,19720,6,1,0,0,3,0,73,170,0,0,0,0,1,3,2012,3,2012,1,6,37,0,0,1,2,25,3,1,2,1,0,0,14,13,1,2,5,2,1,0,855
100018_2012,10,100018,1,1,1,3,4,17,24,8,0,1,0,24,2,22,20,22020,4,1999,1G2WJ52M2XF3,1,G,2,W,J,5,2,M,2,X,F,3,0,0,0,000000000,00000000000,0,0,0,1,0,0,0,0,0,0,0,65,0,0,0,12,6,2,8,0,0,0,1,24,21901,6,1,0,0,3,0,66,112,0,0,0,2,0,12,2010,12,2010,0,86,0,0,0,3,2,65,1,1,1,1,0,0,17,52,8,1,5,8,0,0,856
100019_2012,10,100019,1,2,2,4,4,21,35,12,6,1,0,10,1,72,706,72706,80,2007,1HD1JD5187Y0,1,H,D,1,J,D,5,1,8,7,Y,0,0,0,0,000000000,00000000000,0,0,0,1,0,0,0,0,0,0,0,42,0,0,0,12,6,2,12,0,0,0,1,10,19701,1,1,0,0,2,0,71,220,0,1,0,0,0,12,2011,12,2011,0,0,0,0,0,1,2,50,1,1,2,1,1,3,1,62,2,2,1,69,2,0,857
100019_2012,10,100019,2,2,3,4,4,21,35,12,6,1,0,10,1,37,32,37032,2,1999,1HGCG2253XA0,1,H,G,C,G,2,2,5,3,X,A,0,0,0,0,000000000,00000000000,0,0,0,1,0,0,0,0,0,0,0,998,0,0,0,1,6,2,12,0,0,0,1,10,19703,6,1,0,0,3,0,65,147,0,0,0,0,1,5,2010,5,2010,0,39,0,0,0,1,2,50,1,1,2,1,1,3,11,15,1,1,1,68,0,0,858