st_case_year,STATE,ST_CASE,VEH_NO,VE_FORMS,NUMOCCS,DAY,MONTH,HOUR,MINUTE,HARM_EV,MAN_COLL,UNITTYPE,HIT_RUN,REG_STAT,OWNER,MAKE,MODEL,MAK_MOD,BODY_TYP,MOD_YEAR,VIN,VIN_1,VIN_2,VIN_3,VIN_4,VIN_5,VIN_6,VIN_7,VIN_8,VIN_9,VIN_10,VIN_11,VIN_12,TOW_VEH,J_KNIFE,MCARR_I1,MCARR_I2,MCARR_ID,GVWR,V_CONFIG,CARGO_BT,HAZ_INV,HAZ_PLAC,HAZ_ID,HAZ_CNO,HAZ_REL,BUS_USE,SPEC_USE,EMER_USE,TRAV_SP,UNDERIDE,ROLLOVER,ROLINLOC,IMPACT1,DEFORMED,TOWED,M_HARM,VEH_SC1,VEH_SC2,FIRE_EXP,DR_PRES,L_STATE,DR_ZIP,L_STATUS,L_TYPE,CDL_STAT,L_ENDORS,L_COMPL,L_RESTRI,DR_HGT,DR_WGT,PREV_ACC,PREV_SUS,PREV_DWI,PREV_SPD,PREV_OTH,FIRST_MO,FIRST_YR,LAST_MO,LAST_YR,SPEEDREL,DR_SF1,DR_SF2,DR_SF3,DR_SF4,VTRAFWAY,VNUM_LAN,VSPD_LIM,VALIGN,VPROFILE,VPAVETYP,VSURCOND,VTRAFCON,VTCONT_F,P_CRASH1,P_CRASH2,P_CRASH3,PCRASH4,PCRASH5,ACC_TYPE,DEATHS,DR_DRINK,idno
240059_2012,24,240059,4,6,1,6,2,17,30,12,6,1,0,24,1,12,401,12401,14,1999,1FMZU34E0XUC,1,F,M,Z,U,3,4,E,0,X,U,C,0,0,0,000000000,00000000000,0,0,0,1,0,0,0,0,0,0,0,998,0,0,0,9,6,2,12,0,0,0,1,24,20744,6,1,0,0,3,0,64,115,0,0,0,0,0,0,0,0,0,0,0,0,0,0,1,2,30,4,2,2,2,0,0,1,62,1,1,1,98,0,0,1088
240059_2012,24,240059,5,6,1,6,2,17,30,12,6,1,0,92,0,37,32,37032,4,1996,1HGCD7257TA0,1,H,G,C,D,7,2,5,7,T,A,0,0,0,0,000000000,00000000000,0,0,0,1,0,0,0,0,0,0,0,998,0,0,0,13,6,2,12,0,0,0,1,51,22306,6,1,0,0,3,0,65,190,0,0,0,0,0,0,0,0,0,0,0,0,0,0,1,2,30,4,2,2,2,0,0,1,62,1,1,1,98,1,0,1089
240059_2012,24,240059,6,6,2,6,2,17,30,12,6,1,0,51,1,49,32,49032,4,2002,2T1BR12E22C5,2,T,1,B,R,1,2,E,2,2,C,5,0,0,0,000000000,00000000000,0,0,0,1,0,0,0,0,0,0,0,998,0,0,0,13,6,2,12,0,0,0,1,51,22150,6,1,0,0,3,0,59,140,0,0,0,2,1,9,2010,1,2012,0,0,0,0,0,1,2,30,4,2,2,2,0,0,1,62,1,1,1,98,0,0,1090
240060_2012,24,240060,1,2,1,17,2,2,41,12,1,1,0,13,2,7,24,7024,4,2008,2B3KA43G38H1,2,B,3,K,A,4,3,G,3,8,H,1,0,0,0,000000000,00000000000,0,0,0,1,0,0,0,0,0,0,0,0,0,0,0,6,6,2,12,0,0,1,1,37,27262,6,1,6,0,3,0,68,999,0,0,0,0,0,0,0,0,0,0,54,0,0,0,3,5,55,1,1,2,1,0,0,5,53,1,1,1,22,1,0,1091
240060_2012,24,240060,2,2,1,17,2,2,41,12,1,1,0,36,3,82,881,82881,66,1999,1FUYDXYB1XPA,1,F,U,Y,D,X,Y,B,1,X,P,A,1,1,57,2263222,572263222,3,6,1,1,0,0,0,0,0,0,0,998,0,0,0,12,6,2,12,0,0,0,1,36,11354,6,1,6,0,3,0,65,999,0,0,0,1,0,6,2010,6,2010,0,0,0,0,0,3,5,55,1,1,2,1,0,0,1,50,6,1,1,20,0,0,1092
240061_2012,24,240061,1,3,1,18,2,22,31,12,1,1,0,10,1,76,706,76706,80,2009,JYARN17EX9A0,J,Y,A,R,N,1,7,E,X,9,A,0,0,0,0,000000000,00000000000,0,0,0,1,0,0,0,0,0,0,0,998,0,0,0,12,6,2,12,0,0,0,1,10,19805,6,1,0,0,3,0,999,999,99,99,99,99,99,99,9999,99,9999,1,0,0,0,0,2,2,55,1,1,2,1,0,0,1,51,1,1,1,24,1,1,1093
240061_2012,24,240061,2,3,1,18,2,22,31,12,1,1,0,34,1,7,24,7024,4,2006,2B3KA43GX6H4,2,B,3,K,A,4,3,G,X,6,H,4,0,0,0,000000000,00000000000,0,0,0,1,0,0,0,0,0,0,0,998,0,0,0,6,2,1,12,0,0,0,1,34,8066,6,1,0,0,3,0,74,999,0,2,0,1,2,9,2009,1,2012,0,0,0,0,0,2,2,55,1,1,2,1,0,0,1,53,1,1,1,25,0,0,1094
240061_2012,24,240061,3,3,1,18,2,22,31,12,1,1,0,10,1,13,1,13001,4,1990,1LNLM83F6LY6,1,L,N,L,M,8,3,F,6,L,Y,6,0,0,0,000000000,00000000000,0,0,0,1,0,0,0,0,0,0,0,998,0,0,0,12,4,3,12,0,0,0,1,10,19708,6,1,0,0,3,0,69,175,0,0,0,0,0,0,0,0,0,0,0,0,0,0,2,2,55,1,1,2,1,0,0,1,60,1,1,1,98,0,0,1095
240062_2012,24,240062,1,2,2,20,2,18,28,33,0,1,0,11,1,34,35,34035,4,1998,WBADD6323WBW,W,B,A,D,D,6,3,2,3,W,B,W,0,0,0,000000000,00000000000,0,0,0,1,0,0,0,0,0,0,0,998,0,1,6,14,6,2,1,0,0,0,1,11,20032,6,1,0,0,3,0,999,999,99,99,99,99,99,99,9999,99,9999,1,0,0,0,0,2,2,40,1,1,2,1,0,0,1,11,1,1,4,1,1,1,1096
240062_2012,24,240062,2,2,1,20,2,18,28,33,0,1,0,24,1,14,401,14401,14,2003,4M2ZU66K23UJ,4,M,2,Z,U,6,6,K,2,3,U,J,0,0,0,000000000,00000000000,0,0,0,1,0,0,0,0,0,0,0,998,0,0,0,6,6,2,55,0,0,0,1,24,20785,6,1,0,0,3,0,73,260,0,0,0,0,0,0,0,0,0,0,0,0,0,0,0,0,0,0,0,0,0,0,0,13,98,1,1,5,98,0,0,1097
240063_2012,24,240063,1,1,1,23,2,23,25,42,0,1,0,24,1,73,706,73706,80,2008,JKAEXMJ108DA,J,K,A,E,X,M,J,1,0,8,D,A,0,0,0,000000000,00000000000,0,0,0,1,0,0,0,0,0,0,0,998,0,0,0,98,6,2,42,0,0,0,1,24,21791,6,1,0,0,3,0,64,155,0,0,0,0,1,9,2011,9,2011,1,0,0,0,0,1,2,35,3,1,2,1,0,0,14,13,1,1,4,1,1,0,1098
240064_2012,24,240064,1,1,2,29,2,16,10,42,0,1,0,24,2,12,401,12401,14,1997,1FMDU35PXVUA,1,F,M,D,U,3,5,P,X,V,U,A,0,0,0,000000000,00000000000,0,0,0,1,0,0,0,0,0,0,0,998,0,0,0,5,6,2,42,0,0,1,1,24,20659,2,1,0,0,2,2,68,240,0,1,0,0,0,5,2010,5,2010,1,74,0,0,0,1,2,30,3,1,2,1,0,0,14,11,1,1,4,1,1,1,1099
240065_2012,24,240065,1,2,2,9,2,13,9,12,6,1,0,24,1,19,3,19003,4,1987,1G6DW51Y4H97,1,G,6,D,W,5,1,Y,4,H,9,7,0,0,0,000000000,00000000000,0,0,0,1,0,0,0,0,0,0,0,998,0,0,0,12,4,1,12,0,0,0,1,24,21219,6,1,0,0,3,0,71,140,0,0,0,0,0,0,0,0,0,0,38,0,0,0,1,4,30,1,1,2,1,0,0,11,15,1,1,1,68,0,0,1100
240065_2012,24,240065,2,2,1,9,2,13,9,12,6,1,0,24,1,55,32,55032,4,1989,KMHLD21J8KU3,K,M,H,L,D,2,1,J,8,K,U,3,0,0,0,000000000,00000000000,0,0,0,1,0,0,0,0,0,0,0,998,0,0,0,11,6,2,12,0,0,0,1,24,21222,6,1,0,0,3,0,64,150,0,0,0,0,0,0,0,0,0,0,0,0,0,0,1,4,30,1,1,2,1,0,0,1,62,1,1,1,69,1,0,1101
240066_2012,24,240066,1,1,1,3,3,1,8,42,0,1,0,24,2,49,32,49032,4,1995,2T1AE09B8SC1,2,T,1,A,E,0,9,B,8,S,C,1,0,0,0,000000000,00000000000,0,0,0,1,0,0,0,0,0,0,0,998,0,0,0,7,6,2,42,0,0,0,1,24,20716,6,1,0,0,3,0,72,188,0,2,0,1,0,12,2011,2,2012,1,87,0,0,0,2,2,50,1,1,2,2,0,0,1,11,1,1,4,1,1,1,1102
240067_2012,24,240067,1,1,1,28,2,14,25,39,0,1,0,24,3,20,481,20481,31,2000,1GCGC29F5YF4,1,G,C,G,C,2,9,F,5,Y,F,4,0,0,0,000000000,00000000000,0,0,0,1,0,0,0,0,0,0,0,998,0,0,0,9,4,3,39,0,0,0,1,11,20010,6,1,0,0,3,0,66,204,0,0,0,0,0,0,0,0,0,0,59,0,0,0,2,2,25,4,2,2,1,0,0,8,12,1,1,4,6,1,0,1103
240068_2012,24,240068,1,1,3,23,3,1,44,30,0,1,0,24,2,55,35,55035,4,2005,KMHDN46D85U9,K,M,H,D,N,4,6,D,8,5,U,9,0,0,0,000000000,00000000000,0,0,0,1,0,0,0,0,0,0,0,998,0,1,5,12,6,2,30,0,0,0,1,24,21032,1,1,0,0,2,2,72,160,0,2,1,1,0,11,2011,2,2012,1,74,0,0,0,1,2,40,3,1,2,1,0,0,14,13,1,1,4,1,1,1,1104
240069_2012,24,240069,1,3,1,2,3,7,41,12,11,1,0,24,1,12,461,12461,21,2005,1FTNE24W35HB,1,F,T,N,E,2,4,W,3,5,H,B,0,0,0,000000000,00000000000,0,0,0,1,0,0,0,0,0,0,0,998,0,1,1,12,6,2,12,0,0,0,1,24,21222,6,1,0,0,3,0,81,155,0,1,0,0,0,10,2011,10,2011,0,28,0,0,0,1,2,45,3,2,2,1,0,0,14,10,1,1,2,66,0,0,1105
240069_2012,24,240069,2,3,2,2,3,7,41,12,11,1,0,24,1,20,37,20037,4,2005,1G1ND52F15M1,1,G,1,N,D,5,2,F,1,5,M,1,0,0,0,000000000,00000000000,0,0,0,1,0,0,0,0,0,0,0,998,0,0,0,11,2,1,12,0,0,0,1,24,21015,6,1,0,0,3,0,64,170,0,0,0,0,0,0,0,0,0,0,0,0,0,0,1,2,45,3,2,2,1,0,0,14,62,7,1,1,66,0,0,1106
240069_2012,24,240069,3,3,1,2,3,7,41,12,11,1,0,24,2,30,42,30042,3,1995,3VWFC81H9SM0,3,V,W,F,C,8,1,H,9,S,M,0,0,0,0,000000000,00000000000,0,0,0,1,0,0,0,0,0,0,0,998,0,0,0,12,6,2,12,0,0,0,1,24,21050,6,1,0,0,3,0,68,155,0,0,0,0,0,0,0,0,0,0,0,0,0,0,1,2,45,3,2,2,1,0,0,14,62,1,1,1,98,1,0,1107
240070_2012,24,240070,1,2,1,6,3,17,12,12,2,1,0,42,1,45,31,45031,2,2011,WP0AD2A93BS7,W,P,0,A,D,2,A,9,3,B,S,7,0,0,0,000000000,00000000000,0,0,0,1,0,0,0,0,0,0,0,998,9,0,0,12,6,2,12,0,0,0,1,42,19350,6,1,0,0,3,0,70,999,0,0,0,0,0,0,0,0,0,0,35,0,0,0,1,2,55,1,1,2,1,0,0,6,10,1,1,2,52,1,0,1108
240070_2012,24,240070,2,2,1,6,3,17,12,12,2,1,0,42,3,82,881,82881,66,2006,1FUBA6CG16LW,1,F,U,B,A,6,C,G,1,6,L,W,1,1,57,113594,57113594,3,6,97,1,0,0,0,0,0,0,0,998,0,0,0,12,6,2,12,0,0,0,1,42,19330,6,1,6,0,3,0,70,999,0,0,0,0,0,0,0,0,0,0,0,0,0,0,1,2,55,1,1,2,1,0,0,1,54,1,1,1,52,0,0,1109
240071_2012,24,240071,1,2,1,6,3,14,53,12,6,1,0,12,1,23,421,23421,15,2003,1GKEK13Z23R2,1,G,K,E,K,1,3,Z,2,3,R,2,0,0,0,000000000,00000000000,0,0,0,1,0,0,0,0,0,0,0,998,0,0,0,12,6,2,12,0,0,0,1,24,20714,6,1,0,0,3,0,74,235,0,0,0,0,0,0,0,0,0,0,39,0,0,0,2,2,40,1,1,2,1,3,3,1,66,1,1,1,88,0,0,1110
240071_2012,24,240071,2,2,1,6,3,14,53,12,6,1,0,24,1,51,43,51043,6,2003,YV1SZ59H1311,Y,V,1,S,Z,5,9,H,1,3,1,1,0,0,0,000000000,00000000000,0,0,0,1,0,0,0,0,0,0,0,998,0,0,0,9,6,2,12,0,0,0,1,24,21037,6,1,0,0,3,0,67,160,0,0,0,0,0,0,0,0,0,0,0,0,0,0,2,2,40,1,1,2,1,3,3,1,17,1,1,1,89,1,0,1111
240072_2012,24,240072,1,3,1,6,3,22,23,12,6,1,0,24,2,12,402,12402,14,2011,1FMCU9EG7BKA,1,F,M,C,U,9,E,G,7,B,K,A,0,0,0,000000000,00000000000,0,0,0,1,0,0,0,0,0,0,0,998,0,0,0,9,6,2,12,0,0,0,1,24,21784,6,1,0,0,3,0,66,112,0,0,0,0,0,0,0,0,0,0,38,39,0,0,3,2,45,1,1,2,1,3,3,1,17,1,1,1,89,1,0,1112
240072_2012,24,240072,2,3,1,6,3,22,23,12,6,1,0,24,2,37,421,37421,15,2006,5FNYF18526B0,5,F,N,Y,F,1,8,5,2,6,B,0,0,0,0,000000000,00000000000,0,0,0,1,0,0,0,0,0,0,0,998,0,0,0,12,6,2,12,0,0,0,1,24,21784,6,1,0,0,3,3,63,120,0,0,0,0,0,0,0,0,0,0,0,0,0,0,3,2,45,1,1,2,1,3,3,1,66,1,1,1,88,0,0,1113
240072_2012,24,240072,3,3,1,6,3,22,23,12,6,1,0,24,1,49,403,49403,14,2004,JTEEP21A6400,J,T,E,E,P,2,1,A,6,4,0,0,0,0,0,000000000,00000000000,0,0,0,1,0,0,0,0,0,0,0,998,0,0,0,12,6,2,12,0,0,0,1,24,21117,6,1,0,0,3,0,64,150,0,0,0,0,0,0,0,0,0,0,0,0,0,0,3,2,45,1,1,2,1,3,3,1,66,1,1,1,98,0,0,1114
240073_2012,24,240073,1,2,1,26,3,11,8,12,8,1,0,36,1,37,441,37441,20,2001,2HKRL18631H5,2,H,K,R,L,1,8,6,3,1,H,5,0,0,0,000000000,00000000000,0,0,0,1,0,0,0,0,0,0,0,998,0,0,0,9,6,2,42,0,0,0,1,36,11795,6,1,0,0,3,0,67,999,0,0,0,0,0,0,0,0,0,0,28,0,0,0,1,2,35,1,1,2,1,0,0,1,10,1,1,2,64,1,0,1115
240073_2012,24,240073,2,2,2,26,3,11,8,12,8,1,0,24,3,84,881,84881,63,2000,1HTSG0006YH2,1,H,T,S,G,0,0,0,6,Y,H,2,0,0,57,01032081,5701032081,3,2,7,1,0,0,0,0,0,0,0,998,0,0,0,7,2,1,12,0,0,0,1,24,21144,6,1,6,0,3,0,65,200,0,0,0,0,0,0,0,0,0,0,0,0,0,0,1,2,35,1,1,2,1,0,0,1,62,1,1,1,65,0,0,1116
240074_2012,24,240074,1,1,1,9,3,1,53,31,0,1,0,11,2,24,1,24001,4,1995,1G8ZH5280SZ3,1,G,8,Z,H,5,2,8,0,S,Z,3,0,0,0,000000000,00000000000,0,0,0,1,0,0,0,0,0,0,0,998,0,0,0,3,6,2,31,0,0,0,1,11,20002,6,1,0,0,3,0,999,999,0,0,0,0,4,10,2010,7,2011,0,99,99,99,99,1,2,35,3,1,2,1,0,0,14,10,1,1,4,6,1,0,1117
240075_2012,24,240075,1,1,2,11,3,19,54,30,0,1,0,24,2,22,2,22002,4,1998,1G2HX52K5W42,1,G,2,H,X,5,2,K,5,W,4,2,0,0,0,000000000,00000000000,0,0,0,1,0,0,0,0,0,0,0,998,0,2,6,6,6,2,1,0,0,0,1,24,21921,1,1,0,0,2,2,68,205,0,1,0,0,0,9,2010,9,2010,1,74,0,0,0,1,2,30,1,1,2,1,0,0,1,13,99,4,4,2,1,1,1118
240076_2012,24,240076,1,1,1,11,3,11,50,41,0,1,0,24,1,72,706,72706,80,2005,1HD1GDV1X5K3,1,H,D,1,G,D,V,1,X,5,K,3,0,0,0,000000000,00000000000,0,0,0,1,0,0,0,0,0,0,0,998,0,0,0,12,6,2,41,0,0,0,1,24,21222,6,1,0,0,3,0,69,280,0,0,0,0,0,0,0,0,0,1,0,0,0,0,3,2,55,4,1,2,1,0,0,1,12,1,1,4,6,1,1,1119
240077_2012,24,240077,1,1,3,12,3,20,54,8,0,1,0,24,2,20,421,20421,15,2005,1GNEK13T35J1,1,G,N,E,K,1,3,T,3,5,J,1,0,0,0,000000000,00000000000,0,0,0,1,0,0,0,0,0,0,0,998,0,0,0,12,6,2,8,0,0,0,1,24,20751,6,1,0,0,3,0,72,260,0,0,0,0,0,0,0,0,0,0,0,0,0,0,1,2,45,1,1,2,1,0,0,1,80,6,1,1,13,0,0,1120
240078_2012,24,240078,1,1,2,18,3,0,46,24,0,1,0,0,0,73,739,73739,90,1999,999999999999,9,9,9,9,9,9,9,9,9,9,9,9,0,0,0,000000000,00000000000,0,0,0,1,0,0,0,0,0,0,0,998,0,0,0,11,6,2,24,0,0,0,1,24,21791,1,1,0,0,2,2,73,185,1,0,0,0,1,11,2010,8,2011,0,74,0,0,0,1,2,25,2,3,2,1,0,0,14,12,1,1,4,6,2,1,1121
240079_2012,24,240079,1,1,1,20,3,1,48,41,0,1,0,51,1,58,37,58037,2,2011,JN1CV6EL7BM2,J,N,1,C,V,6,E,L,7,B,M,2,0,0,0,000000000,00000000000,0,0,0,1,0,0,0,0,0,0,0,998,0,1,6,12,6,2,1,0,0,0,1,51,22601,6,1,0,0,3,0,66,150,0,0,0,0,1,6,2011,6,2011,1,87,0,0,0,3,2,65,1,1,2,2,0,0,1,11,1,1,4,1,1,0,1122
240080_2012,24,240080,1,1,2,21,3,14,6,42,0,1,0,24,3,12,481,12481,31,2004,2FTRF17234CA,2,F,T,R,F,1,7,2,3,4,C,A,0,0,0,000000000,00000000000,0,0,0,1,0,0,0,0,0,0,0,998,0,0,0,12,6,2,42,0,0,0,1,24,21619,6,1,0,0,3,3,68,220,0,0,0,0,0,0,0,0,0,0,0,0,0,0,3,2,65,1,1,2,1,0,0,1,11,1,1,4,1,1,0,1123
240081_2012,24,240081,1,2,2,25,3,11,25,12,6,1,0,24,1,6,51,6051,4,2005,2C3JA53G85H5,2,C,3,J,A,5,3,G,8,5,H,5,0,0,0,000000000,00000000000,0,0,0,1,0,0,0,0,0,0,0,998,0,0,0,3,6,2,12,0,0,0,1,24,21784,6,1,0,0,3,0,69,251,0,0,0,0,0,0,0,0,0,0,38,48,0,0,1,4,45,1,1,2,1,3,3,11,15,1,1,1,68,1,0,1124
240081_2012,24,240081,2,2,1,25,3,11,25,12,6,1,0,24,2,35,39,35039,4,2006,1N4BA41E36C8,1,N,4,B,A,4,1,E,3,6,C,8,0,0,0,000000000,00000000000,0,0,0,1,0,0,0,0,0,0,0,998,0,0,0,12,6,2,12,0,0,0,1,24,21784,6,1,0,0,3,0,72,225,0,0,0,0,0,0,0,0,0,0,0,0,0,0,1,4,45,1,1,2,1,3,3,1,62,1,1,1,69,0,0,1125
240082_2012,24,240082,1,1,1,25,3,16,1,42,0,1,0,42,1,18,7,18007,4,1994,3G4AG55M9RS6,3,G,4,A,G,5,5,M,9,R,S,6,0,0,0,000000000,00000000000,0,0,0,1,0,0,0,0,0,0,0,998,0,0,0,4,6,2,42,0,0,0,1,42,17340,6,1,0,0,3,0,72,999,0,0,0,0,0,0,0,0,0,1,0,0,0,0,1,2,35,3,1,2,1,0,0,14,11,1,1,4,1,1,1,1126
240083_2012,24,240083,1,2,1,17,3,15,10,12,6,1,0,54,1,7,482,7482,31,1999,3B7KF2365XG1,3,B,7,K,F,2,3,6,5,X,G,1,0,0,0,000000000,00000000000,0,0,0,1,0,0,0,0,0,0,0,998,0,0,0,12,6,2,12,0,0,0,1,54,25434,6,1,0,0,3,0,70,170,0,0,0,0,0,0,0,0,0,1,28,6,0,0,1,2,50,1,1,2,1,0,0,2,10,1,1,2,64,0,0,1127
240083_2012,24,240083,2,2,1,17,3,15,10,12,6,1,0,42,1,20,22,20022,2,2009,1G1AK18H5971,1,G,1,A,K,1,8,H,5,9,7,1,0,0,0,000000000,00000000000,0,0,0,1,0,0,0,0,0,0,0,998,0,0,0,9,6,2,12,0,0,0,1,42,15562,6,1,0,0,3,0,70,999,0,0,0,0,0,0,0,0,0,0,0,0,0,0,1,2,50,1,1,2,1,0,0,1,62,1,1,1,65,1,0,1128
240084_2012,24,240084,1,2,2,7,2,8,51,12,2,1,0,24,1,12,37,12037,4,2002,1FAFP33P42W1,1,F,A,F,P,3,3,P,4,2,W,1,0,0,0,000000000,00000000000,0,0,0,1,0,0,0,0,0,0,0,998,0,0,0,12,6,2,12,0,0,0,1,24,21085,6,1,0,0,3,0,68,145,0,0,0,0,0,0,0,0,0,0,28,0,0,0,1,2,40,2,1,2,1,0,0,14,10,1,1,2,50,1,0,1129
240084_2012,24,240084,2,2,1,7,2,8,51,12,2,1,0,24,3,84,981,84981,50,2001,1HVBBAAP41H3,1,H,V,B,B,A,A,P,4,1,H,3,0,0,88,888888888,88888888888,3,21,22,1,0,0,0,0,99,99,0,998,0,0,0,12,6,2,12,0,0,0,1,24,21040,6,1,6,0,3,0,64,230,0,0,0,0,1,6,2011,6,2011,0,0,0,0,0,1,2,40,2,1,2,1,0,0,14,62,2,1,1,51,0,0,1130
240085_2012,24,240085,1,1,2,28,2,3,25,1,0,1,0,37,1,12,37,12037,4,2007,1FAHP38Z47W1,1,F,A,H,P,3,8,Z,4,7,W,1,0,0,0,000000000,00000000000,0,0,0,1,0,0,0,0,0,0,0,998,0,2,6,0,6,2,1,0,0,0,1,37,28216,6,1,0,0,3,0,72,999,0,0,0,0,2,8,2009,8,2009,1,0,0,0,0,1,2,50,2,2,2,1,0,0,14,6,99,9,4,7,1,1,1131
240086_2012,24,240086,1,1,1,25,2,3,20,8,0,1,1,99,9,99,999,99999,99,9999,999999999999,9,9,9,9,9,9,9,9,9,9,9,9,0,0,0,000000000,00000000000,0,0,0,1,0,0,0,0,0,0,0,998,0,0,0,12,4,1,8,0,0,0,1,99,99999,9,9,99,9,9,9,999,999,99,99,99,99,99,99,9999,99,9999,0,99,99,99,99,2,2,98,1,1,2,1,0,0,1,80,1,1,1,13,0,0,1132
240087_2012,24,240087,1,1,1,19,3,3,45,1,0,1,0,24,2,53,706,53706,80,2008,JS1GN7EA3821,J,S,1,G,N,7,E,A,3,8,2,1,0,0,0,000000000,00000000000,0,0,0,1,0,0,0,0,0,0,0,998,0,0,0,0,6,2,1,0,0,0,1,24,21220,6,1,0,0,3,0,70,200,0,0,0,0,0,0,0,0,0,0,99,99,99,99,0,0,0,0,0,0,0,0,0,1,19,99,9,9,98,1,0,1133
240088_2012,24,240088,1,1,1,15,1,16,1,33,0,1,0,24,1,72,706,72706,80,1989,1HD1DBL10KY5,1,H,D,1,D,B,L,1,0,K,Y,5,0,0,0,000000000,00000000000,0,0,0,1,0,0,0,0,0,0,0,998,0,0,0,12,6,2,33,0,0,0,1,24,21102,6,1,0,0,3,0,72,240,0,0,0,0,0,0,0,0,0,0,0,0,0,0,1,2,40,3,1,2,1,0,0,14,12,1,1,4,6,1,1,1134
240089_2012,24,240089,1,1,1,26,1,16,8,11,0,1,0,24,3,23,481,23481,31,2003,1GTEC14V03Z1,1,G,T,E,C,1,4,V,0,3,Z,1,0,0,0,000000000,00000000000,0,0,0,1,0,0,0,0,0,0,0,998,0,0,0,12,6,2,42,0,0,0,1,24,20639,6,1,0,0,3,0,72,200,0,0,0,0,0,0,0,0,0,0,83,0,0,0,1,2,50,4,1,2,1,0,0,14,87,1,1,1,13,1,0,1135
240090_2012,24,240090,1,4,2,5,3,15,34,12,1,1,0,24,1,6,43,6043,2,2002,4C3AG52H22E1,4,C,3,A,G,5,2,H,2,2,E,1,0,0,0,000000000,00000000000,0,0,0,1,0,0,0,0,0,0,0,72,0,1,1,12,6,2,12,0,0,0,1,24,21213,6,1,0,0,3,0,70,162,0,0,0,1,0,3,2010,3,2010,1,28,0,0,0,1,4,30,1,1,2,1,0,0,1,51,7,1,1,24,1,1,1136
240090_2012,24,240090,2,4,2,5,3,15,34,12,1,1,0,24,1,23,421,23421,15,1999,1GKEK13R4XJ7,1,G,K,E,K,1,3,R,4,X,J,7,0,0,0,000000000,00000000000,0,0,0,1,0,0,0,0,0,0,0,998,0,0,0,6,6,2,12,0,0,0,1,24,21213,6,1,0,0,3,0,70,260,0,0,0,0,0,0,0,0,0,0,0,0,0,0,1,4,30,1,1,2,1,0,0,1,53,1,1,1,25,0,0,1137
240090_2012,24,240090,3,4,1,5,3,15,34,12,1,1,0,42,1,23,421,23421,15,2004,1GKEK63U54J2,1,G,K,E,K,6,3,U,5,4,J,2,0,0,0,000000000,00000000000,0,0,0,1,0,0,0,0,0,0,0,998,0,0,0,12,6,2,12,0,0,0,1,24,21040,6,1,0,0,3,0,62,165,0,4,0,1,1,1,2010,2,2012,0,0,0,0,0,1,4,30,1,1,2,1,0,0,1,62,1,1,1,98,0,0,1138
240090_2012,24,240090,4,4,1,5,3,15,34,12,1,1,0,24,1,12,37,12037,4,2006,1FAFP56U36A1,1,F,A,F,P,5,6,U,3,6,A,1,0,0,0,000000000,00000000000,0,0,0,1,0,0,0,0,0,0,0,998,0,0,0,13,4,1,12,0,0,0,1,24,21206,6,1,0,0,3,0,73,161,0,0,0,0,0,0,0,0,0,0,0,0,0,0,1,4,30,1,1,2,1,0,0,1,62,1,1,1,98,0,0,1139
240091_2012,24,240091,1,2,1,1,3,18,28,12,6,1,0,24,0,76,739,76739,90,2011,JY4AM14Y8BC0,J,Y,4,A,M,1,4,Y,8,B,C,0,0,0,0,000000000,00000000000,0,0,0,1,0,0,0,0,0,0,0,998,0,0,0,12,6,2,12,0,0,0,1,24,20743,1,1,0,0,2,2,69,162,0,3,0,0,0,2,2010,2,2012,1,6,18,74,0,1,4,40,1,1,2,1,0,0,1,62,1,1,1,69,1,0,1140
240091_2012,24,240091,2,2,6,1,3,18,28,12,6,1,0,24,2,12,422,12422,15,2006,1FMFU20516LA,1,F,M,F,U,2,0,5,1,6,L,A,0,0,0,000000000,00000000000,0,0,0,1,0,0,0,0,0,0,0,998,0,0,0,1,6,2,12,0,0,0,1,24,20748,6,1,0,0,3,0,76,172,2,0,0,0,1,11,2010,5,2011,0,0,0,0,0,1,4,40,1,1,2,1,0,0,11,15,1,1,1,68,0,0,1141
240092_2012,24,240092,1,1,3,16,3,18,30,8,0,1,1,24,2,63,441,63441,20,2003,KNDUP1310364,K,N,D,U,P,1,3,1,0,3,6,4,0,0,0,000000000,00000000000,0,0,0,1,0,0,0,0,0,0,0,998,0,0,0,12,6,2,8,0,0,0,1,24,21047,6,1,0,0,3,0,64,197,0,0,0,0,0,0,0,0,0,0,0,0,0,0,3,2,30,1,1,2,1,0,0,1,80,1,1,1,13,0,0,1142
240093_2012,24,240093,1,1,1,18,3,0,57,32,0,1,0,24,2,18,21,18021,2,1990,1G4EC13C6LB9,1,G,4,E,C,1,3,C,6,L,B,9,0,0,0,000000000,00000000000,0,0,0,1,0,0,0,0,0,0,0,998,0,1,6,14,6,2,30,0,0,0,1,24,21748,6,2,0,0,3,3,70,170,0,0,0,0,0,0,0,0,0,0,0,0,0,0,1,2,50,1,1,2,1,0,0,1,13,1,1,4,1,1,0,1143
240094_2012,24,240094,1,1,1,31,3,1,51,8,0,1,1,99,9,99,999,99999,99,9999,999999999999,9,9,9,9,9,9,9,9,9,9,9,9,0,0,0,000000000,00000000000,0,0,0,1,0,0,0,0,0,0,0,27,0,0,0,98,4,1,8,0,0,0,1,99,99999,9,9,99,9,9,9,999,999,99,99,99,99,99,99,9999,99,9999,9,99,99,99,99,1,3,40,1,1,2,1,0,0,1,80,1,1,1,13,0,0,1144