st_case_year,STATE,ST_CASE,VEH_NO,VE_FORMS,NUMOCCS,DAY,MONTH,HOUR,MINUTE,HARM_EV,MAN_COLL,UNITTYPE,HIT_RUN,REG_STAT,OWNER,MAKE,MODEL,MAK_MOD,BODY_TYP,MOD_YEAR,VIN,VIN_1,VIN_2,VIN_3,VIN_4,VIN_5,VIN_6,VIN_7,VIN_8,VIN_9,VIN_10,VIN_11,VIN_12,TOW_VEH,J_KNIFE,MCARR_I1,MCARR_I2,MCARR_ID,GVWR,V_CONFIG,CARGO_BT,HAZ_INV,HAZ_PLAC,HAZ_ID,HAZ_CNO,HAZ_REL,BUS_USE,SPEC_USE,EMER_USE,TRAV_SP,UNDERIDE,ROLLOVER,ROLINLOC,IMPACT1,DEFORMED,TOWED,M_HARM,VEH_SC1,VEH_SC2,FIRE_EXP,DR_PRES,L_STATE,DR_ZIP,L_STATUS,L_TYPE,CDL_STAT,L_ENDORS,L_COMPL,L_RESTRI,DR_HGT,DR_WGT,PREV_ACC,PREV_SUS,PREV_DWI,PREV_SPD,PREV_OTH,FIRST_MO,FIRST_YR,LAST_MO,LAST_YR,SPEEDREL,DR_SF1,DR_SF2,DR_SF3,DR_SF4,VTRAFWAY,VNUM_LAN,VSPD_LIM,VALIGN,VPROFILE,VPAVETYP,VSURCOND,VTRAFCON,VTCONT_F,P_CRASH1,P_CRASH2,P_CRASH3,PCRASH4,PCRASH5,ACC_TYPE,DEATHS,DR_DRINK,idno
240134_2012,24,240134,1,1,1,6,5,20,18,39,0,1,0,24,1,47,31,47031,4,1995,YS3DD55B0S20,Y,S,3,D,D,5,5,B,0,S,2,0,0,0,0,000000000,00000000000,0,0,0,1,0,0,0,0,0,0,0,998,0,0,0,12,6,2,30,0,0,0,1,24,21047,6,1,0,0,3,0,65,130,0,0,0,0,0,0,0,0,0,1,0,0,0,0,1,2,40,1,2,2,1,0,0,1,13,1,1,4,1,1,1,1202
240135_2012,24,240135,1,1,1,9,5,17,5,24,0,1,0,12,1,6,51,6051,4,2006,2C3KA53G56H4,2,C,3,K,A,5,3,G,5,6,H,4,0,0,0,000000000,00000000000,0,0,0,1,0,0,0,0,0,0,0,998,0,1,6,12,6,2,42,0,0,0,1,12,34982,6,1,0,0,3,0,69,175,0,0,0,0,0,0,0,0,0,1,0,0,0,0,1,2,55,1,1,2,1,0,0,1,12,1,1,4,6,1,0,1203
240136_2012,24,240136,1,1,1,6,5,15,0,11,0,1,0,24,1,73,706,73706,80,2005,JKAZXCC145A0,J,K,A,Z,X,C,C,1,4,5,A,0,0,0,0,000000000,00000000000,0,0,0,1,0,0,0,0,0,0,0,998,0,0,0,1,6,2,30,0,0,0,1,24,20774,6,1,0,0,3,0,71,265,0,1,0,0,1,9,2011,10,2011,1,83,0,0,0,1,3,45,1,1,2,1,0,0,1,87,1,1,1,13,1,0,1204
240137_2012,24,240137,1,1,1,13,5,18,36,42,0,1,0,24,2,34,34,34034,1,1995,WBABJ5320SJC,W,B,A,B,J,5,3,2,0,S,J,C,0,0,0,000000000,00000000000,0,0,0,1,0,0,0,0,0,0,0,998,0,1,6,12,6,2,42,0,0,0,1,24,21740,6,1,0,0,3,2,69,185,0,0,0,0,0,0,0,0,0,1,74,0,0,0,1,2,35,3,1,2,1,0,0,14,12,99,1,4,6,1,1,1205
240138_2012,24,240138,1,1,1,22,5,23,22,8,0,1,1,24,1,20,2,20002,4,2004,2G1WF52E2494,2,G,1,W,F,5,2,E,2,4,9,4,0,0,0,000000000,00000000000,0,0,0,1,0,0,0,0,0,0,0,998,0,0,0,12,4,1,8,0,0,0,1,24,20748,6,1,0,0,3,0,72,155,0,1,0,1,1,3,2011,1,2012,0,0,0,0,0,3,3,55,1,1,2,1,0,0,1,81,7,1,1,13,0,0,1206
240139_2012,24,240139,1,1,1,11,5,22,54,8,0,1,0,24,1,42,401,42401,14,2001,4JGAB54E41A2,4,J,G,A,B,5,4,E,4,1,A,2,0,0,0,000000000,00000000000,0,0,0,1,0,0,0,0,0,0,0,998,0,0,0,12,6,2,8,0,0,0,1,24,20735,6,1,0,0,3,0,67,200,0,2,0,0,0,1,2010,7,2010,0,0,0,0,0,1,2,30,1,1,2,1,0,0,1,80,99,9,1,13,0,1,1207
240140_2012,24,240140,1,2,1,12,5,21,19,12,99,1,0,10,3,85,881,85881,66,2004,1XKADU9X34J0,1,X,K,A,D,U,9,X,3,4,J,0,1,1,57,1128928,571128928,3,6,1,1,0,0,0,0,0,0,0,998,0,0,0,7,2,3,12,0,0,0,1,10,19734,6,1,6,0,3,0,71,200,0,0,0,0,0,0,0,0,0,0,38,0,0,0,1,4,35,1,1,2,1,0,0,11,15,1,1,1,76,0,0,1208
240140_2012,24,240140,2,2,1,12,5,21,19,12,99,1,0,24,1,98,709,98709,88,2008,LHJLC79F38B0,L,H,J,L,C,7,9,F,3,8,B,0,0,0,0,000000000,00000000000,0,0,0,1,0,0,0,0,0,0,0,998,0,0,0,99,6,2,12,0,0,0,1,24,20735,6,1,0,0,3,0,73,218,0,0,0,0,0,0,0,0,0,0,0,0,0,0,1,4,35,1,1,2,1,0,0,1,70,1,1,1,77,1,1,1209
240141_2012,24,240141,1,2,1,18,5,17,11,12,2,1,0,24,1,37,31,37031,2,2001,1HGEM21911L1,1,H,G,E,M,2,1,9,1,1,L,1,0,0,0,000000000,00000000000,0,0,0,1,0,0,0,0,0,0,0,998,0,0,0,12,6,2,12,0,0,0,1,24,21719,6,1,0,0,3,0,69,150,0,0,0,0,1,11,2010,11,2010,0,28,0,0,0,1,2,55,1,1,2,1,0,0,1,10,1,1,2,50,1,0,1210
240141_2012,24,240141,2,2,1,18,5,17,11,12,2,1,0,18,3,84,881,84881,66,2005,2HSCHAPR85C0,2,H,S,C,H,A,P,R,8,5,C,0,1,1,57,265752,57265752,3,6,1,1,0,0,0,0,0,0,0,998,0,0,0,12,6,2,12,0,0,0,1,24,21713,6,1,6,0,3,0,69,180,0,0,0,0,1,2,2012,2,2012,0,0,0,0,0,1,2,55,1,1,2,1,0,0,1,62,1,1,1,51,0,0,1211
240142_2012,24,240142,1,1,1,16,5,23,29,30,0,1,0,24,1,72,706,72706,80,2008,1HD1GM4168K3,1,H,D,1,G,M,4,1,6,8,K,3,0,0,0,000000000,00000000000,0,0,0,1,0,0,0,0,0,0,0,998,0,0,0,12,6,2,30,0,0,0,1,24,21085,6,1,0,0,3,0,69,158,0,0,0,0,0,0,0,0,0,1,0,0,0,0,1,2,50,3,2,2,1,0,0,14,13,1,1,4,1,1,1,1212
240143_2012,24,240143,1,1,1,20,5,18,16,31,0,1,0,24,1,37,706,37706,80,2002,JH2SC50052M0,J,H,2,S,C,5,0,0,5,2,M,0,0,0,0,000000000,00000000000,0,0,0,1,0,0,0,0,0,0,0,998,0,0,0,9,6,2,31,0,0,0,1,24,21797,6,1,0,0,3,0,72,205,0,0,0,0,0,0,0,0,0,1,0,0,0,0,1,2,50,3,2,2,1,0,0,14,13,1,1,4,1,1,1,1213
240144_2012,24,240144,1,1,1,24,3,20,14,8,0,1,0,24,1,51,43,51043,1,2004,YV1NC63D44J0,Y,V,1,N,C,6,3,D,4,4,J,0,0,0,0,000000000,00000000000,0,0,0,1,0,0,0,0,0,0,0,998,0,0,0,12,4,1,8,0,0,0,1,24,20902,6,1,0,0,3,0,64,170,0,0,0,0,0,0,0,0,0,0,87,0,0,0,2,2,50,1,1,2,2,0,0,1,80,1,1,1,13,0,0,1214
240145_2012,24,240145,1,1,1,21,4,22,9,33,0,1,0,24,1,35,47,35047,4,2006,1N4AL11D46N4,1,N,4,A,L,1,1,D,4,6,N,4,0,0,0,000000000,00000000000,0,0,0,1,0,0,0,0,0,0,0,998,0,0,0,14,6,2,42,0,0,0,1,24,20877,6,1,0,0,3,3,70,175,0,0,0,0,0,0,0,0,0,9,0,0,0,0,2,3,35,3,2,2,1,0,0,14,12,99,9,4,6,1,1,1215
240146_2012,24,240146,1,2,1,6,5,15,4,12,6,1,0,24,1,37,706,37706,80,2007,JH2PC40037M0,J,H,2,P,C,4,0,0,3,7,M,0,0,0,0,000000000,00000000000,0,0,0,1,0,0,0,0,0,0,0,998,0,0,0,12,6,2,12,0,0,0,1,24,21401,6,1,0,0,3,0,72,170,0,0,0,2,0,2,2011,1,2012,1,0,0,0,0,2,3,50,1,1,2,1,0,0,1,62,1,1,1,69,1,0,1216
240146_2012,24,240146,2,2,1,6,5,15,4,12,6,1,0,24,1,20,471,20471,30,2001,1GCCS1952181,1,G,C,C,S,1,9,5,2,1,8,1,0,0,0,000000000,00000000000,0,0,0,1,0,0,0,0,0,0,0,998,0,0,0,1,6,2,12,0,0,0,1,24,20785,6,1,0,0,3,3,72,211,0,0,0,0,0,0,0,0,0,0,0,0,0,0,2,3,50,1,1,2,1,0,0,11,15,1,1,1,68,0,0,1217
240147_2012,24,240147,1,2,2,17,5,16,7,12,2,1,0,24,1,20,404,20404,14,2012,2GNALBEKXC12,2,G,N,A,L,B,E,K,X,C,1,2,0,0,0,000000000,00000000000,0,0,0,1,0,0,0,0,0,0,0,998,0,0,0,12,6,2,12,0,0,0,1,24,21157,6,1,0,0,3,0,66,150,0,0,0,0,0,0,0,0,0,0,38,0,0,0,1,2,30,1,2,2,1,20,3,1,17,1,1,1,90,1,0,1218
240147_2012,24,240147,2,2,1,17,5,16,7,12,2,1,0,24,2,6,442,6442,20,2000,1C4GJ44G7YB7,1,C,4,G,J,4,4,G,7,Y,B,7,0,0,0,000000000,00000000000,0,0,0,1,0,0,0,0,0,0,0,998,0,0,0,12,6,2,12,0,0,0,1,24,21104,6,1,0,0,3,0,62,138,0,0,0,0,0,0,0,0,0,0,0,0,0,0,1,4,55,1,2,2,1,0,0,1,66,1,1,1,90,0,0,1219
240148_2012,24,240148,1,1,1,28,5,1,21,8,0,1,1,51,1,38,402,38402,14,1995,4S2CM58V4S43,4,S,2,C,M,5,8,V,4,S,4,3,0,0,0,000000000,00000000000,0,0,0,1,0,0,0,0,0,0,0,998,0,0,0,12,4,1,8,0,0,0,1,51,22079,6,1,0,0,3,0,68,180,0,0,0,0,1,3,2010,3,2010,0,39,0,0,0,3,4,40,1,1,2,1,98,2,1,80,6,1,1,13,0,1,1220
240149_2012,24,240149,1,3,1,18,5,2,35,12,1,1,0,24,1,20,37,20037,4,2002,1G1NE52J42M6,1,G,1,N,E,5,2,J,4,2,M,6,0,0,0,000000000,00000000000,0,0,0,1,0,0,0,0,0,0,0,998,0,0,0,12,6,2,12,0,0,0,1,24,20720,6,1,0,0,3,0,69,150,0,1,0,0,0,3,2010,3,2010,1,0,0,0,0,2,3,40,1,1,2,1,0,0,1,50,4,1,1,20,0,1,1221
240149_2012,24,240149,2,3,2,18,5,2,35,12,1,1,0,24,1,20,22,20022,4,2008,1G1AL58F8873,1,G,1,A,L,5,8,F,8,8,7,3,0,0,0,000000000,00000000000,0,0,0,1,0,0,0,0,0,0,0,0,0,0,0,6,6,2,12,0,0,0,1,24,20748,6,1,0,0,3,0,62,125,0,0,0,0,0,0,0,0,0,0,0,0,0,0,2,3,40,1,1,2,1,3,3,5,53,1,1,1,21,1,0,1222
240149_2012,24,240149,3,3,1,18,5,2,35,12,1,1,0,24,1,35,47,35047,4,2000,1N4DL01D4YC1,1,N,4,D,L,0,1,D,4,Y,C,1,0,0,0,000000000,00000000000,0,0,0,1,0,0,0,0,0,0,0,0,0,0,0,9,6,2,12,0,0,0,1,24,20708,6,1,0,0,3,0,70,195,0,0,0,2,3,6,2010,6,2010,0,0,0,0,0,2,3,40,1,1,2,1,3,3,5,60,1,1,1,98,0,0,1223
240150_2012,24,240150,1,2,1,28,5,22,58,12,98,1,0,24,1,20,36,20036,2,2003,2G1WW12E9392,2,G,1,W,W,1,2,E,9,3,9,2,0,0,0,000000000,00000000000,0,0,0,1,0,0,0,0,0,0,0,998,0,2,5,98,6,2,1,0,0,0,1,24,20736,6,1,0,0,3,0,68,145,0,2,0,1,6,2,2010,5,2012,1,29,0,0,0,2,4,55,1,1,2,1,0,0,15,11,99,9,2,99,1,1,1224
240150_2012,24,240150,2,2,1,28,5,22,58,12,98,1,0,13,1,49,32,49032,4,2008,1NXBR32E78Z9,1,N,X,B,R,3,2,E,7,8,Z,9,0,0,0,000000000,00000000000,0,0,0,1,0,0,0,0,0,0,0,998,0,0,0,11,6,2,12,0,0,0,1,13,30045,6,1,0,0,3,0,66,165,98,0,0,0,0,0,0,0,0,0,0,0,0,0,3,4,55,1,1,2,1,0,0,1,60,1,1,1,99,0,0,1225
240151_2012,24,240151,1,2,1,30,5,21,49,1,0,1,0,24,1,73,706,73706,80,2010,JKBZXNC13AA0,J,K,B,Z,X,N,C,1,3,A,A,0,0,0,0,000000000,00000000000,0,0,0,1,0,0,0,0,0,0,0,998,0,0,0,0,6,2,12,0,0,0,1,24,21117,6,1,0,0,3,0,74,207,0,0,0,0,0,0,0,0,0,1,0,0,0,0,6,2,55,1,2,1,1,0,0,1,51,4,9,1,98,1,0,1226
240151_2012,24,240151,2,2,1,30,5,21,49,1,0,1,0,24,2,49,40,49040,4,2011,4T1BF3EKXBU2,4,T,1,B,F,3,E,K,X,B,U,2,0,0,0,000000000,00000000000,0,0,0,1,0,0,0,0,0,0,0,998,0,0,0,6,2,3,12,0,0,0,1,24,21117,6,1,0,0,3,0,71,200,0,1,0,2,1,10,2010,3,2012,0,0,0,0,0,6,2,55,1,2,1,1,0,0,1,53,1,1,1,98,0,0,1227
240152_2012,24,240152,1,1,1,5,5,20,46,8,0,1,1,99,9,99,999,99999,99,9999,999999999999,9,9,9,9,9,9,9,9,9,9,9,9,0,0,0,000000000,00000000000,0,0,0,1,0,0,0,0,0,0,0,998,0,0,0,12,2,1,8,0,0,0,1,99,99999,9,9,99,9,9,9,999,999,99,99,99,99,99,99,9999,99,9999,0,99,99,99,99,2,3,35,1,1,2,1,0,0,1,80,1,1,1,13,0,0,1228
240153_2012,24,240153,1,2,2,31,5,14,8,12,6,1,0,24,2,12,17,12017,4,1991,1FACP54Y7MA2,1,F,A,C,P,5,4,Y,7,M,A,2,0,0,0,000000000,00000000000,0,0,0,1,0,0,0,0,0,0,0,998,0,0,0,3,6,2,30,0,0,0,1,24,21042,6,1,0,0,3,3,66,213,0,0,0,1,0,3,2011,3,2011,1,33,0,0,0,1,2,35,1,1,2,1,0,0,6,61,1,1,1,73,1,0,1229
240153_2012,24,240153,2,2,2,31,5,14,8,12,6,1,0,24,2,12,3,12003,2,1994,1FALP4043RF1,1,F,A,L,P,4,0,4,3,R,F,1,0,0,0,000000000,00000000000,0,0,0,1,0,0,0,0,0,0,0,998,0,0,0,12,6,2,12,0,0,0,1,24,21797,6,1,0,0,3,0,68,120,0,0,0,0,0,0,0,0,0,0,0,0,0,0,1,2,35,1,1,2,1,0,0,11,15,1,1,1,72,0,0,1230
240154_2012,24,240154,1,1,1,3,5,6,29,9,0,1,0,24,1,49,40,49040,4,2011,4T1BF3EK8BU2,4,T,1,B,F,3,E,K,8,B,U,2,0,0,0,000000000,00000000000,0,0,0,1,0,0,0,0,0,0,0,998,0,0,0,12,2,3,9,0,0,0,1,24,21770,6,1,0,0,3,0,68,160,0,0,0,0,0,0,0,0,0,0,99,99,99,99,1,2,40,1,1,2,1,0,0,1,83,99,9,1,13,0,0,1231
240155_2012,24,240155,1,1,1,10,5,1,43,42,0,1,0,24,1,12,471,12471,30,2004,1FTYR10D74PA,1,F,T,Y,R,1,0,D,7,4,P,A,0,0,0,000000000,00000000000,0,0,0,1,0,0,0,0,0,0,0,998,0,0,0,9,6,2,42,0,0,0,1,24,21060,6,1,0,0,3,0,70,143,0,0,0,0,0,0,0,0,0,1,87,0,0,0,3,3,50,2,1,2,2,0,0,14,11,99,9,4,1,1,1,1232
240156_2012,24,240156,1,2,1,17,1,20,34,12,2,1,0,17,1,49,32,49032,4,2000,1NXBR12E8YZ3,1,N,X,B,R,1,2,E,8,Y,Z,3,0,0,0,000000000,00000000000,0,0,0,1,0,0,0,0,0,0,0,998,0,0,0,12,6,2,12,0,0,0,1,17,60491,6,1,0,0,3,0,60,100,0,0,0,0,0,0,0,0,0,0,51,0,0,0,3,3,50,1,1,2,1,0,0,1,54,1,1,1,52,1,1,1233
240156_2012,24,240156,2,2,1,17,1,20,34,12,2,1,0,24,1,42,48,42048,4,2004,WDBNG75J64A0,W,D,B,N,G,7,5,J,6,4,A,0,0,0,0,000000000,00000000000,0,0,0,1,0,0,0,0,0,0,0,998,0,0,0,12,6,2,12,0,0,0,1,24,21114,6,1,0,0,3,3,74,205,0,0,0,0,0,0,0,0,0,0,0,0,0,0,3,3,50,1,1,2,1,0,0,1,54,7,1,1,52,0,0,1234
240157_2012,24,240157,1,1,1,31,5,3,13,30,0,1,0,24,2,14,6,14006,4,2001,2MEFM75W91X6,2,M,E,F,M,7,5,W,9,1,X,6,0,0,0,000000000,00000000000,0,0,0,1,0,0,0,0,0,0,0,998,0,0,0,12,6,2,30,0,0,1,1,24,20747,6,1,0,0,3,9,67,165,0,0,0,0,0,0,0,0,0,1,0,0,0,0,1,4,35,1,1,2,1,0,0,1,13,7,9,4,2,1,1,1235
240158_2012,24,240158,1,2,1,10,5,14,32,12,2,1,0,24,1,49,472,49472,30,2010,5TELU4EN6AZ6,5,T,E,L,U,4,E,N,6,A,Z,6,0,0,0,000000000,00000000000,0,0,0,1,0,0,0,0,0,0,0,998,0,1,6,12,6,2,34,0,0,0,1,24,20744,6,1,0,0,3,0,70,160,0,0,0,1,1,10,2010,8,2011,1,28,0,0,0,1,2,35,2,2,2,1,0,0,14,6,1,1,2,50,1,0,1236
240158_2012,24,240158,2,2,1,10,5,14,32,12,2,1,0,24,2,20,441,20441,20,1997,1GCDM19W5VB1,1,G,C,D,M,1,9,W,5,V,B,1,0,0,0,000000000,00000000000,0,0,0,1,0,0,0,0,0,0,0,998,0,0,0,12,6,2,12,0,0,0,1,24,20735,6,1,0,0,3,0,70,190,0,0,0,0,0,0,0,0,0,0,0,0,0,0,1,2,35,2,2,2,1,0,0,14,62,7,1,1,51,0,0,1237
240159_2012,24,240159,1,2,1,16,5,7,35,12,1,1,0,24,1,6,43,6043,1,2000,3C3EL45H0YT2,3,C,3,E,L,4,5,H,0,Y,T,2,0,0,0,000000000,00000000000,0,0,0,1,0,0,0,0,0,0,0,998,0,0,0,12,6,2,12,0,0,0,1,24,20832,6,1,0,0,3,0,67,140,0,0,0,2,0,9,2010,9,2010,1,26,0,0,0,2,4,40,1,1,2,1,0,0,1,50,1,1,1,20,1,0,1238
240159_2012,24,240159,2,2,1,16,5,7,35,12,1,1,0,24,1,12,17,12017,4,2005,1FAFP56U85A2,1,F,A,F,P,5,6,U,8,5,A,2,0,0,0,000000000,00000000000,0,0,0,1,0,0,0,0,0,0,0,0,0,0,0,6,2,3,12,0,0,0,1,24,20850,6,1,0,0,3,0,64,120,0,0,0,0,0,0,0,0,0,0,0,0,0,0,2,4,40,1,1,2,1,0,0,5,53,1,1,1,21,0,0,1239
240160_2012,24,240160,1,1,1,4,6,0,59,42,0,1,0,24,1,12,481,12481,31,1995,1FTEX14N8SKA,1,F,T,E,X,1,4,N,8,S,K,A,0,0,0,000000000,00000000000,0,0,0,1,0,0,0,0,0,0,0,998,0,0,0,12,6,2,42,0,0,1,1,24,21629,6,1,0,0,3,0,66,160,0,0,0,1,1,10,2011,3,2012,0,0,0,0,0,1,2,50,1,1,2,2,0,0,1,12,99,9,4,10,1,0,1240
240161_2012,24,240161,1,1,1,7,6,12,17,42,0,1,0,24,1,7,472,7472,30,1989,1B7GL26X5KS0,1,B,7,G,L,2,6,X,5,K,S,0,0,0,0,000000000,00000000000,0,0,0,1,0,0,0,0,0,0,0,998,0,0,0,12,6,2,42,0,0,1,1,24,21651,6,1,0,0,3,0,70,200,0,0,0,0,0,0,0,0,0,0,0,0,0,0,2,2,55,1,1,2,1,0,0,1,13,1,1,4,1,1,0,1241
240162_2012,24,240162,1,3,2,4,6,23,11,12,1,1,0,45,1,72,706,72706,80,2002,1HD1FDV152Y6,1,H,D,1,F,D,V,1,5,2,Y,6,0,0,0,000000000,00000000000,0,0,0,1,0,0,0,0,0,0,0,998,0,0,0,12,6,2,12,0,0,0,1,24,20657,6,1,0,0,3,0,72,200,0,1,0,0,0,6,2010,6,2010,1,26,89,0,0,1,2,50,3,1,2,1,0,0,14,51,1,1,1,24,2,1,1242
240162_2012,24,240162,2,3,2,4,6,23,11,12,1,1,0,24,1,2,404,2404,14,2000,1J4GW48S4YC3,1,J,4,G,W,4,8,S,4,Y,C,3,0,0,0,000000000,00000000000,0,0,0,1,0,0,0,0,0,0,0,998,0,0,0,6,6,2,12,0,0,0,1,24,20685,6,1,0,0,3,0,66,120,0,0,0,1,0,8,2010,8,2010,0,0,0,0,0,1,2,50,3,1,2,1,0,0,14,53,1,1,1,25,0,0,1243
240162_2012,24,240162,3,3,1,4,6,23,11,12,1,1,0,24,2,12,17,12017,4,2003,1FAFP53U33A1,1,F,A,F,P,5,3,U,3,3,A,1,0,0,0,000000000,00000000000,0,0,0,1,0,0,0,0,0,0,0,998,0,0,0,12,6,2,12,0,0,0,1,24,20774,6,1,0,0,3,0,72,148,0,2,0,0,1,10,2010,2,2012,0,26,0,0,0,1,2,50,3,1,2,1,0,0,14,98,6,9,2,98,0,1,1244
240163_2012,24,240163,1,2,1,8,6,22,16,12,6,1,0,18,3,85,881,85881,66,2008,1XKDA48X58J2,1,X,K,D,A,4,8,X,5,8,J,2,2,1,57,239039,57239039,3,7,1,1,0,0,0,0,0,0,0,998,0,0,0,8,4,1,12,0,0,0,1,10,19973,6,1,6,1,3,0,71,185,0,0,0,0,0,0,0,0,0,0,38,0,0,0,1,2,55,1,1,2,1,0,0,11,15,1,1,1,82,0,0,1245
240163_2012,24,240163,2,2,1,8,6,22,16,12,6,1,0,10,1,72,706,72706,80,2010,1HD1GY417AC3,1,H,D,1,G,Y,4,1,7,A,C,3,0,0,0,000000000,00000000000,0,0,0,1,0,0,0,0,0,0,0,998,0,0,0,12,6,2,12,0,0,0,1,10,19973,6,1,0,0,3,0,70,165,0,0,1,1,0,10,2010,1,2012,0,0,0,0,0,1,2,55,1,1,2,1,0,0,1,67,1,9,1,83,1,0,1246
240164_2012,24,240164,1,1,1,28,6,5,30,8,0,1,0,24,1,12,461,12461,21,2008,1FTNE14W08DA,1,F,T,N,E,1,4,W,0,8,D,A,0,0,0,000000000,00000000000,0,0,0,1,0,0,0,0,0,0,0,998,0,0,0,12,4,3,8,0,0,0,1,24,20783,6,1,0,0,3,0,70,190,0,0,0,0,0,0,0,0,0,0,0,0,0,0,1,4,35,1,1,2,1,0,0,1,80,1,1,1,13,0,0,1247
240165_2012,24,240165,1,1,1,3,6,4,17,30,0,1,0,24,2,49,32,49032,4,2011,4T1BF3EK5BU6,4,T,1,B,F,3,E,K,5,B,U,6,0,0,0,000000000,00000000000,0,0,0,1,0,0,0,0,0,0,0,998,0,0,0,12,6,2,30,0,0,0,1,24,21784,6,1,0,0,3,0,64,120,0,1,0,2,0,4,2011,4,2012,1,0,0,0,0,1,2,35,1,3,2,1,0,0,1,12,1,1,4,6,1,0,1248
240166_2012,24,240166,1,1,1,3,6,23,44,3,0,1,0,24,1,19,3,19003,4,2004,1G6KD54Y54U1,1,G,6,K,D,5,4,Y,5,4,U,1,0,0,0,000000000,00000000000,0,0,0,1,0,0,0,0,0,0,0,998,0,0,0,0,6,2,3,0,0,0,1,24,21555,6,1,0,0,3,2,70,160,0,0,0,0,0,0,0,0,0,0,28,74,0,0,1,2,25,1,1,2,1,0,0,1,98,1,1,4,0,1,1,1249
240167_2012,24,240167,1,1,1,8,6,19,33,31,0,1,0,24,1,20,22,20022,4,2006,1G1AK55F5678,1,G,1,A,K,5,5,F,5,6,7,8,0,0,0,000000000,00000000000,0,0,0,1,0,0,0,0,0,0,0,998,0,0,0,12,6,2,31,0,0,0,1,24,21502,6,1,0,0,3,0,64,148,0,0,0,0,0,0,0,0,0,0,39,0,0,0,1,2,40,1,1,2,1,0,0,1,14,1,1,4,14,1,0,1250
240168_2012,24,240168,1,3,3,9,6,2,47,12,1,1,0,24,1,7,28,7028,2,2009,2B3LJ54T79H6,2,B,3,L,J,5,4,T,7,9,H,6,0,0,0,000000000,00000000000,0,0,0,1,0,0,0,0,0,0,0,120,1,0,0,12,6,2,12,0,0,1,1,24,20744,6,1,0,0,3,0,68,130,0,1,0,1,1,7,2011,9,2011,1,28,0,0,0,3,3,55,1,1,2,1,0,0,1,11,1,1,2,24,2,1,1251
240168_2012,24,240168,2,3,2,9,6,2,47,12,1,1,0,34,3,20,22,20022,2,2010,1G1AH1F58A72,1,G,1,A,H,1,F,5,8,A,7,2,0,0,0,000000000,00000000000,0,0,0,1,0,0,0,0,0,0,0,998,0,0,0,6,6,2,12,0,0,0,1,34,8736,6,1,0,0,3,0,73,999,0,0,0,1,2,5,2010,2,2012,0,0,0,0,0,3,3,55,1,1,2,1,0,0,1,60,1,1,1,25,0,0,1252
240168_2012,24,240168,3,3,1,9,6,2,47,12,1,1,0,51,3,84,881,84881,66,2000,2HSCEAMR9YC0,2,H,S,C,E,A,M,R,9,Y,C,0,1,1,57,45687,5745687,3,6,1,1,0,0,0,0,0,0,0,998,0,0,0,6,6,2,12,0,0,0,1,51,22405,6,1,6,0,3,0,70,188,0,0,0,0,0,0,0,0,0,0,0,0,0,0,3,3,55,1,1,2,1,0,0,1,60,1,1,1,98,0,0,1253
240169_2012,24,240169,1,1,2,12,6,23,49,8,0,1,0,24,1,30,40,30040,4,2008,3VWRJ71K28M1,3,V,W,R,J,7,1,K,2,8,M,1,0,0,0,000000000,00000000000,0,0,0,1,0,0,0,0,0,0,0,998,0,0,0,12,6,2,8,0,0,0,1,24,21793,6,1,0,0,3,0,72,170,0,0,0,1,0,4,2010,4,2010,0,0,0,0,0,2,2,50,1,1,2,2,0,0,1,80,1,1,1,13,0,0,1254
240170_2012,24,240170,1,2,1,9,6,13,9,12,2,1,0,54,1,49,40,49040,4,1988,JT2AE92E0J31,J,T,2,A,E,9,2,E,0,J,3,1,0,0,0,000000000,00000000000,0,0,0,1,0,0,0,0,0,0,0,998,0,0,0,12,6,2,12,0,0,0,1,54,25411,6,1,0,0,3,0,71,175,0,0,0,0,0,0,0,0,0,0,28,0,0,0,1,2,35,1,1,2,1,0,0,1,11,1,1,2,50,1,1,1255
240170_2012,24,240170,2,2,1,9,6,13,9,12,2,1,0,18,3,82,881,82881,66,2012,1FULGLBG9CLB,1,F,U,L,G,L,B,G,9,C,L,B,1,1,57,74432,5774432,3,6,1,1,0,0,0,0,0,0,0,998,0,0,0,12,6,2,12,0,0,0,1,51,23803,6,1,6,0,3,0,69,210,1,0,0,1,0,1,2010,3,2010,0,0,0,0,0,1,2,35,1,1,2,1,0,0,1,62,1,1,1,51,0,0,1256
240171_2012,24,240171,1,2,1,14,6,1,37,12,2,1,0,12,1,55,36,55036,4,2007,KMHCM36C57U0,K,M,H,C,M,3,6,C,5,7,U,0,0,0,0,000000000,00000000000,0,0,0,1,0,0,0,0,0,0,0,998,0,0,0,12,6,2,12,0,0,0,1,12,33045,6,1,0,0,3,0,62,999,0,0,0,0,0,0,0,0,0,0,51,39,0,0,3,3,65,1,2,2,1,0,0,1,54,1,1,1,52,1,1,1257
240171_2012,24,240171,2,2,1,14,6,1,37,12,2,1,0,24,1,37,32,37032,4,2002,1HGCF86612A1,1,H,G,C,F,8,6,6,1,2,A,1,0,0,0,000000000,00000000000,0,0,0,1,0,0,0,0,0,0,0,998,0,0,0,12,6,2,12,0,0,0,1,24,21061,6,1,0,0,3,0,64,175,0,2,0,0,1,4,2010,10,2011,0,0,0,0,0,3,3,65,1,2,2,1,0,0,1,54,1,1,1,52,1,0,1258