st_case_year,STATE,ST_CASE,VEH_NO,VE_FORMS,NUMOCCS,DAY,MONTH,HOUR,MINUTE,HARM_EV,MAN_COLL,UNITTYPE,HIT_RUN,REG_STAT,OWNER,MAKE,MODEL,MAK_MOD,BODY_TYP,MOD_YEAR,VIN,VIN_1,VIN_2,VIN_3,VIN_4,VIN_5,VIN_6,VIN_7,VIN_8,VIN_9,VIN_10,VIN_11,VIN_12,TOW_VEH,J_KNIFE,MCARR_I1,MCARR_I2,MCARR_ID,GVWR,V_CONFIG,CARGO_BT,HAZ_INV,HAZ_PLAC,HAZ_ID,HAZ_CNO,HAZ_REL,BUS_USE,SPEC_USE,EMER_USE,TRAV_SP,UNDERIDE,ROLLOVER,ROLINLOC,IMPACT1,DEFORMED,TOWED,M_HARM,VEH_SC1,VEH_SC2,FIRE_EXP,DR_PRES,L_STATE,DR_ZIP,L_STATUS,L_TYPE,CDL_STAT,L_ENDORS,L_COMPL,L_RESTRI,DR_HGT,DR_WGT,PREV_ACC,PREV_SUS,PREV_DWI,PREV_SPD,PREV_OTH,FIRST_MO,FIRST_YR,LAST_MO,LAST_YR,SPEEDREL,DR_SF1,DR_SF2,DR_SF3,DR_SF4,VTRAFWAY,VNUM_LAN,VSPD_LIM,VALIGN,VPROFILE,VPAVETYP,VSURCOND,VTRAFCON,VTCONT_F,P_CRASH1,P_CRASH2,P_CRASH3,PCRASH4,PCRASH5,ACC_TYPE,DEATHS,DR_DRINK,idno
240172_2012,24,240172,1,2,1,14,6,22,22,12,6,1,0,24,1,13,1,13001,4,2005,2G1WF52E0591,2,G,1,W,F,5,2,E,0,5,9,1,0,0,0,000000000,00000000000,0,0,0,1,0,0,0,0,0,0,0,998,0,0,0,8,4,3,12,0,0,0,1,24,20743,6,1,0,0,3,0,71,215,0,1,0,0,3,4,2010,1,2012,0,38,0,0,0,3,2,30,1,1,2,1,20,3,11,15,1,1,1,82,0,0,1259
240172_2012,24,240172,2,2,1,14,6,22,22,12,6,1,0,11,1,37,706,37706,80,2006,JH2SC57006M2,J,H,2,S,C,5,7,0,0,6,M,2,0,0,0,000000000,00000000000,0,0,0,1,0,0,0,0,0,0,0,998,0,0,0,12,6,2,12,0,0,0,1,24,20602,6,1,0,0,3,0,72,289,0,1,0,0,0,3,2010,3,2010,0,0,0,0,0,3,2,30,1,1,2,1,0,0,1,67,1,1,1,83,1,0,1260
240173_2012,24,240173,1,1,1,18,6,23,41,8,0,1,0,24,1,12,422,12422,15,2000,1FMPU16LXYLA,1,F,M,P,U,1,6,L,X,Y,L,A,0,0,0,000000000,00000000000,0,0,0,1,0,0,0,0,0,0,0,998,0,0,0,12,6,2,8,0,0,0,1,24,20662,6,1,0,0,3,0,72,160,0,0,0,0,0,0,0,0,0,0,0,0,0,0,1,2,50,1,1,2,1,0,0,1,80,1,1,1,13,0,0,1261
240174_2012,24,240174,1,1,1,19,6,21,25,8,0,1,0,24,1,6,441,6441,20,2001,2C8GP44311R2,2,C,8,G,P,4,4,3,1,1,R,2,0,0,0,000000000,00000000000,0,0,0,1,0,0,0,0,0,0,0,998,0,0,0,12,4,3,8,0,0,0,1,24,21921,6,1,0,0,3,3,69,194,0,0,0,0,0,0,0,0,0,0,0,0,0,0,2,3,45,1,1,2,1,0,0,1,80,1,1,1,13,0,0,1262
240175_2012,24,240175,1,1,1,21,6,23,55,24,0,1,0,24,2,37,31,37031,2,1995,2HGEH235XSH5,2,H,G,E,H,2,3,5,X,S,H,5,0,0,0,000000000,00000000000,0,0,0,1,0,0,0,0,0,0,0,998,0,0,0,12,6,2,24,0,0,0,1,24,20783,6,1,0,0,3,1,70,220,0,0,0,0,0,0,0,0,0,1,0,0,0,0,3,4,65,1,1,2,1,0,0,1,13,1,1,4,1,1,0,1263
240176_2012,24,240176,1,1,1,3,7,23,39,8,0,1,0,26,3,6,43,6043,4,2002,1C3EL46X12N1,1,C,3,E,L,4,6,X,1,2,N,1,0,0,0,000000000,00000000000,0,0,0,1,0,0,0,0,0,0,0,998,0,0,0,12,6,2,8,0,0,0,1,26,48168,6,1,0,0,3,0,69,170,0,0,0,1,0,11,2010,11,2010,0,87,0,0,0,2,2,35,1,1,2,2,0,0,1,80,1,1,1,13,0,0,1264
240177_2012,24,240177,1,3,2,15,3,12,27,12,2,1,0,6,2,49,32,49032,4,2006,2T1BY32E16C5,2,T,1,B,Y,3,2,E,1,6,C,5,0,0,0,000000000,00000000000,0,0,0,1,0,0,0,0,0,0,0,998,0,0,0,12,6,2,12,0,0,0,1,26,48168,6,1,0,0,3,0,69,170,0,0,0,1,0,11,2010,11,2010,9,28,0,0,0,1,4,40,3,2,2,1,0,0,14,10,1,1,2,50,2,0,1265
240177_2012,24,240177,2,3,1,15,3,12,27,12,2,1,0,24,3,12,881,12881,61,1995,1FDLF47F2SEA,1,F,D,L,F,4,7,F,2,S,E,A,0,0,57,1403140,571403140,2,1,3,1,0,0,0,0,0,0,0,998,0,0,0,12,6,2,12,0,0,0,1,24,20903,6,1,6,0,3,0,66,170,0,0,0,1,1,8,2011,8,2011,0,0,0,0,0,1,4,40,3,2,2,1,0,0,14,62,1,1,1,51,0,0,1266
240177_2012,24,240177,3,3,1,15,3,12,27,12,2,1,0,24,1,22,18,22018,4,2002,1G2WK52J52F1,1,G,2,W,K,5,2,J,5,2,F,1,0,0,0,000000000,00000000000,0,0,0,1,0,0,0,0,0,0,0,998,0,0,0,18,2,1,54,0,0,0,1,24,20705,6,1,0,0,3,0,66,156,0,3,0,0,1,1,2010,4,2011,0,0,0,0,0,1,4,40,3,2,2,1,0,0,14,98,99,1,1,98,0,0,1267
240178_2012,24,240178,1,1,1,2,4,1,17,42,0,1,0,24,2,49,32,49032,4,1993,2T1AE00E7PC0,2,T,1,A,E,0,0,E,7,P,C,0,0,0,0,000000000,00000000000,0,0,0,1,0,0,0,0,0,0,0,998,0,0,0,12,6,2,42,0,0,0,1,24,21157,6,7,0,0,3,2,66,148,0,0,0,0,0,0,0,0,0,1,74,0,0,0,1,2,25,1,2,2,2,0,0,1,13,1,1,4,1,1,0,1268
240179_2012,24,240179,1,1,1,5,4,16,45,9,0,1,0,24,1,49,403,49403,14,2010,5TDDK3EH4AS0,5,T,D,D,K,3,E,H,4,A,S,0,0,0,0,000000000,00000000000,0,0,0,1,0,0,0,0,0,0,0,998,0,0,0,12,2,3,9,0,0,0,1,24,21208,6,1,0,0,3,0,64,130,0,0,0,0,0,0,0,0,0,0,0,0,0,0,1,2,25,1,1,2,1,0,0,1,80,1,1,1,13,0,0,1269
240180_2012,24,240180,1,1,1,15,5,13,59,8,0,1,0,24,1,58,421,58421,15,2010,5N3ZA0NCXAN9,5,N,3,Z,A,0,N,C,X,A,N,9,0,0,0,000000000,00000000000,0,0,0,1,0,0,0,0,0,0,0,998,0,0,0,9,6,2,8,0,0,0,1,24,20603,6,1,0,0,3,0,74,210,0,0,0,0,0,0,0,0,0,0,0,0,0,0,1,2,25,1,1,2,1,0,0,1,80,1,1,1,13,0,0,1270
240181_2012,24,240181,1,1,3,20,5,21,10,8,0,1,0,24,1,20,2,20002,4,2009,2G1WB57K7911,2,G,1,W,B,5,7,K,7,9,1,1,0,0,0,000000000,00000000000,0,0,0,1,0,0,0,0,0,0,0,998,0,0,0,12,6,2,8,0,0,0,1,24,21114,6,1,0,0,3,0,66,145,0,0,0,0,0,0,0,0,0,0,0,0,0,0,3,3,55,1,1,2,1,0,0,1,80,3,1,1,13,0,0,1271
240182_2012,24,240182,1,1,1,7,4,15,3,8,0,1,0,24,2,22,441,22441,20,2001,1GMDU23E81D2,1,G,M,D,U,2,3,E,8,1,D,2,0,0,0,000000000,00000000000,0,0,0,1,0,0,0,0,0,0,0,998,0,0,0,12,6,2,8,0,0,0,1,24,20706,6,1,0,0,3,0,66,190,0,0,0,0,0,0,0,0,0,0,0,0,0,0,1,2,15,1,1,2,1,0,0,1,80,1,1,1,13,0,0,1272
240183_2012,24,240183,1,1,2,5,5,23,50,42,0,1,0,24,2,37,35,37035,1,2007,JHMAP21477S0,J,H,M,A,P,2,1,4,7,7,S,0,0,0,0,000000000,00000000000,0,0,0,1,0,0,0,0,0,0,0,998,0,0,0,12,6,2,42,0,0,0,1,24,21740,6,2,0,0,3,3,72,147,0,0,0,0,0,0,0,0,0,1,0,0,0,0,1,2,35,3,3,2,1,0,0,14,10,1,1,4,1,2,0,1273
240184_2012,24,240184,1,1,1,5,5,23,59,8,0,1,0,24,2,55,35,55035,4,2010,KMHDU4AD3AU1,K,M,H,D,U,4,A,D,3,A,U,1,0,0,0,000000000,00000000000,0,0,0,1,0,0,0,0,0,0,0,998,0,0,0,12,6,2,8,0,0,0,1,24,21090,6,2,0,0,3,0,62,144,0,0,0,0,0,0,0,0,0,0,0,0,0,0,3,2,55,2,1,2,1,0,0,14,80,1,1,1,13,0,0,1274
240185_2012,24,240185,1,1,1,23,6,14,39,24,0,1,0,24,1,37,706,37706,80,2000,1HFSC3905YA2,1,H,F,S,C,3,9,0,5,Y,A,2,0,0,0,000000000,00000000000,0,0,0,1,0,0,0,0,0,0,0,998,0,0,0,12,6,2,24,0,0,0,1,24,21157,6,1,0,0,3,0,73,240,0,0,0,0,0,0,0,0,0,0,0,0,0,0,6,1,55,1,1,2,1,0,0,15,10,6,3,4,7,1,1,1275
240186_2012,24,240186,1,2,1,23,6,13,32,12,6,1,0,24,1,12,3,12003,2,2008,1ZVHT82H1851,1,Z,V,H,T,8,2,H,1,8,5,1,0,0,0,000000000,00000000000,0,0,0,1,0,0,0,0,0,0,0,998,0,0,0,1,6,2,12,0,0,0,1,24,20777,6,1,0,0,3,0,71,160,0,0,0,0,0,0,0,0,0,1,28,0,0,0,1,2,55,1,1,2,1,0,0,1,10,1,1,2,64,0,1,1276
240186_2012,24,240186,2,2,2,23,6,13,32,12,6,1,0,24,1,20,16,20016,4,2001,1G1JF52T4172,1,G,1,J,F,5,2,T,4,1,7,2,0,0,0,000000000,00000000000,0,0,0,1,0,0,0,0,0,0,0,998,0,0,0,12,6,2,12,0,0,0,1,24,21208,6,1,0,0,3,0,65,130,0,0,0,0,0,0,0,0,0,0,0,0,0,0,1,2,55,1,1,2,1,0,0,1,62,1,1,1,65,1,0,1277
240187_2012,24,240187,1,2,1,21,6,17,58,12,6,1,0,54,2,7,442,7442,20,2005,1D4GP25R55B2,1,D,4,G,P,2,5,R,5,5,B,2,0,0,0,000000000,00000000000,0,0,0,1,0,0,0,0,0,0,0,998,0,0,0,8,6,2,12,0,0,0,1,54,26716,6,1,0,0,3,0,62,180,0,0,0,0,0,0,0,0,0,0,39,0,0,0,1,2,50,1,1,2,1,3,3,1,17,1,1,1,89,0,0,1278
240187_2012,24,240187,2,2,1,21,6,17,58,12,6,1,0,54,1,20,402,20402,14,2002,2CNBJ13C2269,2,C,N,B,J,1,3,C,2,2,6,9,0,0,0,000000000,00000000000,0,0,0,1,0,0,0,0,0,0,0,998,0,0,0,12,6,2,12,0,0,0,1,54,26739,6,1,6,0,3,0,66,190,0,0,0,0,0,0,0,0,0,0,0,0,0,0,1,2,50,1,1,2,1,3,3,1,66,1,1,1,88,1,0,1279
240188_2012,24,240188,1,1,1,24,6,20,15,72,0,1,0,24,1,72,706,72706,80,2007,1HD1JL5197Y0,1,H,D,1,J,L,5,1,9,7,Y,0,0,0,0,000000000,00000000000,0,0,0,1,0,0,0,0,0,0,0,998,0,0,0,0,6,2,72,0,0,0,1,24,21645,6,1,0,0,3,0,68,260,0,0,0,1,0,7,2011,7,2011,1,0,0,0,0,1,2,50,4,1,2,1,0,0,14,98,99,9,4,0,1,1,1280
240189_2012,24,240189,1,1,1,26,6,20,7,8,0,1,0,10,2,20,481,20481,31,1994,1GCEK19K3RE2,1,G,C,E,K,1,9,K,3,R,E,2,0,0,0,000000000,00000000000,0,0,0,1,0,0,0,0,0,0,0,998,0,0,0,12,4,3,8,0,0,0,1,24,21804,6,1,0,0,3,0,66,205,0,0,0,0,1,7,2011,7,2011,0,0,0,0,0,1,2,50,1,1,2,1,0,0,1,80,1,1,1,13,0,0,1281
240190_2012,24,240190,1,2,2,26,6,19,15,12,2,1,0,24,1,59,31,59031,4,1993,JT8VK13T8P01,J,T,8,V,K,1,3,T,8,P,0,1,0,0,0,000000000,00000000000,0,0,0,1,0,0,0,0,0,0,0,998,0,0,0,12,6,2,12,0,0,0,1,24,20603,6,1,0,0,3,3,67,160,0,0,0,0,0,0,0,0,0,1,28,0,0,0,3,2,40,2,1,2,1,0,0,14,10,1,1,2,50,1,0,1282
240190_2012,24,240190,2,2,1,26,6,19,15,12,2,1,0,24,1,19,421,19421,15,2007,1GYFK63877R2,1,G,Y,F,K,6,3,8,7,7,R,2,0,0,0,000000000,00000000000,0,0,0,1,0,0,0,0,0,0,0,998,0,0,0,12,6,2,12,0,0,0,1,24,20607,6,1,0,0,3,0,70,145,0,0,0,1,0,10,2011,10,2011,0,0,0,0,0,3,2,40,2,1,2,1,0,0,14,62,1,1,1,51,0,0,1283
240191_2012,24,240191,1,1,1,28,6,22,33,24,0,1,0,24,1,72,706,72706,80,2007,1HD1PR8127Y9,1,H,D,1,P,R,8,1,2,7,Y,9,0,0,0,000000000,00000000000,0,0,0,1,0,0,0,0,0,0,0,998,0,0,0,12,6,2,24,0,0,0,1,24,20639,6,1,0,0,3,0,75,240,0,0,0,1,0,10,2011,10,2011,1,0,0,0,0,1,2,40,1,1,2,1,0,0,1,12,99,9,4,7,1,1,1284
240192_2012,24,240192,1,2,2,24,6,3,6,12,6,1,0,24,2,21,23,21023,4,2000,1G3WH52H7YF3,1,G,3,W,H,5,2,H,7,Y,F,3,0,0,0,000000000,00000000000,0,0,0,1,0,0,0,0,0,0,0,998,0,0,0,9,6,2,12,0,0,0,1,24,20722,1,1,0,0,2,2,69,230,0,1,0,0,0,6,2009,6,2009,0,38,74,0,0,1,4,30,1,1,2,1,20,3,11,15,1,1,1,82,1,1,1285
240192_2012,24,240192,2,2,2,24,6,3,6,12,6,1,0,24,1,7,20,7020,4,2003,1B3ES66S23D2,1,B,3,E,S,6,6,S,2,3,D,2,0,0,0,000000000,00000000000,0,0,0,1,0,0,0,0,0,0,0,998,0,0,0,12,6,2,12,0,0,0,1,24,20740,6,1,0,0,3,0,72,175,0,0,0,0,0,0,0,0,0,0,0,0,0,0,1,2,30,1,1,2,1,0,0,1,67,6,1,1,83,0,1,1286
240193_2012,24,240193,1,2,2,2,2,10,39,12,2,1,0,24,1,12,481,12481,31,2006,1FTPW12566KC,1,F,T,P,W,1,2,5,6,6,K,C,0,0,0,000000000,00000000000,0,0,0,1,0,0,0,0,0,0,0,998,0,0,0,12,6,2,12,0,0,0,1,24,21639,6,1,0,0,3,0,68,165,0,0,0,0,0,0,0,0,0,0,0,0,0,0,3,2,50,1,1,2,1,0,0,1,10,1,1,2,50,0,0,1287
240193_2012,24,240193,2,2,3,2,2,10,39,12,2,1,0,24,1,49,40,49040,4,2009,4T1BE46K79U7,4,T,1,B,E,4,6,K,7,9,U,7,0,0,0,000000000,00000000000,0,0,0,1,0,0,0,0,0,0,0,998,0,0,0,12,6,2,12,0,0,0,1,24,21811,6,1,0,0,3,0,72,250,0,0,0,0,0,0,0,0,0,0,0,0,0,0,3,2,50,1,1,2,1,0,0,1,62,1,1,1,51,1,0,1288
240194_2012,24,240194,1,2,2,15,6,1,14,12,2,1,0,24,1,7,472,7472,30,2007,1D7HW22K07S1,1,D,7,H,W,2,2,K,0,7,S,1,0,0,0,000000000,00000000000,0,0,0,1,0,0,0,0,0,0,0,998,0,0,0,12,6,2,12,0,0,0,1,24,21228,6,1,0,0,3,2,67,135,0,0,0,0,0,0,0,0,0,0,51,74,0,0,3,2,65,1,1,2,2,0,0,1,54,1,1,1,52,0,1,1289
240194_2012,24,240194,2,2,1,15,6,1,14,12,2,1,0,24,1,18,20,18020,4,1998,2G4WB52K9W15,2,G,4,W,B,5,2,K,9,W,1,5,0,0,0,000000000,00000000000,0,0,0,1,0,0,0,0,0,0,0,998,0,0,0,12,6,2,12,0,0,0,1,24,21221,6,1,0,0,3,0,71,165,0,0,0,0,1,3,2010,3,2010,0,0,0,0,0,3,2,65,1,1,2,2,0,0,1,54,1,1,1,52,1,0,1290
240195_2012,24,240195,1,1,1,18,2,18,15,8,0,1,0,24,1,12,401,12401,14,1997,1FMDU35P8VUA,1,F,M,D,U,3,5,P,8,V,U,A,0,0,0,000000000,00000000000,0,0,0,1,0,0,0,0,0,0,0,998,0,0,0,12,6,2,8,0,0,0,1,24,21014,6,1,0,0,3,0,69,260,0,1,0,0,1,9,2010,10,2010,0,0,0,0,0,1,2,30,1,1,2,1,0,0,1,80,6,1,1,13,0,0,1291
240196_2012,24,240196,1,2,1,27,6,10,51,12,6,1,0,24,2,53,706,53706,80,2002,JS1VP52A7221,J,S,1,V,P,5,2,A,7,2,2,1,0,0,0,000000000,00000000000,0,0,0,1,0,0,0,0,0,0,0,998,0,0,0,12,6,2,12,0,0,0,1,24,21014,6,1,0,0,3,0,69,151,0,0,0,0,0,0,0,0,0,1,33,39,0,0,1,2,50,1,2,2,1,0,0,6,10,11,1,2,88,1,0,1292
240196_2012,24,240196,2,2,1,27,6,10,51,12,6,1,0,24,3,84,881,84881,63,2007,3HTWDAAR67N4,3,H,T,W,D,A,A,R,6,7,N,4,0,0,88,888888888,88888888888,3,1,4,1,0,0,0,0,0,0,0,998,0,0,0,7,4,1,12,0,0,0,1,24,21034,6,1,6,0,3,0,70,280,0,0,0,0,0,0,0,0,0,0,0,0,0,0,1,2,50,1,2,2,1,0,0,1,66,1,1,1,89,0,0,1293
240197_2012,24,240197,1,1,1,21,6,1,16,24,0,1,0,24,1,72,706,72706,80,2012,1HD1GZM16CC3,1,H,D,1,G,Z,M,1,6,C,C,3,0,0,0,000000000,00000000000,0,0,0,1,0,0,0,0,0,0,0,998,0,0,0,12,6,2,24,0,0,0,1,24,21219,6,1,0,0,3,0,67,190,0,0,0,1,0,3,2011,3,2011,1,0,0,0,0,6,1,55,1,1,2,1,0,0,1,10,1,1,4,6,1,0,1294
240198_2012,24,240198,1,2,1,26,6,99,99,1,0,1,0,0,0,98,998,98998,92,2004,N4TN61067,N,4,T,N,6,1,0,6,7,NULL,NULL,NULL,0,0,0,000000000,00000000000,0,0,0,1,0,0,0,0,0,0,0,3,0,0,0,6,4,1,54,0,0,0,1,24,21901,6,1,0,0,3,0,70,189,0,0,0,0,0,0,0,0,0,0,38,0,0,0,1,2,40,1,1,2,1,0,0,1,17,1,1,1,98,0,0,1295
240198_2012,24,240198,2,2,1,26,6,99,99,1,0,1,0,24,1,72,706,72706,80,2008,1HD1GM4148K3,1,H,D,1,G,M,4,1,4,8,K,3,0,0,0,000000000,00000000000,0,0,0,1,0,0,0,0,0,0,0,998,0,0,0,0,6,2,1,0,0,0,1,24,21901,6,1,0,0,3,0,66,235,0,0,0,0,0,0,0,0,0,0,0,0,0,0,1,2,40,1,1,2,1,0,0,1,66,3,2,1,98,1,0,1296
240199_2012,24,240199,1,2,1,25,6,12,11,12,6,1,0,92,0,98,709,98709,88,2000,L9NTEACT8C10,L,9,N,T,E,A,C,T,8,C,1,0,0,0,0,000000000,00000000000,0,0,0,1,0,0,0,0,0,0,0,998,0,0,0,12,6,2,12,0,0,0,1,24,21205,6,1,0,0,3,0,66,200,0,0,0,0,0,0,0,0,0,0,39,0,0,0,4,3,25,1,1,2,1,3,3,1,66,1,1,1,86,1,0,1297
240199_2012,24,240199,2,2,1,25,6,12,11,12,6,1,0,24,1,21,21,21021,4,2000,1G3NK52T7YC3,1,G,3,N,K,5,2,T,7,Y,C,3,0,0,0,000000000,00000000000,0,0,0,1,0,0,0,0,0,0,0,998,0,0,0,1,4,1,12,0,0,0,1,24,21229,6,1,0,0,3,0,73,175,0,0,0,0,0,0,0,0,0,0,0,0,0,0,4,2,35,1,1,2,1,3,3,1,17,1,1,1,87,0,0,1298
240200_2012,24,240200,1,1,3,29,6,23,25,16,0,1,0,24,1,12,402,12402,14,2009,1FMCU03769KA,1,F,M,C,U,0,3,7,6,9,K,A,0,0,0,000000000,00000000000,0,0,0,1,0,0,0,0,0,0,0,998,0,0,0,0,6,2,16,0,0,0,1,24,21037,6,1,0,0,3,0,72,250,0,0,0,0,0,0,0,0,0,0,77,0,0,0,1,2,35,1,3,2,2,0,0,1,98,1,1,1,0,1,1,1299
240201_2012,24,240201,1,2,1,20,5,6,30,12,2,1,0,42,2,20,443,20443,20,2005,1GNDV03E45D1,1,G,N,D,V,0,3,E,4,5,D,1,0,0,0,000000000,00000000000,0,0,0,1,0,0,0,0,0,0,0,998,0,0,0,12,6,2,12,0,0,0,1,42,19609,0,0,0,0,0,0,999,999,0,0,0,0,0,0,0,0,0,9,99,99,99,99,3,2,55,1,1,2,1,0,0,1,11,1,1,2,50,1,0,1300
240201_2012,24,240201,2,2,1,20,5,6,30,12,2,1,0,24,1,37,403,37403,14,2005,5J6YH17395L0,5,J,6,Y,H,1,7,3,9,5,L,0,0,0,0,000000000,00000000000,0,0,0,1,0,0,0,0,0,0,0,998,0,0,0,12,6,2,12,0,0,0,1,24,20895,6,1,0,0,3,0,67,150,0,0,0,0,0,0,0,0,0,0,0,0,0,0,3,2,55,1,1,2,1,0,0,1,62,1,1,1,51,1,0,1301
240202_2012,24,240202,1,2,1,12,4,17,31,12,1,1,0,24,1,34,39,34039,1,2000,4USCH9341YLG,4,U,S,C,H,9,3,4,1,Y,L,G,0,0,0,000000000,00000000000,0,0,0,1,0,0,0,0,0,0,0,998,0,0,0,12,6,2,24,0,0,0,1,24,21136,6,1,0,0,3,0,64,110,0,0,0,0,0,0,0,0,0,1,0,0,0,0,1,2,45,1,1,2,1,0,0,1,50,11,1,1,20,1,0,1302
240202_2012,24,240202,2,2,1,12,4,17,31,12,1,1,0,24,1,42,50,42050,6,2006,4JGCB65E66A0,4,J,G,C,B,6,5,E,6,6,A,0,0,0,0,000000000,00000000000,0,0,0,1,0,0,0,0,0,0,0,0,0,0,0,6,4,3,12,0,0,0,1,24,21136,6,1,0,0,3,0,63,120,0,0,0,0,0,0,0,0,0,0,0,0,0,0,1,2,45,1,1,2,1,0,0,5,53,1,1,1,21,0,0,1303
240203_2012,24,240203,1,1,1,18,4,12,37,8,0,1,0,24,3,98,902,98902,51,2003,1N9TA16A43L0,1,N,9,T,A,1,6,A,4,3,L,0,0,0,88,888888888,88888888888,3,21,22,1,0,0,0,0,4,0,0,998,0,0,0,12,2,1,8,0,0,0,1,24,21237,6,1,6,0,3,0,63,183,0,1,0,0,0,12,2010,12,2010,0,99,99,99,99,4,2,30,1,1,2,1,0,0,1,81,1,1,1,13,0,0,1304
240204_2012,24,240204,1,2,1,20,5,16,45,12,2,1,0,24,1,12,401,12401,14,2000,1FMDU73E0YUA,1,F,M,D,U,7,3,E,0,Y,U,A,0,0,0,000000000,00000000000,0,0,0,1,0,0,0,0,0,0,0,998,0,1,1,12,6,2,1,0,0,0,1,24,21078,6,1,0,0,3,0,71,160,0,0,0,0,0,0,0,0,0,0,0,0,0,0,3,2,55,1,1,2,1,0,0,1,10,1,1,4,50,1,1,1305
240204_2012,24,240204,2,2,1,20,5,16,45,12,2,1,0,24,1,12,422,12422,15,2004,1FMFU18L04LA,1,F,M,F,U,1,8,L,0,4,L,A,0,0,0,000000000,00000000000,0,0,0,1,0,0,0,0,0,0,0,998,0,0,0,12,6,2,12,0,0,0,1,24,21078,6,1,0,0,3,0,63,180,0,0,0,0,0,0,0,0,0,0,0,0,0,0,3,2,55,1,1,2,1,0,0,1,62,1,1,1,51,0,0,1306
240205_2012,24,240205,1,1,1,5,6,17,47,8,0,1,0,24,2,20,431,20431,16,2002,1GNFK16Z72J2,1,G,N,F,K,1,6,Z,7,2,J,2,0,0,0,000000000,00000000000,0,0,0,1,0,0,0,0,0,0,0,998,0,0,0,12,4,1,8,0,0,0,1,24,21842,6,2,0,0,3,1,75,210,0,0,0,0,0,0,0,0,0,0,0,0,0,0,3,3,30,1,1,2,1,2,3,1,80,1,1,1,13,0,0,1307
240206_2012,24,240206,1,1,1,9,6,22,0,8,0,1,0,24,1,6,54,6054,6,2004,2C8GM68464R6,2,C,8,G,M,6,8,4,6,4,R,6,0,0,0,000000000,00000000000,0,0,0,1,0,0,0,0,0,0,0,998,0,0,0,12,4,1,8,0,0,0,1,24,21207,6,1,0,0,3,0,73,236,0,0,0,0,1,10,2011,10,2011,0,0,0,0,0,1,2,25,1,1,2,1,0,0,1,80,1,1,1,13,0,0,1308
240207_2012,24,240207,1,2,1,28,6,16,54,12,1,1,0,24,1,12,481,12481,31,2000,1FTSX31F0YED,1,F,T,S,X,3,1,F,0,Y,E,D,0,0,0,000000000,00000000000,0,0,0,1,0,0,0,0,0,0,0,998,0,0,0,12,6,2,12,0,0,0,1,24,21531,6,1,0,0,3,0,72,200,0,0,0,0,0,0,0,0,0,1,0,0,0,0,1,2,40,1,1,2,1,0,0,1,50,1,1,1,20,0,0,1309
240207_2012,24,240207,2,2,7,28,6,16,54,12,1,1,0,24,1,22,441,22441,20,2004,1GMDX03E74D2,1,G,M,D,X,0,3,E,7,4,D,2,0,0,0,000000000,00000000000,0,0,0,1,0,0,0,0,0,0,0,0,0,0,0,6,6,2,12,0,0,0,1,24,21520,6,1,0,0,3,0,63,120,0,0,0,0,0,0,0,0,0,0,0,0,0,0,1,2,40,1,1,2,1,0,0,5,53,1,1,1,21,1,0,1310
240208_2012,24,240208,1,1,1,27,6,3,40,33,0,1,0,24,5,35,39,35039,4,2006,1N4BA41E26C8,1,N,4,B,A,4,1,E,2,6,C,8,0,0,0,000000000,00000000000,0,0,0,1,0,0,0,0,0,0,0,998,0,1,6,14,6,2,1,0,0,1,1,99,99999,9,9,99,9,9,9,999,999,99,99,99,99,99,99,9999,99,9999,1,0,0,0,0,6,2,25,2,1,2,1,0,0,14,12,1,1,4,6,1,0,1311
240209_2012,24,240209,1,1,1,2,7,18,39,35,0,1,0,24,2,51,45,51045,4,2001,YV1TS90D8111,Y,V,1,T,S,9,0,D,8,1,1,1,0,0,0,000000000,00000000000,0,0,0,1,0,0,0,0,0,0,0,998,0,0,0,12,6,2,43,0,0,0,1,24,20745,6,1,0,0,3,0,67,115,0,0,0,0,0,0,0,0,0,1,0,0,0,0,2,2,50,1,1,2,1,0,0,1,13,1,1,4,1,1,0,1312
240210_2012,24,240210,1,1,1,9,7,19,19,34,0,1,0,24,1,37,706,37706,80,2006,JH2SC57026M2,J,H,2,S,C,5,7,0,2,6,M,2,0,0,0,000000000,00000000000,0,0,0,1,0,0,0,0,0,0,0,998,0,0,0,12,6,2,34,0,0,0,1,24,21502,6,1,0,0,3,0,73,175,0,0,0,0,0,0,0,0,0,1,0,0,0,0,1,2,25,3,1,2,1,0,0,14,11,1,1,4,1,1,1,1313
240211_2012,24,240211,1,2,3,6,7,13,36,12,6,1,0,24,1,37,32,37032,4,2007,2HGFG126X7H5,2,H,G,F,G,1,2,6,X,7,H,5,0,0,0,000000000,00000000000,0,0,0,1,0,0,0,0,0,0,0,998,0,0,0,8,6,2,12,0,0,0,1,24,21207,6,1,0,0,3,0,63,110,0,0,0,0,0,0,0,0,0,0,48,0,0,0,1,3,50,1,2,2,1,0,0,12,10,1,1,2,98,1,0,1314
240211_2012,24,240211,2,2,1,6,7,13,36,12,6,1,0,24,1,20,421,20421,15,2005,1GNEK13T65J1,1,G,N,E,K,1,3,T,6,5,J,1,0,0,0,000000000,00000000000,0,0,0,1,0,0,0,0,0,0,0,998,0,0,0,12,6,2,12,0,0,0,1,24,21740,6,1,0,0,3,0,72,220,0,1,0,0,2,7,2010,7,2011,0,0,0,0,0,1,3,50,1,2,2,1,0,0,1,61,1,1,1,98,0,0,1315