st_case_year,STATE,ST_CASE,VEH_NO,VE_FORMS,NUMOCCS,DAY,MONTH,HOUR,MINUTE,HARM_EV,MAN_COLL,UNITTYPE,HIT_RUN,REG_STAT,OWNER,MAKE,MODEL,MAK_MOD,BODY_TYP,MOD_YEAR,VIN,VIN_1,VIN_2,VIN_3,VIN_4,VIN_5,VIN_6,VIN_7,VIN_8,VIN_9,VIN_10,VIN_11,VIN_12,TOW_VEH,J_KNIFE,MCARR_I1,MCARR_I2,MCARR_ID,GVWR,V_CONFIG,CARGO_BT,HAZ_INV,HAZ_PLAC,HAZ_ID,HAZ_CNO,HAZ_REL,BUS_USE,SPEC_USE,EMER_USE,TRAV_SP,UNDERIDE,ROLLOVER,ROLINLOC,IMPACT1,DEFORMED,TOWED,M_HARM,VEH_SC1,VEH_SC2,FIRE_EXP,DR_PRES,L_STATE,DR_ZIP,L_STATUS,L_TYPE,CDL_STAT,L_ENDORS,L_COMPL,L_RESTRI,DR_HGT,DR_WGT,PREV_ACC,PREV_SUS,PREV_DWI,PREV_SPD,PREV_OTH,FIRST_MO,FIRST_YR,LAST_MO,LAST_YR,SPEEDREL,DR_SF1,DR_SF2,DR_SF3,DR_SF4,VTRAFWAY,VNUM_LAN,VSPD_LIM,VALIGN,VPROFILE,VPAVETYP,VSURCOND,VTRAFCON,VTCONT_F,P_CRASH1,P_CRASH2,P_CRASH3,PCRASH4,PCRASH5,ACC_TYPE,DEATHS,DR_DRINK,idno
240324_2012,24,240324,1,2,1,20,9,13,35,12,2,1,0,24,1,19,3,19003,4,2001,1G6KD54Y41U2,1,G,6,K,D,5,4,Y,4,1,U,2,0,0,0,000000000,00000000000,0,0,0,1,0,0,0,0,0,0,0,998,0,0,0,12,6,2,12,0,0,0,1,24,21220,6,1,0,0,3,0,65,175,0,1,0,1,2,6,2011,12,2011,0,38,0,0,0,1,2,30,2,1,2,1,0,0,11,15,11,1,1,68,0,0,1487
240324_2012,24,240324,2,2,1,20,9,13,35,12,2,1,0,24,1,72,706,72706,80,2002,1HD1CGP1X2K1,1,H,D,1,C,G,P,1,X,2,K,1,0,0,0,000000000,00000000000,0,0,0,1,0,0,0,0,0,0,0,998,0,0,0,12,6,2,12,0,0,0,1,24,21220,6,1,0,0,3,0,71,195,0,0,0,0,0,0,0,0,0,0,0,0,0,0,1,2,30,2,1,2,1,0,0,14,62,1,1,1,69,1,0,1488
240325_2012,24,240325,1,1,1,21,9,17,37,1,0,1,0,51,2,49,401,49401,14,2000,JT3HN87R5Y90,J,T,3,H,N,8,7,R,5,Y,9,0,0,0,0,000000000,00000000000,0,0,0,1,0,0,0,0,0,0,0,998,0,2,1,0,6,2,1,0,0,0,1,51,22603,6,1,0,0,3,0,73,297,1,0,0,1,0,10,2010,10,2010,0,28,0,0,0,3,3,65,1,1,2,1,0,0,1,98,99,9,2,98,1,0,1489
240326_2012,24,240326,1,1,1,22,9,5,16,34,0,1,0,24,3,35,472,35472,30,2007,1N6AD07U87C4,1,N,6,A,D,0,7,U,8,7,C,4,0,0,0,000000000,00000000000,0,0,0,1,0,0,0,0,0,0,0,998,0,0,0,12,6,2,42,0,0,0,1,24,21811,6,1,0,0,3,2,74,210,0,1,0,0,0,9,2010,9,2010,0,74,0,0,0,1,2,50,1,1,2,1,0,0,1,13,1,1,4,1,1,1,1490
240327_2012,24,240327,1,2,1,22,9,13,15,12,6,1,0,24,1,37,32,37032,3,2009,1HGCS22859A0,1,H,G,C,S,2,2,8,5,9,A,0,0,0,0,000000000,00000000000,0,0,0,1,0,0,0,0,0,0,0,998,0,0,0,11,6,2,12,0,0,0,1,24,21228,6,1,0,0,3,0,66,210,0,0,0,0,0,0,0,0,0,0,38,39,36,0,2,2,30,1,1,2,1,20,3,1,17,1,1,1,89,0,0,1491
240327_2012,24,240327,2,2,1,22,9,13,15,12,6,1,0,24,1,2,403,2403,14,2000,1J4FA59S1YP7,1,J,4,F,A,5,9,S,1,Y,P,7,0,0,0,000000000,00000000000,0,0,0,1,0,0,0,0,0,0,0,998,0,1,1,12,6,2,12,0,0,0,1,24,21784,6,1,0,0,3,0,67,190,0,1,0,0,0,7,2010,7,2010,0,0,0,0,0,2,2,30,1,1,2,1,0,0,1,66,1,1,1,88,1,0,1492
240328_2012,24,240328,1,2,1,22,9,17,51,12,1,1,0,24,1,73,706,73706,80,2006,JKAZXCD186A0,J,K,A,Z,X,C,D,1,8,6,A,0,0,0,0,000000000,00000000000,0,0,0,1,0,0,0,0,0,0,0,998,0,0,0,12,6,2,12,0,0,0,1,24,20710,6,1,0,0,3,0,66,160,0,0,0,0,1,9,2011,9,2011,1,27,0,0,0,3,2,55,1,1,2,1,0,0,15,51,1,1,2,32,1,1,1493
240328_2012,24,240328,2,2,3,22,9,17,51,12,1,1,0,24,1,42,42,42042,2,2004,WDBRN40J94A5,W,D,B,R,N,4,0,J,9,4,A,5,0,0,0,000000000,00000000000,0,0,0,1,0,0,0,0,0,0,0,998,0,0,0,6,6,2,12,0,0,0,1,24,20707,6,1,0,0,3,0,71,160,0,0,0,0,0,0,0,0,0,0,0,0,0,0,3,2,55,1,1,2,1,0,0,15,53,1,1,1,32,0,0,1494
240329_2012,24,240329,1,1,2,23,9,0,13,42,0,1,0,24,1,12,481,12481,31,2004,1FTNF21P34EC,1,F,T,N,F,2,1,P,3,4,E,C,0,0,0,000000000,00000000000,0,0,0,1,0,0,0,0,0,0,0,998,0,1,6,12,6,2,42,0,0,0,1,24,21219,6,1,0,0,3,0,70,180,0,2,0,0,3,9,2010,9,2011,1,58,0,0,0,1,2,35,1,1,1,1,0,0,1,13,9,3,4,2,2,1,1495
240330_2012,24,240330,1,1,1,24,9,10,24,1,0,1,0,17,3,51,881,51881,66,2006,4V4NC9TJ96N3,4,V,4,N,C,9,T,J,9,6,N,3,1,1,57,1854287,571854287,3,6,3,1,0,0,0,0,0,0,0,998,0,2,5,0,6,2,1,0,0,0,1,17,60090,6,1,6,0,3,0,70,185,0,0,0,0,0,0,0,0,0,0,0,0,0,0,3,2,65,2,2,2,1,0,0,14,11,1,1,4,1,1,0,1496
240331_2012,24,240331,1,1,1,26,9,13,33,8,0,1,0,24,1,37,32,37032,2,2006,1HGCM82676A0,1,H,G,C,M,8,2,6,7,6,A,0,0,0,0,000000000,00000000000,0,0,0,1,0,0,0,0,0,0,0,998,0,0,0,12,6,2,8,0,0,0,1,24,20632,6,1,0,0,3,0,65,140,0,0,0,0,0,0,0,0,0,0,0,0,0,0,2,2,55,1,1,2,1,0,0,1,80,1,1,1,13,0,0,1497
240332_2012,24,240332,1,2,1,28,9,7,43,12,2,1,0,24,2,37,31,37031,4,1997,JHMEJ6574VS0,J,H,M,E,J,6,5,7,4,V,S,0,0,0,0,000000000,00000000000,0,0,0,1,0,0,0,0,0,0,0,998,0,0,0,12,6,2,12,0,0,0,1,24,21208,6,1,0,0,3,0,67,140,0,0,0,0,3,11,2011,7,2012,0,28,0,0,0,1,2,30,1,2,2,1,0,0,1,11,1,1,2,50,1,0,1498
240332_2012,24,240332,2,2,2,28,9,7,43,12,2,1,0,24,1,37,402,37402,14,2007,JHLRE48717C0,J,H,L,R,E,4,8,7,1,7,C,0,0,0,0,000000000,00000000000,0,0,0,1,0,0,0,0,0,0,0,998,0,0,0,12,6,2,12,0,0,0,1,24,21244,6,1,0,0,3,0,64,150,0,0,0,0,0,0,0,0,0,0,0,0,0,0,1,2,30,1,2,2,1,0,0,1,62,1,1,1,51,0,0,1499
240333_2012,24,240333,1,2,2,23,9,19,49,12,6,1,0,24,1,59,32,59032,4,1999,JT8BH28F8X01,J,T,8,B,H,2,8,F,8,X,0,1,0,0,0,000000000,00000000000,0,0,0,1,0,0,0,0,0,0,0,998,0,0,0,3,6,2,12,0,0,0,1,24,20878,6,1,0,0,3,3,74,230,0,0,0,0,0,0,0,0,0,0,38,0,0,0,3,2,55,1,2,2,1,3,3,11,15,1,1,1,68,1,0,1500
240333_2012,24,240333,2,2,2,23,9,19,49,12,6,1,0,24,2,49,403,49403,14,2003,JTEHF21A9301,J,T,E,H,F,2,1,A,9,3,0,1,0,0,0,000000000,00000000000,0,0,0,1,0,0,0,0,0,0,0,998,0,0,0,12,6,2,12,0,0,0,1,24,20850,6,1,0,0,3,0,62,125,0,0,0,2,0,7,2010,9,2012,0,0,0,0,0,3,2,55,1,2,2,1,3,3,1,62,1,1,1,69,0,0,1501
240334_2012,24,240334,1,1,1,24,9,16,46,34,0,1,0,24,1,12,481,12481,31,2001,1FTRX18L21NA,1,F,T,R,X,1,8,L,2,1,N,A,0,0,0,000000000,00000000000,0,0,0,1,0,0,0,0,0,0,0,998,0,1,6,11,6,2,1,0,0,0,1,24,20659,6,1,0,0,3,0,75,250,0,0,0,0,0,0,0,0,0,0,0,0,0,0,1,2,55,1,2,2,1,0,0,1,13,6,1,4,1,1,0,1502
240335_2012,24,240335,1,1,1,5,9,12,46,33,0,1,0,24,1,12,37,12037,4,2005,1FAFP34N35W1,1,F,A,F,P,3,4,N,3,5,W,1,0,0,0,000000000,00000000000,0,0,0,1,0,0,0,0,0,0,0,998,0,0,0,14,6,2,46,0,0,0,1,24,21678,6,1,0,0,3,0,60,120,0,0,0,0,0,0,0,0,0,0,0,0,0,0,1,2,30,1,1,2,1,3,3,1,12,1,1,4,6,1,0,1503
240336_2012,24,240336,1,1,1,29,9,23,35,42,0,1,0,24,1,38,402,38402,14,2002,4S2CM57W0243,4,S,2,C,M,5,7,W,0,2,4,3,0,0,0,000000000,00000000000,0,0,0,1,0,0,0,0,0,0,0,998,0,2,6,12,6,2,42,0,0,0,1,24,21722,6,1,0,0,3,0,70,185,0,0,0,0,0,0,0,0,0,0,0,0,0,0,1,2,30,2,1,2,1,0,0,14,12,1,1,4,6,1,1,1504
240337_2012,24,240337,1,2,1,29,9,7,1,12,7,1,0,24,3,73,705,73705,80,2002,JKAZX4E192B5,J,K,A,Z,X,4,E,1,9,2,B,5,0,0,0,000000000,00000000000,0,0,0,1,0,0,0,0,0,0,0,998,0,0,0,11,6,2,12,0,0,0,1,24,20747,6,1,0,0,3,0,68,135,0,0,0,0,0,0,0,0,0,0,28,0,0,0,3,3,35,1,2,2,1,0,0,1,10,1,1,2,45,1,0,1505
240337_2012,24,240337,2,2,1,29,9,7,1,12,7,1,0,24,3,82,881,82881,63,2013,1FVACXDT7DHB,1,F,V,A,C,X,D,T,7,D,H,B,0,0,57,097586,57097586,3,2,1,1,0,0,0,0,0,0,0,998,0,0,0,1,2,1,12,0,0,0,1,24,20706,6,1,6,0,3,0,70,160,0,0,0,0,0,0,0,0,0,0,0,0,0,0,3,3,35,1,2,2,1,0,0,1,61,1,1,1,44,0,0,1506
240338_2012,24,240338,1,3,1,2,10,12,47,12,1,1,0,24,1,7,482,7482,31,1998,3B7KF22Z0WG1,3,B,7,K,F,2,2,Z,0,W,G,1,0,0,0,000000000,00000000000,0,0,0,1,0,0,0,0,0,0,0,998,0,0,0,12,6,2,12,0,0,0,1,24,21146,6,1,0,0,3,0,73,200,0,0,0,0,0,0,0,0,0,1,0,0,0,0,3,2,40,1,2,2,2,3,3,1,50,1,1,1,20,1,0,1507
240338_2012,24,240338,2,3,2,2,10,12,47,12,1,1,0,24,1,12,422,12422,15,2003,1FMFU18L03LA,1,F,M,F,U,1,8,L,0,3,L,A,0,0,0,000000000,00000000000,0,0,0,1,0,0,0,0,0,0,0,0,0,0,0,6,6,2,12,0,0,0,1,24,21061,6,1,0,0,3,0,70,185,0,0,0,1,1,4,2011,7,2012,0,0,0,0,0,3,2,40,1,2,2,2,3,3,5,53,1,1,1,21,0,0,1508
240338_2012,24,240338,3,3,1,2,10,12,47,12,1,1,0,24,1,37,402,37402,14,2011,5J6RE4H58BL1,5,J,6,R,E,4,H,5,8,B,L,1,0,0,0,000000000,00000000000,0,0,0,1,0,0,0,0,0,0,0,0,0,0,0,6,4,1,54,0,0,0,1,24,21146,6,1,0,0,3,0,68,115,0,0,0,0,0,0,0,0,0,0,0,0,0,0,3,2,40,1,2,2,2,3,3,5,53,1,1,1,98,0,0,1509
240339_2012,24,240339,1,2,2,3,10,7,59,12,6,1,0,24,1,35,471,35471,30,1994,1N6SD16S7RC3,1,N,6,S,D,1,6,S,7,R,C,3,0,0,0,000000000,00000000000,0,0,0,1,0,0,0,0,0,0,0,998,0,0,0,3,6,2,12,0,0,0,1,24,20737,6,1,0,0,3,0,66,150,0,0,0,1,0,6,2012,6,2012,0,38,39,0,0,3,3,50,1,1,2,2,3,3,1,17,1,1,1,87,1,0,1510
240339_2012,24,240339,2,2,1,3,10,7,59,12,6,1,0,24,1,23,421,23421,15,2003,1GKEK63U53J2,1,G,K,E,K,6,3,U,5,3,J,2,0,0,0,000000000,00000000000,0,0,0,1,0,0,0,0,0,0,0,998,0,0,0,12,6,2,12,0,0,0,1,24,20721,6,1,0,0,3,0,67,135,0,0,0,0,0,0,0,0,0,0,0,0,0,0,3,3,35,1,1,2,2,3,3,1,66,1,1,1,86,0,0,1511
240340_2012,24,240340,1,2,1,4,10,15,11,12,2,1,0,24,3,7,442,7442,20,2001,1B4GP25391B1,1,B,4,G,P,2,5,3,9,1,B,1,0,0,0,000000000,00000000000,0,0,0,1,0,0,0,0,0,0,0,998,0,0,0,12,6,2,12,0,0,0,1,24,21613,6,1,0,0,3,0,70,290,0,0,0,0,0,0,0,0,0,0,28,0,0,0,1,2,40,1,1,2,1,0,0,1,11,1,1,1,50,1,0,1512
240340_2012,24,240340,2,2,1,4,10,15,11,12,2,1,0,24,3,98,881,98881,60,2011,5B4MFG2E6B34,5,B,4,M,F,G,2,E,6,B,3,4,0,0,88,888888888,88888888888,2,1,1,1,0,0,0,0,0,0,0,998,0,0,0,12,6,2,12,0,0,0,1,10,19904,6,1,0,0,3,0,73,190,0,0,0,0,0,0,0,0,0,0,0,0,0,0,1,2,40,1,1,2,1,0,0,1,62,1,1,1,51,0,0,1513
240341_2012,24,240341,1,2,1,6,10,13,18,12,6,1,0,24,3,6,41,6041,4,2000,2C3HD46R7YH1,2,C,3,H,D,4,6,R,7,Y,H,1,0,0,0,000000000,00000000000,0,0,0,1,0,0,0,0,0,0,0,998,0,0,0,9,6,2,12,0,0,0,1,24,20601,6,1,0,0,3,0,62,135,0,0,0,0,0,0,0,0,0,0,38,39,0,0,3,2,55,1,1,2,1,20,3,1,17,1,1,1,89,1,0,1514
240341_2012,24,240341,2,2,1,6,10,13,18,12,6,1,0,24,2,2,404,2404,14,2010,1J4RR5GT4AC1,1,J,4,R,R,5,G,T,4,A,C,1,0,0,0,000000000,00000000000,0,0,0,1,0,0,0,0,0,0,0,998,0,0,0,12,6,2,12,0,0,0,1,24,20634,6,1,0,0,3,0,68,202,0,0,0,0,0,0,0,0,0,0,0,0,0,0,3,2,55,1,1,2,1,0,0,1,66,1,1,1,88,0,0,1515
240342_2012,24,240342,1,1,1,7,10,5,50,8,0,1,0,51,1,54,35,54035,4,2010,19UUA8F52AA0,1,9,U,U,A,8,F,5,2,A,A,0,0,0,0,000000000,00000000000,0,0,0,1,0,0,0,0,0,0,0,998,0,0,0,12,6,2,8,0,0,0,1,51,23059,6,1,0,0,3,0,66,168,0,0,0,0,0,0,0,0,0,0,0,0,0,0,3,4,65,1,2,2,1,0,0,1,80,1,1,1,13,0,0,1516
240343_2012,24,240343,1,2,3,7,10,5,50,12,1,1,9,24,1,49,401,49401,14,1997,JT3HN86R8V00,J,T,3,H,N,8,6,R,8,V,0,0,1,1,0,000000000,00000000000,0,0,0,1,0,0,0,0,0,0,0,0,0,0,0,6,6,2,12,0,0,1,1,24,20744,6,1,0,0,3,0,69,125,0,0,0,0,0,0,0,0,0,0,54,0,0,0,3,4,65,1,2,2,1,0,0,5,53,1,1,1,21,1,0,1517
240343_2012,24,240343,2,2,1,7,10,5,50,12,1,1,0,24,1,2,403,2403,14,2011,1J4BA7H15BL5,1,J,4,B,A,7,H,1,5,B,L,5,0,0,0,000000000,00000000000,0,0,0,1,0,0,0,0,0,0,0,998,0,0,0,12,6,2,12,0,0,1,1,24,20707,6,1,0,0,3,0,67,140,0,0,0,2,0,1,2011,2,2011,0,0,0,0,0,3,4,65,1,2,2,1,0,0,1,50,1,1,1,20,0,0,1518
240344_2012,24,240344,1,3,1,9,10,17,42,12,7,1,0,51,1,37,31,37031,4,2008,1HGFA16898L0,1,H,G,F,A,1,6,8,9,8,L,0,0,0,0,000000000,00000000000,0,0,0,1,0,0,0,0,0,0,0,998,0,0,0,11,6,2,12,0,0,0,1,51,23060,6,1,0,0,3,0,62,132,0,0,0,0,0,0,0,0,0,0,27,0,0,0,3,2,45,4,1,2,1,0,0,15,51,1,1,2,48,1,0,1519
240344_2012,24,240344,2,3,1,9,10,17,42,12,7,1,0,24,1,12,3,12003,1,2003,1FAFP44473F4,1,F,A,F,P,4,4,4,7,3,F,4,0,0,0,000000000,00000000000,0,0,0,1,0,0,0,0,0,0,0,998,0,0,0,1,4,1,12,0,0,0,1,24,20653,6,1,0,0,3,0,62,120,0,0,0,0,0,0,0,0,0,0,0,0,0,0,3,2,45,4,1,2,1,0,0,1,53,1,1,1,48,0,0,1520
240344_2012,24,240344,3,3,1,9,10,17,42,12,7,1,0,24,1,12,481,12481,31,1996,1FTHX26F4TEB,1,F,T,H,X,2,6,F,4,T,E,B,0,0,0,000000000,00000000000,0,0,0,1,0,0,0,0,0,0,0,998,0,0,0,12,6,2,12,0,0,0,1,24,20657,6,1,0,0,3,0,77,220,0,0,0,0,0,0,0,0,0,0,0,0,0,0,3,2,45,4,1,2,1,0,0,1,62,1,1,1,98,0,0,1521
240345_2012,24,240345,1,1,1,15,10,19,45,30,0,1,0,24,1,12,481,12481,31,2005,1FTRF12WX5NA,1,F,T,R,F,1,2,W,X,5,N,A,0,0,0,000000000,00000000000,0,0,0,1,0,0,0,0,0,0,0,998,0,0,0,9,6,2,30,0,0,0,1,24,20735,6,1,0,0,3,0,67,210,0,0,0,0,0,0,0,0,0,0,58,0,0,0,1,2,35,3,1,2,1,0,0,14,11,6,3,4,2,1,1,1522
240346_2012,24,240346,1,2,1,21,10,20,43,12,1,1,0,24,1,12,442,12442,20,1998,2FMZA5142WBD,2,F,M,Z,A,5,1,4,2,W,B,D,0,0,0,000000000,00000000000,0,0,0,1,0,0,0,0,0,0,0,998,0,0,0,12,6,2,12,0,0,0,1,24,21740,6,1,0,0,3,0,73,250,0,0,0,0,0,0,0,0,0,0,39,0,0,0,2,2,35,1,1,2,1,3,3,1,50,1,1,1,20,0,0,1523
240346_2012,24,240346,2,2,2,21,10,20,43,12,1,1,0,24,1,72,706,72706,80,2001,1HD1BXB151Y0,1,H,D,1,B,X,B,1,5,1,Y,0,0,0,0,000000000,00000000000,0,0,0,1,0,0,0,0,0,0,0,0,0,0,0,6,6,2,12,0,0,0,1,24,21740,6,1,0,0,3,0,68,200,0,0,0,0,0,0,0,0,0,0,0,0,0,0,2,2,35,1,1,2,1,3,3,1,53,1,1,1,21,1,0,1524
240347_2012,24,240347,1,1,1,21,10,23,24,34,0,1,0,24,2,35,39,35039,4,2006,1N4BA41E66C8,1,N,4,B,A,4,1,E,6,6,C,8,0,0,0,000000000,00000000000,0,0,0,1,0,0,0,0,0,0,0,998,0,1,6,12,6,2,34,0,0,0,1,24,20772,6,1,0,0,3,0,68,130,0,1,0,0,2,11,2011,12,2011,1,0,0,0,0,2,2,50,3,1,2,1,0,0,14,11,1,1,4,1,1,0,1525
240348_2012,24,240348,1,2,1,21,10,12,10,12,99,1,0,24,2,22,32,22032,6,2006,5Y2SL65886Z4,5,Y,2,S,L,6,5,8,8,6,Z,4,0,0,0,000000000,00000000000,0,0,0,1,0,0,0,0,0,0,0,998,0,0,0,12,6,2,12,0,0,0,1,24,21222,6,1,0,0,3,0,68,142,0,0,0,0,0,0,0,0,0,0,38,0,0,0,1,2,30,1,1,2,1,3,3,11,15,1,1,1,68,0,0,1526
240348_2012,24,240348,2,2,1,21,10,12,10,12,99,1,0,92,0,98,709,98709,88,2011,19NTEACT3C10,1,9,N,T,E,A,C,T,3,C,1,0,0,0,0,000000000,00000000000,0,0,0,1,0,0,0,0,0,0,0,998,0,0,0,12,6,2,12,0,0,0,1,24,21222,0,0,0,0,0,0,71,170,0,0,0,0,0,0,0,0,0,0,0,0,0,0,1,2,30,1,1,2,1,3,3,1,62,1,1,1,69,1,0,1527
240349_2012,24,240349,1,2,3,25,10,6,4,12,6,1,0,24,2,20,2,20002,4,2002,2G1WH55K9292,2,G,1,W,H,5,5,K,9,2,9,2,0,0,0,000000000,00000000000,0,0,0,1,0,0,0,0,0,0,0,998,0,0,0,12,6,2,12,0,0,0,1,24,20784,0,0,0,0,0,0,999,999,0,0,0,0,0,0,0,0,0,1,0,0,0,0,1,4,50,1,1,2,1,0,0,1,62,1,1,1,69,3,0,1528
240349_2012,24,240349,2,2,1,25,10,6,4,12,6,1,0,40,3,98,809,98809,66,2004,2FWJA3CV64AM,2,F,W,J,A,3,C,V,6,4,A,M,1,1,57,022254,57022254,3,6,1,1,0,0,0,0,0,0,0,998,0,0,0,5,6,2,12,0,0,0,1,24,21244,6,1,6,0,3,0,70,208,0,0,0,0,1,5,2011,5,2011,0,0,0,0,0,1,4,50,1,1,2,1,0,0,11,15,1,1,1,68,0,0,1529
240350_2012,24,240350,1,1,1,26,10,10,7,30,0,1,0,24,2,72,706,72706,80,1992,1HD1BJL40NY0,1,H,D,1,B,J,L,4,0,N,Y,0,0,0,0,000000000,00000000000,0,0,0,1,0,0,0,0,0,0,0,998,0,0,0,12,6,2,30,0,0,0,1,24,20639,1,1,0,0,2,2,68,180,0,2,0,0,0,9,2010,9,2010,0,74,0,0,0,1,2,30,2,1,2,1,0,0,14,12,1,1,4,6,1,1,1530
240351_2012,24,240351,1,1,1,26,10,14,54,33,0,1,0,24,1,12,401,12401,14,2002,1FMZU73W02UC,1,F,M,Z,U,7,3,W,0,2,U,C,0,0,0,000000000,00000000000,0,0,0,1,0,0,0,0,0,0,0,998,0,1,6,12,6,2,30,0,0,0,1,24,21227,6,1,0,0,3,2,85,115,0,0,0,0,0,0,0,0,0,1,74,0,0,0,2,2,35,1,1,2,1,0,0,1,13,1,1,4,1,1,1,1531
240352_2012,24,240352,1,1,1,29,9,20,33,8,0,1,1,99,9,99,999,99999,99,9999,999999999999,9,9,9,9,9,9,9,9,9,9,9,9,0,0,0,000000000,00000000000,0,0,0,1,0,0,0,0,0,0,0,998,0,0,0,98,9,1,8,0,0,0,1,99,99999,9,9,99,9,9,9,999,999,99,99,99,99,99,99,9999,99,9999,9,99,99,99,99,3,3,35,1,1,2,1,0,0,1,81,1,1,1,13,0,0,1532
240353_2012,24,240353,1,1,1,17,10,21,19,8,0,1,0,24,1,12,481,12481,31,2008,1FTRF12WX8KE,1,F,T,R,F,1,2,W,X,8,K,E,0,0,0,000000000,00000000000,0,0,0,1,0,0,0,0,0,0,0,998,0,0,0,12,6,2,8,0,0,0,1,24,21756,6,1,0,0,3,0,67,140,0,0,0,0,0,0,0,0,0,0,0,0,0,0,1,4,30,1,1,2,1,0,0,1,80,1,1,1,13,0,0,1533
240354_2012,24,240354,1,3,1,19,10,21,30,12,6,1,0,24,1,42,48,42048,4,2005,WDBUF70J35A6,W,D,B,U,F,7,0,J,3,5,A,6,0,0,0,000000000,00000000000,0,0,0,1,0,0,0,0,0,0,0,998,0,0,0,12,6,2,12,0,0,0,1,24,20720,6,1,0,0,3,0,73,155,0,1,0,0,0,4,2012,4,2012,1,38,0,0,0,2,4,30,1,2,2,2,3,3,1,62,1,1,1,69,1,1,1534
240354_2012,24,240354,2,3,1,19,10,21,30,12,6,1,0,24,2,42,43,42043,4,2001,WDBNG73JX1A1,W,D,B,N,G,7,3,J,X,1,A,1,0,0,0,000000000,00000000000,0,0,0,1,0,0,0,0,0,0,0,998,0,0,0,14,4,3,99,0,0,0,1,24,20657,6,1,0,0,3,0,72,185,0,0,0,0,0,0,0,0,0,1,0,0,0,0,2,4,30,1,2,2,2,3,3,1,62,6,1,2,98,0,1,1535
240354_2012,24,240354,3,3,1,19,10,21,30,12,6,1,0,11,3,98,907,98907,52,1997,1VH569P73V60,1,V,H,5,6,9,P,7,3,V,6,0,0,0,88,888888888,88888888888,3,21,22,1,0,0,0,0,6,0,0,998,0,0,0,5,6,2,12,0,0,0,1,24,20716,6,1,6,0,3,0,67,150,0,0,0,1,0,8,2012,8,2012,0,0,0,0,0,2,4,30,1,2,2,2,3,3,11,15,1,1,1,68,0,0,1536
240355_2012,24,240355,1,1,1,26,10,14,30,8,0,1,0,24,1,37,421,37421,15,2003,2HKYF18693H6,2,H,K,Y,F,1,8,6,9,3,H,6,0,0,0,000000000,00000000000,0,0,0,1,0,0,0,0,0,0,0,998,0,0,0,12,4,1,8,0,0,0,1,24,20904,6,1,0,0,3,0,70,180,0,0,0,0,0,0,0,0,0,0,0,0,0,0,2,3,35,1,1,2,1,0,0,1,80,1,1,1,13,0,0,1537
240356_2012,24,240356,1,3,1,31,10,5,21,12,1,1,0,24,1,35,43,35043,4,2007,3N1BC11E07L4,3,N,1,B,C,1,1,E,0,7,L,4,0,0,0,000000000,00000000000,0,0,0,1,0,0,0,0,0,0,0,998,0,0,0,12,6,2,12,0,0,0,1,24,21161,6,1,0,0,3,0,63,215,0,0,0,0,0,0,0,0,0,1,26,0,0,0,3,4,55,1,1,2,2,0,0,1,51,1,1,1,24,0,0,1538
240356_2012,24,240356,2,3,1,31,10,5,21,12,1,1,0,24,1,49,32,49032,4,1997,1NXBB02E1VZ5,1,N,X,B,B,0,2,E,1,V,Z,5,0,0,0,000000000,00000000000,0,0,0,1,0,0,0,0,0,0,0,998,0,0,0,6,6,2,12,0,0,0,1,24,20706,6,1,0,0,3,0,70,190,0,0,0,0,2,11,2010,6,2012,0,0,0,0,0,3,4,55,1,1,2,2,0,0,1,53,1,1,1,25,1,0,1539
240356_2012,24,240356,3,3,1,31,10,5,21,12,1,1,0,91,9,99,999,99999,99,9999,999999999999,9,9,9,9,9,9,9,9,9,9,9,9,9,0,99,999999999,99999999999,9,99,99,1,0,0,0,0,99,99,9,998,0,0,0,12,8,8,12,0,0,0,1,98,99999,9,9,99,9,9,9,999,999,99,99,99,99,99,99,9999,99,9999,0,0,0,0,0,3,4,55,1,1,2,2,0,0,1,51,99,1,2,98,0,0,1540
240357_2012,24,240357,1,2,1,27,10,7,57,12,2,1,0,24,1,76,705,76705,80,2001,JYARJ04E51A0,J,Y,A,R,J,0,4,E,5,1,A,0,0,0,0,000000000,00000000000,0,0,0,1,0,0,0,0,0,0,0,998,0,0,0,12,6,2,12,0,0,0,1,24,21212,6,1,0,0,3,0,77,215,0,0,0,1,0,9,2010,9,2010,1,28,0,0,0,1,2,40,2,2,2,2,0,0,14,10,1,1,2,50,1,0,1541
240357_2012,24,240357,2,2,4,27,10,7,57,12,2,1,0,27,1,49,401,49401,14,2010,JTEBU5JR6A50,J,T,E,B,U,5,J,R,6,A,5,0,0,0,0,000000000,00000000000,0,0,0,1,0,0,0,0,0,0,0,998,0,0,0,12,6,2,12,0,0,0,1,27,56256,6,1,0,0,3,0,75,180,0,0,0,0,0,0,0,0,0,0,0,0,0,0,1,2,40,2,2,2,2,0,0,14,62,1,1,1,51,0,0,1542
240358_2012,24,240358,1,3,1,2,11,13,49,12,2,1,0,24,1,14,4,14004,2,1997,1MELM62W0VH6,1,M,E,L,M,6,2,W,0,V,H,6,0,0,0,000000000,00000000000,0,0,0,1,0,0,0,0,0,0,0,998,0,0,0,12,6,2,12,0,0,0,1,24,21157,6,1,0,0,3,0,62,170,0,0,0,0,0,0,0,0,0,0,0,0,0,0,3,2,55,1,1,2,1,0,0,1,12,1,1,2,50,0,0,1543