st_case_year,STATE,ST_CASE,VEH_NO,VE_FORMS,NUMOCCS,DAY,MONTH,HOUR,MINUTE,HARM_EV,MAN_COLL,UNITTYPE,HIT_RUN,REG_STAT,OWNER,MAKE,MODEL,MAK_MOD,BODY_TYP,MOD_YEAR,VIN,VIN_1,VIN_2,VIN_3,VIN_4,VIN_5,VIN_6,VIN_7,VIN_8,VIN_9,VIN_10,VIN_11,VIN_12,TOW_VEH,J_KNIFE,MCARR_I1,MCARR_I2,MCARR_ID,GVWR,V_CONFIG,CARGO_BT,HAZ_INV,HAZ_PLAC,HAZ_ID,HAZ_CNO,HAZ_REL,BUS_USE,SPEC_USE,EMER_USE,TRAV_SP,UNDERIDE,ROLLOVER,ROLINLOC,IMPACT1,DEFORMED,TOWED,M_HARM,VEH_SC1,VEH_SC2,FIRE_EXP,DR_PRES,L_STATE,DR_ZIP,L_STATUS,L_TYPE,CDL_STAT,L_ENDORS,L_COMPL,L_RESTRI,DR_HGT,DR_WGT,PREV_ACC,PREV_SUS,PREV_DWI,PREV_SPD,PREV_OTH,FIRST_MO,FIRST_YR,LAST_MO,LAST_YR,SPEEDREL,DR_SF1,DR_SF2,DR_SF3,DR_SF4,VTRAFWAY,VNUM_LAN,VSPD_LIM,VALIGN,VPROFILE,VPAVETYP,VSURCOND,VTRAFCON,VTCONT_F,P_CRASH1,P_CRASH2,P_CRASH3,PCRASH4,PCRASH5,ACC_TYPE,DEATHS,DR_DRINK,idno
240358_2012,24,240358,2,3,1,2,11,13,49,12,2,1,0,24,1,55,35,55035,4,2000,KMHJF35F5YU8,K,M,H,J,F,3,5,F,5,Y,U,8,0,0,0,000000000,00000000000,0,0,0,1,0,0,0,0,0,0,0,998,0,0,0,12,6,2,12,0,0,0,1,24,21048,6,1,0,0,3,0,66,190,0,0,0,1,0,10,2011,10,2011,0,0,0,0,0,3,2,55,1,1,2,1,0,0,1,62,1,1,1,51,0,1,1544
240358_2012,24,240358,3,3,1,2,11,13,49,12,2,1,0,24,1,12,481,12481,31,1995,1FTDF15Y3SNA,1,F,T,D,F,1,5,Y,3,S,N,A,0,0,0,000000000,00000000000,0,0,0,1,0,0,0,0,0,0,0,998,0,0,0,12,6,2,12,0,0,0,1,24,21048,6,1,0,0,3,0,68,155,0,0,0,1,0,4,2010,4,2010,0,0,0,0,0,3,2,55,1,1,2,1,0,0,1,62,1,1,1,98,1,0,1545
240359_2012,24,240359,1,1,4,30,10,23,38,30,0,1,0,24,1,37,31,37031,4,1992,1HGEG8542NL0,1,H,G,E,G,8,5,4,2,N,L,0,0,0,0,000000000,00000000000,0,0,0,1,0,0,0,0,0,0,0,998,0,0,0,3,6,2,30,0,0,0,1,24,20736,0,0,0,0,0,0,999,999,0,0,0,0,0,0,0,0,0,1,0,0,0,0,1,4,40,2,1,2,2,0,0,14,12,1,4,4,7,1,1,1546
240360_2012,24,240360,1,1,1,5,11,1,7,24,0,1,0,24,1,23,402,23402,14,2011,2CTFLXEC4B64,2,C,T,F,L,X,E,C,4,B,6,4,0,0,0,000000000,00000000000,0,0,0,1,0,0,0,0,0,0,0,998,0,0,0,12,6,2,2,0,0,1,1,24,21076,6,1,0,0,3,0,74,220,0,0,0,0,0,0,0,0,0,9,99,99,99,99,1,2,35,3,1,2,1,0,0,14,11,1,1,4,1,1,1,1547
240361_2012,24,240361,1,1,3,6,11,8,30,11,0,1,0,24,3,12,881,12881,62,2000,3FDNF65A6YMA,3,F,D,N,F,6,5,A,6,Y,M,A,1,1,88,888888888,88888888888,2,4,98,1,0,0,0,0,0,0,0,998,0,0,0,12,6,2,11,0,0,0,1,24,21050,6,1,0,0,3,0,68,180,0,0,0,0,0,0,0,0,0,0,83,0,0,0,1,2,55,1,1,2,1,0,0,1,87,1,1,1,13,1,0,1548
240362_2012,24,240362,1,2,1,7,11,20,24,12,6,1,0,24,2,52,46,52046,4,2002,JA3AJ26E12U0,J,A,3,A,J,2,6,E,1,2,U,0,0,0,0,000000000,00000000000,0,0,0,1,0,0,0,0,0,0,0,998,0,0,0,3,6,2,12,0,0,0,1,24,20646,6,1,0,0,3,0,70,180,0,0,0,1,0,9,2012,9,2012,1,28,0,0,0,1,2,50,3,1,2,1,0,0,14,6,1,4,2,64,1,1,1549
240362_2012,24,240362,2,2,2,7,11,20,24,12,6,1,0,24,2,20,2,20002,4,2003,2G1WF52E0391,2,G,1,W,F,5,2,E,0,3,9,1,0,0,0,000000000,00000000000,0,0,0,1,0,0,0,0,0,0,0,998,0,0,0,12,6,2,12,0,0,0,1,24,20604,6,1,0,0,3,0,62,210,0,0,0,2,0,4,2011,6,2011,0,0,0,0,0,1,2,50,3,1,2,1,0,0,14,62,1,1,1,65,0,0,1550
240363_2012,24,240363,1,2,4,12,11,16,9,12,6,1,0,24,2,55,33,55033,4,2011,5NPEC4AC8BH2,5,N,P,E,C,4,A,C,8,B,H,2,0,0,0,000000000,00000000000,0,0,0,1,0,0,0,0,0,0,0,998,0,0,0,3,6,2,12,0,0,0,1,24,21911,6,1,0,0,3,0,70,210,0,0,0,0,0,0,0,0,0,0,48,38,0,0,1,2,50,1,1,2,1,0,0,12,10,1,1,2,98,0,0,1551
240363_2012,24,240363,2,2,1,12,11,16,9,12,6,1,0,24,1,76,706,76706,80,2007,JYARN20E47A0,J,Y,A,R,N,2,0,E,4,7,A,0,0,0,0,000000000,00000000000,0,0,0,1,0,0,0,0,0,0,0,998,0,0,0,12,6,2,12,0,0,0,1,24,21921,6,1,0,0,3,0,68,145,0,0,0,0,1,6,2012,6,2012,1,0,0,0,0,1,2,50,1,1,2,1,0,0,1,62,1,1,1,98,1,0,1552
240364_2012,24,240364,1,1,1,29,9,0,36,25,0,1,0,54,1,72,706,72706,80,2007,1HD1FS4127Y7,1,H,D,1,F,S,4,1,2,7,Y,7,0,0,0,000000000,00000000000,0,0,0,1,0,0,0,0,0,0,0,998,0,0,0,12,6,2,25,0,0,0,1,54,25419,6,1,0,0,3,0,70,185,0,0,0,0,1,11,2011,11,2011,1,0,0,0,0,3,2,65,2,2,2,1,0,0,14,12,1,1,4,6,1,1,1553
240365_2012,24,240365,1,2,3,14,9,14,18,12,6,1,0,24,2,55,35,55035,4,2010,KMHDU4AD5AU1,K,M,H,D,U,4,A,D,5,A,U,1,0,0,0,000000000,00000000000,0,0,0,1,0,0,0,0,0,0,0,998,0,0,0,5,4,3,12,0,0,0,1,24,21015,6,2,0,0,3,1,71,180,0,0,0,0,0,0,0,0,0,0,38,0,0,0,1,2,50,1,1,2,1,0,0,11,15,1,1,1,68,0,0,1554
240365_2012,24,240365,2,2,1,14,9,14,18,12,6,1,0,13,1,73,709,73709,80,2006,JKBZXNA126A0,J,K,B,Z,X,N,A,1,2,6,A,0,0,0,0,000000000,00000000000,0,0,0,1,0,0,0,0,0,0,0,998,0,0,0,12,6,2,12,0,0,0,1,13,30815,6,1,0,0,3,0,74,220,98,0,0,0,0,0,0,0,0,0,0,0,0,0,1,2,50,1,1,2,1,0,0,1,62,1,1,1,69,1,0,1555
240366_2012,24,240366,1,4,1,27,9,16,32,12,2,1,0,24,2,23,481,23481,31,1997,1GTGC24RXVZ5,1,G,T,G,C,2,4,R,X,V,Z,5,0,0,0,000000000,00000000000,0,0,0,1,0,0,0,0,0,0,0,998,2,0,0,12,6,2,12,0,0,0,1,24,20685,6,1,0,0,3,0,74,170,0,1,0,1,0,5,2012,8,2012,0,0,0,0,0,2,2,55,1,2,2,1,0,0,1,10,1,1,4,50,0,0,1556
240366_2012,24,240366,2,4,4,27,9,16,32,12,2,1,0,24,2,6,43,6043,4,1998,1C3EJ56H3WN1,1,C,3,E,J,5,6,H,3,W,N,1,0,0,0,000000000,00000000000,0,0,0,1,0,0,0,0,0,0,0,998,0,0,0,12,6,2,12,0,0,0,1,24,20657,6,1,0,0,3,3,64,190,0,0,0,0,0,0,0,0,0,0,0,0,0,0,2,2,55,1,2,2,1,0,0,1,63,1,1,1,51,0,0,1557
240366_2012,24,240366,3,4,1,27,9,16,32,12,2,1,0,24,1,12,3,12003,2,2000,1FAFP42X8YF1,1,F,A,F,P,4,2,X,8,Y,F,1,0,0,0,000000000,00000000000,0,0,0,1,0,0,0,0,0,0,0,998,0,0,0,12,6,2,12,0,0,0,1,24,20676,6,1,0,0,3,0,71,188,0,0,0,0,0,0,0,0,0,0,0,0,0,0,2,2,55,1,2,2,1,0,0,1,62,1,1,1,98,1,0,1558
240366_2012,24,240366,4,4,1,27,9,16,32,12,2,1,0,24,1,12,481,12481,31,2001,1FTZF17281NB,1,F,T,Z,F,1,7,2,8,1,N,B,0,0,0,000000000,00000000000,0,0,0,1,0,0,0,0,0,0,0,998,0,0,0,18,4,1,54,0,0,0,1,24,21228,6,1,0,0,3,0,64,130,0,2,0,1,1,5,2011,9,2012,0,0,0,0,0,2,2,55,1,2,2,1,0,0,1,98,1,1,1,98,0,0,1559
240367_2012,24,240367,1,4,1,2,11,14,15,12,1,1,0,24,3,86,882,86882,63,1995,1M2K189C9SM0,1,M,2,K,1,8,9,C,9,S,M,0,0,0,57,390896,57390896,3,1,5,1,0,0,0,0,0,0,0,45,0,0,0,12,6,2,12,0,0,0,1,24,21122,6,1,6,0,3,0,72,176,0,1,0,0,1,3,2012,5,2012,1,0,0,0,0,2,2,45,1,1,2,1,3,3,1,50,4,1,1,20,0,0,1560
240367_2012,24,240367,2,4,2,2,11,14,15,12,1,1,0,24,1,37,31,37031,4,1998,2HGEJ6670WH5,2,H,G,E,J,6,6,7,0,W,H,5,0,0,0,000000000,00000000000,0,0,0,1,0,0,0,0,0,0,0,0,1,0,0,6,6,2,12,0,0,0,1,24,20747,6,1,0,0,3,0,66,180,0,0,0,0,0,0,0,0,0,0,0,0,0,0,2,2,45,1,1,2,1,0,0,5,53,1,1,1,21,2,0,1561
240367_2012,24,240367,3,4,1,2,11,14,15,12,1,1,0,42,3,51,881,51881,66,2013,4V4NC9EH3DN1,4,V,4,N,C,9,E,H,3,D,N,1,1,1,57,005874,57005874,3,6,1,1,0,0,0,0,0,0,0,0,0,0,0,6,4,3,12,0,0,0,1,51,23112,6,1,6,0,3,0,73,180,0,0,0,0,0,0,0,0,0,0,0,0,0,0,2,2,45,1,1,2,1,3,3,5,53,1,1,1,98,0,0,1562
240367_2012,24,240367,4,4,1,2,11,14,15,12,1,1,0,51,3,51,881,51881,66,2013,4V4NC9EH1DN1,4,V,4,N,C,9,E,H,1,D,N,1,1,1,57,005874,57005874,3,6,1,1,0,0,0,0,0,0,0,0,0,0,0,6,4,3,12,0,0,0,1,51,23231,6,1,6,0,3,0,70,175,0,0,0,0,0,0,0,0,0,0,0,0,0,0,2,2,45,1,1,2,1,3,3,5,53,1,1,1,98,0,0,1563
240368_2012,24,240368,1,2,2,11,11,0,39,42,0,1,0,24,1,30,40,30040,4,2002,3VWSE69M72M0,3,V,W,S,E,6,9,M,7,2,M,0,0,0,0,000000000,00000000000,0,0,0,1,0,0,0,0,0,0,0,998,0,0,0,12,6,2,42,0,0,0,1,24,20658,6,1,0,0,3,0,68,145,0,0,0,0,0,0,0,0,0,1,37,0,0,0,1,2,40,1,2,2,1,0,0,1,12,1,1,4,6,1,0,1564
240368_2012,24,240368,2,2,1,11,11,0,39,42,0,1,0,24,3,12,16,12016,4,2007,2FAFP71W97X1,2,F,A,F,P,7,1,W,9,7,X,1,0,0,0,000000000,00000000000,0,0,0,1,0,0,0,0,0,0,0,998,0,0,0,14,6,2,18,0,0,0,1,24,20646,6,1,0,0,3,0,71,240,0,0,0,0,0,0,0,0,0,0,0,0,0,0,1,2,40,1,2,2,1,0,0,1,90,1,1,4,98,0,0,1565
240369_2012,24,240369,1,1,1,10,11,17,6,1,0,1,0,24,4,98,709,98709,80,2004,5L5SY0448410,5,L,5,S,Y,0,4,4,8,4,1,0,0,0,0,000000000,00000000000,0,0,0,1,0,0,0,0,0,0,0,998,0,0,0,0,6,2,38,0,0,0,1,24,21037,6,1,0,0,3,0,65,165,0,0,0,1,0,5,2012,5,2012,1,0,0,0,0,1,2,30,3,2,2,1,0,0,14,6,4,2,4,2,1,0,1566
240370_2012,24,240370,1,2,1,13,11,8,17,12,6,1,0,24,3,84,881,84881,63,1995,1HTSDAAN5SH6,1,H,T,S,D,A,A,N,5,S,H,6,0,0,57,2035627,572035627,3,1,3,2,2,1993,3,2,0,0,0,998,0,0,0,4,6,2,12,0,0,0,1,24,21793,6,1,6,3,3,0,75,185,0,0,0,0,0,0,0,0,0,1,0,0,0,0,1,2,50,1,2,2,2,0,0,2,10,3,4,2,64,0,0,1567
240370_2012,24,240370,2,2,1,13,11,8,17,12,6,1,0,24,2,2,404,2404,14,2001,1J4GW48S21C5,1,J,4,G,W,4,8,S,2,1,C,5,0,0,0,000000000,00000000000,0,0,0,1,0,0,0,0,0,0,0,998,0,0,0,12,6,2,12,0,0,0,1,24,21042,6,1,0,0,3,0,71,155,0,0,0,0,0,0,0,0,0,0,0,0,0,0,1,2,50,1,2,2,2,0,0,1,62,1,1,1,65,1,0,1568
240371_2012,24,240371,1,1,1,16,9,0,35,8,0,1,1,99,9,99,999,99999,99,9999,999999999999,9,9,9,9,9,9,9,9,9,9,9,9,0,0,0,000000000,00000000000,0,0,0,1,0,0,0,0,0,0,0,998,0,0,0,1,9,1,8,0,0,0,1,99,99999,9,9,99,9,9,9,999,999,99,99,99,99,99,99,9999,99,9999,1,0,0,0,0,1,2,30,1,1,2,1,0,0,1,80,6,1,1,13,0,0,1569
240372_2012,24,240372,1,3,1,21,9,15,57,12,1,1,0,24,3,12,481,12481,31,2003,1FTNF20L43EB,1,F,T,N,F,2,0,L,4,3,E,B,0,0,0,000000000,00000000000,0,0,0,1,0,0,0,0,0,0,0,998,0,0,0,12,6,2,12,0,0,0,1,24,21678,6,1,0,0,3,0,72,189,0,2,0,1,3,2,2011,5,2012,1,26,0,0,0,3,3,65,1,1,2,1,0,0,1,51,1,1,1,24,0,0,1570
240372_2012,24,240372,2,3,1,21,9,15,57,12,1,1,0,24,1,37,32,37032,4,2000,1HGCG1658YA0,1,H,G,C,G,1,6,5,8,Y,A,0,0,0,0,000000000,00000000000,0,0,0,1,0,0,0,0,0,0,0,998,0,0,0,6,6,2,12,0,0,0,1,24,21074,6,1,0,0,3,0,76,225,0,0,0,0,0,0,0,0,0,0,0,0,0,0,3,3,65,1,1,2,1,0,0,1,53,1,1,1,25,1,0,1571
240372_2012,24,240372,3,3,3,21,9,15,57,12,1,1,0,24,2,19,18,19018,4,2003,1G6DM57N2301,1,G,6,D,M,5,7,N,2,3,0,1,0,0,0,000000000,00000000000,0,0,0,1,0,0,0,0,0,0,0,998,0,0,0,6,6,2,12,0,0,0,1,24,21617,6,1,0,0,3,0,72,180,0,0,0,0,0,0,0,0,0,0,0,0,0,0,3,3,65,1,1,2,1,0,0,1,53,1,1,1,98,0,0,1572
240373_2012,24,240373,1,1,1,13,10,11,35,8,0,1,0,24,1,23,481,23481,31,2010,1GTPKVE08AZ2,1,G,T,P,K,V,E,0,8,A,Z,2,0,0,0,000000000,00000000000,0,0,0,1,0,0,0,0,0,0,0,998,0,0,0,12,2,1,8,0,0,0,1,24,21550,6,1,0,0,3,0,65,155,0,0,0,2,0,6,2010,9,2010,0,36,0,0,0,1,2,25,1,1,2,1,20,3,11,80,1,1,1,13,0,0,1573
240374_2012,24,240374,1,1,1,31,10,7,3,8,0,1,0,24,3,12,23,12023,4,2010,3FAHP0JG3AR2,3,F,A,H,P,0,J,G,3,A,R,2,0,0,0,000000000,00000000000,0,0,0,1,0,0,0,0,0,0,0,998,0,0,0,12,2,3,8,0,0,0,1,24,20874,6,1,0,0,3,0,75,200,0,1,0,1,0,4,2011,8,2011,0,0,0,0,0,3,3,40,1,1,2,2,3,3,1,80,1,1,1,13,0,0,1574
240375_2012,24,240375,1,2,1,18,7,22,38,1,0,1,0,24,2,37,705,37705,80,2001,JH2PC35001M2,J,H,2,P,C,3,5,0,0,1,M,2,0,0,0,000000000,00000000000,0,0,0,1,0,0,0,0,0,0,0,998,0,0,0,0,6,2,12,0,0,0,1,24,21215,6,7,0,0,2,2,72,192,0,2,0,0,2,12,2010,1,2011,0,74,0,0,0,1,4,30,1,1,2,1,0,0,15,62,6,9,1,98,1,0,1575
240375_2012,24,240375,2,2,1,18,7,22,38,1,0,1,0,24,1,63,32,63032,4,2012,KNADN5A38C60,K,N,A,D,N,5,A,3,8,C,6,0,0,0,0,000000000,00000000000,0,0,0,1,0,0,0,0,0,0,0,998,0,0,0,12,4,3,12,0,0,0,1,24,21122,6,1,0,0,3,0,68,140,0,0,0,0,0,0,0,0,0,0,0,0,0,0,1,4,30,1,1,2,1,0,0,11,15,1,1,1,98,0,0,1576
240376_2012,24,240376,1,1,2,20,8,1,46,40,0,1,0,24,1,12,37,12037,4,2003,1FAFP53U93A1,1,F,A,F,P,5,3,U,9,3,A,1,0,0,0,000000000,00000000000,0,0,0,1,0,0,0,0,0,0,0,998,0,0,0,12,6,2,40,0,0,0,1,24,21215,6,1,0,0,3,0,66,145,0,0,0,0,0,0,0,0,0,0,83,0,0,0,1,5,25,1,1,2,1,0,0,1,87,7,1,4,1,1,0,1577
240377_2012,24,240377,1,2,1,2,10,11,33,12,6,1,0,24,1,52,37,52037,2,2001,4A3AC34G21E1,4,A,3,A,C,3,4,G,2,1,E,1,0,0,0,000000000,00000000000,0,0,0,1,0,0,0,0,0,0,0,998,0,0,0,3,6,2,12,0,0,0,1,24,21074,6,1,0,0,3,0,67,140,0,0,0,0,0,0,0,0,0,0,0,0,0,0,1,2,40,3,1,2,2,0,0,1,5,99,4,2,64,1,0,1578
240377_2012,24,240377,2,2,3,2,10,11,33,12,6,1,0,24,1,37,421,37421,15,2004,2HKYF18504H5,2,H,K,Y,F,1,8,5,0,4,H,5,0,0,0,000000000,00000000000,0,0,0,1,0,0,0,0,0,0,0,998,0,0,0,12,6,2,12,0,0,0,1,24,21161,6,1,0,0,3,0,67,175,0,0,0,0,0,0,0,0,0,0,0,0,0,0,1,2,40,3,1,2,2,0,0,1,62,1,1,1,65,0,0,1579
240378_2012,24,240378,1,1,1,7,10,18,28,31,0,1,0,24,1,98,498,98498,31,2005,1N6AD07W05C4,1,N,6,A,D,0,7,W,0,5,C,4,0,0,0,000000000,00000000000,0,0,0,1,0,0,0,0,0,0,0,998,0,0,0,14,6,2,31,0,0,0,1,24,21220,6,1,0,0,3,0,62,140,0,0,0,0,0,0,0,0,0,1,0,0,0,0,1,2,35,1,1,2,2,0,0,1,13,1,1,4,1,1,1,1580
240379_2012,24,240379,1,1,1,17,10,4,32,8,0,1,0,51,1,37,31,37031,4,2003,2HGES16533H6,2,H,G,E,S,1,6,5,3,3,H,6,0,0,0,000000000,00000000000,0,0,0,1,0,0,0,0,0,0,0,998,0,0,0,12,2,1,8,0,0,0,1,51,20180,6,1,0,0,3,0,71,180,0,0,0,0,0,0,0,0,0,0,28,0,0,0,1,2,25,1,1,2,1,0,0,2,19,1,1,5,13,0,0,1581
240380_2012,24,240380,1,3,2,7,10,10,29,12,6,1,0,24,1,41,37,41037,4,2000,1YVGF22E3Y51,1,Y,V,G,F,2,2,E,3,Y,5,1,0,0,0,000000000,00000000000,0,0,0,1,0,0,0,0,0,0,0,998,0,0,0,12,6,2,12,0,0,0,1,24,20901,6,1,0,0,3,0,71,176,0,0,0,2,0,7,2011,7,2011,0,28,36,0,0,1,4,50,3,2,2,2,0,0,14,9,1,4,2,64,1,0,1582
240380_2012,24,240380,2,3,1,7,10,10,29,12,6,1,0,24,1,59,403,59403,14,2010,2T2BK1BA6AC0,2,T,2,B,K,1,B,A,6,A,C,0,0,0,0,000000000,00000000000,0,0,0,1,0,0,0,0,0,0,0,998,0,0,0,9,6,2,12,0,0,0,1,24,20882,6,1,0,0,3,0,68,150,0,0,0,0,0,0,0,0,0,0,0,0,0,0,1,4,50,3,2,2,2,0,0,14,62,1,1,1,65,0,0,1583
240380_2012,24,240380,3,3,1,7,10,10,29,12,6,1,0,24,3,54,35,54035,4,2012,19UUA8F57CA0,1,9,U,U,A,8,F,5,7,C,A,0,0,0,0,000000000,00000000000,0,0,0,1,0,0,0,0,0,0,0,998,0,0,0,12,6,2,12,0,0,0,1,24,20882,6,1,0,0,3,0,72,165,0,0,0,0,1,6,2011,6,2011,0,0,0,0,0,1,4,50,3,2,2,2,0,0,14,62,1,1,1,98,0,0,1584
240381_2012,24,240381,1,1,1,16,10,14,30,8,0,1,0,24,1,37,31,37031,4,1997,2HGEJ6674VH5,2,H,G,E,J,6,6,7,4,V,H,5,0,0,0,000000000,00000000000,0,0,0,1,0,0,0,0,0,0,0,40,0,0,0,12,4,3,8,0,0,0,1,24,21901,6,1,0,0,3,1,70,175,0,0,0,0,0,0,0,0,0,0,0,0,0,0,1,2,40,1,2,2,1,0,0,1,80,1,1,1,13,0,0,1585
240382_2012,24,240382,1,2,1,12,10,15,43,12,1,1,0,24,1,63,33,63033,4,2000,KNAFB1214Y58,K,N,A,F,B,1,2,1,4,Y,5,8,0,0,0,000000000,00000000000,0,0,0,1,0,0,0,0,0,0,0,998,0,0,0,12,6,2,12,0,0,0,1,24,20850,6,1,0,0,3,0,62,150,0,0,0,0,0,0,0,0,0,0,0,0,0,0,1,2,30,1,1,2,1,0,0,1,50,1,1,1,20,1,0,1586
240382_2012,24,240382,2,2,1,12,10,15,43,12,1,1,0,24,1,54,36,54036,4,2005,JH4KB16535C0,J,H,4,K,B,1,6,5,3,5,C,0,0,0,0,000000000,00000000000,0,0,0,1,0,0,0,0,0,0,0,0,0,0,0,6,2,1,12,0,0,0,1,24,20886,6,1,0,0,3,0,71,195,0,0,0,0,0,0,0,0,0,0,0,0,0,0,1,2,30,1,1,2,1,0,0,5,53,1,1,1,21,0,0,1587
240383_2012,24,240383,1,1,1,5,11,17,32,8,0,1,0,24,1,49,46,49046,4,2006,JTDKB20UX631,J,T,D,K,B,2,0,U,X,6,3,1,0,0,0,000000000,00000000000,0,0,0,1,0,0,0,0,0,0,0,998,0,0,0,12,2,3,8,0,0,0,1,24,20878,6,1,0,0,3,0,69,181,0,0,0,1,0,6,2011,6,2011,0,99,99,99,99,3,2,45,1,2,2,1,0,0,1,80,1,1,1,13,0,0,1588
240384_2012,24,240384,1,1,1,11,11,9,29,8,0,1,1,24,1,7,482,7482,40,2012,3C6UD5DLXCG1,3,C,6,U,D,5,D,L,X,C,G,1,0,0,0,000000000,00000000000,0,0,0,1,0,0,0,0,0,0,0,998,0,0,0,12,4,1,8,0,0,0,1,24,20653,6,1,0,0,3,3,71,200,0,0,0,1,1,6,2012,7,2012,0,28,0,0,0,1,2,25,1,2,2,1,0,0,1,80,1,1,2,13,0,0,1589
240385_2012,24,240385,1,1,1,16,11,2,4,33,0,1,0,24,1,2,403,2403,14,2006,1J4FA44S06P7,1,J,4,F,A,4,4,S,0,6,P,7,0,0,0,000000000,00000000000,0,0,0,1,0,0,0,0,0,0,0,998,0,0,0,14,6,2,30,0,0,0,1,24,21093,6,1,0,0,3,0,70,130,0,0,0,0,0,0,0,0,0,0,0,0,0,0,3,2,35,2,2,2,1,3,3,14,12,1,1,4,6,1,1,1590
240386_2012,24,240386,1,1,4,17,11,23,22,24,0,1,0,24,1,41,51,41051,4,2008,JM1BK34MX818,J,M,1,B,K,3,4,M,X,8,1,8,0,0,0,000000000,00000000000,0,0,0,1,0,0,0,0,0,0,0,998,0,0,0,12,6,2,42,0,0,0,1,24,21084,6,1,0,0,3,0,67,125,0,0,0,1,0,11,2012,11,2012,1,0,0,0,0,1,2,40,3,3,2,1,0,0,14,6,1,9,4,2,3,0,1591
240387_2012,24,240387,1,2,1,16,11,6,7,12,2,1,0,24,1,20,481,20481,31,1999,2GCEC19V7X11,2,G,C,E,C,1,9,V,7,X,1,1,0,0,0,000000000,00000000000,0,0,0,1,0,0,0,0,0,0,0,998,0,0,0,12,6,2,12,0,0,0,1,24,21015,6,1,0,0,3,0,74,225,0,0,0,0,0,0,0,0,0,0,28,0,0,0,1,2,40,1,2,2,1,0,0,1,10,1,1,2,50,0,1,1592
240387_2012,24,240387,2,2,2,16,11,6,7,12,2,1,0,42,2,41,35,41035,4,2003,JM1BJ2250302,J,M,1,B,J,2,2,5,0,3,0,2,0,0,0,000000000,00000000000,0,0,0,1,0,0,0,0,0,0,0,34,0,0,0,12,6,2,12,0,0,0,1,24,21237,6,1,0,0,3,0,71,145,0,0,0,0,0,0,0,0,0,0,0,0,0,0,1,2,40,1,2,2,1,0,0,1,62,1,1,1,51,1,0,1593
240388_2012,24,240388,1,1,1,20,11,14,7,8,0,1,0,24,3,86,881,86881,66,2000,1M2B212C0YM0,1,M,2,B,2,1,2,C,0,Y,M,0,1,1,57,33445,5733445,3,6,1,1,0,0,0,0,0,0,0,998,0,0,0,12,4,1,8,0,0,0,1,24,21201,6,1,6,0,3,0,74,303,0,0,0,0,0,0,0,0,0,0,0,0,0,0,2,2,55,1,1,2,1,0,0,1,80,1,1,1,13,0,0,1594
240389_2012,24,240389,1,1,1,20,11,19,13,8,0,1,1,99,9,99,999,99999,99,9999,999999999999,9,9,9,9,9,9,9,9,9,9,9,9,0,0,0,000000000,00000000000,0,0,0,1,0,0,0,0,99,99,9,998,0,0,0,99,9,1,8,0,0,0,1,99,99999,9,9,99,9,9,9,999,999,99,99,99,99,99,99,9999,99,9999,9,99,99,99,99,1,2,35,1,1,2,1,0,0,1,80,99,1,1,13,0,0,1595
240390_2012,24,240390,1,1,1,26,11,17,14,8,0,1,0,24,1,12,401,12401,14,2002,1FMZU65W72UB,1,F,M,Z,U,6,5,W,7,2,U,B,0,0,0,000000000,00000000000,0,0,0,1,0,0,0,0,0,0,0,998,0,0,0,12,4,1,8,0,0,0,1,24,21037,6,1,0,0,3,0,68,165,0,0,0,0,0,0,0,0,0,0,0,0,0,0,2,2,40,1,1,2,1,0,0,1,80,1,1,1,13,0,0,1596
240391_2012,24,240391,1,1,1,24,10,18,36,8,0,1,0,24,1,49,32,49032,4,2006,1NXBR32EX6Z6,1,N,X,B,R,3,2,E,X,6,Z,6,0,0,0,000000000,00000000000,0,0,0,1,0,0,0,0,0,0,0,35,0,0,0,2,2,3,8,0,0,0,1,24,21136,6,1,0,0,3,1,66,152,0,0,0,0,0,0,0,0,0,0,0,0,0,0,2,2,40,1,1,2,1,0,0,1,19,1,1,1,13,0,0,1597
240392_2012,24,240392,1,1,1,10,11,13,29,11,0,1,0,24,1,37,32,37032,4,2003,JHMCM56683C0,J,H,M,C,M,5,6,6,8,3,C,0,0,0,0,000000000,00000000000,0,0,0,1,0,0,0,0,0,0,0,998,0,0,0,8,6,2,59,0,0,0,1,24,21093,6,1,0,0,3,0,66,180,0,0,0,0,1,5,2011,5,2011,1,28,83,0,0,1,4,40,2,2,2,1,0,0,14,87,1,1,1,13,1,0,1598
240393_2012,24,240393,1,1,1,25,11,16,22,8,0,1,0,24,1,2,407,2407,14,2011,1J4NT1GA3BD1,1,J,4,N,T,1,G,A,3,B,D,1,0,0,0,000000000,00000000000,0,0,0,1,0,0,0,0,0,0,0,998,0,0,0,12,6,2,8,0,0,0,1,24,21093,6,1,0,0,3,0,70,140,0,0,0,1,0,9,2011,9,2011,0,0,0,0,0,2,2,35,3,1,2,1,0,0,14,80,1,1,1,13,0,0,1599
240394_2012,24,240394,1,2,1,7,11,5,58,12,1,1,0,24,1,35,472,35472,30,2006,1N6AD07W76C4,1,N,6,A,D,0,7,W,7,6,C,4,0,0,0,000000000,00000000000,0,0,0,1,0,0,0,0,0,0,0,998,0,0,0,12,6,2,12,0,0,0,1,24,20711,6,1,0,0,3,0,72,150,0,0,0,0,1,2,2010,2,2010,1,27,0,0,0,3,4,55,1,1,2,1,0,0,15,51,1,1,2,24,0,0,1600