st_case_year,STATE,ST_CASE,VEH_NO,VE_FORMS,NUMOCCS,DAY,MONTH,HOUR,MINUTE,HARM_EV,MAN_COLL,UNITTYPE,HIT_RUN,REG_STAT,OWNER,MAKE,MODEL,MAK_MOD,BODY_TYP,MOD_YEAR,VIN,VIN_1,VIN_2,VIN_3,VIN_4,VIN_5,VIN_6,VIN_7,VIN_8,VIN_9,VIN_10,VIN_11,VIN_12,TOW_VEH,J_KNIFE,MCARR_I1,MCARR_I2,MCARR_ID,GVWR,V_CONFIG,CARGO_BT,HAZ_INV,HAZ_PLAC,HAZ_ID,HAZ_CNO,HAZ_REL,BUS_USE,SPEC_USE,EMER_USE,TRAV_SP,UNDERIDE,ROLLOVER,ROLINLOC,IMPACT1,DEFORMED,TOWED,M_HARM,VEH_SC1,VEH_SC2,FIRE_EXP,DR_PRES,L_STATE,DR_ZIP,L_STATUS,L_TYPE,CDL_STAT,L_ENDORS,L_COMPL,L_RESTRI,DR_HGT,DR_WGT,PREV_ACC,PREV_SUS,PREV_DWI,PREV_SPD,PREV_OTH,FIRST_MO,FIRST_YR,LAST_MO,LAST_YR,SPEEDREL,DR_SF1,DR_SF2,DR_SF3,DR_SF4,VTRAFWAY,VNUM_LAN,VSPD_LIM,VALIGN,VPROFILE,VPAVETYP,VSURCOND,VTRAFCON,VTCONT_F,P_CRASH1,P_CRASH2,P_CRASH3,PCRASH4,PCRASH5,ACC_TYPE,DEATHS,DR_DRINK,idno
100044_2011,10,100044,1,1,1,21,6,3,32,43,0,1,0,10,1,53,706,53706,80,2005,JS1VS55A2521,J,S,1,V,S,5,5,A,2,5,2,1,0,0,0,000000000,00000000000,0,0,0,1,0,0,0,0,0,0,0,998,0,0,0,12,6,2,43,0,0,0,1,10,19709,6,1,0,0,3,0,72,205,0,0,0,0,0,0,0,0,0,0,28,0,0,0,1,2,45,2,1,2,1,0,0,14,13,1,1,4,1,1,1,1829
100045_2010,10,100045,1,1,1,3,7,4,5,34,0,1,0,24,1,12,481,12481,31,1990,1FTHX26M8LKB,1,F,T,H,X,2,6,M,8,L,K,B,0,0,0,000000000,00000000000,0,0,0,1,0,0,0,0,0,0,0,45,0,0,0,12,6,2,30,0,0,0,1,24,21629,6,1,0,0,3,0,72,180,0,0,0,0,1,1,2010,1,2010,0,0,0,0,0,1,2,50,3,1,2,1,0,0,14,13,1,1,5,1,1,1,1830
100045_2011,10,100045,1,2,1,28,6,21,31,12,1,1,0,99,9,98,709,98709,80,2010,LHJTLB1F7ABL,L,H,J,T,L,B,1,F,7,A,B,L,0,0,0,000000000,00000000000,0,0,0,1,0,0,0,0,0,0,0,30,0,0,0,6,6,2,12,0,0,0,1,12,33040,6,1,0,0,3,0,68,999,0,0,0,0,0,0,0,0,0,0,0,0,0,0,2,4,55,1,1,2,1,0,0,1,53,1,1,1,25,1,0,1831
100045_2011,10,100045,2,2,1,28,6,21,31,12,1,1,0,24,1,35,51,35051,6,2008,JN8AS58V48W1,J,N,8,A,S,5,8,V,4,8,W,1,0,0,0,000000000,00000000000,0,0,0,1,0,0,0,0,0,0,0,60,0,0,0,12,6,2,12,0,0,0,1,24,21601,6,1,0,0,3,0,61,135,0,0,1,0,0,8,2010,8,2010,1,36,0,0,0,2,4,60,1,1,2,1,1,3,1,51,1,1,1,24,0,1,1832
100046_2010,10,100046,1,1,1,4,7,18,11,42,0,1,0,10,1,72,706,72706,80,2005,1HD1FCW135Y6,1,H,D,1,F,C,W,1,3,5,Y,6,0,0,0,000000000,00000000000,0,0,0,1,0,0,0,0,0,0,0,999,0,0,0,12,6,2,42,0,0,0,1,10,19958,6,1,0,0,3,3,67,176,0,0,0,0,0,0,0,0,0,1,28,0,0,0,3,4,55,1,1,2,1,0,0,1,13,1,1,4,1,1,1,1833
100046_2011,10,100046,1,1,1,29,6,19,52,42,0,1,0,10,1,12,471,12471,30,2005,1FTYR14U05PA,1,F,T,Y,R,1,4,U,0,5,P,A,0,0,0,000000000,00000000000,0,0,0,1,0,0,0,0,0,0,0,998,0,0,0,12,6,2,42,0,0,0,1,10,19952,6,1,0,0,3,3,74,235,0,0,0,0,0,0,0,0,0,0,28,0,0,0,1,2,50,2,1,2,1,0,0,14,12,9,2,4,7,1,1,1834
100047_2010,10,100047,1,2,1,9,7,23,59,12,1,1,0,10,1,37,706,37706,80,1988,1HFSC2209JA0,1,H,F,S,C,2,2,0,9,J,A,0,0,0,0,000000000,00000000000,0,0,0,1,0,0,0,0,0,0,0,55,0,0,0,6,6,2,12,0,0,0,1,10,19720,6,1,0,0,3,0,72,350,0,0,0,0,0,0,0,0,0,0,0,0,0,0,2,4,55,1,1,2,1,0,0,0,53,0,0,0,25,1,1,1835
100047_2010,10,100047,2,2,1,9,7,23,59,12,1,1,1,10,1,47,36,47036,4,2001,YS3EH48G9130,Y,S,3,E,H,4,8,G,9,1,3,0,0,0,0,000000000,00000000000,0,0,0,1,0,0,0,0,0,0,0,99,0,0,0,12,9,1,12,0,0,0,1,10,19720,6,1,0,0,3,0,69,195,0,0,0,0,0,0,0,0,0,1,26,0,0,0,2,4,55,1,1,2,1,0,0,1,51,1,1,1,24,0,0,1836
100047_2011,10,100047,1,2,2,30,6,16,2,12,6,1,0,10,1,21,17,21017,4,1992,1G3AL54NXN63,1,G,3,A,L,5,4,N,X,N,6,3,0,0,0,000000000,00000000000,0,0,0,1,0,0,0,0,0,0,0,998,0,0,0,82,6,2,12,0,0,0,1,10,19973,6,1,0,0,3,0,59,115,0,0,0,0,0,0,0,0,0,0,38,0,0,0,3,4,55,1,1,1,1,0,0,1,19,1,1,1,87,0,0,1837
100047_2011,10,100047,2,2,1,30,6,16,2,12,6,1,0,10,1,72,709,72709,80,1972,4A14302H2000,4,A,1,4,3,0,2,H,2,0,0,0,0,0,0,000000000,00000000000,0,0,0,1,0,0,0,0,0,0,0,998,0,0,0,12,6,2,12,0,0,0,1,10,19956,6,1,0,0,3,3,78,251,0,0,0,0,0,0,0,0,0,0,0,0,0,0,3,4,55,1,1,1,1,0,0,1,19,1,1,1,86,1,0,1838
100048_2010,10,100048,1,2,1,11,7,7,43,12,2,1,0,24,1,35,47,35047,4,2000,1N4DL01D8YC2,1,N,4,D,L,0,1,D,8,Y,C,2,0,0,0,000000000,00000000000,0,0,0,1,0,0,0,0,0,0,0,60,0,0,0,12,6,2,12,0,0,0,1,24,21222,6,1,0,0,3,0,64,105,0,0,0,0,0,0,0,0,0,1,28,0,0,0,1,2,50,3,1,2,1,0,0,14,10,1,1,2,50,1,1,1839
100048_2010,10,100048,2,2,2,11,7,7,43,12,2,1,0,10,1,20,471,20471,30,1998,1GCDT19X5W82,1,G,C,D,T,1,9,X,5,W,8,2,0,0,0,000000000,00000000000,0,0,0,1,0,0,0,0,0,0,0,50,0,0,0,12,6,2,12,0,0,0,1,10,19947,6,1,0,0,3,3,67,189,0,0,0,0,0,0,0,0,0,0,0,0,0,0,1,2,50,2,1,2,1,0,0,14,62,1,1,1,51,0,0,1840
100048_2011,10,100048,1,1,1,6,7,14,0,30,0,1,0,10,2,12,17,12017,4,2000,1FAFP55U7YA2,1,F,A,F,P,5,5,U,7,Y,A,2,0,0,0,000000000,00000000000,0,0,0,1,0,0,0,0,0,0,0,50,0,0,0,12,6,2,30,0,0,0,1,42,19350,6,1,0,0,3,0,74,999,0,0,0,0,0,0,0,0,0,0,0,0,0,0,1,2,50,2,1,2,2,0,0,14,11,1,1,5,1,1,1,1841
100049_2010,10,100049,1,1,1,16,7,8,29,8,0,1,0,10,2,14,36,14036,4,1999,1MEFM13P3XW6,1,M,E,F,M,1,3,P,3,X,W,6,0,0,0,000000000,00000000000,0,0,0,1,0,0,0,0,0,0,0,50,0,0,0,12,4,3,8,0,0,0,1,10,19720,6,2,0,0,3,0,64,110,0,0,0,0,0,0,0,0,0,0,0,0,0,0,2,6,50,1,1,2,1,1,3,0,80,0,0,0,13,0,0,1842
100049_2011,10,100049,1,1,1,30,6,12,2,35,0,1,0,10,2,49,32,49032,4,1990,2T1AE97A7LC0,2,T,1,A,E,9,7,A,7,L,C,0,0,0,0,000000000,00000000000,0,0,0,1,0,0,0,0,0,0,0,999,0,1,5,12,6,2,2,0,0,1,1,10,19958,6,1,0,0,3,0,72,200,0,0,0,0,0,0,0,0,0,9,99,99,99,99,1,2,50,2,1,7,1,0,0,14,9,1,1,5,1,1,1,1843
100050_2010,10,100050,1,1,1,16,7,16,19,8,0,1,0,10,1,6,441,6441,20,1996,1C4GP54L5TB2,1,C,4,G,P,5,4,L,5,T,B,2,0,0,0,000000000,00000000000,0,0,0,1,0,0,0,0,0,0,0,999,0,0,0,3,2,1,8,0,0,0,1,10,19904,6,1,0,0,3,0,63,168,0,0,0,0,0,0,0,0,0,0,0,0,0,0,1,2,25,1,1,2,1,20,3,0,81,0,0,0,13,0,0,1844
100050_2011,10,100050,1,3,1,29,6,21,29,12,1,1,0,10,1,12,3,12003,2,2006,1ZVFT85H7652,1,Z,V,F,T,8,5,H,7,6,5,2,0,0,0,000000000,00000000000,0,0,0,1,0,0,0,0,0,0,0,65,0,0,0,6,6,2,25,0,0,0,1,10,19709,6,1,0,0,3,0,71,194,0,0,0,0,0,0,0,0,0,1,0,0,0,0,3,6,65,1,1,1,1,0,0,1,60,1,1,5,98,0,0,1845
100050_2011,10,100050,2,3,1,29,6,21,29,12,1,1,0,34,1,37,709,37709,80,2008,1HFSC47H28A7,1,H,F,S,C,4,7,H,2,8,A,7,0,0,0,000000000,00000000000,0,0,0,1,0,0,0,0,0,0,0,65,0,0,0,6,6,2,12,0,0,0,1,34,8012,6,1,0,0,3,0,72,999,0,0,0,0,1,12,2010,12,2010,1,27,0,0,0,3,6,65,1,1,1,1,0,0,15,60,9,2,2,25,1,1,1846
100050_2011,10,100050,3,3,1,29,6,21,29,12,1,1,0,34,1,53,705,53705,80,2001,JS1VP52A2121,J,S,1,V,P,5,2,A,2,1,2,1,0,0,0,000000000,00000000000,0,0,0,1,0,0,0,0,0,0,0,65,0,0,0,12,6,2,12,0,0,0,1,34,8021,6,1,0,0,3,0,66,999,1,0,0,0,0,11,2009,11,2009,1,0,0,0,0,3,6,65,1,2,1,1,0,0,1,61,9,2,2,24,0,1,1847
100051_2010,10,100051,1,2,2,14,7,12,10,12,6,1,0,10,1,2,403,2403,14,2008,1J4GA39188L5,1,J,4,G,A,3,9,1,8,8,L,5,0,0,0,000000000,00000000000,0,0,0,1,0,0,0,0,0,0,0,50,0,0,0,9,6,2,12,0,0,0,1,10,19947,6,1,0,0,3,0,71,184,0,0,0,0,0,0,0,0,0,0,39,0,0,0,1,2,50,1,1,2,1,20,3,1,17,1,1,1,89,1,0,1848
100051_2010,10,100051,2,2,1,14,7,12,10,12,6,1,0,10,3,86,881,86881,63,2007,1M2AG11C87M0,1,M,2,A,G,1,1,C,8,7,M,0,0,0,99,999999999,99999999999,3,1,4,1,0,0,0,0,0,0,0,50,0,0,0,12,2,3,12,0,0,0,1,10,19973,6,1,6,1,3,0,72,186,0,0,0,1,0,4,2010,4,2010,0,0,0,0,0,1,2,50,1,1,2,1,20,3,0,66,0,0,0,88,0,0,1849
100051_2011,10,100051,1,2,1,1,7,19,11,12,11,1,0,10,1,14,38,14038,2,2001,1ZWFT61L2156,1,Z,W,F,T,6,1,L,2,1,5,6,0,0,0,000000000,00000000000,0,0,0,1,0,0,0,0,0,0,0,65,0,1,1,62,6,2,1,0,0,0,1,10,19713,6,1,0,0,3,0,66,125,0,2,0,2,0,8,2010,6,2011,1,58,0,0,0,2,4,65,3,1,1,1,0,0,14,12,9,2,2,64,1,0,1850
100051_2011,10,100051,2,2,1,1,7,19,11,12,11,1,0,42,2,37,441,37441,20,2002,2HKRL18062H5,2,H,K,R,L,1,8,0,6,2,H,5,0,0,0,000000000,00000000000,0,0,0,1,0,0,0,0,0,0,0,65,0,0,0,62,6,2,12,0,0,0,1,42,17601,6,1,0,0,3,0,72,999,0,0,0,2,0,9,2008,6,2010,0,0,0,0,0,2,4,65,2,1,1,1,0,0,14,62,7,1,2,65,0,0,1851
100052_2010,10,100052,1,1,1,17,7,1,17,30,0,1,0,10,2,12,3,12003,2,1995,1FALP4047SF2,1,F,A,L,P,4,0,4,7,S,F,2,0,0,0,000000000,00000000000,0,0,0,1,0,0,0,0,0,0,0,999,0,0,0,3,6,2,30,0,0,0,1,10,19966,6,1,0,0,3,0,69,166,0,1,1,0,0,8,2007,8,2007,1,99,99,99,99,1,2,99,2,1,2,1,0,0,14,13,1,2,4,2,1,0,1852
100052_2011,10,100052,1,2,1,15,7,22,0,12,2,1,0,10,1,19,3,19003,4,2001,1G6KD54Y91U1,1,G,6,K,D,5,4,Y,9,1,U,1,0,0,0,000000000,00000000000,0,0,0,1,0,0,0,0,0,0,0,53,0,0,0,12,6,2,12,0,0,0,1,10,19720,6,1,0,0,3,0,62,115,0,0,0,1,0,11,2010,11,2010,0,0,0,0,0,1,2,50,1,1,2,1,0,0,1,62,1,1,1,51,1,0,1853
100052_2011,10,100052,2,2,1,15,7,22,0,12,2,1,0,10,1,7,482,7482,31,2000,1B7KF23W0YJ1,1,B,7,K,F,2,3,W,0,Y,J,1,6,1,0,000000000,00000000000,0,0,0,1,0,0,0,0,0,0,0,40,0,0,0,12,6,2,12,0,0,0,1,10,19706,6,1,0,0,3,0,65,136,0,0,0,0,1,5,2009,5,2009,0,92,0,0,0,1,2,40,1,1,2,1,0,0,1,10,1,1,2,50,0,0,1854
100053_2010,10,100053,1,1,1,20,7,20,49,8,0,1,0,10,1,22,2,22002,4,1985,1G2BL69H4FX2,1,G,2,B,L,6,9,H,4,F,X,2,0,0,0,000000000,00000000000,0,0,0,1,0,0,0,0,0,0,0,50,0,0,0,12,2,3,8,0,0,0,1,10,19713,6,1,0,0,3,0,63,143,0,0,0,0,0,0,0,0,0,0,0,0,0,0,3,4,50,1,1,1,1,0,0,0,80,0,0,0,13,0,0,1855
100053_2011,10,100053,1,1,1,17,7,13,37,18,0,1,0,10,1,6,43,6043,2,1997,4C3AU52N5VE1,4,C,3,A,U,5,2,N,5,V,E,1,0,0,0,000000000,00000000000,0,0,0,1,0,0,0,0,0,0,0,55,0,0,0,12,6,2,18,0,0,0,1,10,19702,6,1,0,0,3,0,64,191,0,0,0,0,1,3,2011,3,2011,0,40,41,0,0,2,4,55,1,1,2,1,28,3,15,10,1,1,5,6,1,0,1856
100054_2010,10,100054,1,1,6,28,7,21,48,1,0,1,0,10,1,20,431,20431,16,1999,1GNFK16R4XJ3,1,G,N,F,K,1,6,R,4,X,J,3,0,0,0,000000000,00000000000,0,0,0,1,0,0,0,0,0,0,0,74,0,2,3,0,6,2,1,0,0,0,1,10,19805,6,1,0,0,3,3,64,130,0,1,1,0,1,12,2007,8,2008,1,8,36,58,0,2,6,55,1,2,2,1,0,0,3,52,6,3,4,8,1,1,1857
100054_2011,10,100054,1,1,1,23,7,22,35,8,0,1,0,10,1,20,16,20016,4,2001,1G1JC5243173,1,G,1,J,C,5,2,4,3,1,7,3,0,0,0,000000000,00000000000,0,0,0,1,0,0,0,0,0,0,0,45,0,0,0,81,6,2,8,0,0,0,1,10,19720,6,1,0,0,3,0,68,230,0,0,0,0,0,0,0,0,0,0,86,0,0,0,3,4,45,1,1,2,1,0,0,1,80,6,1,3,13,0,0,1858
100055_2010,10,100055,1,1,3,1,8,17,45,42,0,1,0,10,1,12,481,12481,31,2002,1FTRX18LX2NA,1,F,T,R,X,1,8,L,X,2,N,A,0,0,0,000000000,00000000000,0,0,0,1,0,0,0,0,0,0,0,70,0,1,6,3,6,2,42,0,0,0,1,10,19954,2,1,0,0,2,0,72,165,0,2,2,1,0,12,2008,6,2010,1,28,0,0,0,1,2,50,1,1,2,1,0,0,3,13,1,1,5,1,1,1,1859
100055_2011,10,100055,1,2,1,26,7,21,26,12,6,1,0,10,1,73,705,73705,80,1995,JKAZXDL17SA0,J,K,A,Z,X,D,L,1,7,S,A,0,0,0,0,000000000,00000000000,0,0,0,1,0,0,0,0,0,0,0,99,0,0,0,12,6,2,12,0,0,0,1,10,19963,6,1,0,0,3,3,71,217,0,0,0,2,0,9,2009,3,2011,1,36,0,0,0,2,4,55,1,1,2,1,4,3,3,66,4,1,2,69,1,0,1860
100055_2011,10,100055,2,2,2,26,7,21,26,12,6,1,0,10,2,59,31,59031,4,2008,JTHBJ46G6821,J,T,H,B,J,4,6,G,6,8,2,1,0,0,0,000000000,00000000000,0,0,0,1,0,0,0,0,0,0,0,55,0,0,0,83,6,2,12,0,0,0,1,10,19963,6,1,0,0,3,3,66,125,0,0,0,0,0,0,0,0,0,0,0,0,0,0,2,4,55,1,1,2,1,4,3,11,54,1,1,2,68,0,0,1861
100056_2010,10,100056,1,1,1,1,8,21,10,9,0,1,0,10,2,23,401,23401,14,2003,1GKDT13S5323,1,G,K,D,T,1,3,S,5,3,2,3,0,0,0,000000000,00000000000,0,0,0,1,0,0,0,0,0,0,0,50,0,0,0,12,6,2,9,0,0,0,1,10,19968,6,1,0,0,3,0,68,142,0,0,0,1,0,5,2010,5,2010,0,30,0,0,0,1,2,50,1,1,2,1,0,0,1,85,1,1,1,13,0,0,1862
100056_2011,10,100056,1,1,1,28,7,0,49,24,0,1,0,42,1,37,32,37032,4,2002,1HGCG66562A1,1,H,G,C,G,6,6,5,6,2,A,1,0,0,0,000000000,00000000000,0,0,0,1,0,0,0,0,0,0,0,55,0,1,3,82,6,2,1,0,0,0,1,42,19064,6,1,0,0,3,3,70,999,0,0,0,0,0,0,0,0,0,1,28,0,0,0,2,4,55,1,1,2,1,0,0,15,13,8,2,4,2,1,0,1863
100057_2010,10,100057,1,2,2,3,8,12,21,12,6,1,0,0,0,99,731,99731,90,2005,000000000000,0,0,0,0,0,0,0,0,0,0,0,0,0,0,0,000000000,00000000000,0,0,0,1,0,0,0,0,0,0,0,44,0,0,0,62,6,2,12,0,0,0,1,10,19973,0,0,0,0,0,0,999,999,0,0,0,0,0,0,0,0,0,0,28,0,0,0,1,2,50,1,1,2,1,0,0,3,10,1,1,2,89,1,0,1864
100057_2010,10,100057,2,2,1,3,8,12,21,12,6,1,0,10,2,20,22,20022,2,2006,1G1AK15F4676,1,G,1,A,K,1,5,F,4,6,7,6,0,0,0,000000000,00000000000,0,0,0,1,0,0,0,0,0,0,0,50,0,0,0,12,6,2,12,0,0,0,1,10,19947,6,2,0,0,3,0,64,134,0,0,0,0,0,0,0,0,0,0,0,0,0,0,1,2,50,1,1,2,1,0,0,1,51,1,1,2,88,0,0,1865
100057_2011,10,100057,1,1,2,29,7,7,25,35,0,1,0,36,1,49,40,49040,4,2007,4T1BE46K17U1,4,T,1,B,E,4,6,K,1,7,U,1,0,0,0,000000000,00000000000,0,0,0,1,0,0,0,0,0,0,0,55,0,1,6,12,6,2,1,0,0,0,1,36,11355,6,1,0,0,3,0,69,999,1,0,0,0,0,4,2011,4,2011,0,28,0,0,0,2,4,55,1,1,2,1,0,0,1,13,1,1,4,1,1,0,1866
100058_2010,10,100058,1,2,1,5,8,6,44,12,6,1,0,10,2,20,481,20481,31,2008,1GCEC14X58Z3,1,G,C,E,C,1,4,X,5,8,Z,3,0,0,0,000000000,00000000000,0,0,0,1,0,0,0,0,0,0,0,65,0,0,0,3,6,2,12,0,0,0,1,10,19709,6,1,0,0,3,0,69,135,0,0,0,0,0,0,0,0,0,0,0,0,0,0,2,6,65,1,1,1,1,0,0,98,10,1,1,2,68,1,0,1867
100058_2010,10,100058,2,2,1,5,8,6,44,12,6,1,0,10,3,87,881,87881,66,2006,1XP5DB0X06N8,1,X,P,5,D,B,0,X,0,6,N,8,1,1,99,999999999,99999999999,3,6,1,1,0,0,0,0,0,0,0,55,0,1,6,12,6,2,12,0,0,0,1,42,19312,6,1,6,3,3,0,66,999,0,0,0,0,3,10,2008,5,2009,0,0,0,0,0,2,6,55,1,1,1,1,0,0,1,78,1,1,2,69,0,0,1868
100058_2011,10,100058,1,2,1,8,8,14,35,12,6,1,0,10,1,53,706,53706,80,2002,JS1GW71AX221,J,S,1,G,W,7,1,A,X,2,2,1,0,0,0,000000000,00000000000,0,0,0,1,0,0,0,0,0,0,0,90,0,0,0,12,6,2,12,0,0,1,1,10,19702,6,1,0,0,3,0,68,190,0,0,0,0,0,0,0,0,0,1,8,27,0,0,3,5,50,1,1,1,1,1,3,1,67,9,2,2,83,1,1,1869
100058_2011,10,100058,2,2,1,8,8,14,35,12,6,1,0,42,3,20,881,20881,62,2008,1GBJ5C1G08F4,1,G,B,J,5,C,1,G,0,8,F,4,0,0,99,999999999,99999999999,2,2,3,1,0,0,0,0,0,0,0,50,0,0,0,5,2,3,12,0,0,0,1,42,19043,6,1,0,0,3,3,65,999,0,0,0,0,0,0,0,0,0,0,38,0,0,0,3,5,50,1,1,1,1,1,3,11,17,1,1,2,82,0,0,1870
100059_2010,10,100059,1,2,1,6,8,20,55,12,6,1,0,10,1,20,481,20481,31,2004,1GCHK23U54F2,1,G,C,H,K,2,3,U,5,4,F,2,0,0,0,000000000,00000000000,0,0,0,1,0,0,0,0,0,0,0,999,0,0,0,12,6,2,12,0,0,0,1,10,19938,6,1,0,0,3,0,60,141,0,0,0,0,0,0,0,0,0,0,0,0,0,0,1,2,50,1,1,2,1,0,0,1,71,1,1,2,88,0,1,1871
100059_2010,10,100059,2,2,2,6,8,20,55,12,6,1,0,10,2,20,481,20481,31,1991,2GCEK19K9M11,2,G,C,E,K,1,9,K,9,M,1,1,0,0,0,000000000,00000000000,0,0,0,1,0,0,0,0,0,0,0,99,0,0,0,9,6,2,12,0,0,0,1,10,19953,6,1,0,0,3,0,65,125,0,0,0,3,0,11,2008,12,2009,0,38,0,0,0,0,0,0,0,0,0,0,0,0,98,17,1,1,2,89,1,1,1872
100059_2011,10,100059,1,1,1,9,8,22,58,42,0,1,0,10,2,20,16,20016,2,1996,4G1JF3244TB1,4,G,1,J,F,3,2,4,4,T,B,1,0,0,0,000000000,00000000000,0,0,0,1,0,0,0,0,0,0,0,999,0,0,0,12,6,2,42,0,0,0,1,10,19966,6,1,0,0,3,0,66,141,0,0,0,2,0,1,2009,4,2009,1,36,39,0,0,1,2,99,1,1,2,1,20,3,1,14,1,1,4,14,1,1,1873
100060_2010,10,100060,1,2,1,15,8,1,9,12,2,1,0,10,2,41,471,41471,30,1994,4F4CR12A9RTM,4,F,4,C,R,1,2,A,9,R,T,M,0,0,0,000000000,00000000000,0,0,0,1,0,0,0,0,0,0,0,50,0,0,0,12,6,2,12,0,0,0,1,10,19901,0,0,0,0,0,0,999,999,99,99,99,99,99,99,9999,99,9999,1,28,0,0,0,1,2,50,2,1,2,1,0,0,14,10,1,1,2,50,1,1,1874
100060_2010,10,100060,2,2,1,15,8,1,9,12,2,1,0,10,2,41,37,41037,4,2001,1YVGF22C2152,1,Y,V,G,F,2,2,C,2,1,5,2,0,0,0,000000000,00000000000,0,0,0,1,0,0,0,0,0,0,0,50,0,0,0,12,6,2,12,0,0,0,1,10,19953,6,1,0,0,3,1,64,131,0,0,0,1,0,4,2010,4,2010,0,0,0,0,0,1,2,50,3,1,2,1,0,0,14,54,1,1,2,51,0,0,1875
100060_2011,10,100060,1,2,2,13,8,16,45,12,7,1,0,42,2,12,401,12401,14,1999,1FMDU34E2XZB,1,F,M,D,U,3,4,E,2,X,Z,B,0,0,0,000000000,00000000000,0,0,0,1,0,0,0,0,0,0,0,65,0,9,3,82,6,2,1,0,0,0,1,42,19038,6,1,0,0,3,0,66,999,0,0,0,1,0,7,2011,7,2011,1,27,0,0,0,2,2,65,1,1,1,2,0,0,15,11,1,1,2,44,1,0,1876
100060_2011,10,100060,2,2,2,13,8,16,45,12,7,1,0,42,1,2,403,2403,14,2006,1J4FA49S56P7,1,J,4,F,A,4,9,S,5,6,P,7,0,0,0,000000000,00000000000,0,0,0,1,0,0,0,0,0,0,0,65,0,0,0,62,6,2,42,0,0,0,1,42,17268,6,1,0,0,3,0,65,999,0,0,0,0,1,11,2008,11,2008,0,0,0,0,0,2,2,65,1,1,1,2,0,0,1,61,1,1,1,45,0,0,1877
100061_2010,10,100061,1,1,1,18,8,15,42,42,0,1,0,10,1,42,42,42042,4,1995,WDBHA22E5SF2,W,D,B,H,A,2,2,E,5,S,F,2,0,0,0,000000000,00000000000,0,0,0,1,0,0,0,0,0,0,0,50,0,0,0,9,6,2,42,0,0,0,1,10,19963,6,1,0,0,3,0,68,155,0,0,0,1,0,3,2008,3,2008,0,0,0,0,0,1,2,50,1,1,2,2,0,0,1,12,1,3,4,7,1,1,1878
100061_2011,10,100061,1,1,1,10,8,23,0,53,0,1,0,10,1,76,706,76706,80,2004,JYAVP11E84A0,J,Y,A,V,P,1,1,E,8,4,A,0,0,0,0,000000000,00000000000,0,0,0,1,0,0,0,0,0,0,0,50,0,0,0,12,6,2,53,0,0,0,1,10,19947,6,1,0,0,3,3,66,215,0,0,0,0,0,0,0,0,0,0,0,0,0,0,2,4,55,1,1,2,1,0,0,1,61,7,2,5,3,1,0,1879
100062_2010,10,100062,1,1,1,25,8,23,56,21,0,1,0,10,1,23,481,23481,31,2004,1GTEK14T64Z1,1,G,T,E,K,1,4,T,6,4,Z,1,0,0,0,000000000,00000000000,0,0,0,1,0,0,0,0,0,0,0,35,0,0,0,1,6,2,21,0,0,0,1,10,19901,6,1,0,0,3,0,67,175,0,0,0,0,0,0,0,0,0,0,27,0,0,0,1,2,5,1,2,2,1,0,0,1,12,1,1,4,6,1,0,1880
100062_2011,10,100062,1,1,1,16,8,15,33,42,0,1,0,24,1,12,17,12017,4,1996,1FALP57U0TA2,1,F,A,L,P,5,7,U,0,T,A,2,0,0,0,000000000,00000000000,0,0,0,1,0,0,0,0,0,0,0,999,0,0,0,12,6,2,42,32,0,1,1,24,21651,6,1,0,0,3,1,64,129,0,1,0,0,1,12,2010,1,2011,1,36,0,0,0,1,2,50,3,1,2,1,20,3,14,12,1,1,5,6,1,1,1881
100063_2010,10,100063,1,2,4,27,8,16,34,12,2,1,0,10,1,21,21,21021,4,2001,1G3NL52T81C1,1,G,3,N,L,5,2,T,8,1,C,1,0,0,0,000000000,00000000000,0,0,0,1,0,0,0,0,0,0,0,50,0,0,0,12,6,2,12,0,0,0,1,10,19953,6,1,0,0,3,0,64,180,0,0,0,3,0,12,2008,6,2010,0,0,0,0,0,1,2,50,1,1,2,1,0,0,1,54,1,1,3,51,2,0,1882
100063_2010,10,100063,2,2,1,27,8,16,34,12,2,1,0,10,1,49,32,49032,4,1999,2T1BR12E5XC1,2,T,1,B,R,1,2,E,5,X,C,1,0,0,0,000000000,00000000000,0,0,0,1,0,0,0,0,0,0,0,50,0,0,0,12,6,2,12,0,0,0,1,10,19901,6,1,0,0,3,0,73,222,0,0,0,2,0,8,2008,6,2010,0,27,0,0,0,1,2,50,1,1,1,1,0,0,15,10,1,1,2,50,1,0,1883
100063_2011,10,100063,1,1,1,16,8,21,17,8,0,1,1,99,9,99,999,99999,99,9999,999999999999,9,9,9,9,9,9,9,9,9,9,9,9,0,0,0,000000000,00000000000,0,0,0,1,0,0,0,0,0,0,0,90,0,0,0,12,9,1,8,99,99,0,1,99,99999,9,9,99,9,9,9,999,999,99,99,99,99,99,99,9999,99,9999,1,36,0,0,0,2,2,50,1,1,2,1,0,0,0,80,0,0,0,13,0,0,1884