st_case_year,STATE,ST_CASE,VEH_NO,VE_FORMS,NUMOCCS,DAY,MONTH,HOUR,MINUTE,HARM_EV,MAN_COLL,UNITTYPE,HIT_RUN,REG_STAT,OWNER,MAKE,MODEL,MAK_MOD,BODY_TYP,MOD_YEAR,VIN,VIN_1,VIN_2,VIN_3,VIN_4,VIN_5,VIN_6,VIN_7,VIN_8,VIN_9,VIN_10,VIN_11,VIN_12,TOW_VEH,J_KNIFE,MCARR_I1,MCARR_I2,MCARR_ID,GVWR,V_CONFIG,CARGO_BT,HAZ_INV,HAZ_PLAC,HAZ_ID,HAZ_CNO,HAZ_REL,BUS_USE,SPEC_USE,EMER_USE,TRAV_SP,UNDERIDE,ROLLOVER,ROLINLOC,IMPACT1,DEFORMED,TOWED,M_HARM,VEH_SC1,VEH_SC2,FIRE_EXP,DR_PRES,L_STATE,DR_ZIP,L_STATUS,L_TYPE,CDL_STAT,L_ENDORS,L_COMPL,L_RESTRI,DR_HGT,DR_WGT,PREV_ACC,PREV_SUS,PREV_DWI,PREV_SPD,PREV_OTH,FIRST_MO,FIRST_YR,LAST_MO,LAST_YR,SPEEDREL,DR_SF1,DR_SF2,DR_SF3,DR_SF4,VTRAFWAY,VNUM_LAN,VSPD_LIM,VALIGN,VPROFILE,VPAVETYP,VSURCOND,VTRAFCON,VTCONT_F,P_CRASH1,P_CRASH2,P_CRASH3,PCRASH4,PCRASH5,ACC_TYPE,DEATHS,DR_DRINK,idno
100064_2010,10,100064,1,2,3,29,8,16,12,12,6,1,0,10,1,12,401,12401,14,2000,1FMZU75E4YZC,1,F,M,Z,U,7,5,E,4,Y,Z,C,0,0,0,000000000,00000000000,0,0,0,1,0,0,0,0,0,0,0,50,0,0,0,12,6,2,12,0,0,1,1,10,19950,6,1,0,0,3,3,65,131,0,0,0,1,0,5,2010,5,2010,0,39,0,0,0,1,2,50,1,1,2,1,20,3,1,17,1,1,1,88,0,0,1885
100064_2010,10,100064,2,2,3,29,8,16,12,12,6,1,0,10,1,14,21,14021,4,2007,3MEHM08Z17R6,3,M,E,H,M,0,8,Z,1,7,R,6,0,0,0,000000000,00000000000,0,0,0,1,0,0,0,0,0,0,0,50,0,0,0,9,6,2,12,0,0,1,1,10,19947,6,1,0,0,3,3,62,135,0,0,0,0,0,0,0,0,0,0,0,0,0,0,1,2,50,1,1,2,1,0,0,1,66,1,1,1,89,1,0,1886
100064_2011,10,100064,1,2,1,19,8,1,46,12,6,1,0,42,3,87,881,87881,66,1999,1XP5DB9X0XN4,1,X,P,5,D,B,9,X,0,X,N,4,1,1,42,479993000,42479993000,3,6,8,1,0,0,0,0,0,0,0,55,0,0,0,12,2,3,12,0,0,0,1,42,17728,6,1,6,3,3,0,66,999,0,0,0,2,1,10,2010,2,2011,0,0,0,0,0,2,4,55,1,1,2,2,1,3,1,67,2,1,2,69,0,0,1887
100064_2011,10,100064,2,2,2,19,8,1,46,12,6,1,0,10,1,21,20,21020,4,1998,1G3NG52M9W63,1,G,3,N,G,5,2,M,9,W,6,3,0,0,0,000000000,00000000000,0,0,0,1,0,0,0,0,0,0,0,55,0,0,0,81,6,2,12,0,0,0,1,10,19734,6,1,0,0,3,0,70,168,0,2,2,0,0,9,2008,1,2009,0,38,0,0,0,2,4,55,1,1,2,2,1,3,11,15,1,1,2,68,1,1,1888
100065_2010,10,100065,1,1,1,9,9,5,5,8,0,1,1,99,9,99,999,99999,99,9999,999999999999,9,9,9,9,9,9,9,9,9,9,9,9,0,0,0,000000000,00000000000,0,0,0,1,0,0,0,0,0,0,0,999,0,0,0,12,9,1,8,0,0,0,1,99,99999,9,9,99,9,9,9,999,999,99,99,99,99,99,99,9999,99,9999,9,86,0,0,0,2,4,50,1,1,2,1,0,0,1,80,99,1,1,13,0,0,1889
100065_2011,10,100065,1,1,3,1,9,21,15,8,0,1,0,10,2,20,22,20022,2,2008,1G1AL18F5872,1,G,1,A,L,1,8,F,5,8,7,2,0,0,0,000000000,00000000000,0,0,0,1,0,0,0,0,0,0,0,35,0,0,0,12,6,2,8,0,0,0,1,10,19709,6,1,0,0,3,0,68,145,0,0,1,0,0,2,2011,2,2011,0,0,0,0,0,2,4,50,1,1,2,1,0,0,1,80,1,1,1,13,0,0,1890
100066_2010,10,100066,1,1,1,9,9,20,42,34,0,1,0,10,1,2,404,2404,14,1996,1J4GZ58S1TC1,1,J,4,G,Z,5,8,S,1,T,C,1,0,0,0,000000000,00000000000,0,0,0,1,0,0,0,0,0,0,0,40,0,1,5,12,6,2,1,0,0,0,1,10,19953,1,1,0,0,2,0,66,150,0,1,0,0,0,5,2010,5,2010,1,99,99,99,99,1,2,50,1,1,2,1,0,0,1,13,1,1,4,1,1,0,1891
100066_2011,10,100066,1,1,1,6,9,21,58,8,0,1,0,10,1,52,401,52401,14,2002,JA4LS21H62J0,J,A,4,L,S,2,1,H,6,2,J,0,0,0,0,000000000,00000000000,0,0,0,1,0,0,0,0,0,0,0,31,0,0,0,12,4,3,8,0,0,0,1,10,19946,6,1,0,0,3,3,68,190,0,0,0,0,0,0,0,0,0,0,0,0,0,0,1,2,50,1,1,2,2,0,0,0,80,0,0,0,13,0,0,1892
100067_2010,10,100067,1,2,2,15,9,22,6,12,6,1,0,10,2,20,441,20441,20,1993,1GNDM19W3PB1,1,G,N,D,M,1,9,W,3,P,B,1,0,0,0,000000000,00000000000,0,0,0,1,0,0,0,0,0,0,0,50,0,0,0,12,6,2,12,0,0,0,1,10,19805,6,1,0,0,3,0,72,151,0,0,0,0,0,0,0,0,0,0,0,0,0,0,1,4,45,1,2,2,1,0,0,1,67,1,1,2,69,0,0,1893
100067_2010,10,100067,2,2,4,15,9,22,6,12,6,1,0,24,1,20,16,20016,4,1996,3G1JF52T4TS9,3,G,1,J,F,5,2,T,4,T,S,9,0,0,0,000000000,00000000000,0,0,0,1,0,0,0,0,0,0,0,50,0,0,0,9,6,2,12,0,0,0,1,10,19720,0,0,0,0,0,0,999,999,99,99,99,99,99,99,9999,99,9999,0,39,0,0,0,1,4,45,1,2,2,1,20,3,11,15,1,1,2,68,1,0,1894
100067_2011,10,100067,1,2,2,10,9,19,15,33,0,1,0,10,1,20,37,20037,4,2004,1G1ZU54894F1,1,G,1,Z,U,5,4,8,9,4,F,1,0,0,0,000000000,00000000000,0,0,0,1,0,0,0,0,0,0,0,50,0,0,0,14,6,2,33,32,0,0,1,10,19934,6,1,0,0,3,3,73,185,0,0,0,0,0,0,0,0,0,0,36,0,0,0,1,2,25,1,1,2,1,3,3,1,11,1,2,4,2,1,0,1895
100067_2011,10,100067,2,2,2,10,9,19,15,33,0,1,0,10,2,24,9,24009,4,2007,1G8ZS57N77F1,1,G,8,Z,S,5,7,N,7,7,F,1,0,0,0,000000000,00000000000,0,0,0,1,0,0,0,0,0,0,0,25,0,1,5,9,6,2,1,0,0,0,1,10,19934,6,1,0,0,3,0,65,130,0,0,0,0,0,0,0,0,0,0,0,0,0,0,1,2,25,1,1,2,1,3,3,1,63,1,1,2,98,0,0,1896
100068_2010,10,100068,1,1,2,12,9,12,38,42,0,1,0,24,1,20,2,20002,4,2007,2G1WB58K4792,2,G,1,W,B,5,8,K,4,7,9,2,0,0,0,000000000,00000000000,0,0,0,1,0,0,0,0,0,0,0,50,0,0,0,3,6,2,42,0,0,0,1,24,21771,6,1,0,0,3,0,67,160,0,0,0,1,0,12,2009,12,2009,1,87,0,0,0,1,2,50,2,1,2,2,20,3,14,13,1,1,5,1,2,0,1897
100068_2011,10,100068,1,3,1,1,9,7,49,12,1,1,0,10,1,23,401,23401,14,2005,1GKET63M8523,1,G,K,E,T,6,3,M,8,5,2,3,0,0,0,000000000,00000000000,0,0,0,1,0,0,0,0,0,0,0,55,0,0,0,12,6,2,12,0,0,0,1,10,19975,6,1,0,0,3,0,62,118,0,0,0,0,0,0,0,0,0,0,84,0,0,0,1,2,50,1,1,2,1,0,0,1,51,9,2,2,24,0,0,1898
100068_2011,10,100068,2,3,1,1,9,7,49,12,1,1,0,10,1,63,33,63033,4,2000,KNDJB7232Y56,K,N,D,J,B,7,2,3,2,Y,5,6,0,0,0,000000000,00000000000,0,0,0,1,0,0,0,0,0,0,0,998,0,0,0,6,6,2,12,0,0,0,1,10,19947,6,1,0,0,3,3,61,169,0,0,0,0,0,0,0,0,0,0,0,0,0,0,1,2,50,1,1,2,1,0,0,1,53,1,1,2,26,1,0,1899
100068_2011,10,100068,3,3,1,1,9,7,49,12,1,1,0,10,1,7,41,7041,4,2003,2B3HD46R33H5,2,B,3,H,D,4,6,R,3,3,H,5,0,0,0,000000000,00000000000,0,0,0,1,0,0,0,0,0,0,0,55,0,0,0,12,6,2,12,0,0,0,1,10,19973,6,1,0,0,3,3,67,190,0,0,0,1,0,4,2009,4,2009,0,84,0,0,0,1,2,50,1,1,2,1,0,0,1,62,1,1,4,98,0,0,1900
100069_2010,10,100069,1,1,1,29,9,19,19,34,0,1,0,10,1,7,43,7043,4,1999,1B3EJ46XXXN5,1,B,3,E,J,4,6,X,X,X,N,5,0,0,0,000000000,00000000000,0,0,0,1,0,0,0,0,0,0,0,999,0,0,0,12,6,2,34,0,0,0,1,10,19953,6,1,0,0,3,3,63,185,0,0,0,0,0,0,0,0,0,1,0,0,0,0,1,2,50,1,1,2,1,0,0,1,13,99,2,5,2,1,1,1901
100069_2011,10,100069,1,3,1,16,9,17,33,12,2,1,0,10,2,35,47,35047,4,2007,1N4AL21E07C1,1,N,4,A,L,2,1,E,0,7,C,1,0,0,0,000000000,00000000000,0,0,0,1,0,0,0,0,0,0,0,55,0,0,0,12,6,2,12,0,0,0,1,10,19709,6,1,0,0,3,0,68,160,0,0,0,1,0,6,2011,6,2011,0,38,0,0,0,2,4,55,1,2,1,1,0,0,1,17,1,2,2,50,1,1,1902
100069_2011,10,100069,2,3,1,16,9,17,33,12,2,1,0,34,1,41,441,41441,20,2003,JM3LW28J3303,J,M,3,L,W,2,8,J,3,3,0,3,0,0,0,000000000,00000000000,0,0,0,1,0,0,0,0,0,0,0,55,0,1,1,12,6,2,1,0,0,0,1,10,19977,1,1,0,0,2,3,63,130,0,3,0,3,0,7,2010,7,2011,0,84,0,0,0,2,4,55,1,1,2,1,0,0,1,62,1,1,2,51,0,0,1903
100069_2011,10,100069,3,3,1,16,9,17,33,12,2,1,0,10,1,12,3,12003,2,2009,1ZVHT84N5951,1,Z,V,H,T,8,4,N,5,9,5,1,0,0,0,000000000,00000000000,0,0,0,1,0,0,0,0,0,0,0,55,0,0,0,12,6,2,12,0,0,0,1,10,19734,6,1,0,0,3,0,70,170,0,0,0,2,0,5,2010,10,2010,0,84,0,0,0,2,4,55,1,1,2,1,0,0,1,54,1,1,1,98,0,0,1904
100070_2010,10,100070,1,2,1,4,10,9,0,12,6,1,0,10,1,37,32,37032,4,2005,1HGCM66545A0,1,H,G,C,M,6,6,5,4,5,A,0,0,0,0,000000000,00000000000,0,0,0,1,0,0,0,0,0,0,0,999,0,0,0,3,6,2,12,0,0,0,1,10,19711,6,1,0,0,3,0,70,170,0,0,0,0,0,0,0,0,0,1,87,0,0,0,1,2,50,2,1,2,2,0,0,98,10,8,4,2,68,1,0,1905
100070_2010,10,100070,2,2,1,4,10,9,0,12,6,1,0,10,1,48,398,48398,4,2010,4S3BMBK69A32,4,S,3,B,M,B,K,6,9,A,3,2,0,0,0,000000000,00000000000,0,0,0,1,0,0,0,0,0,0,0,999,0,0,0,12,6,2,12,0,0,0,1,10,19711,6,1,0,0,3,3,72,170,0,0,0,0,1,1,2008,1,2008,0,0,0,0,0,1,2,40,2,1,2,2,0,0,14,62,1,1,1,69,0,0,1906
100070_2011,10,100070,1,1,1,24,9,1,20,8,0,1,0,10,1,22,441,22441,20,1997,1GMDX06E2VD1,1,G,M,D,X,0,6,E,2,V,D,1,0,0,0,000000000,00000000000,0,0,0,1,0,0,0,0,0,0,0,60,0,0,0,12,2,1,8,0,0,0,1,10,19946,6,1,0,0,3,0,70,199,0,1,0,3,2,10,2008,6,2011,0,86,0,0,0,2,4,55,1,1,2,1,1,3,1,80,1,1,1,13,0,0,1907
100071_2010,10,100071,1,2,1,7,10,1,37,12,1,1,0,9,3,82,881,82881,66,1998,1FUPCSZBXWL9,1,F,U,P,C,S,Z,B,X,W,L,9,1,1,9,1059934,091059934,3,6,1,1,0,0,0,0,0,0,0,0,0,0,0,6,4,3,12,0,0,0,1,13,30052,6,1,6,0,3,0,69,165,98,0,0,0,0,0,0,0,0,0,0,0,0,0,2,4,55,1,1,2,1,1,3,5,53,1,1,1,21,0,0,1908
100071_2010,10,100071,2,2,1,7,10,1,37,12,1,1,0,37,1,55,35,55035,4,2001,KMHDN45D51U0,K,M,H,D,N,4,5,D,5,1,U,0,0,0,0,000000000,00000000000,0,0,0,1,0,0,0,0,0,0,0,55,1,0,0,12,6,2,12,0,0,0,1,37,27834,6,1,0,0,3,0,71,999,0,1,0,0,1,12,2007,1,2008,1,99,99,99,99,2,4,55,1,1,2,1,1,3,1,50,1,1,1,20,1,1,1909
100071_2011,10,100071,1,2,1,26,9,0,1,12,1,1,0,10,2,72,706,72706,80,2004,1HD1JAB154Y0,1,H,D,1,J,A,B,1,5,4,Y,0,0,0,0,000000000,00000000000,0,0,0,1,0,0,0,0,0,0,0,92,0,0,0,12,6,2,12,0,0,0,1,10,19938,6,1,0,0,3,0,65,125,0,5,1,5,1,1,2009,8,2011,1,36,0,0,0,2,4,35,1,1,2,1,0,0,1,52,2,2,2,24,1,1,1910
100071_2011,10,100071,2,2,1,26,9,0,1,12,1,1,0,10,1,37,441,37441,20,2005,5FNRL38455B0,5,F,N,R,L,3,8,4,5,5,B,0,0,0,0,000000000,00000000000,0,0,0,1,0,0,0,0,0,0,0,25,0,0,0,6,6,2,12,0,0,0,1,10,19977,6,1,0,0,3,0,63,105,0,0,0,0,0,0,0,0,0,0,0,0,0,0,2,4,35,1,1,2,1,0,0,1,18,1,1,1,25,0,0,1911
100072_2010,10,100072,1,1,1,7,10,22,39,8,0,1,0,18,3,82,881,82881,66,2006,1FUBA5CK06LW,1,F,U,B,A,5,C,K,0,6,L,W,1,1,18,32574,1832574,3,6,1,1,0,0,0,0,0,0,0,55,0,0,0,12,0,1,8,0,0,0,1,42,17860,6,1,6,1,3,0,72,999,0,0,0,0,0,0,0,0,0,0,0,0,0,0,2,4,55,1,2,1,1,0,0,1,80,1,1,1,13,0,0,1912
100072_2011,10,100072,1,3,1,30,9,3,26,12,1,1,0,37,3,85,881,85881,66,1999,1XKWDB9X2XJ7,1,X,K,W,D,B,9,X,2,X,J,7,1,1,37,854529000,37854529000,3,6,3,1,0,0,0,0,0,0,0,5,0,0,0,6,0,1,12,0,0,0,1,37,27889,6,1,6,1,3,3,67,999,0,0,0,0,1,9,2009,9,2009,0,0,0,0,0,3,3,65,1,1,2,1,0,0,4,50,1,1,1,98,0,0,1913
100072_2011,10,100072,2,3,1,30,9,3,26,12,1,1,0,42,3,87,881,87881,66,1995,1XPFDR8X1SN3,1,X,P,F,D,R,8,X,1,S,N,3,1,1,42,103221000,42103221000,3,6,2,1,0,0,0,0,0,0,0,0,0,0,0,6,6,2,12,0,0,0,1,42,19078,6,1,6,1,3,3,74,999,0,0,0,0,0,0,0,0,0,0,0,0,0,0,3,3,65,1,1,2,1,0,0,1,50,1,1,2,21,0,0,1914
100072_2011,10,100072,3,3,1,30,9,3,26,12,1,1,0,42,3,20,499,20499,49,2010,1GB6G2AG4A11,1,G,B,6,G,2,A,G,4,A,1,1,0,0,0,000000000,00000000000,0,0,0,1,0,0,0,0,0,0,0,65,0,0,0,12,6,2,12,0,0,0,1,42,19078,1,1,0,0,2,0,73,999,0,1,0,0,1,7,2011,8,2011,1,38,0,0,0,3,3,65,1,1,2,1,0,0,2,50,2,2,1,20,1,1,1915
100073_2010,10,100073,1,2,2,15,10,21,33,8,0,1,1,10,2,55,35,55035,4,2000,KMHJF35F8YU9,K,M,H,J,F,3,5,F,8,Y,U,9,0,0,0,000000000,00000000000,0,0,0,1,0,0,0,0,0,0,0,99,0,0,0,12,4,1,8,0,0,0,1,10,19973,6,1,0,0,3,0,70,150,0,0,0,4,2,1,2010,9,2010,0,86,0,0,0,1,2,50,1,1,2,1,0,0,1,80,1,1,1,13,0,0,1916
100073_2010,10,100073,2,2,2,15,10,21,33,8,0,1,0,10,2,20,401,20401,14,2002,1GNDT13S5222,1,G,N,D,T,1,3,S,5,2,2,2,0,0,0,000000000,00000000000,0,0,0,1,0,0,0,0,0,0,0,35,0,0,0,12,0,1,8,0,0,0,1,10,19973,6,1,0,0,3,0,69,196,0,0,0,0,0,0,0,0,0,0,86,0,0,0,1,2,50,1,1,2,1,0,0,1,80,2,1,1,98,0,0,1917
100073_2011,10,100073,1,1,1,3,10,19,14,8,0,1,0,10,1,13,14,13014,6,2007,2LMDU88C97BJ,2,L,M,D,U,8,8,C,9,7,B,J,0,0,0,000000000,00000000000,0,0,0,1,0,0,0,0,0,0,0,50,0,0,0,12,4,3,8,0,0,0,1,10,19973,6,1,0,0,3,0,63,122,0,2,0,2,1,1,2011,9,2011,0,86,0,0,0,1,2,50,1,1,2,2,0,0,1,80,1,1,1,13,0,0,1918
100074_2010,10,100074,1,1,2,28,10,15,12,24,0,1,0,10,2,52,39,52039,2,1996,JA3AM84J7TY0,J,A,3,A,M,8,4,J,7,T,Y,0,0,0,0,000000000,00000000000,0,0,0,1,0,0,0,0,0,0,0,100,0,1,5,12,6,2,1,0,0,0,1,10,19701,6,2,0,0,3,0,69,140,0,0,0,0,0,0,0,0,0,1,0,0,0,0,3,6,65,1,1,2,1,0,0,17,10,8,2,5,3,2,0,1919
100074_2011,10,100074,1,6,1,10,10,21,54,12,1,1,0,10,2,49,43,49043,4,2006,4T1BK36B26U0,4,T,1,B,K,3,6,B,2,6,U,0,0,0,0,000000000,00000000000,0,0,0,1,0,0,0,0,0,0,0,0,0,0,0,6,6,2,12,0,0,0,1,10,19707,6,1,0,0,3,0,74,160,0,0,0,1,0,12,2010,12,2010,0,54,0,0,0,1,2,50,1,2,2,1,2,3,0,53,0,0,0,98,0,0,1920
100074_2011,10,100074,2,6,2,10,10,21,54,12,1,1,0,51,1,49,471,49471,30,1987,JT4RN67P4H50,J,T,4,R,N,6,7,P,4,H,5,0,0,0,0,000000000,00000000000,0,0,0,1,0,0,0,0,0,0,0,0,0,1,1,6,6,2,1,0,0,0,1,51,23805,6,1,0,0,3,0,74,161,0,0,0,0,0,0,0,0,0,0,54,0,0,0,1,2,50,1,2,2,1,2,3,5,53,1,1,2,98,0,1,1921
100074_2011,10,100074,3,6,1,10,10,21,54,12,1,1,0,10,1,20,24,20024,6,2009,1GNER33DX9S1,1,G,N,E,R,3,3,D,X,9,S,1,0,0,0,000000000,00000000000,0,0,0,1,0,0,0,0,0,0,0,0,0,0,0,6,2,3,12,0,0,0,1,10,19711,6,1,0,0,3,0,73,195,0,0,0,0,0,0,0,0,0,0,54,0,0,0,1,2,50,1,2,2,1,2,3,5,53,10,1,2,98,0,0,1922
100074_2011,10,100074,4,6,2,10,10,21,54,12,1,1,0,10,2,34,35,34035,4,1999,WBADN6335XGM,W,B,A,D,N,6,3,3,5,X,G,M,0,0,0,000000000,00000000000,0,0,0,1,0,0,0,0,0,0,0,50,0,0,0,12,2,1,12,0,0,0,1,10,19707,6,1,0,0,3,3,66,115,0,0,0,1,0,4,2010,4,2010,0,0,0,0,0,1,2,50,1,2,2,1,2,3,1,60,1,1,1,98,0,1,1923
100074_2011,10,100074,5,6,1,10,10,21,54,12,1,1,0,10,1,37,31,37031,4,2000,2HGEJ6613YH5,2,H,G,E,J,6,6,1,3,Y,H,5,0,0,0,000000000,00000000000,0,0,0,1,0,0,0,0,0,0,0,0,0,0,0,6,6,2,12,0,0,0,1,10,19707,6,1,0,0,3,0,71,250,0,0,0,1,0,8,2009,8,2009,0,0,0,0,0,1,2,50,1,2,2,1,2,3,5,53,1,1,2,21,1,1,1924
100074_2011,10,100074,6,6,1,10,10,21,54,12,1,1,0,10,2,12,481,12481,31,1997,1FTHF25H6VEA,1,F,T,H,F,2,5,H,6,V,E,A,0,0,0,000000000,00000000000,0,0,0,1,0,0,0,0,0,0,0,50,0,0,0,12,6,2,12,0,0,0,1,10,19711,2,1,0,0,2,3,70,190,0,1,1,0,1,7,2009,8,2011,1,38,0,0,0,1,2,50,1,2,2,1,2,3,1,17,1,1,2,20,0,1,1925
100075_2010,10,100075,1,3,2,31,10,20,12,12,6,1,0,10,3,12,401,12401,14,1997,1FMDU34X1VUC,1,F,M,D,U,3,4,X,1,V,U,C,0,0,0,000000000,00000000000,0,0,0,1,0,0,0,0,0,0,0,55,0,0,0,9,6,2,12,0,0,0,1,10,19952,6,1,0,0,3,0,76,250,0,0,0,0,0,0,0,0,0,1,34,0,0,0,3,4,55,1,1,2,1,0,0,1,64,1,1,3,48,2,0,1926
100075_2010,10,100075,2,3,1,31,10,20,12,12,6,1,0,10,1,20,482,20482,31,2004,2GCEK19T7411,2,G,C,E,K,1,9,T,7,4,1,1,0,0,0,000000000,00000000000,0,0,0,1,0,0,0,0,0,0,0,84,0,0,0,12,6,2,12,0,0,0,1,10,19952,6,1,0,0,3,0,76,250,0,0,0,0,0,0,0,0,0,1,8,36,0,0,3,4,55,1,1,2,1,0,0,6,12,2,2,2,48,0,0,1927
100075_2010,10,100075,3,3,1,31,10,20,12,12,6,1,0,10,1,19,3,19003,4,1993,1G6CD53B3P43,1,G,6,C,D,5,3,B,3,P,4,3,0,0,0,000000000,00000000000,0,0,0,1,0,0,0,0,0,0,0,55,0,0,0,1,6,2,12,0,0,0,1,10,19973,6,1,0,0,3,0,66,144,0,0,0,0,0,0,0,0,0,0,0,0,0,0,3,4,55,1,1,2,1,0,0,0,54,0,0,0,98,0,0,1928
100075_2011,10,100075,1,1,1,15,10,5,36,59,0,1,0,10,1,37,705,37705,80,2006,JH2PC37016M3,J,H,2,P,C,3,7,0,1,6,M,3,0,0,0,000000000,00000000000,0,0,0,1,0,0,0,0,0,0,0,76,0,0,0,12,6,2,59,0,0,0,1,10,19709,6,1,0,0,3,3,73,185,0,0,0,2,0,2,2010,8,2011,1,28,37,0,0,3,4,50,3,1,1,1,0,0,14,13,1,1,4,1,1,1,1929
100076_2010,10,100076,1,1,1,7,11,9,0,8,0,1,1,10,1,20,471,20471,30,1988,1GNCT18R8J01,1,G,N,C,T,1,8,R,8,J,0,1,0,0,0,000000000,00000000000,0,0,0,1,0,0,0,0,0,0,0,999,0,0,0,12,4,1,8,0,0,0,1,10,19943,6,1,0,0,3,0,71,90,0,0,0,0,0,0,0,0,0,9,91,0,0,0,1,2,50,1,1,2,1,0,0,99,80,1,1,9,13,0,0,1930
100076_2011,10,100076,1,1,3,18,10,11,20,53,0,1,0,10,2,12,17,12017,6,2000,1FAFP56S2YG2,1,F,A,F,P,5,6,S,2,Y,G,2,0,0,0,000000000,00000000000,0,0,0,1,0,0,0,0,0,0,0,80,0,0,0,12,6,2,42,0,0,0,1,10,19956,2,1,0,0,2,0,70,161,2,2,0,0,0,3,2011,3,2011,1,36,0,0,0,1,2,50,4,1,2,1,0,0,14,12,1,1,4,6,1,1,1931
100077_2010,10,100077,1,1,1,8,11,17,47,9,0,1,0,10,3,7,442,7442,20,2007,1D4GP25E47B1,1,D,4,G,P,2,5,E,4,7,B,1,0,0,0,000000000,00000000000,0,0,0,1,0,0,0,0,0,0,0,57,0,0,0,12,4,3,9,0,0,0,1,10,19973,6,1,0,0,3,0,67,180,0,0,0,2,0,12,2007,7,2010,0,86,0,0,0,1,2,45,1,1,2,1,0,0,1,80,1,1,1,13,0,0,1932
100077_2011,10,100077,1,2,1,19,10,14,55,12,6,1,0,10,2,55,37,55037,2,2003,KMHHN65F63U0,K,M,H,H,N,6,5,F,6,3,U,0,0,0,0,000000000,00000000000,0,0,0,1,0,0,0,0,0,0,0,45,0,0,0,9,6,2,12,0,0,0,1,10,19964,6,1,0,0,3,0,58,120,0,0,0,0,0,0,0,0,0,0,38,39,0,0,1,2,45,1,1,2,2,20,3,1,17,1,1,2,89,1,0,1933
100077_2011,10,100077,2,2,1,19,10,14,55,12,6,1,0,24,1,49,471,49471,30,1992,4TARN81P1NZ0,4,T,A,R,N,8,1,P,1,N,Z,0,0,0,0,000000000,00000000000,0,0,0,1,0,0,0,0,0,0,0,999,0,0,0,12,6,2,12,0,0,0,1,24,21649,6,1,0,0,3,0,64,124,0,0,0,2,0,9,2010,7,2011,0,0,0,0,0,1,2,45,1,1,2,2,0,0,1,66,1,1,9,88,0,0,1934
100078_2010,10,100078,1,1,1,11,11,8,49,42,0,1,0,10,2,35,50,35050,4,2010,3N1BC1AP7AL3,3,N,1,B,C,1,A,P,7,A,L,3,0,0,0,000000000,00000000000,0,0,0,1,0,0,0,0,0,0,0,999,0,0,0,12,6,2,42,0,0,0,1,10,19958,6,1,0,0,3,0,69,175,0,0,0,0,0,0,0,0,0,1,36,0,0,0,1,2,35,1,1,2,1,0,0,99,13,3,4,4,2,1,0,1935
100078_2011,10,100078,1,1,1,25,10,22,1,34,0,1,0,10,1,20,401,20401,14,1996,1GNDT13WXT22,1,G,N,D,T,1,3,W,X,T,2,2,0,0,0,000000000,00000000000,0,0,0,1,0,0,0,0,0,0,0,80,0,1,5,12,6,2,1,0,0,0,1,10,19956,1,1,0,0,2,0,72,215,0,1,0,0,0,9,2011,9,2011,1,36,0,0,0,1,2,50,1,1,2,1,0,0,1,13,9,2,4,2,1,1,1936
100079_2010,10,100079,1,2,1,22,11,0,1,12,2,1,0,10,1,55,35,55035,6,2000,KMHJW35F3YU1,K,M,H,J,W,3,5,F,3,Y,U,1,0,0,0,000000000,00000000000,0,0,0,1,0,0,0,0,0,0,0,999,0,0,0,12,6,2,12,0,0,0,1,10,19960,2,1,0,0,2,3,68,215,0,3,1,1,1,4,2009,1,2010,0,51,0,0,0,2,4,55,1,1,2,1,0,0,1,54,1,1,9,50,1,1,1937
100079_2010,10,100079,2,2,1,22,11,0,1,12,2,1,0,10,1,52,37,52037,2,2001,4A3AC44G61E0,4,A,3,A,C,4,4,G,6,1,E,0,0,0,0,000000000,00000000000,0,0,0,1,0,0,0,0,0,0,0,999,0,0,0,12,6,2,12,0,0,0,1,10,19804,6,1,0,0,3,0,63,105,0,0,0,0,0,0,0,0,0,0,0,0,0,0,2,4,55,1,1,2,1,0,0,1,54,1,1,1,51,1,0,1938
100079_2011,10,100079,1,2,1,27,10,5,18,12,1,1,0,10,3,86,882,86882,63,2004,1M2K195C34M0,1,M,2,K,1,9,5,C,3,4,M,0,0,0,10,231232000,10231232000,3,2,7,1,0,0,0,0,0,0,0,5,0,0,0,6,2,1,12,0,0,0,1,10,19720,6,1,6,1,3,3,72,151,0,0,0,0,0,0,0,0,0,0,0,0,0,0,2,4,45,1,1,2,2,0,0,2,18,1,1,2,31,0,0,1939
100079_2011,10,100079,2,2,2,27,10,5,18,12,1,1,0,92,0,49,40,49040,4,1992,JT2EL45F7N00,J,T,2,E,L,4,5,F,7,N,0,0,0,0,0,000000000,00000000000,0,0,0,1,0,0,0,0,0,0,0,999,0,0,0,12,6,2,12,0,0,0,1,10,19711,0,0,0,0,0,0,999,999,99,99,99,99,99,99,9999,99,9999,0,52,0,0,0,2,4,45,1,1,2,2,0,0,1,50,1,1,1,28,1,0,1940
100080_2010,10,100080,1,2,2,22,11,15,40,12,2,1,0,10,1,37,31,37031,4,2001,2HGES267X1H5,2,H,G,E,S,2,6,7,X,1,H,5,0,0,0,000000000,00000000000,0,0,0,1,0,0,0,0,0,0,0,50,0,0,0,12,6,2,12,0,0,0,1,10,19904,6,1,0,0,3,0,73,190,0,0,0,0,0,0,0,0,0,0,99,99,99,99,1,2,50,2,1,2,1,0,0,14,11,1,1,2,50,1,0,1941