st_case_year,STATE,ST_CASE,VEH_NO,VE_FORMS,NUMOCCS,DAY,MONTH,HOUR,MINUTE,HARM_EV,MAN_COLL,UNITTYPE,HIT_RUN,REG_STAT,OWNER,MAKE,MODEL,MAK_MOD,BODY_TYP,MOD_YEAR,VIN,VIN_1,VIN_2,VIN_3,VIN_4,VIN_5,VIN_6,VIN_7,VIN_8,VIN_9,VIN_10,VIN_11,VIN_12,TOW_VEH,J_KNIFE,MCARR_I1,MCARR_I2,MCARR_ID,GVWR,V_CONFIG,CARGO_BT,HAZ_INV,HAZ_PLAC,HAZ_ID,HAZ_CNO,HAZ_REL,BUS_USE,SPEC_USE,EMER_USE,TRAV_SP,UNDERIDE,ROLLOVER,ROLINLOC,IMPACT1,DEFORMED,TOWED,M_HARM,VEH_SC1,VEH_SC2,FIRE_EXP,DR_PRES,L_STATE,DR_ZIP,L_STATUS,L_TYPE,CDL_STAT,L_ENDORS,L_COMPL,L_RESTRI,DR_HGT,DR_WGT,PREV_ACC,PREV_SUS,PREV_DWI,PREV_SPD,PREV_OTH,FIRST_MO,FIRST_YR,LAST_MO,LAST_YR,SPEEDREL,DR_SF1,DR_SF2,DR_SF3,DR_SF4,VTRAFWAY,VNUM_LAN,VSPD_LIM,VALIGN,VPROFILE,VPAVETYP,VSURCOND,VTRAFCON,VTCONT_F,P_CRASH1,P_CRASH2,P_CRASH3,PCRASH4,PCRASH5,ACC_TYPE,DEATHS,DR_DRINK,idno
110010_2010,11,110010,1,1,1,12,4,18,4,9,0,1,0,94,3,98,898,98898,64,2009,999999999999,9,9,9,9,9,9,9,9,9,9,9,9,0,0,99,999999999,99999999999,9,1,96,1,0,0,0,0,0,4,0,999,0,0,0,5,0,1,9,42,0,0,1,51,20175,6,1,0,0,3,1,67,180,0,0,0,0,0,0,0,0,0,0,86,0,0,0,3,5,25,1,1,2,1,2,3,9,16,1,1,2,13,0,0,1999
110010_2011,11,110010,1,1,1,8,5,5,10,8,0,1,0,24,1,20,403,20403,14,2003,1GNDT13X43K1,1,G,N,D,T,1,3,X,4,3,K,1,0,0,0,000000000,00000000000,0,0,0,1,0,0,0,0,0,0,0,998,0,0,0,12,6,2,8,0,0,0,1,11,20020,3,1,0,0,2,0,69,190,0,0,0,0,0,0,0,0,0,0,0,0,0,0,3,2,45,1,3,2,1,0,0,1,80,1,1,1,13,0,1,2000
110011_2010,11,110011,1,2,2,19,4,18,50,12,2,1,0,24,1,7,461,7461,21,1998,2B6HB11Y4WK1,2,B,6,H,B,1,1,Y,4,W,K,1,0,0,0,000000000,00000000000,0,0,0,1,0,0,0,0,0,0,0,51,0,0,0,12,6,2,12,0,0,1,1,98,0,0,0,0,0,0,0,68,195,99,99,99,99,99,99,9999,99,9999,1,34,0,0,0,1,2,25,1,1,2,1,0,0,6,54,1,1,1,52,0,0,2001
110011_2010,11,110011,2,2,5,19,4,18,50,12,2,1,0,11,2,49,40,49040,4,1997,4T1BF22K4VU9,4,T,1,B,F,2,2,K,4,V,U,9,0,0,0,000000000,00000000000,0,0,0,1,0,0,0,0,0,0,0,998,0,0,0,12,6,2,12,0,0,0,1,11,20019,6,1,0,0,3,0,66,999,0,0,0,0,0,0,0,0,0,1,0,0,0,0,1,2,25,1,1,2,1,0,0,1,62,1,1,1,52,1,0,2002
110011_2011,11,110011,1,2,1,24,5,7,6,12,1,1,0,24,1,53,706,53706,80,2006,JS1GR7KA2621,J,S,1,G,R,7,K,A,2,6,2,1,0,0,0,000000000,00000000000,0,0,0,1,0,0,0,0,0,0,0,52,0,0,0,12,6,2,12,0,0,0,1,24,20746,6,1,6,0,3,0,68,140,0,0,0,0,0,0,0,0,0,0,0,0,0,0,1,4,25,1,3,2,1,0,0,1,50,3,1,1,20,1,1,2003
110011_2011,11,110011,2,2,1,24,5,7,6,12,1,1,0,24,1,20,16,20016,4,2004,1G1JC52F8472,1,G,1,J,C,5,2,F,8,4,7,2,0,0,0,000000000,00000000000,0,0,0,1,0,0,0,0,0,0,0,0,0,0,0,6,6,2,12,0,0,0,1,24,20772,6,1,0,0,3,0,60,122,0,0,0,0,0,0,0,0,0,0,0,0,0,0,1,4,25,1,3,2,1,0,0,5,18,1,1,1,21,0,0,2004
110012_2010,11,110012,1,1,1,29,4,10,21,8,0,1,0,51,2,20,481,20481,40,2008,1GBE5C3928F4,1,G,B,E,5,C,3,9,2,8,F,4,0,0,57,620907,57620907,2,1,3,1,0,0,0,0,0,0,0,998,0,0,0,12,0,3,8,0,0,0,1,51,22026,6,1,6,0,3,0,68,180,0,0,0,0,0,0,0,0,0,0,0,0,0,0,1,2,25,1,1,2,1,2,3,11,15,1,1,1,13,0,0,2005
110012_2011,11,110012,1,1,2,31,5,22,3,8,0,1,0,11,2,18,2,18002,4,2002,1G4HP54K52U1,1,G,4,H,P,5,4,K,5,2,U,1,0,0,0,000000000,00000000000,0,0,0,1,0,0,0,0,0,0,0,45,0,0,0,12,6,9,8,0,0,0,1,11,20002,0,0,0,0,0,0,71,210,99,99,99,99,99,99,9999,99,9999,0,0,0,0,0,4,3,40,2,1,2,1,0,0,14,80,1,1,1,13,0,0,2006
110013_2010,11,110013,1,1,3,1,6,18,12,42,0,1,0,11,1,49,40,49040,4,2001,4T1BG22K31U7,4,T,1,B,G,2,2,K,3,1,U,7,0,0,0,000000000,00000000000,0,0,0,1,0,0,0,0,0,0,0,998,0,0,0,12,6,2,42,0,0,0,1,11,20011,6,1,0,0,3,0,61,164,0,0,0,0,0,0,0,0,0,0,0,0,0,0,1,4,25,3,1,2,1,0,0,14,13,1,1,4,1,1,0,2007
110013_2011,11,110013,1,1,1,4,6,7,20,9,0,1,0,24,1,87,883,87883,66,2006,1XP5D49X86N8,1,X,P,5,D,4,9,X,8,6,N,8,1,1,57,970281,57970281,3,6,98,1,0,0,0,0,0,0,0,998,0,0,0,12,2,1,9,0,0,0,1,24,20613,6,1,6,0,3,0,64,155,0,0,0,0,0,0,0,0,0,0,0,0,0,0,1,2,25,1,1,2,1,2,3,4,83,1,1,1,13,0,0,2008
110014_2010,11,110014,1,1,1,3,6,18,53,8,0,1,0,24,2,7,24,7024,4,2006,2B3KA53H46H3,2,B,3,K,A,5,3,H,4,6,H,3,0,0,0,000000000,00000000000,0,0,0,1,0,0,0,0,0,0,0,998,0,0,0,12,2,3,8,0,0,0,1,11,20018,6,1,0,0,3,0,76,225,0,0,0,2,0,9,2009,3,2010,0,0,0,0,0,4,1,25,1,1,2,1,0,0,1,80,1,1,1,13,0,0,2009
110014_2011,11,110014,1,1,1,17,6,99,99,14,0,1,0,11,2,35,401,35401,14,1995,JN8HD17Y3SW0,J,N,8,H,D,1,7,Y,3,S,W,0,0,0,0,000000000,00000000000,0,0,0,1,0,0,0,0,0,0,0,998,0,0,0,82,6,2,14,0,0,1,1,11,20003,1,1,0,0,2,0,67,250,0,0,0,0,0,0,0,0,0,0,0,0,0,0,1,2,25,1,1,2,1,0,0,1,11,1,1,4,11,1,0,2010
110015_2010,11,110015,1,1,1,4,6,22,50,9,0,1,0,24,1,20,422,20422,15,2004,3GNFK16Z34G1,3,G,N,F,K,1,6,Z,3,4,G,1,0,0,0,000000000,00000000000,0,0,0,1,0,0,0,0,0,0,0,72,0,0,0,1,4,3,9,0,0,0,1,24,20747,6,1,0,0,3,0,75,245,0,0,0,0,0,0,0,0,0,1,86,0,0,0,1,4,30,1,1,2,1,0,0,1,83,1,1,1,13,0,1,2011
110015_2011,11,110015,1,1,4,2,7,2,3,33,0,1,0,11,1,52,34,52034,4,2007,4A3AB36F87E0,4,A,3,A,B,3,6,F,8,7,E,0,0,0,0,000000000,00000000000,0,0,0,1,0,0,0,0,0,0,0,998,0,1,5,14,6,2,1,0,0,0,1,11,20020,6,1,0,0,3,0,62,185,0,0,0,0,0,0,0,0,0,1,8,0,0,0,1,2,25,1,1,2,1,0,0,1,6,6,4,4,7,3,1,2012
110016_2010,11,110016,1,1,2,11,7,18,9,8,0,1,0,24,2,49,32,49032,4,2006,1NXBR32E96Z6,1,N,X,B,R,3,2,E,9,6,Z,6,0,0,0,000000000,00000000000,0,0,0,1,0,0,0,0,0,0,0,998,0,0,0,1,2,3,8,0,0,0,1,24,20910,6,1,0,0,3,0,64,120,0,0,0,0,0,0,0,0,0,0,0,0,0,0,1,4,25,1,1,2,1,0,0,1,17,1,1,1,13,0,0,2013
110016_2011,11,110016,1,2,1,17,7,5,2,12,6,1,0,24,1,49,40,49040,4,2000,4T1BG22K0YU9,4,T,1,B,G,2,2,K,0,Y,U,9,0,0,0,000000000,00000000000,0,0,0,1,0,0,0,0,0,0,0,998,9,0,0,12,9,9,12,0,0,0,1,24,20784,6,1,0,0,3,0,999,999,0,0,0,0,0,0,0,0,0,9,0,0,0,0,1,2,25,1,1,2,1,20,3,1,67,3,1,1,83,0,0,2014
110016_2011,11,110016,2,2,3,17,7,5,2,12,6,1,1,51,5,2,403,2403,14,2003,999999999999,9,9,9,9,9,9,9,9,9,9,9,9,0,0,0,000000000,00000000000,0,0,0,1,0,0,0,0,0,0,0,998,0,0,0,61,6,2,12,0,0,0,1,99,99999,9,9,99,9,9,9,999,999,99,99,99,99,99,99,9999,99,9999,9,99,99,99,99,1,2,25,1,1,2,1,20,3,11,15,1,1,1,82,1,0,2015
110017_2010,11,110017,1,3,1,26,7,4,20,12,7,1,0,24,1,37,32,37032,2,1993,1HGCB7158PA0,1,H,G,C,B,7,1,5,8,P,A,0,0,0,0,000000000,00000000000,0,0,0,1,0,0,0,0,0,0,0,0,0,0,0,3,6,2,12,0,0,0,1,24,20706,6,1,0,0,3,0,70,185,0,0,0,0,0,0,0,0,0,1,28,0,0,0,1,3,25,1,1,2,1,0,0,15,8,1,1,2,46,1,0,2016
110017_2010,11,110017,2,3,1,26,7,4,20,12,7,1,0,24,1,59,31,59031,4,2007,JTHBJ46G7720,J,T,H,B,J,4,6,G,7,7,2,0,0,0,0,000000000,00000000000,0,0,0,1,0,0,0,0,0,0,0,998,0,0,0,9,2,1,12,0,0,0,1,24,20720,6,1,0,0,3,0,71,150,0,0,0,0,0,0,0,0,0,0,0,0,0,0,1,3,25,1,1,2,1,0,0,1,61,1,1,1,45,0,0,2017
110017_2010,11,110017,3,3,1,26,7,4,20,12,7,1,0,24,1,6,441,6441,20,2008,2A8HR54P58R1,2,A,8,H,R,5,4,P,5,8,R,1,0,0,0,000000000,00000000000,0,0,0,1,0,0,0,0,0,0,0,998,0,0,0,12,6,2,12,0,0,0,1,24,20785,6,1,0,0,3,0,66,198,0,0,0,0,0,0,0,0,0,0,0,0,0,0,1,3,25,1,1,2,1,0,0,1,62,1,1,2,98,0,0,2018
110017_2011,11,110017,1,2,1,2,8,4,54,12,6,1,0,0,0,76,702,76702,83,2003,JYACE07Y73A0,J,Y,A,C,E,0,7,Y,7,3,A,0,0,0,0,000000000,00000000000,0,0,0,1,0,0,0,0,0,0,0,998,0,0,0,12,9,9,12,99,99,0,1,24,20783,6,1,0,0,2,0,999,999,99,99,99,99,99,99,9999,99,9999,9,99,99,99,99,1,3,25,1,1,2,1,2,3,1,62,1,1,1,69,1,0,2019
110017_2011,11,110017,2,2,1,2,8,4,54,12,6,1,0,42,2,85,999,85999,99,1997,1PTF71TR4V90,1,P,T,F,7,1,T,R,4,V,9,0,1,1,99,999999999,99999999999,3,99,99,1,0,0,0,0,0,0,0,998,0,0,0,81,2,1,12,0,0,0,1,42,99999,6,1,6,1,3,0,999,999,99,99,99,99,99,99,9999,99,9999,0,0,0,0,0,1,3,25,1,1,2,1,2,3,11,15,1,1,2,68,0,0,2020
110018_2010,11,110018,1,1,1,31,7,2,1,24,0,1,0,11,1,18,2,18002,4,1993,1G4HP53LXPH4,1,G,4,H,P,5,3,L,X,P,H,4,0,0,0,000000000,00000000000,0,0,0,1,0,0,0,0,0,0,0,999,0,1,1,12,6,2,24,0,0,1,1,24,20640,6,1,0,0,3,0,66,138,0,0,0,0,0,0,0,0,0,1,36,0,0,0,3,3,45,3,1,2,1,0,0,14,6,3,1,4,6,1,1,2021
110018_2011,11,110018,1,1,2,12,8,4,15,33,0,1,0,24,2,42,47,42047,2,2004,WDBTJ75J84F0,W,D,B,T,J,7,5,J,8,4,F,0,0,0,0,000000000,00000000000,0,0,0,1,0,0,0,0,0,0,0,998,0,0,0,14,6,2,30,0,0,1,1,98,20018,0,0,0,0,0,0,999,999,99,99,99,99,99,99,9999,99,9999,1,99,99,99,99,1,4,25,1,1,2,1,0,0,1,6,3,4,4,7,2,1,2022
110019_2010,11,110019,1,1,1,8,9,20,38,33,0,1,0,24,2,7,25,7025,5,2007,1B3HB48B27D4,1,B,3,H,B,4,8,B,2,7,D,4,0,0,0,000000000,00000000000,0,0,0,1,0,0,0,0,0,0,0,998,0,0,0,14,4,3,8,0,0,0,1,24,20721,6,1,0,0,3,0,65,118,0,0,0,0,0,0,0,0,0,9,29,0,0,0,2,6,25,1,1,2,1,2,3,1,17,1,1,4,6,0,1,2023
110019_2011,11,110019,1,1,1,19,8,19,30,8,0,1,0,24,1,7,472,7472,30,2003,1D7HG48N93S2,1,D,7,H,G,4,8,N,9,3,S,2,0,0,0,000000000,00000000000,0,0,0,1,0,0,0,0,0,0,0,40,0,0,0,12,4,3,8,0,0,0,1,24,20622,6,1,0,0,3,0,70,195,0,0,0,0,0,0,0,0,0,0,0,0,0,0,4,4,25,1,1,2,2,2,3,1,80,8,1,2,13,0,0,2024
110020_2010,11,110020,1,1,2,30,10,1,33,33,0,1,0,11,2,12,16,12016,4,2005,2FAFP71W05X1,2,F,A,F,P,7,1,W,0,5,X,1,0,0,0,000000000,00000000000,0,0,0,1,0,0,0,0,0,5,1,63,0,0,0,14,6,2,30,0,0,1,1,51,22192,6,1,0,0,3,0,72,200,0,0,0,0,0,0,0,0,0,1,51,0,0,0,1,4,25,1,1,2,1,0,0,3,50,6,3,4,3,1,0,2025
110020_2011,11,110020,1,1,1,29,9,6,35,8,0,1,0,51,4,2,405,2405,14,2011,1J4PN2GK9BW5,1,J,4,P,N,2,G,K,9,B,W,5,0,0,0,000000000,00000000000,0,0,0,1,0,0,0,0,0,0,0,998,0,0,0,12,2,3,8,0,0,0,1,24,20706,6,1,0,0,3,0,65,170,0,0,0,0,0,0,0,0,0,0,0,0,0,0,1,4,25,1,1,2,1,0,0,1,80,1,1,1,13,0,0,2026
110021_2010,11,110021,1,1,1,7,10,1,34,8,0,1,1,24,1,59,401,59401,14,2000,JT6HF10U2Y01,J,T,6,H,F,1,0,U,2,Y,0,1,0,0,0,000000000,00000000000,0,0,0,1,0,0,0,0,0,0,0,998,0,0,0,82,4,1,8,0,0,0,1,24,20815,6,1,0,0,3,0,62,114,0,0,0,0,0,0,0,0,0,0,86,0,0,0,4,1,25,1,1,2,1,0,0,1,11,1,1,3,13,0,1,2027
110021_2011,11,110021,1,1,1,6,10,10,59,8,0,1,0,98,2,49,403,49403,14,2008,JTEEW41A1820,J,T,E,E,W,4,1,A,1,8,2,0,0,0,0,000000000,00000000000,0,0,0,1,0,0,0,0,0,0,0,998,0,0,0,62,0,3,8,0,0,0,1,11,20008,6,1,0,0,3,0,66,165,0,0,0,0,0,0,0,0,0,0,0,0,0,0,1,2,25,1,1,2,1,2,3,11,80,1,1,1,13,0,0,2028
110022_2010,11,110022,1,1,1,5,11,17,50,33,0,1,0,11,2,12,16,12016,4,1999,2FAFP71W5XX1,2,F,A,F,P,7,1,W,5,X,X,1,0,0,0,000000000,00000000000,0,0,0,1,0,0,0,0,0,0,0,998,0,0,0,98,6,2,30,0,0,0,1,11,20019,6,1,0,0,3,0,72,195,0,0,0,0,0,0,0,0,0,1,39,0,0,0,1,2,25,1,1,2,1,20,3,1,13,1,1,4,1,1,1,2029
110022_2011,11,110022,1,3,1,17,10,17,11,12,1,1,0,11,1,37,706,37706,80,2007,JH2SC57007M3,J,H,2,S,C,5,7,0,0,7,M,3,0,0,0,000000000,00000000000,0,0,0,1,0,0,0,0,0,0,0,998,0,0,0,12,6,2,12,0,0,0,1,11,20001,6,1,0,0,2,0,69,171,0,0,0,0,0,0,0,0,0,1,36,0,0,0,4,2,25,1,1,2,1,0,0,1,51,99,1,2,28,1,0,2030
110022_2011,11,110022,2,3,1,17,10,17,11,12,1,1,0,11,2,82,883,82883,63,2008,1FVACXDT48HZ,1,F,V,A,C,X,D,T,4,8,H,Z,5,1,77,777777777,77777777777,3,1,12,1,0,0,0,0,0,0,0,998,0,0,0,6,2,1,12,42,0,0,1,11,20020,6,1,6,2,2,0,69,310,0,0,0,0,1,1,2011,1,2011,0,0,0,0,0,4,2,25,1,1,2,1,0,0,2,53,1,1,1,29,0,0,2031
110022_2011,11,110022,3,3,1,17,10,17,11,12,1,1,0,11,1,49,40,49040,4,2011,4T1BF3EK6BU7,4,T,1,B,F,3,E,K,6,B,U,7,0,0,0,000000000,00000000000,0,0,0,1,0,0,0,0,0,0,0,998,0,0,0,81,4,3,12,0,0,0,1,11,20011,6,1,0,0,3,0,61,185,0,0,0,0,0,0,0,0,0,0,0,0,0,0,4,2,25,1,1,2,1,0,0,1,60,1,1,1,98,0,0,2032
110023_2010,11,110023,1,1,1,8,11,0,45,8,0,1,1,24,1,42,421,42421,15,2010,4JGBF7BE0AA5,4,J,G,B,F,7,B,E,0,A,A,5,0,0,0,000000000,00000000000,0,0,0,1,0,0,0,0,0,0,0,998,0,0,0,12,2,1,8,0,0,0,1,24,20744,6,1,0,0,3,0,71,210,0,0,0,0,0,0,0,0,0,0,86,0,0,0,3,2,40,1,1,2,1,0,0,1,80,99,1,1,13,0,0,2033
110024_2010,11,110024,1,1,2,12,12,2,35,8,0,1,0,24,2,49,40,49040,4,2007,4T1BK46K57U5,4,T,1,B,K,4,6,K,5,7,U,5,0,0,0,000000000,00000000000,0,0,0,1,0,0,0,0,0,0,0,998,0,0,0,12,4,3,8,0,0,0,1,24,20744,6,1,0,0,3,0,75,220,0,0,0,0,0,0,0,0,0,0,36,0,0,0,3,3,50,1,1,2,2,0,0,1,80,1,1,1,13,0,1,2034
240001_2010,24,240001,1,1,1,2,1,19,46,9,0,1,0,51,1,24,9,24009,4,2008,1G8ZS57B18F2,1,G,8,Z,S,5,7,B,1,8,F,2,0,0,0,000000000,00000000000,0,0,0,1,0,0,0,0,0,0,0,998,0,0,0,1,6,2,9,0,0,0,1,51,23488,6,1,6,0,3,0,70,175,1,1,0,3,0,8,2008,9,2009,0,0,0,0,0,3,2,55,1,1,2,1,20,3,1,83,99,1,1,13,0,0,2035
240001_2011,24,240001,1,1,1,1,1,8,6,30,0,1,0,51,1,35,39,35039,4,2005,1N4BA41E95C8,1,N,4,B,A,4,1,E,9,5,C,8,0,0,0,000000000,00000000000,0,0,0,1,0,0,0,0,0,0,0,998,0,0,0,12,6,2,30,0,0,0,1,51,22033,6,1,0,0,3,0,72,210,0,0,0,1,0,9,2010,9,2010,1,87,0,0,0,3,4,65,4,3,2,2,0,0,14,9,99,9,9,7,1,1,2036
240002_2010,24,240002,1,1,3,1,1,1,59,8,0,1,1,24,2,20,481,20481,31,2001,2GCEK19V0112,2,G,C,E,K,1,9,V,0,1,1,2,0,0,0,000000000,00000000000,0,0,0,1,0,0,0,0,0,0,0,998,0,0,0,12,4,1,8,0,0,0,1,24,21403,6,1,0,0,3,0,74,180,0,0,0,0,0,0,0,0,0,0,0,0,0,0,1,5,40,1,1,2,2,0,0,1,80,1,1,1,13,0,0,2037
240002_2011,24,240002,1,2,1,1,1,18,35,12,2,1,0,24,1,20,481,20481,31,2002,1GCHK24U02E2,1,G,C,H,K,2,4,U,0,2,E,2,0,0,0,000000000,00000000000,0,0,0,1,0,0,0,0,0,0,0,998,0,0,0,12,6,2,12,0,0,0,1,24,21550,6,1,0,0,3,0,68,165,0,0,0,0,0,0,0,0,0,0,87,0,0,0,1,2,50,1,2,2,2,0,0,1,10,1,1,2,50,0,1,2038
240002_2011,24,240002,2,2,1,1,1,18,35,12,2,1,0,54,1,12,471,12471,30,2005,1FTZR45EX5PA,1,F,T,Z,R,4,5,E,X,5,P,A,0,0,0,000000000,00000000000,0,0,0,1,0,0,0,0,0,0,0,998,0,0,0,12,6,2,12,0,0,0,1,54,26705,6,1,0,0,3,0,64,170,0,0,0,0,0,0,0,0,0,0,0,0,0,0,1,2,50,1,2,2,2,0,0,1,62,1,1,1,51,1,0,2039
240003_2010,24,240003,1,3,1,5,1,17,42,12,6,1,0,24,1,13,1,13001,4,2001,1LNHM97V91Y6,1,L,N,H,M,9,7,V,9,1,Y,6,0,0,0,000000000,00000000000,0,0,0,1,0,0,0,0,0,0,0,998,0,0,0,12,6,2,12,0,0,0,1,24,21657,6,1,0,0,3,0,61,115,0,0,0,0,0,0,0,0,0,0,38,0,0,0,2,2,50,1,1,2,1,3,3,1,17,1,1,1,86,0,0,2040
240003_2010,24,240003,2,3,1,5,1,17,42,12,6,1,0,24,1,7,482,7482,31,1999,1B7HF13Y4XJ5,1,B,7,H,F,1,3,Y,4,X,J,5,0,0,0,000000000,00000000000,0,0,0,1,0,0,0,0,0,0,0,998,0,1,1,5,6,2,12,0,0,0,1,24,21638,6,1,0,0,3,0,73,240,0,0,0,0,0,0,0,0,0,1,38,36,0,0,2,2,50,1,1,2,1,3,3,1,66,1,1,1,87,0,0,2041
240003_2010,24,240003,3,3,1,5,1,17,42,12,6,1,0,42,1,12,422,12422,15,2000,1FMPU18L8YLC,1,F,M,P,U,1,8,L,8,Y,L,C,0,0,0,000000000,00000000000,0,0,0,1,0,0,0,0,0,0,0,998,0,2,1,0,6,2,1,0,0,0,1,24,20716,6,1,0,0,3,0,72,235,0,0,0,0,0,0,0,0,0,0,0,0,0,0,2,2,50,1,1,2,1,3,3,1,55,7,9,9,98,1,0,2042
240003_2011,24,240003,1,1,1,4,1,4,36,14,0,1,0,24,3,82,883,82883,66,2007,1FUJA6CK77LY,1,F,U,J,A,6,C,K,7,7,L,Y,1,1,57,510003,57510003,3,6,1,1,0,0,0,0,0,0,0,998,0,0,0,12,6,2,25,0,0,1,1,24,21206,6,1,6,0,3,0,78,213,0,0,0,0,0,0,0,0,0,0,99,99,99,99,3,3,55,1,2,2,1,0,0,1,9,99,9,4,2,1,0,2043
240004_2010,24,240004,1,1,1,11,1,10,0,8,0,1,1,99,9,99,999,99999,99,9999,999999999999,9,9,9,9,9,9,9,9,9,9,9,9,9,0,99,999999999,99999999999,9,99,99,1,0,0,0,0,99,99,9,999,0,0,0,12,9,1,99,99,99,0,1,99,99999,9,9,99,9,9,9,999,999,99,99,99,99,99,99,9999,99,9999,9,99,99,99,99,3,3,55,1,1,2,1,0,0,1,80,99,1,4,13,0,0,2044
240004_2011,24,240004,1,3,1,4,1,18,6,54,11,1,0,42,1,20,481,20481,31,2002,1GCHK29162E2,1,G,C,H,K,2,9,1,6,2,E,2,0,0,0,000000000,00000000000,0,0,0,1,0,0,0,0,0,0,0,998,0,0,0,18,4,3,54,0,0,0,1,42,17331,6,1,0,0,3,0,69,999,0,0,0,0,0,0,0,0,0,0,0,0,0,0,1,2,50,1,1,2,1,0,0,1,98,1,1,1,98,0,0,2045
240004_2011,24,240004,2,3,1,4,1,18,6,54,11,1,0,42,1,41,471,41471,32,1996,4F4CR16U0TTM,4,F,4,C,R,1,6,U,0,T,T,M,0,0,0,000000000,00000000000,0,0,0,1,0,0,0,0,0,0,0,998,0,0,0,18,6,2,54,0,0,0,1,42,17350,6,1,0,0,3,0,74,999,0,0,0,0,0,0,0,0,0,0,0,0,0,0,1,2,50,1,1,2,1,0,0,1,90,1,1,1,98,0,0,2046
240004_2011,24,240004,3,3,1,4,1,18,6,54,11,1,0,24,2,48,45,48045,6,2011,4S3BMBJ69B32,4,S,3,B,M,B,J,6,9,B,3,2,0,0,0,000000000,00000000000,0,0,0,1,0,0,0,0,0,0,0,998,0,0,0,18,6,2,38,0,0,0,1,42,17331,6,1,0,0,3,0,63,999,0,0,0,0,0,0,0,0,0,0,0,0,0,0,1,2,50,1,1,2,1,0,0,1,98,7,1,1,98,1,0,2047
240005_2010,24,240005,1,1,1,13,1,18,24,8,0,1,0,24,2,12,481,12481,31,1999,1FTSX31F9XEB,1,F,T,S,X,3,1,F,9,X,E,B,0,0,0,000000000,00000000000,0,0,0,1,0,0,0,0,0,0,0,998,0,0,0,12,4,1,8,0,0,0,1,24,21162,6,1,0,0,3,0,74,175,0,1,0,0,1,1,2008,10,2009,0,0,0,0,0,3,2,55,1,1,2,1,0,0,1,80,4,1,3,13,0,0,2048
240005_2011,24,240005,1,1,2,3,1,21,5,25,0,1,0,24,1,12,17,12017,6,1993,1FALP57U4PA1,1,F,A,L,P,5,7,U,4,P,A,1,0,0,0,000000000,00000000000,0,0,0,1,0,0,0,0,0,0,0,998,0,1,6,12,6,2,1,0,0,0,1,24,21401,6,1,0,0,3,0,63,150,0,0,0,0,0,0,0,0,0,0,0,0,0,0,3,2,55,1,1,2,1,0,0,15,9,99,9,4,2,1,1,2049
240006_2010,24,240006,1,1,1,19,1,22,49,42,0,1,0,19,1,72,706,72706,80,2009,1HD1PV8129Y9,1,H,D,1,P,V,8,1,2,9,Y,9,0,0,0,000000000,00000000000,0,0,0,1,0,0,0,0,0,0,0,998,0,0,0,99,6,2,42,0,0,0,1,19,52404,6,1,0,0,3,0,75,235,0,0,0,0,0,0,0,0,0,9,0,0,0,0,2,2,40,2,2,2,1,0,0,14,13,1,1,4,1,1,1,2050
240006_2011,24,240006,1,2,2,7,1,21,29,12,1,1,0,12,3,55,36,55036,4,2010,KMHCN4AC7AU4,K,M,H,C,N,4,A,C,7,A,U,4,0,0,0,000000000,00000000000,0,0,0,1,0,0,0,0,0,0,0,998,0,0,0,12,6,2,12,0,0,0,1,24,21666,6,1,0,0,3,0,72,175,0,0,0,0,1,6,2009,6,2009,0,0,0,0,0,3,2,55,1,1,2,1,0,0,1,50,1,1,1,98,1,0,2051
240006_2011,24,240006,2,2,1,7,1,21,29,12,1,1,0,24,6,19,20,19020,6,2004,1GYDE6372401,1,G,Y,D,E,6,3,7,2,4,0,1,0,0,0,000000000,00000000000,0,0,0,1,0,0,0,0,0,0,0,0,0,0,0,6,6,2,12,0,0,0,0,0,99997,7,6,97,7,6,7,998,997,998,998,998,998,998,98,9998,98,9998,8,20,0,0,0,3,2,55,1,1,2,1,0,0,0,51,0,0,0,98,0,0,2052
240007_2010,24,240007,1,1,1,20,1,0,50,43,0,1,0,24,1,12,13,12013,2,1998,3FALP1134WR1,3,F,A,L,P,1,1,3,4,W,R,1,0,0,0,000000000,00000000000,0,0,0,1,0,0,0,0,0,0,0,998,0,0,0,3,6,2,30,0,0,0,1,24,20814,6,1,0,0,3,0,72,170,0,0,0,0,0,0,0,0,0,9,0,0,0,0,2,2,98,2,1,2,1,99,9,14,12,1,1,4,6,1,1,2053
240007_2011,24,240007,1,1,1,7,1,22,23,1,0,1,0,24,1,7,482,7482,31,2004,3D3HA16H74G1,3,D,3,H,A,1,6,H,7,4,G,1,0,0,0,000000000,00000000000,0,0,0,1,0,0,0,0,0,0,0,998,0,2,1,0,6,2,1,0,0,0,1,24,21036,6,1,0,0,3,0,74,200,0,0,0,0,0,0,0,0,0,1,99,99,99,99,3,3,65,4,2,2,1,0,0,15,9,99,4,2,98,1,0,2054
240008_2010,24,240008,1,2,1,21,1,19,7,12,6,1,0,51,2,49,32,49032,4,2009,JTDBL40E1990,J,T,D,B,L,4,0,E,1,9,9,0,0,0,0,000000000,00000000000,0,0,0,1,0,0,0,0,0,0,0,998,0,0,0,3,6,2,12,0,0,0,1,24,20646,6,1,0,0,3,0,67,210,0,0,0,1,0,7,2009,7,2009,0,38,0,0,0,2,2,55,1,1,2,2,3,3,11,15,1,1,1,68,1,0,2055
240008_2010,24,240008,2,2,1,21,1,19,7,12,6,1,0,37,3,82,881,82881,66,2010,1FUJGLDR1ALA,1,F,U,J,G,L,D,R,1,A,L,A,1,1,57,257768,57257768,3,6,1,1,0,0,0,0,0,0,0,998,0,0,0,12,4,3,12,0,0,0,1,37,28612,6,1,6,0,3,0,73,999,0,0,0,1,1,7,2008,7,2008,0,0,0,0,0,2,2,55,1,1,2,2,3,3,1,62,1,1,1,69,0,0,2056