st_case_year,STATE,ST_CASE,VEH_NO,VE_FORMS,NUMOCCS,DAY,MONTH,HOUR,MINUTE,HARM_EV,MAN_COLL,UNITTYPE,HIT_RUN,REG_STAT,OWNER,MAKE,MODEL,MAK_MOD,BODY_TYP,MOD_YEAR,VIN,VIN_1,VIN_2,VIN_3,VIN_4,VIN_5,VIN_6,VIN_7,VIN_8,VIN_9,VIN_10,VIN_11,VIN_12,TOW_VEH,J_KNIFE,MCARR_I1,MCARR_I2,MCARR_ID,GVWR,V_CONFIG,CARGO_BT,HAZ_INV,HAZ_PLAC,HAZ_ID,HAZ_CNO,HAZ_REL,BUS_USE,SPEC_USE,EMER_USE,TRAV_SP,UNDERIDE,ROLLOVER,ROLINLOC,IMPACT1,DEFORMED,TOWED,M_HARM,VEH_SC1,VEH_SC2,FIRE_EXP,DR_PRES,L_STATE,DR_ZIP,L_STATUS,L_TYPE,CDL_STAT,L_ENDORS,L_COMPL,L_RESTRI,DR_HGT,DR_WGT,PREV_ACC,PREV_SUS,PREV_DWI,PREV_SPD,PREV_OTH,FIRST_MO,FIRST_YR,LAST_MO,LAST_YR,SPEEDREL,DR_SF1,DR_SF2,DR_SF3,DR_SF4,VTRAFWAY,VNUM_LAN,VSPD_LIM,VALIGN,VPROFILE,VPAVETYP,VSURCOND,VTRAFCON,VTCONT_F,P_CRASH1,P_CRASH2,P_CRASH3,PCRASH4,PCRASH5,ACC_TYPE,DEATHS,DR_DRINK,idno
240008_2011,24,240008,1,1,1,8,1,22,21,8,0,1,0,24,1,9,442,9442,20,1996,1P4GP44R5TB4,1,P,4,G,P,4,4,R,5,T,B,4,0,0,0,000000000,00000000000,0,0,0,1,0,0,0,0,0,0,0,998,0,0,0,12,4,3,8,0,0,0,1,24,21212,6,1,0,0,3,0,69,145,0,0,0,0,0,0,0,0,0,0,0,0,0,0,3,4,45,1,2,2,1,0,0,1,80,99,1,1,13,0,0,2057
240009_2010,24,240009,1,1,1,23,1,18,5,8,0,1,0,11,1,49,401,49401,14,2004,JTEBU14R9480,J,T,E,B,U,1,4,R,9,4,8,0,0,0,0,000000000,00000000000,0,0,0,1,0,0,0,0,0,0,0,998,0,0,0,12,4,3,8,0,0,0,1,6,0,6,1,0,0,3,0,72,165,0,0,0,0,0,0,0,0,0,0,0,0,0,0,1,2,35,1,1,2,1,0,0,1,80,4,1,1,13,0,1,2058
240009_2011,24,240009,1,2,1,5,1,0,30,12,1,1,0,24,1,53,706,53706,80,2001,JS1GW71A5121,J,S,1,G,W,7,1,A,5,1,2,1,0,0,0,000000000,00000000000,0,0,0,1,0,0,0,0,0,0,0,998,0,0,0,12,6,2,12,0,0,0,1,24,20675,6,1,0,0,3,0,71,170,0,0,0,2,0,7,2010,10,2010,1,35,0,0,0,3,2,50,1,1,2,1,0,0,6,51,99,9,9,24,1,1,2059
240009_2011,24,240009,2,2,7,5,1,0,30,12,1,1,0,24,1,7,422,7422,15,2004,1D8HB58N54F1,1,D,8,H,B,5,8,N,5,4,F,1,0,0,0,000000000,00000000000,0,0,0,1,0,0,0,0,0,0,0,998,0,0,0,6,6,2,12,0,0,0,1,24,20772,6,1,0,0,3,0,67,181,0,0,0,0,0,0,0,0,0,0,0,0,0,0,3,2,50,1,1,2,1,0,0,1,53,1,1,1,25,0,0,2060
240010_2010,24,240010,1,1,1,26,1,9,51,8,0,1,0,24,3,86,881,86881,66,2007,1M1AK07Y97N0,1,M,1,A,K,0,7,Y,9,7,N,0,1,1,57,971499,57971499,3,6,1,1,0,0,0,0,0,0,0,998,0,0,0,12,2,1,8,0,0,0,1,24,21557,6,1,6,0,3,0,68,220,0,0,0,1,0,3,2007,3,2007,0,0,0,0,0,2,2,25,1,1,2,1,0,0,1,80,99,1,1,13,0,0,2061
240010_2011,24,240010,1,2,1,11,1,17,46,12,6,1,0,24,2,12,3,12003,2,2002,1FAFP40472F1,1,F,A,F,P,4,0,4,7,2,F,1,0,0,0,000000000,00000000000,0,0,0,1,0,0,0,0,0,0,0,998,0,0,0,3,6,2,12,0,0,0,1,24,20659,6,1,0,0,3,1,63,114,0,0,0,0,0,0,0,0,0,1,87,0,0,0,1,2,45,4,2,2,4,0,0,14,5,1,4,2,66,1,0,2062
240010_2011,24,240010,2,2,1,11,1,17,46,12,6,1,0,24,1,23,421,23421,15,2007,1GKFK130X7R1,1,G,K,F,K,1,3,0,X,7,R,1,0,0,0,000000000,00000000000,0,0,0,1,0,0,0,0,0,0,0,998,0,0,0,12,6,2,12,0,0,0,1,24,20659,6,1,0,0,3,0,64,135,0,0,0,0,0,0,0,0,0,0,0,0,0,0,1,2,45,4,2,2,4,0,0,14,62,99,1,1,66,0,0,2063
240011_2010,24,240011,1,1,2,29,1,13,31,42,0,1,0,24,2,7,482,7482,31,1995,1B7HF16Y2SS2,1,B,7,H,F,1,6,Y,2,S,S,2,0,0,0,000000000,00000000000,0,0,0,1,0,0,0,0,0,0,0,998,0,0,0,12,6,2,42,0,0,0,1,24,20619,6,1,0,0,3,0,65,170,0,1,0,0,1,8,2009,9,2009,1,0,0,0,0,1,2,40,2,1,2,1,0,0,14,6,99,9,4,2,1,0,2064
240011_2011,24,240011,1,1,1,13,1,12,0,42,0,1,0,51,1,20,4,20004,2,1998,1G1YY22G0W51,1,G,1,Y,Y,2,2,G,0,W,5,1,0,0,0,000000000,00000000000,0,0,0,1,0,0,0,0,0,0,0,998,0,0,0,9,6,2,42,0,0,0,1,24,21227,6,1,0,0,3,0,68,180,0,0,0,0,0,0,0,0,0,1,35,28,0,0,1,2,50,1,1,2,1,0,0,6,6,99,3,4,2,1,0,2065
240012_2010,24,240012,1,1,1,30,1,12,22,8,0,1,0,24,1,49,471,49471,30,1987,JT4RN63B2H01,J,T,4,R,N,6,3,B,2,H,0,1,0,0,0,000000000,00000000000,0,0,0,1,0,0,0,0,0,0,0,998,0,0,0,12,6,2,8,0,0,0,1,24,21783,6,1,0,0,3,0,71,165,0,0,0,1,2,3,2008,6,2008,0,0,0,0,0,3,2,45,1,1,2,2,0,0,1,80,1,1,1,13,0,0,2066
240012_2011,24,240012,1,2,1,15,1,6,43,12,6,1,0,42,3,84,881,84881,66,2003,3HSCNAMR73N0,3,H,S,C,N,A,M,R,7,3,N,0,1,1,57,0113693,570113693,3,6,1,1,0,0,0,0,0,0,0,998,0,0,0,4,2,1,12,0,0,0,1,25,2124,6,1,6,0,3,0,999,999,0,0,0,1,0,10,2008,10,2008,0,38,0,0,0,2,2,55,1,1,2,1,0,0,12,98,1,1,1,98,0,0,2067
240012_2011,24,240012,2,2,1,15,1,6,43,12,6,1,0,24,3,12,37,12037,4,2004,1FAFP33P14W1,1,F,A,F,P,3,3,P,1,4,W,1,0,0,0,000000000,00000000000,0,0,0,1,0,0,0,0,0,0,0,998,3,0,0,12,6,2,12,0,0,0,1,24,21903,6,1,0,0,3,0,73,145,0,0,0,0,0,0,0,0,0,0,0,0,0,0,2,2,55,1,1,2,1,0,0,1,62,1,1,1,98,1,1,2068
240013_2010,24,240013,1,1,1,1,2,23,47,8,0,1,0,24,1,37,32,37032,4,2007,1HGCM55867A2,1,H,G,C,M,5,5,8,6,7,A,2,0,0,0,000000000,00000000000,0,0,0,1,0,0,0,0,0,0,0,998,0,0,0,12,6,2,8,0,0,0,1,24,21014,6,1,0,0,3,0,73,220,0,0,0,0,0,0,0,0,0,0,0,0,0,0,1,2,40,3,1,2,1,0,0,14,80,1,1,1,13,0,0,2069
240013_2011,24,240013,1,1,3,13,1,3,59,31,0,1,0,55,2,21,22,21022,4,2001,1G3GR64H4142,1,G,3,G,R,6,4,H,4,1,4,2,0,0,0,000000000,00000000000,0,0,0,1,0,0,0,0,0,0,0,109,0,0,0,12,6,2,31,0,0,0,1,24,21114,6,1,0,0,3,0,70,150,0,0,0,1,0,3,2010,3,2010,1,28,0,0,0,1,2,35,1,1,2,1,0,0,1,6,9,9,4,2,1,1,2070
240014_2010,24,240014,1,1,1,1,2,23,54,8,0,1,0,24,1,20,22,20022,4,2007,1G1AL55F4773,1,G,1,A,L,5,5,F,4,7,7,3,0,0,0,000000000,00000000000,0,0,0,1,0,0,0,0,0,0,0,998,0,0,0,12,6,2,8,0,0,0,1,24,21212,6,1,0,0,3,3,68,185,0,0,0,0,0,0,0,0,0,0,0,0,0,0,3,3,45,1,2,2,1,0,0,1,80,1,1,1,13,0,0,2071
240015_2010,24,240015,1,1,5,12,2,3,58,24,0,1,0,24,3,20,2,20002,4,2001,2G1WF52E6192,2,G,1,W,F,5,2,E,6,1,9,2,0,0,0,000000000,00000000000,0,0,0,1,0,0,0,0,0,0,0,998,0,1,3,12,6,2,1,0,0,0,1,24,21740,0,0,0,0,0,0,999,999,0,0,0,0,0,0,0,0,0,1,0,0,0,0,3,2,60,1,1,2,3,0,0,1,9,99,9,4,7,1,1,2072
240015_2011,24,240015,1,1,1,19,1,19,1,8,0,1,0,24,3,2,404,2404,14,2010,1J4PR4GK8AC1,1,J,4,P,R,4,G,K,8,A,C,1,0,0,0,000000000,00000000000,0,0,0,1,0,0,0,0,0,0,0,998,0,0,0,12,6,2,8,0,0,0,1,24,20659,6,1,0,0,3,0,70,165,0,0,0,0,0,0,0,0,0,0,0,0,0,0,1,2,40,1,1,2,1,0,0,1,80,6,1,1,13,0,0,2073
240016_2010,24,240016,1,2,4,17,2,1,45,12,6,1,0,24,2,37,31,37031,2,1998,1HGEJ8148WL1,1,H,G,E,J,8,1,4,8,W,L,1,0,0,0,000000000,00000000000,0,0,0,1,0,0,0,0,0,0,0,998,0,0,0,3,6,2,12,0,0,0,1,24,21921,6,1,0,0,3,0,66,140,0,2,0,0,0,10,2007,11,2007,0,38,0,0,0,1,2,55,1,1,2,1,3,3,11,15,1,1,3,68,2,1,2074
240016_2010,24,240016,2,2,1,17,2,1,45,12,6,1,0,24,2,12,16,12016,4,2006,2FAFP71W36X1,2,F,A,F,P,7,1,W,3,6,X,1,0,0,0,000000000,00000000000,0,0,0,1,0,0,0,0,0,5,0,998,0,0,0,12,6,2,12,0,0,0,1,24,21921,6,1,0,0,3,0,73,220,0,0,0,0,0,0,0,0,0,0,0,0,0,0,1,2,98,1,1,2,1,3,3,1,66,1,1,1,69,0,0,2075
240016_2011,24,240016,1,1,1,18,1,18,56,8,0,1,0,24,1,12,422,12422,15,1997,1FMFU18L5VLA,1,F,M,F,U,1,8,L,5,V,L,A,0,0,0,000000000,00000000000,0,0,0,1,0,0,0,0,0,0,0,998,0,0,0,12,2,1,8,0,0,0,1,24,20716,6,1,0,0,3,0,70,175,0,1,0,0,0,6,2009,6,2009,0,0,0,0,0,3,3,35,1,1,2,1,0,0,1,80,9,1,1,13,0,0,2076
240017_2010,24,240017,1,1,1,24,2,99,99,42,0,1,0,24,2,20,36,20036,2,2000,2G1WX12K3Y93,2,G,1,W,X,1,2,K,3,Y,9,3,0,0,0,000000000,00000000000,0,0,0,1,0,0,0,0,0,0,0,998,0,0,0,12,6,2,42,0,0,0,1,24,21783,6,1,0,0,2,2,66,170,0,2,0,0,0,12,2007,12,2009,1,74,0,0,0,1,2,35,2,1,2,1,0,0,14,12,1,9,4,6,1,1,2077
240017_2011,24,240017,1,2,1,19,1,15,30,12,98,1,0,24,1,12,471,12471,30,2003,1FTZR45E93TA,1,F,T,Z,R,4,5,E,9,3,T,A,0,0,0,000000000,00000000000,0,0,0,1,0,0,0,0,0,0,0,998,0,0,0,1,6,2,12,0,0,0,1,24,21078,6,1,0,0,3,0,70,190,0,0,0,0,0,0,0,0,0,0,99,99,99,99,3,2,50,1,1,2,1,3,3,1,9,99,9,9,99,1,0,2078
240017_2011,24,240017,2,2,1,19,1,15,30,12,98,1,0,42,3,84,881,84881,66,2000,2HSCNAER8YC0,2,H,S,C,N,A,E,R,8,Y,C,0,1,1,57,085508,57085508,3,6,1,1,0,0,0,0,0,0,0,998,0,0,0,98,8,1,12,0,0,0,1,24,21237,6,1,6,0,3,0,71,228,0,0,0,0,0,0,0,0,0,0,0,0,0,0,3,2,50,1,1,2,1,3,3,1,59,99,9,9,99,0,0,2079
240018_2010,24,240018,1,2,1,24,2,23,20,12,1,1,0,31,3,82,881,82881,66,2006,1FUJBBCKX6LV,1,F,U,J,B,B,C,K,X,6,L,V,1,1,57,073705,57073705,3,6,1,1,0,0,0,0,0,0,0,998,0,0,0,12,6,2,8,0,0,0,1,45,29638,6,1,6,0,3,0,65,240,0,0,0,1,0,5,2007,5,2007,1,0,0,0,0,3,4,65,1,1,2,1,0,0,1,50,99,1,1,98,0,0,2080
240018_2010,24,240018,2,2,0,24,2,23,20,12,1,1,0,11,6,7,422,7422,15,2005,1D4HB48D85F5,1,D,4,H,B,4,8,D,8,5,F,5,0,0,0,000000000,00000000000,0,0,0,1,0,0,0,0,0,0,0,0,0,0,0,6,6,2,12,0,0,0,0,9.999999999999998e15,9.999999999999998e15,9.999999999999998e15,9.999999999999998e15,9.999999999999998e15,9.999999999999998e15,9.999999999999998e15,9.999999999999998e15,999,9.999999999999998e15,9.999999999999998e15,9.999999999999998e15,9.999999999999998e15,9.999999999999998e15,9.999999999999998e15,9.999999999999998e15,9.999999999999998e15,9.999999999999998e15,9.999999999999998e15,9.999999999999998e15,20,54,0,0,3,4,65,1,1,2,1,0,0,0,19,0,0,0,98,0,0,2081
240018_2011,24,240018,1,1,3,21,1,19,24,42,0,1,0,24,1,49,32,49032,4,1997,2T1BA02E6VC2,2,T,1,B,A,0,2,E,6,V,C,2,0,0,0,000000000,00000000000,0,0,0,1,0,0,0,0,0,0,0,998,0,1,6,12,6,2,42,0,0,0,1,24,21750,6,1,0,0,3,2,67,156,0,0,0,0,2,5,2009,8,2009,0,28,74,0,0,1,2,50,1,1,2,1,0,0,1,9,99,9,4,7,1,1,2082
240019_2010,24,240019,1,1,1,14,2,18,44,8,0,1,0,24,1,49,482,49482,31,2004,5TBDT44174S4,5,T,B,D,T,4,4,1,7,4,S,4,0,0,0,000000000,00000000000,0,0,0,1,0,0,0,0,0,0,0,998,0,0,0,12,4,3,8,0,0,0,1,24,20622,6,1,0,0,3,0,74,250,0,0,0,0,0,0,0,0,0,0,28,0,0,0,1,2,25,1,2,2,3,0,0,1,80,1,1,1,13,0,0,2083
240019_2011,24,240019,1,2,1,21,1,23,41,12,2,1,0,24,1,12,471,12471,30,1991,1FTCR10U1MTA,1,F,T,C,R,1,0,U,1,M,T,A,0,0,0,000000000,00000000000,0,0,0,1,0,0,0,0,0,0,0,998,0,0,0,12,6,2,12,0,0,0,1,24,21769,6,1,0,0,3,2,72,165,0,0,0,0,1,4,2010,4,2010,0,28,74,0,0,1,2,50,1,1,2,1,0,0,1,9,99,9,2,50,1,1,2084
240019_2011,24,240019,2,2,1,21,1,23,41,12,2,1,0,24,3,12,461,12461,21,2008,1FTNS24W58DB,1,F,T,N,S,2,4,W,5,8,D,B,0,0,0,000000000,00000000000,0,0,0,1,0,0,0,0,0,0,0,998,0,0,0,12,6,2,12,0,0,0,1,24,21773,6,1,0,0,3,0,68,190,0,0,0,0,0,0,0,0,0,0,0,0,0,0,1,2,50,1,1,2,1,0,0,1,62,99,1,1,51,0,0,2085
240020_2010,24,240020,1,1,1,17,2,2,48,8,0,1,0,24,1,12,23,12023,4,2006,3FAHP07156R1,3,F,A,H,P,0,7,1,5,6,R,1,0,0,0,000000000,00000000000,0,0,0,1,0,0,0,0,0,0,0,998,0,0,0,12,4,3,8,0,0,0,1,24,21044,6,1,0,0,3,0,71,200,0,0,0,0,0,0,0,0,0,0,38,0,0,0,3,2,45,1,1,2,2,0,0,1,80,99,1,1,13,0,0,2086
240020_2011,24,240020,1,2,1,12,1,8,40,12,6,1,0,24,1,35,50,35050,4,2007,3N1BC11E17L4,3,N,1,B,C,1,1,E,1,7,L,4,0,0,0,000000000,00000000000,0,0,0,1,0,0,0,0,0,0,0,998,0,0,0,3,6,2,12,0,0,0,1,24,21214,6,1,0,0,3,0,64,150,0,0,0,0,0,0,0,0,0,1,28,87,0,0,1,2,40,1,2,2,1,0,0,1,5,1,3,2,64,1,0,2087
240020_2011,24,240020,2,2,1,12,1,8,40,12,6,1,0,24,1,35,47,35047,4,2004,1N4AL11D14C1,1,N,4,A,L,1,1,D,1,4,C,1,0,0,0,000000000,00000000000,0,0,0,1,0,0,0,0,0,0,0,998,0,0,0,12,6,2,12,0,0,0,1,24,21014,6,1,0,0,3,0,63,120,0,0,0,0,0,0,0,0,0,0,0,0,0,0,1,2,40,1,2,2,1,0,0,1,62,1,1,1,65,0,0,2088
240021_2010,24,240021,1,2,1,11,2,20,1,12,6,1,0,24,1,12,401,12401,14,1995,1FMDU34X3SUA,1,F,M,D,U,3,4,X,3,S,U,A,0,0,0,000000000,00000000000,0,0,0,1,0,0,0,0,0,0,0,998,0,0,0,12,6,2,12,0,0,0,1,24,20877,6,1,0,0,3,0,70,180,0,0,0,0,0,0,0,0,0,9,99,99,99,99,1,2,45,1,1,2,2,3,3,11,15,99,1,1,68,0,1,2089
240021_2010,24,240021,2,2,2,11,2,20,1,12,6,1,0,24,3,20,481,20481,31,2004,1GCEK14V34Z3,1,G,C,E,K,1,4,V,3,4,Z,3,0,0,0,000000000,00000000000,0,0,0,1,0,0,0,0,0,0,0,998,0,0,0,3,6,2,12,0,0,0,1,24,20842,6,1,6,0,3,0,66,184,0,0,0,0,0,0,0,0,0,9,99,99,99,99,1,2,45,1,1,2,2,0,0,1,62,99,9,9,69,1,0,2090
240021_2011,24,240021,1,1,1,4,1,15,4,8,0,1,0,48,3,98,981,98981,51,2009,2PCG334929C7,2,P,C,G,3,3,4,9,2,9,C,7,0,0,57,044110,57044110,3,21,22,1,0,0,0,0,98,0,0,998,0,0,0,12,2,3,8,0,0,0,1,36,10034,6,1,6,0,3,0,69,999,0,0,0,0,0,0,0,0,0,0,0,0,0,0,3,2,30,1,1,2,1,2,3,1,80,2,1,1,13,0,0,2091
240022_2010,24,240022,1,1,2,20,2,23,20,42,0,1,0,24,1,30,40,30040,4,1994,3VWRA21H2RM0,3,V,W,R,A,2,1,H,2,R,M,0,0,0,0,000000000,00000000000,0,0,0,1,0,0,0,0,0,0,0,998,0,0,0,12,6,2,42,0,0,0,1,24,20903,6,1,0,0,3,0,65,140,0,0,0,0,0,0,0,0,0,0,36,0,0,0,1,2,25,4,1,2,1,0,0,14,9,3,2,4,2,1,1,2092
240022_2011,24,240022,1,2,1,8,1,1,54,12,6,1,0,24,1,59,33,59033,2,1995,JT8UZ30C9S00,J,T,8,U,Z,3,0,C,9,S,0,0,0,0,0,000000000,00000000000,0,0,0,1,0,0,0,0,0,0,0,75,0,0,0,12,6,2,12,0,0,0,1,24,21206,6,1,0,0,3,0,65,186,0,0,0,1,1,5,2010,12,2010,1,0,0,0,0,3,2,35,1,1,2,1,3,3,1,66,1,9,9,88,0,1,2093
240022_2011,24,240022,2,2,1,8,1,1,54,12,6,1,0,24,1,18,2,18002,4,2001,1G4HP54K81U2,1,G,4,H,P,5,4,K,8,1,U,2,0,0,0,000000000,00000000000,0,0,0,1,0,0,0,0,0,0,0,998,0,0,0,9,6,2,12,0,0,0,1,24,21216,6,1,0,0,3,0,72,150,0,0,0,0,0,0,0,0,0,0,38,0,0,0,1,2,25,1,1,2,1,3,3,1,17,1,1,1,89,1,1,2094
240023_2010,24,240023,1,1,2,27,2,6,19,24,0,1,0,24,2,54,421,54421,15,2006,2HNYD189X6H5,2,H,N,Y,D,1,8,9,X,6,H,5,0,0,0,000000000,00000000000,0,0,0,1,0,0,0,0,0,0,0,998,0,1,6,12,6,2,1,0,0,0,1,24,21075,6,1,0,0,3,0,68,180,0,0,0,0,1,3,2009,3,2009,0,87,0,0,0,3,2,55,1,1,2,4,0,0,1,62,7,9,4,7,1,0,2095
240023_2011,24,240023,1,1,1,24,1,5,22,21,0,1,0,24,3,12,481,12481,31,2008,1FTSW21R58EA,1,F,T,S,W,2,1,R,5,8,E,A,0,0,0,000000000,00000000000,0,0,0,1,0,0,0,0,0,0,0,998,0,1,3,12,6,2,21,0,0,0,1,24,21221,6,1,0,0,3,0,72,215,0,0,0,0,0,0,0,0,0,0,99,99,99,99,3,2,55,2,2,1,1,0,0,14,10,1,1,4,6,1,0,2096
240024_2010,24,240024,1,2,1,6,3,8,5,12,6,1,0,24,1,35,472,35472,30,2004,1N6DD26T44C4,1,N,6,D,D,2,6,T,4,4,C,4,0,0,0,000000000,00000000000,0,0,0,1,0,0,0,0,0,0,0,998,0,0,0,12,6,2,12,0,0,0,1,24,21157,6,1,0,0,3,0,71,175,0,0,0,0,0,0,0,0,0,0,36,39,0,0,3,8,55,1,1,2,1,3,3,1,17,1,1,1,88,0,0,2097
240024_2010,24,240024,2,2,2,6,3,8,5,12,6,1,0,24,1,49,40,49040,4,2003,4T1BE32KX3U6,4,T,1,B,E,3,2,K,X,3,U,6,0,0,0,000000000,00000000000,0,0,0,1,0,0,0,0,0,0,0,998,0,0,0,9,6,2,12,0,0,0,1,24,21157,6,1,0,0,3,0,63,145,0,0,0,0,0,0,0,0,0,0,0,0,0,0,3,8,55,1,1,2,1,3,3,1,62,1,1,1,89,1,0,2098
240024_2011,24,240024,1,2,1,22,1,0,9,12,1,1,0,24,2,20,403,20403,14,2007,1GNDT13S6721,1,G,N,D,T,1,3,S,6,7,2,1,0,0,0,000000000,00000000000,0,0,0,1,0,0,0,0,0,0,0,998,0,0,0,12,6,2,8,0,0,0,1,24,20874,6,1,0,0,3,0,68,180,0,2,0,1,2,1,2010,1,2011,0,26,0,0,0,3,4,55,1,1,2,1,0,0,1,50,1,1,1,98,0,0,2099
240024_2011,24,240024,2,2,1,22,1,0,9,12,1,1,0,51,6,20,9,20009,2,1996,2G1FP22P4T21,2,G,1,F,P,2,2,P,4,T,2,1,0,0,0,000000000,00000000000,0,0,0,1,0,0,0,0,0,0,0,0,0,0,0,6,6,2,12,0,0,0,0,0,99997,7,6,97,7,6,7,998,997,998,998,998,998,998,98,9998,98,9998,8,20,0,0,0,3,4,55,1,1,2,1,0,0,0,53,0,0,0,98,0,0,2100
240025_2010,24,240025,1,1,1,3,1,1,14,8,0,1,0,24,2,49,422,49422,15,2006,5TDBT48A56S2,5,T,D,B,T,4,8,A,5,6,S,2,0,0,0,000000000,00000000000,0,0,0,1,0,0,0,0,0,0,0,998,0,0,0,12,4,3,8,0,0,0,1,24,21133,6,1,0,0,3,0,70,200,0,0,0,0,0,0,0,0,0,0,0,0,0,0,1,2,30,1,1,2,1,0,0,1,80,1,1,2,13,0,1,2101
240025_2011,24,240025,1,2,0,18,1,22,20,12,2,1,0,24,6,35,50,35050,5,2008,3N1BC13E38L3,3,N,1,B,C,1,3,E,3,8,L,3,0,0,0,000000000,00000000000,0,0,0,1,0,0,0,0,0,0,0,0,0,0,0,12,6,2,12,0,0,0,0,0,99997,7,6,97,7,6,7,998,997,998,998,998,998,998,98,9998,98,9998,8,20,0,0,0,3,2,50,1,1,2,1,0,0,0,53,0,0,0,98,0,0,2102
240025_2011,24,240025,2,2,1,18,1,22,20,12,2,1,0,24,1,37,32,37032,4,1991,1HGCB7545MA0,1,H,G,C,B,7,5,4,5,M,A,0,0,0,0,000000000,00000000000,0,0,0,1,0,0,0,0,0,0,0,998,0,0,0,12,6,2,12,0,0,0,1,24,21144,6,1,0,0,3,0,73,235,0,0,0,0,0,0,0,0,0,0,0,0,0,0,3,2,50,1,1,2,1,0,0,1,50,1,1,1,98,1,1,2103
240026_2010,24,240026,1,1,1,1,1,17,9,1,0,1,0,24,3,58,37,58037,2,2009,JNKCV64FX9M6,J,N,K,C,V,6,4,F,X,9,M,6,0,0,0,000000000,00000000000,0,0,0,1,0,0,0,0,0,0,0,998,0,1,3,0,6,2,35,0,0,0,1,24,21742,6,1,0,0,3,0,67,140,0,0,0,1,0,7,2008,7,2008,1,28,0,0,0,3,2,98,4,1,2,1,0,0,14,12,99,9,4,6,1,1,2104
240026_2011,24,240026,1,2,1,21,1,22,16,12,2,1,0,24,1,12,401,12401,14,2003,1FMDU73K13UA,1,F,M,D,U,7,3,K,1,3,U,A,0,0,0,000000000,00000000000,0,0,0,1,0,0,0,0,0,0,0,998,0,0,0,12,6,2,12,0,0,0,1,24,20772,6,1,0,0,3,0,73,225,0,0,0,2,0,3,2010,9,2010,0,35,0,0,0,1,4,40,1,1,2,1,0,0,6,10,1,1,1,50,0,0,2105
240026_2011,24,240026,2,2,2,21,1,22,16,12,2,1,0,24,1,48,34,48034,4,1993,4S3BC6334P16,4,S,3,B,C,6,3,3,4,P,1,6,0,0,0,000000000,00000000000,0,0,0,1,0,0,0,0,0,0,0,998,0,0,0,12,6,2,12,0,0,0,1,24,20613,6,1,0,0,3,0,69,230,0,0,0,0,1,6,2009,6,2009,0,0,0,0,0,1,4,40,1,1,2,1,0,0,1,62,1,1,1,51,1,1,2106
240027_2010,24,240027,1,1,1,17,1,7,5,8,0,1,0,24,1,14,4,14004,2,1993,1MEPM624XPH6,1,M,E,P,M,6,2,4,X,P,H,6,0,0,0,000000000,00000000000,0,0,0,1,0,0,0,0,0,0,0,998,0,0,0,12,2,1,8,0,0,0,1,24,20906,6,1,0,0,3,0,71,193,0,0,0,0,0,0,0,0,0,0,0,0,0,0,3,2,35,1,2,2,2,0,0,1,80,4,1,1,13,0,0,2107
240027_2011,24,240027,1,2,1,27,1,10,55,12,9,1,0,24,1,55,35,55035,4,2010,KMHDU4AD3AU1,K,M,H,D,U,4,A,D,3,A,U,1,0,0,0,000000000,00000000000,0,0,0,1,0,0,0,0,0,0,0,998,0,0,0,9,6,2,12,0,0,0,1,24,21204,6,1,0,0,3,0,65,128,0,0,0,0,0,0,0,0,0,1,87,0,0,0,3,4,55,1,1,2,3,0,0,1,51,99,9,9,48,1,0,2108
240027_2011,24,240027,2,2,1,27,1,10,55,12,9,1,0,18,3,82,881,82881,66,2009,1FUJGLDR29LA,1,F,U,J,G,L,D,R,2,9,L,A,1,1,57,74432,5774432,3,6,1,1,0,0,0,0,0,0,0,998,0,0,0,6,4,3,12,0,0,0,1,27,56308,6,1,6,0,3,0,69,198,0,0,0,0,0,0,0,0,0,0,0,0,0,0,3,4,55,1,1,2,3,0,0,2,53,1,1,1,48,0,0,2109
240028_2010,24,240028,1,1,2,23,1,20,12,31,0,1,0,24,2,12,471,12471,30,1994,1FTCR10A7RTA,1,F,T,C,R,1,0,A,7,R,T,A,0,0,0,000000000,00000000000,0,0,0,1,0,0,0,0,0,0,0,998,0,0,0,12,6,2,30,0,0,0,1,24,20646,6,1,0,0,3,0,75,250,0,0,0,0,0,0,0,0,0,0,36,0,0,0,1,2,50,1,1,2,1,20,3,1,13,1,1,4,1,1,0,2110
240028_2011,24,240028,1,1,1,27,1,22,17,8,0,1,1,99,9,99,999,99999,99,9999,999999999999,9,9,9,9,9,9,9,9,9,9,9,9,0,0,0,000000000,00000000000,0,0,0,1,0,0,0,0,0,0,0,998,0,0,0,12,9,1,8,0,0,0,1,99,99999,9,9,99,9,9,9,999,999,99,99,99,99,99,99,9999,99,9999,9,99,99,99,99,1,2,25,1,1,2,2,0,0,1,80,99,9,9,13,0,0,2111