st_case_year,STATE,ST_CASE,VEH_NO,VE_FORMS,NUMOCCS,DAY,MONTH,HOUR,MINUTE,HARM_EV,MAN_COLL,UNITTYPE,HIT_RUN,REG_STAT,OWNER,MAKE,MODEL,MAK_MOD,BODY_TYP,MOD_YEAR,VIN,VIN_1,VIN_2,VIN_3,VIN_4,VIN_5,VIN_6,VIN_7,VIN_8,VIN_9,VIN_10,VIN_11,VIN_12,TOW_VEH,J_KNIFE,MCARR_I1,MCARR_I2,MCARR_ID,GVWR,V_CONFIG,CARGO_BT,HAZ_INV,HAZ_PLAC,HAZ_ID,HAZ_CNO,HAZ_REL,BUS_USE,SPEC_USE,EMER_USE,TRAV_SP,UNDERIDE,ROLLOVER,ROLINLOC,IMPACT1,DEFORMED,TOWED,M_HARM,VEH_SC1,VEH_SC2,FIRE_EXP,DR_PRES,L_STATE,DR_ZIP,L_STATUS,L_TYPE,CDL_STAT,L_ENDORS,L_COMPL,L_RESTRI,DR_HGT,DR_WGT,PREV_ACC,PREV_SUS,PREV_DWI,PREV_SPD,PREV_OTH,FIRST_MO,FIRST_YR,LAST_MO,LAST_YR,SPEEDREL,DR_SF1,DR_SF2,DR_SF3,DR_SF4,VTRAFWAY,VNUM_LAN,VSPD_LIM,VALIGN,VPROFILE,VPAVETYP,VSURCOND,VTRAFCON,VTCONT_F,P_CRASH1,P_CRASH2,P_CRASH3,PCRASH4,PCRASH5,ACC_TYPE,DEATHS,DR_DRINK,idno
240048_2011,24,240048,1,1,1,16,2,18,30,8,0,1,0,24,1,7,472,7472,30,2001,1B7GG22X71S1,1,B,7,G,G,2,2,X,7,1,S,1,0,0,0,000000000,00000000000,0,0,0,1,0,0,0,0,0,0,0,998,0,0,0,12,6,2,8,0,0,0,1,24,21227,6,1,0,0,3,0,67,155,0,0,0,0,0,0,0,0,0,0,0,0,0,0,1,2,40,1,1,2,1,0,0,1,13,99,1,4,13,0,1,2169
240049_2010,24,240049,1,1,1,29,3,19,10,34,0,1,0,24,1,35,50,35050,5,2009,3N1BC13E19L3,3,N,1,B,C,1,3,E,1,9,L,3,0,0,0,000000000,00000000000,0,0,0,1,0,0,0,0,0,0,0,998,0,1,6,12,6,2,1,0,0,0,1,24,21657,6,1,0,0,3,0,62,265,0,0,0,1,0,5,2007,5,2007,1,28,0,0,0,1,2,50,1,1,2,1,0,0,1,13,99,9,4,1,1,0,2170
240049_2011,24,240049,1,2,1,22,2,6,5,12,1,1,0,24,1,7,20,7020,4,2005,1B3ES56C95D2,1,B,3,E,S,5,6,C,9,5,D,2,0,0,0,000000000,00000000000,0,0,0,1,0,0,0,0,0,0,0,998,0,0,0,6,6,2,12,0,0,0,1,24,21090,6,1,0,0,3,0,68,200,0,0,0,0,0,0,0,0,0,0,87,0,0,0,3,2,65,1,1,2,3,0,0,1,5,99,9,2,32,1,0,2171
240049_2011,24,240049,2,2,1,22,2,6,5,12,1,1,0,54,3,98,806,98806,62,2006,5PVNE8JT362S,5,P,V,N,E,8,J,T,3,6,2,S,0,0,57,540402,57540402,2,1,1,1,0,0,0,0,0,0,0,998,0,0,0,12,4,3,12,0,0,0,1,24,21643,6,1,3,0,3,0,70,150,0,1,0,0,1,4,2009,5,2010,0,0,0,0,0,3,2,65,1,1,2,3,0,0,1,51,99,9,9,32,0,0,2172
240050_2010,24,240050,1,2,1,31,3,16,40,12,6,1,0,24,2,12,16,12016,4,2000,2FAFP74W1YX2,2,F,A,F,P,7,4,W,1,Y,X,2,0,0,0,000000000,00000000000,0,0,0,1,0,0,0,0,0,0,0,998,0,0,0,9,6,2,12,0,0,0,1,24,21787,6,1,0,0,3,0,65,190,0,0,0,2,0,3,2009,3,2010,0,38,0,0,0,1,2,55,1,1,2,1,20,3,1,17,1,1,1,89,0,0,2173
240050_2010,24,240050,2,2,1,31,3,16,40,12,6,1,0,24,1,72,706,72706,80,1994,1HD1BML1XRY0,1,H,D,1,B,M,L,1,X,R,Y,0,0,0,0,000000000,00000000000,0,0,0,1,0,0,0,0,0,0,0,998,0,0,0,12,6,2,12,0,0,0,1,24,21157,6,1,6,0,3,0,71,180,0,0,0,0,0,0,0,0,0,0,0,0,0,0,1,2,55,1,1,2,1,0,0,1,66,99,9,1,88,1,0,2174
240050_2011,24,240050,1,2,1,7,3,4,59,12,6,1,0,24,2,37,31,37031,4,2008,2HGFG12858H5,2,H,G,F,G,1,2,8,5,8,H,5,0,0,0,000000000,00000000000,0,0,0,1,0,0,0,0,0,0,0,998,0,0,0,3,6,2,12,0,0,0,1,24,20872,6,1,0,0,3,2,66,130,0,0,0,0,0,0,0,0,0,1,87,74,0,0,1,2,45,4,1,2,4,0,0,14,5,1,4,2,64,1,1,2175
240050_2011,24,240050,2,2,1,7,3,4,59,12,6,1,0,24,1,12,401,12401,14,2006,1FMEU73E16UB,1,F,M,E,U,7,3,E,1,6,U,B,0,0,0,000000000,00000000000,0,0,0,1,0,0,0,0,0,0,0,998,0,0,0,12,6,2,12,0,0,0,1,24,21771,6,1,0,0,3,3,63,130,0,0,0,0,0,0,0,0,0,0,0,0,0,0,1,2,45,4,1,2,4,0,0,14,62,1,1,1,65,0,0,2176
240051_2010,24,240051,1,1,1,22,3,7,1,1,0,1,0,24,2,14,401,14401,14,1999,4M2DU55P7XUJ,4,M,2,D,U,5,5,P,7,X,U,J,0,0,0,000000000,00000000000,0,0,0,1,0,0,0,0,0,0,0,50,0,2,1,0,6,2,1,0,0,0,1,10,19966,0,0,0,0,0,0,999,999,0,0,0,0,0,0,0,0,0,1,87,36,0,0,3,2,40,1,1,2,2,0,0,1,6,8,4,2,98,1,0,2177
240051_2011,24,240051,1,1,1,9,2,22,42,35,0,1,0,24,2,37,32,37032,4,2005,1HGCM56445A1,1,H,G,C,M,5,6,4,4,5,A,1,0,0,0,000000000,00000000000,0,0,0,1,0,0,0,0,0,0,0,998,0,9,6,98,6,2,42,0,0,0,1,24,20646,6,2,0,0,3,3,63,101,0,0,0,0,0,0,0,0,0,1,87,0,0,0,1,2,40,1,2,2,3,0,0,1,5,1,2,4,7,1,0,2178
240052_2010,24,240052,1,1,1,2,4,21,50,8,0,1,0,92,0,84,881,84881,62,2002,1HTMMAALX2H5,1,H,T,M,M,A,A,L,X,2,H,5,0,0,99,999999999,99999999999,2,2,1,1,0,0,0,0,0,0,0,998,0,0,0,12,4,3,8,0,0,0,1,24,21040,6,1,0,0,3,0,72,180,0,0,0,0,1,4,2009,4,2009,0,92,0,0,0,3,8,40,1,2,2,1,97,8,1,80,99,9,1,13,0,0,2179
240052_2011,24,240052,1,1,2,26,2,4,12,34,0,1,0,24,2,23,472,23472,30,2006,1GKDT13S6623,1,G,K,D,T,1,3,S,6,6,2,3,0,0,0,000000000,00000000000,0,0,0,1,0,0,0,0,0,0,0,998,0,1,5,98,6,2,1,0,0,0,1,24,21861,6,1,0,0,3,0,73,220,0,0,0,1,0,7,2009,7,2009,0,0,0,0,0,1,2,50,2,1,2,1,0,0,14,9,99,9,4,2,1,1,2180
240053_2010,24,240053,1,1,1,3,4,0,17,1,0,1,0,24,1,41,49,41049,4,2005,JM1FE1735501,J,M,1,F,E,1,7,3,5,5,0,1,0,0,0,000000000,00000000000,0,0,0,1,0,0,0,0,0,0,0,998,0,2,3,0,6,2,1,0,0,0,1,24,21801,6,1,0,0,3,0,71,180,0,0,0,0,0,0,0,0,0,1,0,0,0,0,2,2,65,2,1,2,1,0,0,14,6,99,9,4,7,1,1,2181
240053_2011,24,240053,1,1,1,25,3,22,42,42,0,1,0,24,1,20,2,20002,4,1989,1G1BN51E3KA1,1,G,1,B,N,5,1,E,3,K,A,1,0,0,0,000000000,00000000000,0,0,0,1,0,0,0,0,0,0,0,998,0,0,0,12,6,2,42,0,0,0,1,24,21613,6,1,0,0,3,3,71,190,0,0,0,0,0,0,0,0,0,0,99,99,99,99,1,2,50,1,1,2,1,0,0,1,9,99,9,9,2,1,0,2182
240054_2010,24,240054,1,2,1,5,4,10,37,12,6,1,0,24,1,42,401,42401,14,2007,4JGBB86E47A1,4,J,G,B,B,8,6,E,4,7,A,1,0,0,0,000000000,00000000000,0,0,0,1,0,0,0,0,0,0,0,998,0,0,0,3,4,3,12,0,0,0,1,24,21774,6,1,0,0,3,0,70,205,0,0,0,1,1,7,2007,4,2008,0,38,0,0,0,1,2,45,1,2,2,1,0,0,11,15,1,1,1,68,0,0,2183
240054_2010,24,240054,2,2,1,5,4,10,37,12,6,1,0,24,1,72,706,72706,80,2004,1HD1JAB184Y0,1,H,D,1,J,A,B,1,8,4,Y,0,0,0,0,000000000,00000000000,0,0,0,1,0,0,0,0,0,0,0,998,0,0,0,12,6,2,12,0,0,0,1,24,21791,6,1,0,0,3,0,69,199,0,0,0,0,0,0,0,0,0,0,0,0,0,0,1,2,45,1,2,2,1,0,0,1,62,99,1,1,69,1,0,2184
240054_2011,24,240054,1,3,2,26,2,1,26,12,1,1,0,24,2,20,431,20431,16,2003,3GNFK16ZX3G3,3,G,N,F,K,1,6,Z,X,3,G,3,0,0,0,000000000,00000000000,0,0,0,1,0,0,0,0,0,0,0,998,0,0,0,12,6,2,12,0,0,0,1,24,20601,1,1,0,0,2,2,77,187,0,1,0,0,0,6,2008,6,2008,0,39,74,0,0,3,2,55,1,1,2,1,3,3,1,50,1,1,1,20,0,1,2185
240054_2011,24,240054,2,3,3,26,2,1,26,12,1,1,0,24,2,59,31,59031,4,1998,JT8BF28G7W50,J,T,8,B,F,2,8,G,7,W,5,0,0,0,0,000000000,00000000000,0,0,0,1,0,0,0,0,0,0,0,0,0,0,0,6,6,2,12,0,0,0,1,24,20772,6,1,0,0,3,2,65,140,0,0,0,0,0,0,0,0,0,0,74,0,0,0,3,2,55,1,1,2,1,3,3,1,53,1,1,1,22,1,0,2186
240054_2011,24,240054,3,3,4,26,2,1,26,12,1,1,0,24,1,12,422,12422,15,2001,1FMRU15W41LA,1,F,M,R,U,1,5,W,4,1,L,A,0,0,0,000000000,00000000000,0,0,0,1,0,0,0,0,0,0,0,998,0,0,0,8,6,2,12,0,0,0,1,24,20602,6,1,0,0,3,0,67,280,0,0,0,0,0,0,0,0,0,0,0,0,0,0,3,2,35,1,1,1,1,3,3,1,17,1,1,1,98,0,0,2187
240055_2010,24,240055,1,1,1,4,4,17,25,39,0,1,0,24,1,53,705,53705,80,2002,JS1GN79AX221,J,S,1,G,N,7,9,A,X,2,2,1,0,0,0,000000000,00000000000,0,0,0,1,0,0,0,0,0,0,0,998,0,0,0,12,6,2,39,0,0,0,1,24,21206,6,1,0,0,3,2,63,180,0,1,0,1,0,7,2007,6,2009,1,74,0,0,0,3,2,40,2,1,2,1,0,0,14,6,3,4,4,2,1,1,2188
240055_2011,24,240055,1,1,1,22,3,0,2,1,0,1,0,24,2,37,31,37031,2,1996,1HGEJ8144TL0,1,H,G,E,J,8,1,4,4,T,L,0,0,0,0,000000000,00000000000,0,0,0,1,0,0,0,0,0,0,0,998,0,2,9,0,6,2,1,0,0,0,1,24,21837,6,1,0,0,3,0,71,195,0,0,0,0,1,1,2010,1,2010,0,0,0,0,0,1,2,50,3,1,2,1,0,0,14,9,99,9,4,7,1,1,2189
240056_2010,24,240056,1,2,1,8,4,9,56,12,6,1,0,24,1,54,35,54035,4,2003,19UUA56923A0,1,9,U,U,A,5,6,9,2,3,A,0,0,0,0,000000000,00000000000,0,0,0,1,0,0,0,0,0,0,0,998,0,0,0,12,6,2,12,0,0,0,1,24,20906,6,1,0,0,3,0,62,180,0,0,0,0,0,0,0,0,0,1,39,0,0,0,2,2,55,1,1,2,1,3,3,1,11,1,1,1,86,0,0,2190
240056_2010,24,240056,2,2,1,8,4,9,56,12,6,1,0,24,1,12,4,12004,4,1995,1FALP62W6SH2,1,F,A,L,P,6,2,W,6,S,H,2,0,0,0,000000000,00000000000,0,0,0,1,0,0,0,0,0,0,0,998,0,0,0,3,6,2,12,0,0,0,1,24,20772,6,1,0,0,3,0,64,170,0,0,0,0,0,0,0,0,0,0,0,0,0,0,8,2,98,1,1,2,1,3,3,1,66,99,1,1,87,1,0,2191
240056_2011,24,240056,1,1,3,9,1,8,50,8,0,1,0,24,2,49,32,49032,4,1995,2T1AE00B8SC1,2,T,1,A,E,0,0,B,8,S,C,1,0,0,0,000000000,00000000000,0,0,0,1,0,0,0,0,0,0,0,998,0,0,0,12,6,2,8,0,0,0,1,24,20782,6,1,0,0,3,0,60,120,0,0,0,0,0,0,0,0,0,0,0,0,0,0,3,2,35,1,1,2,1,0,0,1,80,99,1,1,13,0,0,2192
240057_2010,24,240057,1,1,1,11,4,8,23,1,0,1,0,24,1,20,473,20473,30,2005,1GCDS1967581,1,G,C,D,S,1,9,6,7,5,8,1,0,0,0,000000000,00000000000,0,0,0,1,0,0,0,0,0,0,0,998,0,2,6,0,6,2,1,0,0,0,1,24,21901,1,1,0,0,2,2,73,170,0,1,0,0,0,3,2008,3,2008,0,74,0,0,0,3,2,50,4,2,2,1,0,0,14,9,99,9,4,2,1,0,2193
240057_2011,24,240057,1,1,4,30,1,9,19,30,0,1,0,51,1,37,32,37032,4,2004,1HGCM563X4A1,1,H,G,C,M,5,6,3,X,4,A,1,0,0,0,000000000,00000000000,0,0,0,1,0,0,0,0,0,0,0,998,0,0,0,1,6,2,35,0,0,0,1,51,23601,1,1,0,0,2,2,68,230,0,1,0,3,0,10,2008,9,2010,0,74,0,0,0,3,4,55,1,1,2,1,0,0,1,8,1,9,4,2,1,0,2194
240058_2010,24,240058,1,1,1,1,2,20,10,14,0,1,0,24,1,19,20,19020,6,2005,1GYEE6377501,1,G,Y,E,E,6,3,7,7,5,0,1,0,0,0,000000000,00000000000,0,0,0,1,0,0,0,0,0,0,0,998,0,0,0,12,6,2,8,0,0,0,1,24,20705,2,1,0,0,2,2,64,170,0,2,1,3,0,6,2008,8,2009,1,74,0,0,0,1,3,30,4,1,8,1,0,0,14,13,1,1,4,4,0,1,2195
240058_2011,24,240058,1,2,2,12,2,1,39,12,6,1,0,24,2,13,5,13005,4,1993,1LNLM9746PY6,1,L,N,L,M,9,7,4,6,P,Y,6,0,0,0,000000000,00000000000,0,0,0,1,0,0,0,0,0,0,0,998,0,0,0,3,6,2,12,0,0,0,1,24,20743,0,0,0,0,0,0,999,999,0,0,0,0,0,0,0,0,0,0,39,0,0,0,2,2,40,1,1,2,1,3,3,1,17,1,1,1,87,1,0,2196
240058_2011,24,240058,2,2,1,12,2,1,39,12,6,1,0,24,1,7,442,7442,20,2005,2D4GP44L15R4,2,D,4,G,P,4,4,L,1,5,R,4,0,0,0,000000000,00000000000,0,0,0,1,0,0,0,0,0,0,0,998,0,0,0,12,6,2,12,0,0,0,1,24,20720,6,1,0,0,3,0,61,110,0,0,0,1,0,5,2010,5,2010,0,0,0,0,0,2,2,40,1,1,2,1,3,3,1,66,99,1,1,86,0,0,2197
240059_2010,24,240059,1,1,1,15,2,0,0,48,0,1,0,24,1,7,481,7481,31,1985,1B7JW24T8FS5,1,B,7,J,W,2,4,T,8,F,S,5,0,0,0,000000000,00000000000,0,0,0,1,0,0,0,0,0,0,0,998,0,1,9,12,6,2,1,0,0,0,1,24,20874,6,1,0,0,3,0,71,190,0,3,0,0,1,1,2009,1,2010,0,87,0,0,0,2,2,55,4,1,2,2,0,0,2,12,99,1,4,6,1,0,2198
240059_2011,24,240059,1,2,2,14,2,13,30,12,2,1,0,24,2,20,22,20022,4,2005,1G1AK52F9575,1,G,1,A,K,5,2,F,9,5,7,5,0,0,0,000000000,00000000000,0,0,0,1,0,0,0,0,0,0,0,998,0,0,0,12,6,2,12,0,0,0,1,24,21084,6,1,0,0,3,1,71,167,0,0,0,1,0,11,2010,11,2010,0,0,0,0,0,1,2,30,2,2,2,1,0,0,14,9,99,9,2,50,1,0,2199
240059_2011,24,240059,2,2,1,14,2,13,30,12,2,1,0,24,1,20,481,20481,31,2001,1GCEC14W41Z1,1,G,C,E,C,1,4,W,4,1,Z,1,0,0,0,000000000,00000000000,0,0,0,1,0,0,0,0,0,0,0,998,0,0,0,12,6,2,12,0,0,0,1,24,21050,0,0,0,0,0,0,999,999,0,0,0,0,0,0,0,0,0,0,0,0,0,0,1,2,30,2,2,2,1,0,0,14,62,99,1,1,51,0,0,2200
240060_2010,24,240060,1,3,1,4,2,14,59,12,6,1,0,24,1,48,34,48034,4,1999,4S3BD4357X72,4,S,3,B,D,4,3,5,7,X,7,2,0,0,0,000000000,00000000000,0,0,0,1,0,0,0,0,0,0,0,998,0,0,0,12,6,2,12,0,0,0,1,24,20746,6,1,0,0,3,0,61,140,0,0,0,0,0,0,0,0,0,0,38,0,0,0,1,2,30,1,1,2,1,3,3,11,15,1,1,2,68,1,0,2201
240060_2010,24,240060,2,3,1,4,2,14,59,12,6,1,0,24,1,13,12,13012,4,2002,1LNHM87A82Y6,1,L,N,H,M,8,7,A,8,2,Y,6,0,0,0,000000000,00000000000,0,0,0,1,0,0,0,0,0,0,0,998,0,0,0,11,6,2,12,0,0,0,1,24,20744,6,1,0,0,3,0,67,136,0,0,0,0,0,0,0,0,0,0,0,0,0,0,1,2,30,1,1,2,1,3,3,1,62,1,1,1,69,0,0,2202
240060_2010,24,240060,3,3,2,4,2,14,59,12,6,1,0,24,1,49,40,49040,4,1999,JT2BF28K9X01,J,T,2,B,F,2,8,K,9,X,0,1,0,0,0,000000000,00000000000,0,0,0,1,0,0,0,0,0,0,0,0,0,0,0,8,6,2,12,0,0,0,1,24,20744,6,1,0,0,3,0,69,165,0,0,0,0,0,0,0,0,0,0,0,0,0,0,1,2,98,1,1,2,1,3,3,5,62,1,9,1,98,0,0,2203
240060_2011,24,240060,1,1,2,4,2,21,52,42,0,1,0,24,1,37,31,37031,2,1992,2HGEH2364NH5,2,H,G,E,H,2,3,6,4,N,H,5,0,0,0,000000000,00000000000,0,0,0,1,0,0,0,0,0,0,0,998,0,9,6,12,6,2,42,0,0,0,1,24,20613,6,1,0,0,3,0,72,160,0,0,0,0,0,0,0,0,0,1,0,0,0,0,2,2,50,4,1,2,1,0,0,14,9,6,9,4,7,1,1,2204
240061_2010,24,240061,1,1,1,27,2,6,55,33,0,1,0,24,3,12,16,12016,4,2008,2FAFP71V98X1,2,F,A,F,P,7,1,V,9,8,X,1,0,0,0,000000000,00000000000,0,0,0,1,0,0,0,0,0,5,0,998,0,0,0,14,6,2,30,0,0,0,1,24,20715,6,1,0,0,3,0,77,265,0,0,0,0,0,0,0,0,0,1,87,0,0,0,1,2,30,1,3,2,4,0,0,1,6,99,4,4,7,1,0,2205
240061_2011,24,240061,1,2,1,15,2,23,5,14,0,1,0,11,2,63,402,63402,14,2006,KNDJC7334655,K,N,D,J,C,7,3,3,4,6,5,5,0,0,0,000000000,00000000000,0,0,0,1,0,0,0,0,0,0,0,998,0,0,0,12,6,2,12,0,0,0,1,24,20747,6,1,0,0,3,0,71,200,0,0,0,0,0,0,0,0,0,0,0,0,0,0,3,4,55,1,1,2,1,0,0,1,9,1,1,4,11,0,1,2206
240061_2011,24,240061,3,2,1,15,2,23,5,14,0,1,0,37,3,82,881,82881,66,2010,1FUJGLBG2ALA,1,F,U,J,G,L,B,G,2,A,L,A,1,1,57,120195,57120195,3,6,1,1,0,0,0,0,0,0,0,998,0,0,0,12,6,2,21,0,0,1,1,12,32097,6,1,6,0,3,0,73,999,0,0,0,1,0,2,2009,2,2009,0,0,0,0,0,3,4,55,1,1,2,1,0,0,1,61,99,9,4,98,1,0,2207
240062_2010,24,240062,1,2,1,20,1,23,36,12,6,1,0,24,1,2,404,2404,14,2005,1J4GR48K85C6,1,J,4,G,R,4,8,K,8,5,C,6,0,0,0,000000000,00000000000,0,0,0,1,0,0,0,0,0,0,0,998,0,0,0,12,6,2,12,0,0,0,1,24,21213,6,1,0,0,3,0,68,175,0,0,0,0,0,0,0,0,0,0,0,0,0,0,1,2,25,1,1,2,1,3,3,1,63,1,1,3,88,0,1,2208
240062_2010,24,240062,2,2,2,20,1,23,36,12,6,1,0,24,2,37,32,37032,3,1989,1HGCA6149KA0,1,H,G,C,A,6,1,4,9,K,A,0,0,0,0,000000000,00000000000,0,0,0,1,0,0,0,0,0,0,0,998,0,0,0,9,6,2,12,0,0,0,1,24,21224,6,1,0,0,3,0,64,122,0,0,0,0,0,0,0,0,0,0,39,0,0,0,1,2,25,1,1,2,1,3,3,1,17,1,1,1,89,2,1,2209
240062_2011,24,240062,1,1,1,4,3,21,46,8,0,1,0,92,0,12,481,12481,31,1997,1FTDX176XVNA,1,F,T,D,X,1,7,6,X,V,N,A,0,0,0,000000000,00000000000,0,0,0,1,0,0,0,0,0,0,0,998,0,0,0,12,6,2,8,0,0,0,1,24,20783,1,1,0,0,2,2,67,150,0,0,0,0,0,0,0,0,0,0,74,0,0,0,2,2,55,1,1,2,1,0,0,1,80,1,1,1,13,0,0,2210
240063_2010,24,240063,1,2,2,4,5,18,24,12,6,1,0,24,1,20,2,20002,4,2008,2G1WB58K2813,2,G,1,W,B,5,8,K,2,8,1,3,0,0,0,000000000,00000000000,0,0,0,1,0,0,0,0,0,0,0,998,0,0,0,9,6,2,12,0,0,0,1,24,20636,6,1,0,0,3,0,68,180,0,0,0,0,0,0,0,0,0,0,38,0,0,0,2,2,55,1,1,2,1,8,8,10,16,1,1,9,78,1,0,2211
240063_2010,24,240063,2,2,1,4,5,18,24,12,6,1,0,24,3,93,981,93981,51,2004,2M93JMPA04W0,2,M,9,3,J,M,P,A,0,4,W,0,0,0,57,0187443,570187443,3,21,22,1,0,0,0,0,98,0,0,998,0,0,0,12,6,2,12,0,0,0,1,24,20708,6,1,6,0,3,0,63,190,0,1,0,0,0,7,2008,7,2008,0,0,0,0,0,2,2,55,1,1,2,1,0,0,1,65,99,9,9,79,0,0,2212
240063_2011,24,240063,1,2,2,27,2,18,33,8,0,1,0,24,1,18,7,18007,4,2001,2G4WS52J9111,2,G,4,W,S,5,2,J,9,1,1,1,0,0,0,000000000,00000000000,0,0,0,1,0,0,0,0,0,0,0,998,0,0,0,14,2,1,8,0,0,0,1,24,20708,6,1,0,0,3,0,75,224,0,0,0,0,0,0,0,0,0,0,0,0,0,0,3,3,45,1,2,2,1,0,0,1,80,1,1,1,13,0,0,2213
240063_2011,24,240063,2,2,2,27,2,18,33,8,0,1,0,24,1,14,401,14401,14,2003,4M2ZU86K73UJ,4,M,2,Z,U,8,6,K,7,3,U,J,0,0,0,000000000,00000000000,0,0,0,1,0,0,0,0,0,0,0,998,0,0,0,14,2,1,8,0,0,0,1,24,20724,6,1,0,0,3,0,67,138,0,0,0,0,0,0,0,0,0,0,0,0,0,0,3,3,45,1,2,2,1,0,0,1,80,1,1,1,98,0,0,2214
240064_2010,24,240064,1,2,1,25,3,2,21,12,6,1,0,24,2,20,4,20004,2,1988,1G1YY2182J51,1,G,1,Y,Y,2,1,8,2,J,5,1,0,0,0,000000000,00000000000,0,0,0,1,0,0,0,0,0,0,0,998,0,0,0,9,6,2,12,0,0,0,1,24,20705,6,1,0,0,3,3,71,150,0,0,0,1,0,11,2008,11,2008,0,38,87,0,0,1,2,35,1,1,2,2,4,3,11,15,99,1,1,82,0,0,2215
240064_2010,24,240064,2,2,1,25,3,2,21,12,6,1,0,24,1,76,706,76706,80,2006,JYARJ12E76A0,J,Y,A,R,J,1,2,E,7,6,A,0,0,0,0,000000000,00000000000,0,0,0,1,0,0,0,0,0,0,0,998,0,0,0,12,6,2,12,0,0,0,1,24,20866,6,1,0,0,3,0,73,175,0,0,0,0,0,0,0,0,0,0,0,0,0,0,1,2,35,1,1,2,2,4,3,1,67,99,9,9,83,1,0,2216
240064_2011,24,240064,1,2,2,5,3,0,14,12,6,1,0,24,1,14,6,14006,4,1995,2MELM75W5SX6,2,M,E,L,M,7,5,W,5,S,X,6,0,0,0,000000000,00000000000,0,0,0,1,0,0,0,0,0,0,0,998,0,0,0,12,6,2,12,0,0,0,1,24,20747,6,1,0,0,3,0,65,135,0,0,0,0,0,0,0,0,0,0,39,0,0,0,1,2,30,1,1,2,1,20,3,1,17,1,1,1,86,0,0,2217
240064_2011,24,240064,2,2,3,5,3,0,14,12,6,1,0,24,2,35,50,35050,4,2009,3N1CC11E89L4,3,N,1,C,C,1,1,E,8,9,L,4,0,0,0,000000000,00000000000,0,0,0,1,0,0,0,0,0,0,0,998,0,0,0,3,6,2,12,0,0,0,1,24,21144,6,1,0,0,3,2,65,128,0,0,0,0,0,0,0,0,0,0,74,0,0,0,1,2,30,1,1,2,1,0,0,1,66,99,1,1,87,1,0,2218
240065_2010,24,240065,1,1,5,25,3,23,55,33,0,1,0,11,2,22,22,22022,4,2005,1G2ZH5485541,1,G,2,Z,H,5,4,8,5,5,4,1,0,0,0,000000000,00000000000,0,0,0,1,0,0,0,0,0,0,0,998,0,0,0,13,6,2,30,0,0,0,1,11,20018,3,2,0,0,2,2,73,162,0,0,0,0,0,0,0,0,0,1,74,0,0,0,1,2,30,4,1,2,2,0,0,14,6,99,9,4,7,2,0,2219
240065_2011,24,240065,1,3,1,9,3,12,45,12,6,1,0,24,1,12,471,12471,30,2002,1FTYR10D42TA,1,F,T,Y,R,1,0,D,4,2,T,A,0,0,0,000000000,00000000000,0,0,0,1,0,0,0,0,0,0,0,998,0,0,0,3,6,2,12,0,0,0,1,24,21161,6,1,0,0,3,0,74,230,0,0,0,0,0,0,0,0,0,0,38,0,0,0,1,2,45,1,2,2,2,0,0,11,15,1,1,1,68,1,0,2220
240065_2011,24,240065,2,3,1,9,3,12,45,12,6,1,0,24,1,49,44,49044,2,2005,4T1CE30P25U5,4,T,1,C,E,3,0,P,2,5,U,5,0,0,0,000000000,00000000000,0,0,0,1,0,0,0,0,0,0,0,998,0,0,0,12,6,2,12,0,0,0,1,24,21208,6,1,0,0,3,0,69,200,0,0,0,0,0,0,0,0,0,0,0,0,0,0,1,2,45,1,2,2,2,0,0,1,62,1,1,1,69,0,0,2221
240065_2011,24,240065,3,3,1,9,3,12,45,12,6,1,0,24,1,20,481,20481,31,2005,2GCEK19B8511,2,G,C,E,K,1,9,B,8,5,1,1,0,0,0,000000000,00000000000,0,0,0,1,0,0,0,0,0,0,0,0,0,0,0,12,2,1,12,0,0,0,1,24,21084,6,1,0,0,3,0,64,160,0,0,0,0,0,0,0,0,0,0,0,0,0,0,1,2,45,2,2,2,2,3,3,5,67,1,1,1,98,0,0,2222
240066_2010,24,240066,1,1,2,6,3,8,57,42,0,1,0,24,2,35,39,35039,4,1999,JN1CA21D8XM4,J,N,1,C,A,2,1,D,8,X,M,4,0,0,0,000000000,00000000000,0,0,0,1,0,0,0,0,0,0,0,998,0,0,0,9,6,2,42,0,0,0,1,24,21207,6,1,0,0,3,0,65,150,0,1,0,0,1,4,2008,1,2009,0,0,0,0,0,1,2,40,1,1,2,1,0,0,1,9,99,9,4,7,1,0,2223
240066_2011,24,240066,1,1,1,5,2,4,59,33,0,1,0,24,2,34,34,34034,4,2000,WBAAM3346YCB,W,B,A,A,M,3,3,4,6,Y,C,B,0,0,0,000000000,00000000000,0,0,0,1,0,0,0,0,0,0,0,998,0,0,0,98,6,2,42,0,0,0,1,24,20904,6,1,0,0,3,0,69,137,0,1,0,1,0,8,2009,10,2009,1,0,0,0,0,2,2,35,1,2,2,2,0,0,1,6,99,9,4,7,1,1,2224
240067_2010,24,240067,1,2,1,17,3,17,11,12,6,1,0,11,2,18,2,18002,4,1997,1G4HR52K5VH5,1,G,4,H,R,5,2,K,5,V,H,5,0,0,0,000000000,00000000000,0,0,0,1,0,0,0,0,0,0,0,998,0,0,0,12,6,2,12,0,0,0,1,11,20017,6,1,0,0,3,0,999,999,99,99,99,99,99,99,9999,99,9999,0,39,0,0,0,3,2,30,1,1,2,1,3,3,1,17,1,1,1,88,0,0,2225