st_case_year,STATE,ST_CASE,VEH_NO,VE_FORMS,NUMOCCS,DAY,MONTH,HOUR,MINUTE,HARM_EV,MAN_COLL,UNITTYPE,HIT_RUN,REG_STAT,OWNER,MAKE,MODEL,MAK_MOD,BODY_TYP,MOD_YEAR,VIN,VIN_1,VIN_2,VIN_3,VIN_4,VIN_5,VIN_6,VIN_7,VIN_8,VIN_9,VIN_10,VIN_11,VIN_12,TOW_VEH,J_KNIFE,MCARR_I1,MCARR_I2,MCARR_ID,GVWR,V_CONFIG,CARGO_BT,HAZ_INV,HAZ_PLAC,HAZ_ID,HAZ_CNO,HAZ_REL,BUS_USE,SPEC_USE,EMER_USE,TRAV_SP,UNDERIDE,ROLLOVER,ROLINLOC,IMPACT1,DEFORMED,TOWED,M_HARM,VEH_SC1,VEH_SC2,FIRE_EXP,DR_PRES,L_STATE,DR_ZIP,L_STATUS,L_TYPE,CDL_STAT,L_ENDORS,L_COMPL,L_RESTRI,DR_HGT,DR_WGT,PREV_ACC,PREV_SUS,PREV_DWI,PREV_SPD,PREV_OTH,FIRST_MO,FIRST_YR,LAST_MO,LAST_YR,SPEEDREL,DR_SF1,DR_SF2,DR_SF3,DR_SF4,VTRAFWAY,VNUM_LAN,VSPD_LIM,VALIGN,VPROFILE,VPAVETYP,VSURCOND,VTRAFCON,VTCONT_F,P_CRASH1,P_CRASH2,P_CRASH3,PCRASH4,PCRASH5,ACC_TYPE,DEATHS,DR_DRINK,idno
240084_2011,24,240084,2,2,0,18,4,10,25,12,1,1,0,24,6,37,32,37032,2,2001,1HGCG31581A0,1,H,G,C,G,3,1,5,8,1,A,0,0,0,0,000000000,00000000000,0,0,0,1,0,0,0,0,0,0,0,0,0,0,0,6,6,2,12,0,0,0,0,0,99997,7,6,97,7,6,7,998,997,998,998,998,998,998,98,9998,98,9998,8,20,0,0,0,3,2,50,1,9,2,1,0,0,0,53,0,0,0,32,0,0,2283
240085_2010,24,240085,1,1,4,4,5,8,16,24,0,1,0,42,2,12,3,12003,2,2008,1ZVHT80N6851,1,Z,V,H,T,8,0,N,6,8,5,1,0,0,0,000000000,00000000000,0,0,0,1,0,0,0,0,0,0,0,998,0,1,6,12,6,2,1,0,0,0,1,42,15438,6,1,0,0,3,0,70,999,0,0,0,0,0,0,0,0,0,0,28,0,0,0,3,2,65,2,2,2,1,0,0,14,9,99,9,4,7,3,1,2284
240085_2011,24,240085,1,1,2,24,4,17,21,24,0,1,0,24,1,37,706,37706,80,1996,1HFSC223XTA8,1,H,F,S,C,2,2,3,X,T,A,8,0,0,0,000000000,00000000000,0,0,0,1,0,0,0,0,0,0,0,998,0,0,0,4,6,2,24,0,0,0,1,24,21222,6,1,0,0,3,0,72,230,0,0,0,0,0,0,0,0,0,1,27,0,0,0,3,2,55,4,1,2,2,0,0,15,6,99,2,4,2,1,0,2285
240086_2010,24,240086,1,2,3,16,1,12,14,33,0,1,0,24,1,12,481,12481,31,2004,1FTRX14W44NC,1,F,T,R,X,1,4,W,4,4,N,C,0,0,0,000000000,00000000000,0,0,0,1,0,0,0,0,0,0,0,998,0,0,0,14,6,2,8,0,0,0,1,24,21229,6,1,6,0,3,0,63,145,0,0,0,0,0,0,0,0,0,0,0,0,0,0,8,8,98,1,2,2,1,0,0,1,98,1,1,4,98,0,0,2286
240086_2010,24,240086,2,2,1,16,1,12,14,33,0,1,0,24,1,37,32,37032,4,2003,1HGCM82673A0,1,H,G,C,M,8,2,6,7,3,A,0,0,0,0,000000000,00000000000,0,0,0,1,0,0,0,0,0,0,0,998,0,0,0,6,4,1,55,0,0,0,1,24,20705,6,1,0,0,3,0,60,160,0,0,0,0,0,0,0,0,0,0,0,0,0,0,8,8,98,1,2,2,1,0,0,2,98,1,1,1,98,0,0,2287
240086_2011,24,240086,1,1,1,28,4,20,39,24,0,1,0,11,1,53,706,53706,80,1994,JS1GM51A3R21,J,S,1,G,M,5,1,A,3,R,2,1,0,0,0,000000000,00000000000,0,0,0,1,0,0,0,0,0,0,0,998,0,0,0,13,6,2,24,0,0,0,1,11,20001,6,1,0,0,3,0,66,165,0,0,0,0,0,0,0,0,0,0,81,0,0,0,3,3,55,1,1,2,1,0,0,1,90,99,9,4,7,1,1,2288
240087_2010,24,240087,1,2,1,19,4,16,44,14,0,1,0,12,1,19,3,19003,4,1985,1G6DW6986F97,1,G,6,D,W,6,9,8,6,F,9,7,0,0,0,000000000,00000000000,0,0,0,1,0,0,0,0,0,0,0,998,0,0,0,12,6,2,12,0,0,0,1,12,33019,6,1,0,0,3,0,64,999,0,0,0,0,0,0,0,0,0,0,27,29,0,0,3,4,65,1,1,2,1,0,0,6,50,1,1,4,1,1,0,2289
240087_2010,24,240087,3,2,2,19,4,16,44,14,0,1,0,24,2,35,47,35047,4,2003,1N4AL11DX3C2,1,N,4,A,L,1,1,D,X,3,C,2,0,0,0,000000000,00000000000,0,0,0,1,0,0,0,0,0,0,0,0,0,0,0,2,4,1,12,0,0,0,1,24,21234,6,1,0,0,3,0,65,130,0,0,0,0,0,0,0,0,0,0,0,0,0,0,3,4,65,1,1,2,1,0,0,1,61,1,1,1,98,0,0,2290
240087_2011,24,240087,1,1,2,18,3,1,48,33,0,1,0,24,2,32,45,32045,2,2004,TRUWT28N4410,T,R,U,W,T,2,8,N,4,4,1,0,0,0,0,000000000,00000000000,0,0,0,1,0,0,0,0,0,0,0,998,0,0,0,14,6,2,30,0,0,0,1,24,21220,6,1,0,0,3,3,70,220,0,0,0,0,0,0,0,0,0,1,99,99,99,99,1,2,40,2,1,2,1,0,0,14,6,99,9,4,7,1,1,2291
240088_2010,24,240088,1,2,2,6,5,11,28,12,6,1,0,24,1,13,1,13001,4,2000,1LNHM82W2YY9,1,L,N,H,M,8,2,W,2,Y,Y,9,0,0,0,000000000,00000000000,0,0,0,1,0,0,0,0,0,0,0,998,0,0,0,3,6,2,12,0,0,0,1,24,20625,6,1,0,0,3,0,62,194,0,0,0,0,0,0,0,0,0,0,38,36,0,0,3,2,55,1,1,2,1,3,3,11,15,1,1,1,68,1,0,2292
240088_2010,24,240088,2,2,1,6,5,11,28,12,6,1,0,51,3,84,881,84881,66,2009,2HSCUAPR69C0,2,H,S,C,U,A,P,R,6,9,C,0,1,1,51,404732,51404732,3,6,1,1,0,0,0,0,0,0,0,998,0,0,0,12,6,2,12,0,0,0,1,51,23456,6,1,6,0,3,0,69,148,0,0,0,0,0,0,0,0,0,0,0,0,0,0,3,2,55,1,1,2,1,3,3,1,62,99,1,1,69,0,0,2293
240088_2011,24,240088,1,2,1,18,4,20,15,12,1,1,0,24,1,53,706,53706,80,2007,JS1GT77A3721,J,S,1,G,T,7,7,A,3,7,2,1,0,0,0,000000000,00000000000,0,0,0,1,0,0,0,0,0,0,0,101,0,0,0,12,6,2,12,0,0,0,1,24,21015,6,1,0,0,3,0,68,220,0,0,0,0,4,3,2009,5,2010,1,99,99,99,99,3,2,50,1,1,2,1,0,0,1,51,99,1,1,24,1,0,2294
240088_2011,24,240088,2,2,1,18,4,20,15,12,1,1,0,24,1,37,402,37402,14,1998,JHLRD1860WC1,J,H,L,R,D,1,8,6,0,W,C,1,0,0,0,000000000,00000000000,0,0,0,1,0,0,0,0,0,0,0,998,0,0,0,6,6,2,12,0,0,0,1,24,21128,6,1,0,0,3,3,68,155,0,0,0,0,0,0,0,0,0,0,0,0,0,0,3,2,50,1,1,2,1,0,0,1,53,7,1,1,25,0,0,2295
240089_2010,24,240089,1,2,1,7,4,22,36,12,2,1,0,24,2,12,481,12481,31,1998,1FTZX1768WNA,1,F,T,Z,X,1,7,6,8,W,N,A,0,0,0,000000000,00000000000,0,0,0,1,0,0,0,0,0,0,0,998,0,0,0,12,6,2,12,0,0,0,1,24,21144,6,1,0,0,3,0,67,150,0,1,0,0,1,7,2009,9,2009,0,28,0,0,0,3,2,45,1,1,2,1,0,0,1,9,99,9,2,50,1,0,2296
240089_2010,24,240089,2,2,2,7,4,22,36,12,2,1,0,24,1,12,422,12422,15,1997,1FMFU18L4VLA,1,F,M,F,U,1,8,L,4,V,L,A,0,0,0,000000000,00000000000,0,0,0,1,0,0,0,0,0,0,0,998,0,0,0,12,6,2,2,0,0,1,1,24,21076,6,1,0,0,3,0,72,176,0,0,0,0,0,0,0,0,0,0,0,0,0,0,3,2,45,1,1,2,1,0,0,1,10,99,1,2,51,2,1,2297
240089_2011,24,240089,1,1,1,18,4,6,11,8,0,1,0,24,1,41,471,41471,30,1999,4F4YR13V4XTM,4,F,4,Y,R,1,3,V,4,X,T,M,0,0,0,000000000,00000000000,0,0,0,1,0,0,0,0,0,0,0,998,0,0,0,12,4,3,8,0,0,0,1,24,21157,6,1,6,0,3,0,72,225,0,0,0,0,0,0,0,0,0,0,0,0,0,0,3,4,45,1,2,1,1,0,0,1,80,99,2,1,13,0,0,2298
240090_2010,24,240090,1,2,1,14,4,8,30,12,2,1,0,24,1,49,472,49472,30,1995,4TAVN73K1SZ0,4,T,A,V,N,7,3,K,1,S,Z,0,0,0,0,000000000,00000000000,0,0,0,1,0,0,0,0,0,0,0,998,0,0,0,12,6,2,12,0,0,0,1,24,21156,6,1,0,0,3,3,75,175,0,0,0,0,0,0,0,0,0,0,36,0,0,0,1,2,30,4,2,1,1,0,0,14,10,99,4,2,50,0,0,2299
240090_2010,24,240090,2,2,1,14,4,8,30,12,2,1,0,24,1,49,32,49032,4,1992,2T1AE94A5NC1,2,T,1,A,E,9,4,A,5,N,C,1,0,0,0,000000000,00000000000,0,0,0,1,0,0,0,0,0,0,0,998,0,0,0,12,6,2,12,0,0,0,1,24,21162,6,1,0,0,3,0,68,182,0,0,0,0,0,0,0,0,0,0,0,0,0,0,1,2,30,4,2,1,1,0,0,14,62,1,1,1,51,1,0,2300
240090_2011,24,240090,1,1,1,29,4,22,43,42,0,1,0,24,2,35,47,35047,4,2006,1N4BL11D46C2,1,N,4,B,L,1,1,D,4,6,C,2,0,0,0,000000000,00000000000,0,0,0,1,0,0,0,0,0,0,0,998,0,0,0,3,6,2,42,0,0,0,1,10,19973,6,1,0,0,3,0,67,176,0,0,0,1,0,10,2010,10,2010,1,99,99,99,99,1,2,50,3,2,2,1,0,0,14,9,99,9,4,7,1,1,2301
240091_2010,24,240091,1,1,1,26,4,21,27,8,0,1,0,34,1,59,403,59403,14,2009,2T2HK31U19C1,2,T,2,H,K,3,1,U,1,9,C,1,0,0,0,000000000,00000000000,0,0,0,1,0,0,0,0,0,0,0,998,0,0,0,12,6,2,8,0,0,0,1,34,7677,6,1,0,0,3,0,59,999,0,0,0,0,0,0,0,0,0,0,0,0,0,0,3,2,65,1,1,2,2,0,0,1,80,1,1,1,13,0,0,2302
240091_2011,24,240091,1,1,1,29,4,21,7,8,0,1,0,24,1,52,471,52471,30,1986,JA7FP24D7GP0,J,A,7,F,P,2,4,D,7,G,P,0,0,0,0,000000000,00000000000,0,0,0,1,0,0,0,0,0,0,0,998,0,0,0,12,6,2,8,0,0,0,1,24,21677,6,1,0,0,3,0,74,290,0,0,0,0,0,0,0,0,0,0,99,99,99,99,3,2,55,1,1,2,1,0,0,15,80,99,1,1,13,0,0,2303
240092_2010,24,240092,1,2,1,27,4,10,30,12,2,1,0,24,1,49,32,49032,4,2006,1NXBR32E56Z6,1,N,X,B,R,3,2,E,5,6,Z,6,0,0,0,000000000,00000000000,0,0,0,1,0,0,0,0,0,0,0,30,0,0,0,12,6,2,12,0,0,0,1,24,21244,6,1,0,0,3,0,73,187,0,0,0,0,0,0,0,0,0,0,28,0,0,0,1,2,30,4,1,2,1,0,0,14,10,1,1,2,50,1,0,2304
240092_2010,24,240092,2,2,1,27,4,10,30,12,2,1,0,24,1,54,36,54036,4,2006,JH4KB16566C0,J,H,4,K,B,1,6,5,6,6,C,0,0,0,0,000000000,00000000000,0,0,0,1,0,0,0,0,0,0,0,20,0,0,0,12,6,2,12,0,0,0,1,24,21093,6,1,0,0,3,0,72,170,0,0,0,0,0,0,0,0,0,0,0,0,0,0,1,2,30,4,1,2,1,0,0,14,62,7,1,1,51,0,0,2305
240092_2011,24,240092,1,1,1,4,4,18,45,25,0,1,0,24,1,35,43,35043,4,2007,3N1AB61E57L7,3,N,1,A,B,6,1,E,5,7,L,7,0,0,0,000000000,00000000000,0,0,0,1,0,0,0,0,0,0,0,998,0,0,0,11,6,2,16,0,0,0,1,24,21222,6,1,0,0,3,0,68,145,0,0,0,0,0,0,0,0,0,0,28,0,0,0,3,3,55,1,1,2,1,0,0,1,10,99,9,4,6,1,1,2306
240093_2010,24,240093,1,2,1,2,5,20,25,12,6,1,0,24,1,34,35,34035,4,2001,WBADT63411CF,W,B,A,D,T,6,3,4,1,1,C,F,0,0,0,000000000,00000000000,0,0,0,1,0,0,0,0,0,0,0,998,0,0,0,9,6,2,12,0,0,0,1,24,20602,6,1,0,0,3,0,68,141,0,0,0,0,0,0,0,0,0,0,38,0,0,0,1,2,35,1,1,2,1,20,3,11,15,1,1,1,82,1,1,2307
240093_2010,24,240093,2,2,3,2,5,20,25,12,6,1,0,24,1,12,461,12461,21,2003,1FTNE24L83HB,1,F,T,N,E,2,4,L,8,3,H,B,0,0,0,000000000,00000000000,0,0,0,1,0,0,0,0,0,0,0,998,0,0,0,12,6,2,12,0,0,0,1,24,20616,6,1,0,0,3,0,68,175,0,0,1,0,3,3,2009,3,2009,0,0,0,0,0,1,2,50,1,1,2,1,0,0,1,67,1,1,1,83,0,0,2308
240093_2011,24,240093,1,2,1,19,2,13,55,12,6,1,0,24,2,35,47,35047,4,2004,1N4AL11D54C1,1,N,4,A,L,1,1,D,5,4,C,1,0,0,0,000000000,00000000000,0,0,0,1,0,0,0,0,0,0,0,998,0,0,0,9,6,2,12,0,0,0,1,24,20783,6,1,0,0,3,0,74,210,0,0,0,0,1,10,2010,10,2010,0,48,0,0,0,3,3,55,1,1,2,1,0,0,12,10,99,9,2,98,1,0,2309
240093_2011,24,240093,2,2,5,19,2,13,55,12,6,1,0,34,3,20,2,20002,4,2011,2G1WG5EK6B11,2,G,1,W,G,5,E,K,6,B,1,1,0,0,0,000000000,00000000000,0,0,0,1,0,0,0,0,0,0,0,998,0,0,0,12,6,2,12,0,0,0,1,34,7061,6,1,0,0,3,0,69,999,0,0,0,0,0,0,0,0,0,0,0,0,0,0,3,3,55,1,1,2,1,0,0,1,61,99,1,1,98,0,0,2310
240094_2010,24,240094,1,2,1,5,5,3,10,12,2,1,0,10,1,55,401,55401,14,2005,KM8SC13E25U9,K,M,8,S,C,1,3,E,2,5,U,9,0,0,0,000000000,00000000000,0,0,0,1,0,0,0,0,0,0,0,998,0,0,0,12,6,2,12,0,0,0,1,10,19901,6,1,0,0,3,0,66,187,0,0,0,0,0,0,0,0,0,0,51,36,0,0,3,2,55,1,1,2,1,0,0,1,54,1,1,1,52,0,1,2311
240094_2010,24,240094,2,2,2,5,5,3,10,12,2,1,0,24,1,37,31,37031,4,1991,1HGED3640ML0,1,H,G,E,D,3,6,4,0,M,L,0,0,0,0,000000000,00000000000,0,0,0,1,0,0,0,0,0,0,0,998,0,0,0,12,6,2,12,0,0,0,1,24,21801,6,1,0,0,3,0,65,135,0,0,0,0,1,5,2009,5,2009,0,0,0,0,0,3,2,55,1,1,2,1,0,0,1,54,1,1,1,52,2,0,2312
240094_2011,24,240094,1,2,1,16,4,12,43,12,6,1,0,24,1,34,34,34034,2,2003,WBSBL93473JR,W,B,S,B,L,9,3,4,7,3,J,R,0,0,0,000000000,00000000000,0,0,0,1,0,0,0,0,0,0,0,55,0,0,0,3,6,2,12,0,0,0,1,24,21037,6,1,0,0,3,0,71,160,0,1,0,2,0,8,2009,4,2011,1,33,0,0,0,1,2,40,1,2,2,3,0,0,6,6,99,3,2,64,1,1,2313
240094_2011,24,240094,2,2,1,16,4,12,43,12,6,1,0,24,3,12,481,12481,31,2008,1FTSF20R58EA,1,F,T,S,F,2,0,R,5,8,E,A,0,0,0,000000000,00000000000,0,0,0,1,0,0,0,0,0,0,0,40,0,0,0,12,6,2,12,0,0,0,1,24,21037,6,1,0,0,3,0,71,190,0,0,0,0,0,0,0,0,0,0,0,0,0,0,1,2,40,1,2,2,2,0,0,1,62,99,1,1,65,0,0,2314
240095_2010,24,240095,1,3,3,4,5,20,54,12,2,1,0,24,1,37,402,37402,14,2009,5J6RE48349L0,5,J,6,R,E,4,8,3,4,9,L,0,0,0,0,000000000,00000000000,0,0,0,1,0,0,0,0,0,0,0,998,0,0,0,12,6,2,12,0,0,0,1,24,21034,6,1,0,0,3,0,61,112,0,0,0,0,0,0,0,0,0,0,38,0,0,0,3,2,40,1,1,2,1,3,3,11,15,1,1,1,68,0,0,2315
240095_2010,24,240095,2,3,1,4,5,20,54,12,2,1,0,24,1,72,706,72706,80,2001,1HD4CAM191K1,1,H,D,4,C,A,M,1,9,1,K,1,0,0,0,000000000,00000000000,0,0,0,1,0,0,0,0,0,0,0,998,0,0,0,12,6,2,12,0,0,0,1,24,21040,6,1,6,0,3,0,69,185,0,0,0,0,0,0,0,0,0,0,0,0,0,0,3,2,40,1,1,2,1,3,3,1,62,4,1,1,69,1,1,2316
240095_2010,24,240095,3,3,1,4,5,20,54,12,2,1,0,24,1,72,706,72706,80,2001,1HD1BHY1X1Y0,1,H,D,1,B,H,Y,1,X,1,Y,0,0,0,0,000000000,00000000000,0,0,0,1,0,0,0,0,0,0,0,998,0,0,0,12,6,2,12,0,0,0,1,24,21034,6,1,0,0,3,0,73,250,0,0,1,2,1,9,2008,1,2010,0,0,0,0,0,3,2,40,1,1,2,1,3,3,1,52,4,1,1,98,0,0,2317
240095_2011,24,240095,1,1,1,20,4,9,45,8,0,1,0,11,2,37,31,37031,2,2000,1HGEM1154YL0,1,H,G,E,M,1,1,5,4,Y,L,0,0,0,0,000000000,00000000000,0,0,0,1,0,0,0,0,0,0,0,998,9,0,0,12,4,3,8,0,0,0,1,24,20708,6,1,0,0,3,0,65,135,0,1,0,0,0,10,2009,10,2009,0,0,0,0,0,2,3,35,1,2,2,1,2,3,1,80,99,1,1,13,0,0,2318
240096_2010,24,240096,1,1,1,6,3,3,9,24,0,1,0,24,2,12,401,12401,14,2003,1FMZU73K53UB,1,F,M,Z,U,7,3,K,5,3,U,B,0,0,0,000000000,00000000000,0,0,0,1,0,0,0,0,0,0,0,998,0,0,0,12,6,2,24,0,0,0,1,24,21224,0,0,0,0,0,0,999,999,0,0,0,0,0,0,0,0,0,1,0,0,0,0,3,2,55,1,1,2,1,0,0,1,9,99,9,4,2,1,1,2319
240096_2011,24,240096,1,1,1,7,4,17,23,5,0,1,0,24,1,73,706,73706,80,2007,JKAEXEA167A0,J,K,A,E,X,E,A,1,6,7,A,0,0,0,0,000000000,00000000000,0,0,0,1,0,0,0,0,0,0,0,998,0,0,0,0,6,2,24,0,0,0,1,24,21550,6,1,7,0,3,3,73,148,0,0,0,0,0,0,0,0,0,1,82,0,0,0,1,2,50,1,1,2,1,0,0,6,98,99,9,2,0,1,0,2320
240097_2010,24,240097,1,2,1,20,2,21,35,12,2,1,0,24,1,12,481,12481,31,1999,1FTZF1720XNA,1,F,T,Z,F,1,7,2,0,X,N,A,0,0,0,000000000,00000000000,0,0,0,1,0,0,0,0,0,0,0,998,0,0,0,12,6,2,12,0,0,0,1,24,21239,6,1,0,0,3,3,71,176,0,0,0,1,0,12,2009,12,2009,0,28,0,0,0,1,2,25,1,1,2,1,0,0,1,10,1,1,2,50,0,1,2321
240097_2010,24,240097,2,2,1,20,2,21,35,12,2,1,0,24,1,12,37,12037,4,2007,1FAHP37N67W2,1,F,A,H,P,3,7,N,6,7,W,2,0,0,0,000000000,00000000000,0,0,0,1,0,0,0,0,0,0,0,998,0,0,0,12,6,2,12,0,0,0,1,24,21122,6,1,0,0,3,0,65,135,0,1,0,0,1,6,2008,11,2008,0,0,0,0,0,1,2,25,1,1,2,1,0,0,1,62,99,1,1,51,1,0,2322
240097_2011,24,240097,1,1,1,4,4,16,18,39,0,1,0,12,1,72,706,72706,80,2010,1HD1CZ311AC4,1,H,D,1,C,Z,3,1,1,A,C,4,0,0,0,000000000,00000000000,0,0,0,1,0,0,0,0,0,0,0,998,0,0,0,11,6,2,39,0,0,0,1,12,33418,6,1,0,0,3,0,67,999,0,0,0,0,0,0,0,0,0,1,35,0,0,0,3,9,50,4,2,2,1,0,0,6,9,99,9,4,7,1,1,2323
240098_2010,24,240098,1,1,1,27,3,11,30,42,0,1,0,24,2,59,31,59031,4,1991,JT8VV22TXM01,J,T,8,V,V,2,2,T,X,M,0,1,0,0,0,000000000,00000000000,0,0,0,1,0,0,0,0,0,0,0,998,0,0,0,12,6,2,42,0,0,0,1,24,21045,6,1,0,0,3,3,65,140,0,0,0,0,0,0,0,0,0,0,0,0,0,0,3,2,45,1,1,2,1,0,0,15,8,7,2,4,2,1,0,2324
240098_2011,24,240098,1,2,1,18,4,16,40,12,1,1,0,24,2,49,32,49032,4,2006,2T1BR32E56C6,2,T,1,B,R,3,2,E,5,6,C,6,0,0,0,000000000,00000000000,0,0,0,1,0,0,0,0,0,0,0,998,0,0,0,12,6,2,12,0,0,0,1,24,21771,6,1,0,0,3,3,74,240,0,0,0,0,0,0,0,0,0,0,26,0,0,0,1,2,50,1,1,2,1,0,0,1,50,99,1,1,20,1,0,2325
240098_2011,24,240098,2,2,1,18,4,16,40,12,1,1,0,24,1,12,443,12443,20,2005,2FMZA51615BA,2,F,M,Z,A,5,1,6,1,5,B,A,0,0,0,000000000,00000000000,0,0,0,1,0,0,0,0,0,0,0,0,0,0,0,6,6,2,12,0,0,0,1,24,21771,6,1,0,0,3,0,67,170,0,0,0,0,0,0,0,0,0,0,0,0,0,0,1,2,50,1,1,2,1,0,0,5,53,99,1,1,21,0,0,2326
240099_2010,24,240099,1,2,3,3,3,14,52,12,6,1,0,24,1,18,3,18003,4,2005,1G4CW54K8541,1,G,4,C,W,5,4,K,8,5,4,1,0,0,0,000000000,00000000000,0,0,0,1,0,0,0,0,0,0,0,998,0,0,0,12,6,2,12,0,0,0,1,24,21093,6,1,0,0,3,0,70,205,0,0,0,0,0,0,0,0,0,0,38,36,0,0,3,2,55,1,1,2,1,3,3,1,62,1,1,1,69,2,0,2327
240099_2010,24,240099,2,2,1,3,3,14,52,12,6,1,0,42,1,37,31,37031,4,2006,999999999999,9,9,9,9,9,9,9,9,9,9,9,9,0,0,0,000000000,00000000000,0,0,0,1,0,0,0,0,0,0,0,998,0,0,0,3,6,2,12,0,0,0,1,42,17325,6,1,0,0,3,0,71,999,0,0,0,0,0,0,0,0,0,0,0,0,0,0,3,2,55,1,1,2,1,3,3,11,15,1,1,1,68,0,0,2328
240099_2011,24,240099,1,1,1,29,4,14,3,9,0,1,0,24,1,49,482,49482,31,2008,5TBBV54108S5,5,T,B,B,V,5,4,1,0,8,S,5,0,0,0,000000000,00000000000,0,0,0,1,0,0,0,0,0,0,0,998,0,0,0,12,6,2,9,0,0,0,1,24,21225,6,1,0,0,3,0,76,230,0,0,0,0,0,0,0,0,0,0,99,99,99,99,1,2,30,1,1,2,1,0,0,1,83,99,1,1,13,0,0,2329
240100_2010,24,240100,1,1,4,22,3,2,10,30,0,1,0,24,1,19,14,19014,4,1998,1G6KS54YXWU9,1,G,6,K,S,5,4,Y,X,W,U,9,0,0,0,000000000,00000000000,0,0,0,1,0,0,0,0,0,0,0,998,0,0,0,3,6,2,30,0,0,0,1,24,21207,6,1,0,0,3,0,68,147,0,0,0,0,1,10,2009,10,2009,1,85,0,0,0,3,2,35,4,1,2,2,0,0,14,60,7,4,4,2,1,0,2330
240100_2011,24,240100,1,2,1,28,4,11,8,12,2,1,0,24,3,38,882,38882,61,2008,JALE5W163879,J,A,L,E,5,W,1,6,3,8,7,9,0,0,57,298424,57298424,2,1,1,1,0,0,0,0,0,0,0,998,0,0,0,12,6,2,12,0,0,0,1,24,20886,6,1,0,0,8,0,70,175,0,0,0,0,0,0,0,0,0,9,29,0,0,0,1,2,35,3,2,2,2,0,0,14,10,99,9,2,50,1,0,2331
240100_2011,24,240100,2,2,1,28,4,11,8,12,2,1,0,10,3,82,881,82881,66,2007,1FUJCRCK87PX,1,F,U,J,C,R,C,K,8,7,P,X,0,0,57,024199,57024199,3,5,96,1,0,0,0,0,0,0,0,998,0,0,0,12,6,2,12,0,0,0,1,10,19711,6,1,6,0,3,0,73,180,0,0,0,0,0,0,0,0,0,0,0,0,0,0,1,2,35,3,2,2,2,0,0,14,62,99,9,9,51,0,0,2332
240101_2010,24,240101,1,1,3,2,1,2,14,43,0,1,0,24,1,42,48,42048,4,1999,WDBJF70H3XA9,W,D,B,J,F,7,0,H,3,X,A,9,0,0,0,000000000,00000000000,0,0,0,1,0,0,0,0,0,0,0,998,0,1,3,14,6,2,1,0,0,0,1,24,21225,6,1,0,0,3,0,65,126,0,0,0,0,0,0,0,0,0,1,28,0,0,0,3,2,40,1,1,1,4,0,0,1,6,99,9,4,7,1,1,2333
240101_2011,24,240101,1,1,1,26,4,19,35,43,0,1,0,92,0,53,706,53706,80,2005,JS1GT76A4521,J,S,1,G,T,7,6,A,4,5,2,1,0,0,0,000000000,00000000000,0,0,0,1,0,0,0,0,0,0,0,998,0,0,0,5,6,2,43,0,0,0,1,24,21050,0,0,0,0,0,0,72,200,0,1,0,0,0,11,2009,11,2009,1,99,99,99,99,1,2,40,4,2,2,1,0,0,14,6,99,9,4,7,1,1,2334
240102_2010,24,240102,1,1,1,4,4,2,21,31,0,1,0,24,3,12,16,12016,4,2003,2FAHP71W63X1,2,F,A,H,P,7,1,W,6,3,X,1,0,0,0,000000000,00000000000,0,0,0,1,0,0,0,0,0,5,0,998,0,0,0,12,6,2,24,0,0,0,1,24,21133,6,1,0,0,3,0,67,240,0,0,0,0,0,0,0,0,0,0,0,0,0,0,3,2,35,2,2,2,1,0,0,14,9,9,9,9,2,1,0,2335
240102_2011,24,240102,1,1,3,1,5,4,50,1,0,1,0,54,1,49,50,49050,3,2008,JTKDE1670802,J,T,K,D,E,1,6,7,0,8,0,2,0,0,0,000000000,00000000000,0,0,0,1,0,0,0,0,0,0,0,998,0,2,5,0,6,2,1,0,0,0,1,51,22312,6,1,0,0,3,2,66,140,0,0,0,1,0,10,2010,10,2010,1,74,0,0,0,3,2,65,4,2,2,2,0,0,14,6,99,3,4,2,1,1,2336
240103_2010,24,240103,1,1,1,2,4,5,54,33,0,1,0,24,1,35,50,35050,4,2009,3N1BC13E69L3,3,N,1,B,C,1,3,E,6,9,L,3,0,0,0,000000000,00000000000,0,0,0,1,0,0,0,0,0,0,0,998,0,0,0,14,6,2,8,0,0,0,1,24,20853,6,1,0,0,3,0,69,170,0,0,0,0,0,0,0,0,0,1,0,0,0,0,3,3,40,1,2,2,1,0,0,1,9,9,9,4,2,0,0,2337
240103_2011,24,240103,1,2,1,6,5,14,18,12,2,1,0,24,1,20,421,20421,15,2001,1GNEK13T51J1,1,G,N,E,K,1,3,T,5,1,J,1,0,0,0,000000000,00000000000,0,0,0,1,0,0,0,0,0,0,0,998,0,0,0,12,6,2,12,0,0,0,1,24,21624,6,1,0,0,3,0,70,145,0,0,0,1,0,4,2010,4,2010,0,28,0,0,0,1,2,50,1,1,2,1,0,0,1,10,99,1,2,50,1,0,2338
240103_2011,24,240103,2,2,1,6,5,14,18,12,2,1,0,24,1,35,49,35049,6,2005,JN8AZ08W55W4,J,N,8,A,Z,0,8,W,5,5,W,4,0,0,0,000000000,00000000000,0,0,0,1,0,0,0,0,0,0,0,998,0,0,0,12,6,2,12,0,0,0,1,24,21662,6,1,0,0,3,0,67,140,0,0,0,2,0,10,2009,10,2009,0,0,0,0,0,1,2,50,1,1,2,1,0,0,1,62,99,9,9,51,1,0,2339