st_case_year,STATE,ST_CASE,VEH_NO,VE_FORMS,NUMOCCS,DAY,MONTH,HOUR,MINUTE,HARM_EV,MAN_COLL,UNITTYPE,HIT_RUN,REG_STAT,OWNER,MAKE,MODEL,MAK_MOD,BODY_TYP,MOD_YEAR,VIN,VIN_1,VIN_2,VIN_3,VIN_4,VIN_5,VIN_6,VIN_7,VIN_8,VIN_9,VIN_10,VIN_11,VIN_12,TOW_VEH,J_KNIFE,MCARR_I1,MCARR_I2,MCARR_ID,GVWR,V_CONFIG,CARGO_BT,HAZ_INV,HAZ_PLAC,HAZ_ID,HAZ_CNO,HAZ_REL,BUS_USE,SPEC_USE,EMER_USE,TRAV_SP,UNDERIDE,ROLLOVER,ROLINLOC,IMPACT1,DEFORMED,TOWED,M_HARM,VEH_SC1,VEH_SC2,FIRE_EXP,DR_PRES,L_STATE,DR_ZIP,L_STATUS,L_TYPE,CDL_STAT,L_ENDORS,L_COMPL,L_RESTRI,DR_HGT,DR_WGT,PREV_ACC,PREV_SUS,PREV_DWI,PREV_SPD,PREV_OTH,FIRST_MO,FIRST_YR,LAST_MO,LAST_YR,SPEEDREL,DR_SF1,DR_SF2,DR_SF3,DR_SF4,VTRAFWAY,VNUM_LAN,VSPD_LIM,VALIGN,VPROFILE,VPAVETYP,VSURCOND,VTRAFCON,VTCONT_F,P_CRASH1,P_CRASH2,P_CRASH3,PCRASH4,PCRASH5,ACC_TYPE,DEATHS,DR_DRINK,idno
240123_2010,24,240123,2,3,1,16,5,22,35,12,2,1,0,24,1,20,36,20036,2,1997,2G1WW12M4V92,2,G,1,W,W,1,2,M,4,V,9,2,0,0,0,000000000,00000000000,0,0,0,1,0,0,0,0,0,0,0,998,0,0,0,12,6,2,12,0,0,0,1,24,21154,6,1,0,0,3,0,68,170,0,0,0,0,0,0,0,0,0,0,0,0,0,0,1,2,45,4,1,2,1,0,0,14,62,1,1,1,51,0,0,2396
240123_2010,24,240123,3,3,2,16,5,22,35,12,2,1,0,24,1,49,421,49421,15,1989,JT3FJ62G0K11,J,T,3,F,J,6,2,G,0,K,1,1,0,0,0,000000000,00000000000,0,0,0,1,0,0,0,0,0,0,0,998,0,0,0,11,6,2,12,0,0,0,1,24,21236,6,1,0,0,3,0,75,195,0,0,0,0,0,0,0,0,0,0,0,0,0,0,1,2,45,4,1,2,1,0,0,14,60,99,1,1,98,0,0,2397
240123_2011,24,240123,1,1,2,16,3,11,36,42,0,1,0,24,1,20,9,20009,2,2010,2G1FS1EW5A92,2,G,1,F,S,1,E,W,5,A,9,2,0,0,0,000000000,00000000000,0,0,0,1,0,0,0,0,0,0,0,998,0,0,0,12,6,2,42,0,0,0,1,24,21771,6,1,0,0,3,0,70,180,0,0,0,0,0,0,0,0,0,1,0,0,0,0,1,2,35,4,1,2,1,0,0,14,6,99,9,4,7,1,0,2398
240124_2010,24,240124,1,1,1,26,5,15,48,14,0,1,0,24,1,20,20,20020,4,1997,2G1WL52M0V11,2,G,1,W,L,5,2,M,0,V,1,1,0,0,0,000000000,00000000000,0,0,0,1,0,0,0,0,0,0,0,998,0,0,0,12,6,2,14,0,0,0,1,24,21037,6,1,0,0,3,3,73,210,0,0,0,0,1,11,2009,11,2009,1,27,0,0,0,3,6,55,1,1,2,1,0,0,15,11,99,9,4,1,1,0,2399
240124_2011,24,240124,1,1,1,19,5,21,13,8,0,1,0,24,1,7,41,7041,4,2002,2B3HD46R02H2,2,B,3,H,D,4,6,R,0,2,H,2,0,0,0,000000000,00000000000,0,0,0,1,0,0,0,0,0,0,0,998,0,0,0,12,6,2,8,0,0,0,1,24,21225,6,1,0,0,3,0,74,195,0,2,0,0,0,2,2010,11,2010,0,99,99,99,99,4,2,40,1,1,2,2,0,0,1,80,99,1,1,13,0,0,2400
240125_2010,24,240125,1,1,1,5,6,1,36,8,0,1,0,10,1,54,31,54031,3,1995,JH4DC4365SS0,J,H,4,D,C,4,3,6,5,S,S,0,0,0,0,000000000,00000000000,0,0,0,1,0,0,0,0,0,0,0,998,0,0,0,12,4,3,8,0,0,0,1,10,19933,6,1,0,0,3,0,65,115,0,0,0,0,0,0,0,0,0,0,0,0,0,0,3,2,40,1,1,2,1,0,0,1,80,99,1,1,13,0,0,2401
240125_2011,24,240125,1,2,1,6,5,21,54,12,2,1,0,24,2,54,32,54032,2,1991,JH4KA8266MC0,J,H,4,K,A,8,2,6,6,M,C,0,0,0,0,000000000,00000000000,0,0,0,1,0,0,0,0,0,0,0,998,0,0,0,12,6,2,12,0,0,0,1,24,20784,2,1,0,0,2,2,66,160,0,6,0,0,0,10,2009,10,2010,0,74,0,0,0,1,2,30,1,1,2,1,0,0,1,10,1,1,1,50,1,1,2402
240125_2011,24,240125,2,2,2,6,5,21,54,12,2,1,0,24,2,49,422,49422,15,2003,5TDBT44A13S2,5,T,D,B,T,4,4,A,1,3,S,2,0,0,0,000000000,00000000000,0,0,0,1,0,0,0,0,0,0,0,998,0,0,0,12,6,2,12,0,0,0,1,24,20721,6,1,0,0,3,0,70,145,0,0,0,0,0,0,0,0,0,0,0,0,0,0,1,2,30,1,1,2,1,0,0,1,62,99,9,9,51,0,0,2403
240126_2010,24,240126,1,1,1,6,6,2,24,24,0,1,0,24,1,23,481,23481,31,2006,1GTHK34D36E2,1,G,T,H,K,3,4,D,3,6,E,2,0,0,0,000000000,00000000000,0,0,0,1,0,0,0,0,0,0,0,998,0,1,6,12,6,2,1,0,0,0,1,24,21711,6,1,0,0,3,0,73,220,0,0,0,0,0,0,0,0,0,0,28,0,0,0,1,2,50,2,1,2,1,0,0,14,9,99,9,4,7,1,1,2404
240126_2011,24,240126,1,1,2,23,5,21,42,8,0,1,1,24,2,34,37,34037,4,2001,WBAGG83421DN,W,B,A,G,G,8,3,4,2,1,D,N,0,0,0,000000000,00000000000,0,0,0,1,0,0,0,0,0,0,0,998,0,0,0,12,4,3,8,0,0,0,1,24,20902,6,1,0,0,3,3,70,160,0,0,0,0,0,0,0,0,0,0,99,99,99,99,3,3,40,1,2,2,1,0,0,1,80,1,1,1,13,0,1,2405
240127_2010,24,240127,1,1,1,26,4,0,10,41,0,1,0,24,2,7,472,7472,30,1999,1B7GG22X0XS3,1,B,7,G,G,2,2,X,0,X,S,3,0,0,0,000000000,00000000000,0,0,0,1,0,0,0,0,0,0,0,998,0,0,0,12,6,2,42,0,0,0,1,24,21758,6,1,0,0,3,0,70,180,0,0,0,0,0,0,0,0,0,1,28,87,0,0,1,2,50,4,1,2,2,0,0,14,12,99,9,9,6,1,0,2406
240127_2011,24,240127,1,1,1,25,5,11,3,33,0,1,0,24,2,12,461,12461,21,2007,1GCFG15X9711,1,G,C,F,G,1,5,X,9,7,1,1,0,0,0,000000000,00000000000,0,0,0,1,0,0,0,0,0,0,0,998,0,0,0,14,6,2,42,0,0,0,1,24,20872,6,1,0,0,3,0,72,200,0,0,0,0,0,0,0,0,0,0,99,99,99,99,1,2,35,1,2,2,1,0,0,1,10,1,1,4,6,1,0,2407
240128_2010,24,240128,1,1,1,19,1,13,0,33,0,1,0,24,2,35,43,35043,4,2009,3N1AB61E49L6,3,N,1,A,B,6,1,E,4,9,L,6,0,0,0,000000000,00000000000,0,0,0,1,0,0,0,0,0,0,0,998,0,0,0,12,6,2,30,0,0,0,1,24,21113,6,1,0,0,3,0,69,240,0,0,0,1,0,10,2008,10,2008,0,28,0,0,0,1,4,40,1,1,2,1,0,0,1,9,1,9,4,7,1,0,2408
240128_2011,24,240128,1,1,2,8,6,2,52,24,0,1,0,24,1,71,709,71709,80,2008,ZDM1XBEW28B0,Z,D,M,1,X,B,E,W,2,8,B,0,0,0,0,000000000,00000000000,0,0,0,1,0,0,0,0,0,0,0,998,0,0,0,12,6,2,24,0,0,0,1,24,20895,6,1,0,0,3,0,72,160,0,0,0,0,1,12,2009,12,2009,0,39,0,0,0,3,4,55,4,1,2,1,0,0,15,11,1,1,4,1,2,1,2409
240129_2010,24,240129,1,1,1,30,1,2,28,42,0,1,0,24,2,20,2,20002,4,2005,2G1WF55K8591,2,G,1,W,F,5,5,K,8,5,9,1,0,0,0,000000000,00000000000,0,0,0,1,0,0,0,0,0,0,0,998,0,0,0,12,6,2,42,0,0,1,1,24,20772,6,1,0,0,3,0,71,190,0,0,0,0,0,0,0,0,0,0,0,0,0,0,1,2,40,1,1,2,1,0,0,1,13,99,1,4,1,1,0,2410
240129_2011,24,240129,1,1,4,9,3,13,35,42,0,1,0,24,1,12,422,12422,15,2000,1FMRU1668YLB,1,F,M,R,U,1,6,6,8,Y,L,B,0,0,0,000000000,00000000000,0,0,0,1,0,0,0,0,0,0,0,998,0,0,0,11,6,2,42,0,0,0,1,24,21817,6,1,0,0,3,0,77,260,0,0,0,0,1,10,2010,10,2010,0,28,0,0,0,1,8,50,4,1,2,1,0,0,14,9,99,9,4,2,1,0,2411
240130_2010,24,240130,1,2,1,14,1,14,57,12,98,1,0,29,3,87,881,87881,66,2004,1XP5DB9X54N8,1,X,P,5,D,B,9,X,5,4,N,8,1,1,57,685632,57685632,3,6,1,1,0,0,0,0,0,0,0,998,0,0,0,98,2,1,12,0,0,0,1,28,39425,6,1,6,0,3,0,70,185,0,0,0,0,0,0,0,0,0,0,99,99,99,99,8,8,50,8,8,8,1,0,0,1,99,99,9,9,99,0,0,2412
240130_2010,24,240130,2,2,3,14,1,14,57,12,98,1,0,51,1,14,6,14006,4,2001,2MEFM74W41X6,2,M,E,F,M,7,4,W,4,1,X,6,0,0,0,000000000,00000000000,0,0,0,1,0,0,0,0,0,0,0,998,0,0,0,98,4,1,12,0,0,0,1,51,22432,6,1,0,0,3,3,71,187,0,0,0,0,0,0,0,0,0,0,0,0,0,0,8,8,50,8,8,8,1,0,0,1,99,99,9,9,99,1,0,2413
240130_2011,24,240130,1,2,1,3,5,14,28,12,6,1,0,24,2,23,422,23422,15,2008,1GKFK16388R1,1,G,K,F,K,1,6,3,8,8,R,1,0,0,0,000000000,00000000000,0,0,0,1,0,0,0,0,0,0,0,998,0,0,0,8,4,3,12,0,0,0,1,24,21783,6,1,0,0,3,3,62,130,0,0,0,0,0,0,0,0,0,0,39,48,0,0,1,2,40,1,1,2,1,0,0,11,98,1,1,1,82,0,0,2414
240130_2011,24,240130,2,2,1,3,5,14,28,12,6,1,0,24,1,76,703,76703,80,2007,JYA4BEE0X7A0,J,Y,A,4,B,E,E,0,X,7,A,0,0,0,0,000000000,00000000000,0,0,0,1,0,0,0,0,0,0,0,998,0,0,0,12,6,2,12,0,0,0,1,24,21773,6,1,0,0,3,0,68,170,0,0,0,0,0,0,0,0,0,0,0,0,0,0,1,2,40,1,1,2,1,0,0,1,72,1,1,1,83,1,0,2415
240131_2011,24,240131,1,1,2,7,5,18,56,42,0,1,0,24,1,20,4,20004,2,1977,1Z37L7544586,1,Z,3,7,L,7,5,4,4,5,8,6,0,0,0,000000000,00000000000,0,0,0,1,0,0,0,0,0,0,0,998,0,0,0,9,6,2,42,0,0,0,1,24,21060,6,1,0,0,3,0,69,187,0,0,0,0,0,0,0,0,0,0,99,99,99,99,1,2,25,1,1,2,1,0,0,1,8,1,9,4,2,1,1,2416
240132_2010,24,240132,1,1,2,9,4,22,10,33,0,1,0,24,1,41,35,41035,4,1995,JM1BA1411S01,J,M,1,B,A,1,4,1,1,S,0,1,0,0,0,000000000,00000000000,0,0,0,1,0,0,0,0,0,0,0,998,0,0,0,14,6,2,38,0,0,0,1,24,21221,6,1,0,0,3,0,67,165,0,0,0,0,1,4,2009,4,2009,1,0,0,0,0,3,2,45,1,1,2,1,0,0,1,9,99,9,4,2,1,1,2417
240132_2011,24,240132,1,2,1,15,6,7,38,12,6,1,0,24,2,12,37,12037,4,2010,1FAHP3FN6AW1,1,F,A,H,P,3,F,N,6,A,W,1,0,0,0,000000000,00000000000,0,0,0,1,0,0,0,0,0,0,0,998,0,0,0,12,6,2,12,0,0,0,1,24,20736,6,1,0,0,3,0,62,120,0,0,0,0,0,0,0,0,0,0,39,0,0,0,3,2,55,1,1,2,1,3,3,1,65,1,1,1,77,0,0,2418
240132_2011,24,240132,2,2,1,15,6,7,38,12,6,1,0,24,1,72,706,72706,80,2008,1HD1JL5178Y0,1,H,D,1,J,L,5,1,7,8,Y,0,0,0,0,000000000,00000000000,0,0,0,1,0,0,0,0,0,0,0,998,0,0,0,3,6,2,12,0,0,0,1,24,20772,6,1,0,0,3,0,73,215,0,0,0,0,0,0,0,0,0,0,0,0,0,0,3,2,55,1,1,2,1,3,3,11,15,1,1,1,76,1,0,2419
240133_2010,24,240133,1,1,1,17,4,0,30,42,0,1,0,24,1,72,706,72706,80,2006,1HD1BHY136Y0,1,H,D,1,B,H,Y,1,3,6,Y,0,0,0,0,000000000,00000000000,0,0,0,1,0,0,0,0,0,0,0,998,0,0,0,12,6,2,42,0,0,0,1,24,20676,6,1,0,0,3,0,66,160,0,0,0,0,0,0,0,0,0,0,0,0,0,0,1,2,30,4,2,2,1,0,0,14,9,99,9,4,2,1,1,2420
240133_2011,24,240133,1,2,1,17,4,17,17,12,1,1,0,24,1,37,706,37706,80,2001,JH2PC35011M2,J,H,2,P,C,3,5,0,1,1,M,2,0,0,0,000000000,00000000000,0,0,0,1,0,0,0,0,0,0,0,998,0,0,0,12,6,2,12,0,0,0,1,24,20763,6,1,0,0,3,0,69,140,0,0,0,0,0,0,0,0,0,0,27,0,0,0,3,4,65,1,1,2,1,0,0,15,51,99,1,1,24,1,1,2421
240133_2011,24,240133,2,2,1,17,4,17,17,12,1,1,0,24,1,51,47,51047,4,2005,YV1RS5920524,Y,V,1,R,S,5,9,2,0,5,2,4,0,0,0,000000000,00000000000,0,0,0,1,0,0,0,0,0,0,0,998,0,0,0,6,4,1,12,0,0,0,1,24,20772,6,1,0,0,3,0,63,130,0,0,0,0,0,0,0,0,0,0,0,0,0,0,3,4,65,1,1,2,1,0,0,1,53,99,1,1,25,0,0,2422
240134_2010,24,240134,1,1,1,18,4,20,54,34,0,1,0,24,1,21,2,21002,4,1992,1G3HN53L9NH3,1,G,3,H,N,5,3,L,9,N,H,3,0,0,0,000000000,00000000000,0,0,0,1,0,0,0,0,0,0,0,998,0,1,6,12,6,2,1,0,0,0,1,24,21871,6,1,0,0,3,0,69,250,0,0,0,0,0,0,0,0,0,0,28,0,0,0,1,2,50,2,1,2,1,0,0,14,12,99,1,4,6,1,1,2423
240134_2011,24,240134,1,1,1,7,6,14,23,8,0,1,0,42,2,20,2,20002,4,2004,2G1WF52E3491,2,G,1,W,F,5,2,E,3,4,9,1,0,0,0,000000000,00000000000,0,0,0,1,0,0,0,0,0,0,0,998,0,0,0,12,6,2,8,0,0,0,1,42,18974,6,1,0,0,3,0,72,999,0,0,0,0,0,0,0,0,0,0,0,0,0,0,1,2,40,1,1,2,1,0,0,1,80,1,1,1,13,0,0,2424
240135_2010,24,240135,1,1,1,25,4,16,0,8,0,1,0,24,1,12,481,12481,31,1997,1FTHF25H3VEB,1,F,T,H,F,2,5,H,3,V,E,B,0,0,0,000000000,00000000000,0,0,0,1,0,0,0,0,0,0,0,998,0,0,0,12,6,2,8,0,0,0,1,24,21221,6,1,0,0,3,0,66,157,0,0,0,0,0,0,0,0,0,1,28,0,0,0,3,3,30,1,1,2,1,0,0,15,6,4,2,4,2,0,0,2425
240135_2011,24,240135,1,1,1,9,6,3,28,24,0,1,0,24,2,49,44,49044,2,2003,2T1FF28PX3C6,2,T,1,F,F,2,8,P,X,3,C,6,0,0,0,000000000,00000000000,0,0,0,1,0,0,0,0,0,0,0,998,0,1,5,98,6,2,1,0,0,0,1,24,20776,6,1,0,0,3,0,70,180,0,1,0,0,1,11,2009,6,2010,1,0,0,0,0,1,2,35,3,1,2,1,0,0,14,6,99,9,4,2,1,1,2426
240136_2010,24,240136,1,1,1,28,4,0,31,24,0,1,0,24,1,35,39,35039,4,2003,1N4BL11D73C2,1,N,4,B,L,1,1,D,7,3,C,2,0,0,0,000000000,00000000000,0,0,0,1,0,0,0,0,0,0,0,998,0,0,0,12,6,2,24,0,0,0,1,24,20735,6,1,0,0,3,0,72,220,0,0,0,0,0,0,0,0,0,1,28,0,0,0,3,2,55,1,1,2,1,0,0,1,6,99,9,4,2,1,0,2427
240136_2011,24,240136,1,1,1,10,6,14,11,24,0,1,0,24,1,37,706,37706,80,2004,1HD1BXB184Y0,1,H,D,1,B,X,B,1,8,4,Y,0,0,0,0,000000000,00000000000,0,0,0,1,0,0,0,0,0,0,0,998,0,0,0,12,6,2,24,0,0,0,1,24,20659,6,1,0,0,3,0,73,215,0,0,0,0,0,0,0,0,0,0,0,0,0,0,3,3,65,1,1,2,1,0,0,2,9,99,9,4,7,1,0,2428
240137_2010,24,240137,1,2,1,23,4,18,13,12,6,1,0,24,1,53,706,53706,80,2004,JS1GN7CA5421,J,S,1,G,N,7,C,A,5,4,2,1,0,0,0,000000000,00000000000,0,0,0,1,0,0,0,0,0,0,0,998,0,0,0,12,6,2,12,0,0,0,1,24,21076,6,1,0,0,3,0,72,200,0,0,0,0,0,0,0,0,0,1,39,0,0,0,1,2,45,1,1,2,1,3,3,1,17,9,1,1,88,1,0,2429
240137_2010,24,240137,2,2,1,23,4,18,13,12,6,1,0,24,1,35,34,35034,2,1992,JN1RZ24H7NX5,J,N,1,R,Z,2,4,H,7,N,X,5,0,0,0,000000000,00000000000,0,0,0,1,0,0,0,0,0,0,0,998,0,0,0,9,4,3,12,0,0,0,1,24,20733,6,1,0,0,3,0,72,200,0,0,0,0,0,0,0,0,0,0,0,0,0,0,1,2,30,1,1,2,1,3,3,1,66,99,1,1,89,0,0,2430
240137_2011,24,240137,1,2,2,19,6,16,38,12,2,1,0,24,2,12,37,12037,4,2003,1FAFP36393W1,1,F,A,F,P,3,6,3,9,3,W,1,0,0,0,000000000,00000000000,0,0,0,1,0,0,0,0,0,0,0,998,0,0,0,12,6,2,12,0,0,0,1,24,21787,6,1,0,0,3,0,65,140,0,0,0,0,0,0,0,0,0,0,39,0,0,0,1,2,35,1,1,2,1,0,0,1,10,99,1,1,50,1,0,2431
240137_2011,24,240137,2,2,1,19,6,16,38,12,2,1,0,42,1,49,32,49032,4,1989,JT2AE92E8K01,J,T,2,A,E,9,2,E,8,K,0,1,0,0,0,000000000,00000000000,0,0,0,1,0,0,0,0,0,0,0,998,0,0,0,12,6,2,12,0,0,0,1,42,17331,6,1,0,0,3,0,65,999,0,0,0,0,0,0,0,0,0,0,0,0,0,0,1,2,35,1,1,2,1,0,0,1,62,99,1,1,51,0,0,2432
240138_2010,24,240138,1,1,2,1,5,20,38,8,0,1,0,24,1,20,471,20471,30,1991,1GCCS14E4M01,1,G,C,C,S,1,4,E,4,M,0,1,0,0,0,000000000,00000000000,0,0,0,1,0,0,0,0,0,0,0,33,0,0,0,12,4,1,8,0,0,0,1,24,21220,6,1,0,0,3,0,71,250,0,0,0,0,0,0,0,0,0,0,0,0,0,0,1,4,40,1,2,1,1,0,0,1,80,1,1,1,13,0,0,2433
240138_2011,24,240138,1,1,3,19,6,1,29,30,0,1,0,24,1,13,13,13013,4,2006,3LNHM26196R6,3,L,N,H,M,2,6,1,9,6,R,6,0,0,0,000000000,00000000000,0,0,0,1,0,0,0,0,0,0,0,998,0,0,0,3,6,2,30,0,0,0,1,24,21220,6,1,0,0,3,0,68,185,0,0,0,0,0,0,0,0,0,1,0,0,0,0,1,2,30,3,1,2,1,0,0,14,6,4,9,4,2,1,1,2434
240139_2010,24,240139,1,1,1,7,5,23,38,8,0,1,0,29,1,23,481,23481,31,2009,1GTHK63K49F1,1,G,T,H,K,6,3,K,4,9,F,1,0,0,0,000000000,00000000000,0,0,0,1,0,0,0,0,0,0,0,998,0,0,0,12,6,2,8,0,0,0,1,29,63352,6,1,0,0,3,0,71,210,0,0,0,0,0,0,0,0,0,0,0,0,0,0,1,2,40,1,2,2,1,0,0,1,80,99,1,1,13,0,0,2435
240139_2011,24,240139,1,2,1,24,6,15,25,12,6,1,0,24,1,19,3,19003,4,1998,1G6KD54Y4WU7,1,G,6,K,D,5,4,Y,4,W,U,7,0,0,0,000000000,00000000000,0,0,0,1,0,0,0,0,0,0,0,998,0,0,0,2,6,2,12,0,0,0,1,24,21093,6,1,0,0,3,0,69,180,0,0,0,0,0,0,0,0,0,0,38,0,0,0,1,2,30,1,2,2,1,0,0,11,15,1,1,1,68,0,0,2436
240139_2011,24,240139,2,2,1,24,6,15,25,12,6,1,0,24,1,76,706,76706,80,2004,JYAVP11E04A0,J,Y,A,V,P,1,1,E,0,4,A,0,0,0,0,000000000,00000000000,0,0,0,1,0,0,0,0,0,0,0,998,0,0,0,12,6,2,12,0,0,0,1,24,21208,6,1,0,0,3,0,67,165,0,0,0,0,0,0,0,0,0,0,0,0,0,0,1,2,30,1,2,2,1,0,0,1,62,1,1,1,69,1,0,2437
240140_2010,24,240140,1,2,2,15,5,10,24,12,6,1,0,42,1,20,20,20020,4,1998,2G1WL52M7W93,2,G,1,W,L,5,2,M,7,W,9,3,0,0,0,000000000,00000000000,0,0,0,1,0,0,0,0,0,0,0,998,0,0,0,9,6,2,12,0,0,0,1,42,17325,6,1,0,0,3,0,63,999,0,0,0,0,0,0,0,0,0,0,38,0,0,0,3,2,55,1,2,2,1,97,8,1,17,1,1,1,89,2,0,2438
240140_2010,24,240140,2,2,1,15,5,10,24,12,6,1,0,24,2,12,481,12481,31,1990,1FTDF15N3LNA,1,F,T,D,F,1,5,N,3,L,N,A,0,0,0,000000000,00000000000,0,0,0,1,0,0,0,0,0,0,0,998,0,0,0,12,6,2,12,0,0,0,1,24,21788,6,1,0,0,3,0,74,200,0,0,0,0,0,0,0,0,0,0,0,0,0,0,3,2,55,1,2,2,1,97,8,1,66,4,2,1,88,0,0,2439
240140_2011,24,240140,1,1,1,3,6,0,43,30,0,1,0,24,9,12,481,12481,31,1997,1FTDF1721VNA,1,F,T,D,F,1,7,2,1,V,N,A,0,0,0,000000000,00000000000,0,0,0,1,0,0,0,0,0,0,0,998,0,0,0,98,6,2,42,0,0,1,1,99,99999,9,9,99,9,9,9,999,999,99,99,99,99,99,99,9999,99,9999,0,28,0,0,0,1,2,45,1,1,2,1,0,0,1,11,99,9,4,1,1,0,2440
240141_2010,24,240141,1,1,1,21,5,0,28,17,0,1,0,24,3,51,43,51043,6,2007,YV4SZ5920712,Y,V,4,S,Z,5,9,2,0,7,1,2,0,0,0,000000000,00000000000,0,0,0,1,0,0,0,0,0,0,0,998,0,0,0,1,6,2,2,0,0,1,1,24,21131,6,1,0,0,3,0,73,210,0,0,0,0,0,0,0,0,0,1,0,0,0,0,1,2,40,3,3,2,1,0,0,14,6,99,2,4,2,1,1,2441
240141_2011,24,240141,1,1,1,2,7,0,15,38,0,1,0,92,0,98,709,98709,88,2009,LXMTCKPF1901,L,X,M,T,C,K,P,F,1,9,0,1,0,0,0,000000000,00000000000,0,0,0,1,0,0,0,0,0,0,0,998,0,0,0,12,6,2,38,0,0,0,1,24,21791,0,0,0,0,0,0,69,160,0,0,0,0,0,0,0,0,0,0,79,0,0,0,1,2,55,1,1,8,98,97,8,1,5,99,9,4,2,1,1,2442
240142_2010,24,240142,1,1,1,24,5,5,24,42,0,1,0,24,3,84,881,84881,66,2000,1HSHCAHR3YH2,1,H,S,H,C,A,H,R,3,Y,H,2,0,0,57,84250,5784250,3,5,96,1,0,0,0,0,0,0,0,998,0,0,0,12,6,2,42,0,0,0,1,42,17320,6,1,6,0,3,0,69,999,0,0,0,0,0,0,0,0,0,0,0,0,0,0,3,2,65,1,1,2,2,0,0,1,9,99,9,4,2,1,0,2443
240142_2011,24,240142,1,2,1,6,6,13,26,12,6,1,0,24,1,24,2,24002,2,2001,1G8ZY12731Z3,1,G,8,Z,Y,1,2,7,3,1,Z,3,0,0,0,000000000,00000000000,0,0,0,1,0,0,0,0,0,0,0,998,0,0,0,3,6,2,12,0,0,0,1,24,21009,6,1,0,0,3,0,62,180,0,0,0,0,0,0,0,0,0,0,38,0,0,0,1,2,50,1,1,2,1,98,8,11,15,1,1,1,76,1,0,2444
240142_2011,24,240142,2,2,1,6,6,13,26,12,6,1,0,39,1,20,16,20016,1,1998,4G1JF32T0WB9,4,G,1,J,F,3,2,T,0,W,B,9,0,0,0,000000000,00000000000,0,0,0,1,0,0,0,0,0,0,0,998,0,0,0,12,6,2,12,0,0,0,1,39,43560,6,1,0,0,3,0,64,170,0,0,0,0,0,0,0,0,0,0,0,0,0,0,1,2,50,1,1,2,1,98,8,1,65,99,1,1,77,0,0,2445
240143_2010,24,240143,1,2,4,16,5,20,33,12,6,1,0,24,1,14,17,14017,4,1999,1MEFM53S8XG6,1,M,E,F,M,5,3,S,8,X,G,6,0,0,0,000000000,00000000000,0,0,0,1,0,0,0,0,0,0,0,998,0,0,0,9,6,2,12,0,0,0,1,24,20877,6,1,0,0,3,3,72,185,0,0,0,0,0,0,0,0,0,0,38,0,0,0,1,2,40,1,3,2,1,20,3,11,15,1,1,1,82,1,0,2446
240143_2010,24,240143,2,2,2,16,5,20,33,12,6,1,0,24,2,49,44,49044,1,2008,4T1FA38P88U1,4,T,1,F,A,3,8,P,8,8,U,1,0,0,0,000000000,00000000000,0,0,0,1,0,0,0,0,0,0,0,998,0,0,0,12,6,2,12,0,0,0,1,24,20886,6,1,0,0,3,0,64,180,0,0,0,2,0,10,2008,1,2010,0,0,0,0,0,1,2,40,1,3,2,1,0,0,1,67,99,1,1,83,0,0,2447
240143_2011,24,240143,1,1,1,13,7,1,25,24,0,1,0,24,2,30,46,30046,4,2008,WVWEK73C88E1,W,V,W,E,K,7,3,C,8,8,E,1,0,0,0,000000000,00000000000,0,0,0,1,0,0,0,0,0,0,0,998,0,0,0,12,6,2,35,0,0,0,1,24,21034,6,1,0,0,3,3,68,160,0,3,0,0,1,4,2009,10,2009,0,99,99,99,99,1,2,45,2,2,2,1,0,0,14,9,99,9,4,7,1,1,2448
240144_2010,24,240144,1,2,2,1,6,9,53,12,6,1,0,24,2,12,461,12461,21,1983,1FTDE14F6DHA,1,F,T,D,E,1,4,F,6,D,H,A,0,0,0,000000000,00000000000,0,0,0,1,0,0,0,0,0,0,0,998,0,0,0,3,6,2,12,0,0,0,1,11,20019,6,1,0,0,3,3,66,175,0,0,0,0,0,0,0,0,0,0,38,0,0,0,3,4,55,1,1,2,1,3,3,12,15,99,1,2,98,1,1,2449
240144_2010,24,240144,2,2,1,1,6,9,53,12,6,1,0,24,1,54,36,54036,4,2005,JH4KB16515C0,J,H,4,K,B,1,6,5,1,5,C,0,0,0,0,000000000,00000000000,0,0,0,1,0,0,0,0,0,0,0,998,0,0,0,12,6,2,12,0,0,0,1,24,20695,6,1,0,0,3,0,59,150,0,0,0,0,0,0,0,0,0,0,0,0,0,0,3,4,55,1,1,8,1,3,3,1,65,99,1,9,98,0,0,2450
240144_2011,24,240144,1,3,1,9,7,12,26,12,1,1,0,24,2,37,32,37032,4,2008,1HGCP26868A1,1,H,G,C,P,2,6,8,6,8,A,1,0,0,0,000000000,00000000000,0,0,0,1,0,0,0,0,0,0,0,998,0,0,0,6,6,2,12,0,0,0,1,24,21236,6,1,0,0,3,0,62,138,0,0,0,0,0,0,0,0,0,0,38,0,0,0,1,2,45,1,1,2,1,98,8,11,15,1,1,1,82,0,0,2451
240144_2011,24,240144,2,3,1,9,7,12,26,12,1,1,0,24,1,72,706,72706,80,2001,1HD1BWB191Y0,1,H,D,1,B,W,B,1,9,1,Y,0,0,0,0,000000000,00000000000,0,0,0,1,0,0,0,0,0,0,0,998,0,0,0,12,6,2,12,0,0,0,1,24,21085,6,1,0,0,3,0,74,210,0,0,0,0,0,0,0,0,0,0,0,0,0,0,1,2,45,1,1,2,1,98,8,1,62,99,9,9,83,1,0,2452