st_case_year,STATE,ST_CASE,VEH_NO,VE_FORMS,NUMOCCS,DAY,MONTH,HOUR,MINUTE,HARM_EV,MAN_COLL,UNITTYPE,HIT_RUN,REG_STAT,OWNER,MAKE,MODEL,MAK_MOD,BODY_TYP,MOD_YEAR,VIN,VIN_1,VIN_2,VIN_3,VIN_4,VIN_5,VIN_6,VIN_7,VIN_8,VIN_9,VIN_10,VIN_11,VIN_12,TOW_VEH,J_KNIFE,MCARR_I1,MCARR_I2,MCARR_ID,GVWR,V_CONFIG,CARGO_BT,HAZ_INV,HAZ_PLAC,HAZ_ID,HAZ_CNO,HAZ_REL,BUS_USE,SPEC_USE,EMER_USE,TRAV_SP,UNDERIDE,ROLLOVER,ROLINLOC,IMPACT1,DEFORMED,TOWED,M_HARM,VEH_SC1,VEH_SC2,FIRE_EXP,DR_PRES,L_STATE,DR_ZIP,L_STATUS,L_TYPE,CDL_STAT,L_ENDORS,L_COMPL,L_RESTRI,DR_HGT,DR_WGT,PREV_ACC,PREV_SUS,PREV_DWI,PREV_SPD,PREV_OTH,FIRST_MO,FIRST_YR,LAST_MO,LAST_YR,SPEEDREL,DR_SF1,DR_SF2,DR_SF3,DR_SF4,VTRAFWAY,VNUM_LAN,VSPD_LIM,VALIGN,VPROFILE,VPAVETYP,VSURCOND,VTRAFCON,VTCONT_F,P_CRASH1,P_CRASH2,P_CRASH3,PCRASH4,PCRASH5,ACC_TYPE,DEATHS,DR_DRINK,idno
240239_2010,24,240239,2,2,1,23,8,5,3,12,2,1,0,24,1,7,482,7482,31,1998,3B7HC13Y0WG1,3,B,7,H,C,1,3,Y,0,W,G,1,0,0,0,000000000,00000000000,0,0,0,1,0,0,0,0,0,0,0,998,0,0,0,12,6,2,12,0,0,0,1,24,21917,6,1,0,0,3,0,66,207,0,0,0,2,0,4,2009,3,2010,0,0,0,0,0,1,2,50,4,1,2,1,0,0,14,62,99,1,1,51,0,0,2738
240239_2011,24,240239,1,1,1,29,7,20,50,31,0,1,0,24,2,7,482,7482,31,1997,1B7HC16Y9VS2,1,B,7,H,C,1,6,Y,9,V,S,2,0,0,0,000000000,00000000000,0,0,0,1,0,0,0,0,0,0,0,998,0,1,6,12,6,2,1,0,0,0,1,24,21919,6,1,0,0,3,0,71,200,0,0,0,0,0,0,0,0,0,0,28,0,0,0,1,2,25,1,1,2,1,0,0,1,14,99,1,4,1,1,1,2739
240240_2011,24,240240,1,2,1,2,7,23,53,8,0,1,0,24,1,54,37,54037,2,2001,19UYA424X1A0,1,9,U,Y,A,4,2,4,X,1,A,0,0,0,0,000000000,00000000000,0,0,0,1,0,0,0,0,0,0,0,998,0,0,0,14,2,1,8,0,0,0,1,24,20774,6,1,0,0,3,0,68,150,0,0,0,0,1,4,2011,4,2011,0,99,99,99,99,2,2,40,1,1,2,1,0,0,1,80,1,1,1,13,0,0,2740
240240_2011,24,240240,2,2,1,2,7,23,53,8,0,1,0,24,2,37,31,37031,4,1998,1HGCG5641WA1,1,H,G,C,G,5,6,4,1,W,A,1,0,0,0,000000000,00000000000,0,0,0,1,0,0,0,0,0,0,0,998,0,0,0,14,2,1,8,0,0,0,1,24,20772,6,1,0,0,3,0,63,180,0,0,0,0,0,0,0,0,0,0,0,0,0,0,2,2,40,1,1,2,1,0,0,1,80,1,1,1,98,0,0,2741
240241_2010,24,240241,1,1,1,13,6,21,58,8,0,1,0,24,1,20,402,20402,14,2001,2CNBJ7340169,2,C,N,B,J,7,3,4,0,1,6,9,0,0,0,000000000,00000000000,0,0,0,1,0,0,0,0,0,0,0,998,0,0,0,12,2,3,8,0,0,0,1,24,20832,6,1,0,0,3,0,66,160,0,0,0,0,0,0,0,0,0,0,99,99,99,99,3,3,40,1,2,2,1,0,0,1,80,99,1,1,13,0,0,2742
240241_2011,24,240241,1,2,4,31,7,1,40,12,6,1,0,24,3,2,404,2404,14,2002,1J8GW68JX2C2,1,J,8,G,W,6,8,J,X,2,C,2,0,0,0,000000000,00000000000,0,0,0,1,0,0,0,0,0,0,0,998,0,0,0,12,6,2,12,0,0,0,1,24,21108,6,2,0,0,3,2,62,150,0,0,0,0,2,6,2011,7,2011,0,74,38,0,0,2,2,50,1,1,2,1,3,3,11,15,1,1,1,82,0,0,2743
240241_2011,24,240241,2,2,1,31,7,1,40,12,6,1,0,24,1,12,16,12016,4,2004,2FAFP71W54X1,2,F,A,F,P,7,1,W,5,4,X,1,0,0,0,000000000,00000000000,0,0,0,1,0,0,0,0,0,0,0,998,0,0,0,9,6,2,12,0,0,0,1,24,21061,6,1,0,0,3,0,66,160,0,0,0,0,0,0,0,0,0,0,0,0,0,0,2,2,50,1,1,2,1,3,3,1,62,99,9,9,83,1,0,2744
240242_2010,24,240242,1,1,1,22,6,13,42,30,0,1,0,24,1,2,404,2404,14,1999,1J4FF68S2XL5,1,J,4,F,F,6,8,S,2,X,L,5,0,0,0,000000000,00000000000,0,0,0,1,0,0,0,0,0,0,0,998,0,0,0,12,6,2,30,0,0,0,1,24,21901,6,1,0,0,3,0,69,180,0,0,0,0,0,0,0,0,0,0,0,0,0,0,1,2,25,1,1,2,1,0,0,1,1,99,9,4,2,1,0,2745
240242_2011,24,240242,1,2,1,28,7,7,15,12,8,1,0,24,2,53,402,53402,14,2002,JS3TX92V3241,J,S,3,T,X,9,2,V,3,2,4,1,0,0,0,000000000,00000000000,0,0,0,1,0,0,0,0,0,0,0,998,0,0,0,11,6,2,12,0,0,0,1,24,21207,0,0,0,0,0,0,67,130,0,0,0,0,0,0,0,0,0,0,28,0,0,0,1,2,45,1,2,2,1,0,0,1,10,99,1,2,64,1,1,2746
240242_2011,24,240242,2,2,1,28,7,7,15,12,8,1,0,24,1,23,882,23882,61,2005,J8DC4B161570,J,8,D,C,4,B,1,6,1,5,7,0,1,1,57,1627815,571627815,2,4,4,1,0,0,0,0,0,0,0,998,0,0,0,11,6,2,12,0,0,0,1,24,20905,6,1,0,0,3,0,69,205,0,0,0,0,0,0,0,0,0,0,0,0,0,0,1,2,45,1,2,2,1,0,0,1,62,99,1,1,65,0,0,2747
240243_2010,24,240243,1,2,1,10,7,20,9,12,1,1,0,24,1,37,31,37031,2,2008,2HGFG12688H5,2,H,G,F,G,1,2,6,8,8,H,5,0,0,0,000000000,00000000000,0,0,0,1,0,0,0,0,0,0,0,998,0,0,0,12,6,2,12,0,0,0,1,24,21117,6,1,0,0,3,0,62,125,0,1,0,0,0,7,2010,7,2010,1,26,36,0,0,3,2,55,1,1,2,1,0,0,1,52,1,1,1,28,0,1,2748
240243_2010,24,240243,2,2,2,10,7,20,9,12,1,1,0,24,1,37,706,37706,80,2005,1HFSC47055A1,1,H,F,S,C,4,7,0,5,5,A,1,0,0,0,000000000,00000000000,0,0,0,1,0,0,0,0,0,0,0,998,0,0,0,6,6,2,12,0,0,0,1,24,21042,6,1,0,0,3,0,65,185,0,0,0,0,0,0,0,0,0,0,0,0,0,0,3,2,55,1,1,2,1,0,0,2,18,1,1,1,29,1,0,2749
240243_2011,24,240243,1,3,2,6,8,16,21,12,2,1,0,24,1,6,43,6043,4,2001,1C3EL46X01N7,1,C,3,E,L,4,6,X,0,1,N,7,0,0,0,000000000,00000000000,0,0,0,1,0,0,0,0,0,0,0,998,0,0,0,12,6,2,12,0,0,0,1,24,21234,6,1,0,0,3,0,69,160,0,0,0,0,0,0,0,0,0,1,13,0,0,0,1,2,30,1,1,2,1,0,0,1,10,1,1,2,50,2,0,2750
240243_2011,24,240243,2,3,1,6,8,16,21,12,2,1,0,24,1,20,37,20037,4,2005,1G1ZT52895F3,1,G,1,Z,T,5,2,8,9,5,F,3,0,0,0,000000000,00000000000,0,0,0,1,0,0,0,0,0,0,0,998,0,0,0,12,6,2,12,0,0,0,1,24,21234,6,1,0,0,3,0,63,135,0,0,0,0,0,0,0,0,0,0,0,0,0,0,1,2,30,1,1,2,1,0,0,1,62,99,1,1,51,0,0,2751
240243_2011,24,240243,3,3,3,6,8,16,21,12,2,1,0,24,1,6,54,6054,6,2005,2C4GM68465R4,2,C,4,G,M,6,8,4,6,5,R,4,0,0,0,000000000,00000000000,0,0,0,1,0,0,0,0,0,0,0,998,0,0,0,11,2,1,12,0,0,0,1,24,21201,6,1,0,0,3,0,72,190,0,0,0,0,0,0,0,0,0,0,0,0,0,0,1,2,30,1,1,2,1,0,0,2,18,1,1,1,98,0,0,2752
240244_2010,24,240244,1,1,1,8,7,1,6,31,0,1,0,24,2,22,2,22002,4,1993,1G2HX53L3P12,1,G,2,H,X,5,3,L,3,P,1,2,0,0,0,000000000,00000000000,0,0,0,1,0,0,0,0,0,0,0,998,0,0,0,9,6,2,31,0,0,0,1,24,20743,0,0,0,0,0,0,69,165,0,0,0,0,0,0,0,0,0,0,28,0,0,0,3,3,30,1,1,2,1,0,0,1,9,99,9,4,2,1,1,2753
240244_2011,24,240244,1,1,2,23,8,11,7,1,0,1,0,24,1,37,31,37031,2,1998,1HGEJ6121WL0,1,H,G,E,J,6,1,2,1,W,L,0,0,0,0,000000000,00000000000,0,0,0,1,0,0,0,0,0,0,0,998,0,2,5,0,6,2,1,0,0,0,1,24,21757,6,1,0,0,3,3,63,123,0,0,0,0,0,0,0,0,0,0,28,0,0,0,1,2,30,1,2,2,1,0,0,1,13,1,1,4,1,1,0,2754
240245_2010,24,240245,1,2,1,7,7,11,50,12,6,1,0,24,2,37,31,37031,4,2001,1HGES26791L0,1,H,G,E,S,2,6,7,9,1,L,0,0,0,0,000000000,00000000000,0,0,0,1,0,0,0,0,0,0,0,998,0,0,0,12,6,2,12,0,0,0,1,24,20904,6,1,0,0,3,0,70,125,0,0,0,1,0,3,2009,3,2009,0,38,0,0,0,0,0,0,0,0,0,0,0,0,11,15,1,1,1,74,0,0,2755
240245_2010,24,240245,2,2,1,7,7,11,50,12,6,1,0,24,1,14,17,14017,4,1994,1MELM50U2RA6,1,M,E,L,M,5,0,U,2,R,A,6,0,0,0,000000000,00000000000,0,0,0,1,0,0,0,0,0,0,0,998,0,0,0,5,6,2,12,0,0,0,1,24,20904,6,1,0,0,3,0,68,155,0,0,0,0,0,0,0,0,0,0,0,0,0,0,1,2,30,4,2,2,1,0,0,14,72,1,1,1,74,1,1,2756
240245_2011,24,240245,1,1,1,12,8,4,15,42,0,1,0,24,1,12,3,12003,2,2003,1FAFP42X93F3,1,F,A,F,P,4,2,X,9,3,F,3,0,0,0,000000000,00000000000,0,0,0,1,0,0,0,0,0,0,0,998,0,0,0,12,6,2,42,0,0,0,1,24,21921,6,1,0,0,3,0,71,200,0,0,1,4,1,6,2009,7,2011,1,99,99,99,99,1,2,35,4,1,2,1,0,0,14,6,99,9,4,7,1,1,2757
240246_2010,24,240246,1,2,1,12,7,17,34,12,2,1,0,24,3,12,461,12461,21,2004,1FTNE24L64HA,1,F,T,N,E,2,4,L,6,4,H,A,0,0,0,000000000,00000000000,0,0,0,1,0,0,0,0,0,0,0,998,0,0,0,12,6,2,12,0,0,0,1,24,20613,6,1,0,0,3,0,68,150,0,0,0,0,0,0,0,0,0,0,28,36,0,0,1,2,50,3,1,2,2,0,0,14,5,6,3,2,50,0,0,2758
240246_2010,24,240246,2,2,1,12,7,17,34,12,2,1,0,24,2,23,471,23471,30,1997,1GKDT13W5V25,1,G,K,D,T,1,3,W,5,V,2,5,0,0,0,000000000,00000000000,0,0,0,1,0,0,0,0,0,0,0,998,0,1,1,12,6,2,1,0,0,0,1,24,20659,6,1,0,0,3,0,67,150,0,0,0,0,0,0,0,0,0,0,0,0,0,0,1,2,50,3,1,2,2,0,0,14,62,99,1,1,51,1,1,2759
240246_2011,24,240246,1,1,1,8,8,14,23,14,0,1,0,54,3,12,881,12881,61,2004,1FDAF57P54EA,1,F,D,A,F,5,7,P,5,4,E,A,5,1,57,421322,57421322,2,2,6,1,0,0,0,0,0,0,0,998,0,0,0,12,6,2,8,0,0,0,1,54,25430,6,1,6,0,3,0,67,150,0,0,0,0,0,0,0,0,0,0,28,0,0,0,2,3,65,1,2,2,1,0,0,1,11,99,1,4,11,0,0,2760
240247_2010,24,240247,1,2,3,1,7,1,36,12,2,1,0,24,2,37,32,37032,4,2006,1HGCM56186A1,1,H,G,C,M,5,6,1,8,6,A,1,0,0,0,000000000,00000000000,0,0,0,1,0,0,0,0,0,0,0,998,0,0,0,12,6,2,12,0,0,1,1,24,20904,6,1,0,0,3,0,65,132,0,0,0,0,0,0,0,0,0,1,28,0,0,0,1,2,30,4,2,2,1,0,0,14,6,99,9,9,50,1,1,2761
240247_2010,24,240247,2,2,1,1,7,1,36,12,2,1,0,24,1,35,401,35401,14,1995,JN8HD17Y0SW0,J,N,8,H,D,1,7,Y,0,S,W,0,0,0,0,000000000,00000000000,0,0,0,1,0,0,0,0,0,0,0,998,0,0,0,12,6,2,12,0,0,0,1,24,20866,6,1,0,0,3,0,69,224,0,3,0,1,1,1,2008,3,2010,0,0,0,0,0,1,2,30,4,2,2,1,0,0,14,62,99,9,9,51,0,0,2762
240247_2011,24,240247,1,2,2,9,8,11,16,12,6,1,0,24,1,21,3,21003,4,1990,1G3CX54C9L43,1,G,3,C,X,5,4,C,9,L,4,3,0,0,0,000000000,00000000000,0,0,0,1,0,0,0,0,0,0,0,998,0,0,0,7,4,3,12,0,0,0,1,24,21015,6,1,0,0,3,0,68,210,0,0,0,0,0,0,0,0,0,0,38,0,0,0,1,2,45,1,2,2,2,0,0,11,72,99,9,9,82,0,0,2763
240247_2011,24,240247,2,2,1,9,8,11,16,12,6,1,0,24,1,73,706,73706,80,2009,JKAEXEC179DA,J,K,A,E,X,E,C,1,7,9,D,A,0,0,0,000000000,00000000000,0,0,0,1,0,0,0,0,0,0,0,998,0,0,0,12,6,2,12,0,0,0,1,24,21051,6,1,0,0,3,0,70,230,0,0,0,0,0,0,0,0,0,0,0,0,0,0,0,0,0,0,0,0,0,0,0,1,98,1,1,9,83,1,0,2764
240248_2010,24,240248,1,2,1,11,7,13,9,12,1,1,0,24,1,72,706,72706,80,2009,1HD1FF4129Y6,1,H,D,1,F,F,4,1,2,9,Y,6,0,0,0,000000000,00000000000,0,0,0,1,0,0,0,0,0,0,0,998,0,0,0,12,6,2,12,0,0,0,1,24,21084,6,1,0,0,3,0,67,200,0,0,0,0,0,0,0,0,0,0,26,0,0,0,1,2,45,1,1,2,1,0,0,1,50,99,1,1,20,1,0,2765
240248_2010,24,240248,2,2,1,11,7,13,9,12,1,1,0,24,1,20,471,20471,30,1996,1GCCS1945TK1,1,G,C,C,S,1,9,4,5,T,K,1,0,0,0,000000000,00000000000,0,0,0,1,0,0,0,0,0,0,0,0,0,0,0,6,4,3,12,0,0,0,1,24,21084,6,1,0,0,3,3,72,175,0,0,0,0,0,0,0,0,0,0,0,0,0,0,1,2,45,1,1,2,1,0,0,5,18,1,1,1,21,0,0,2766
240248_2011,24,240248,1,2,1,4,8,23,53,12,1,1,0,24,1,37,32,37032,4,1998,1HGCG5647WA0,1,H,G,C,G,5,6,4,7,W,A,0,0,0,0,000000000,00000000000,0,0,0,1,0,0,0,0,0,0,0,998,0,0,0,12,6,2,12,0,0,0,1,24,20705,6,1,0,0,3,0,72,185,0,0,0,0,0,0,0,0,0,1,26,0,0,0,3,4,55,1,1,2,1,0,0,1,51,99,1,1,24,0,0,2767
240248_2011,24,240248,2,2,2,4,8,23,53,12,1,1,0,0,0,98,709,98709,81,2009,LXMTCBPU8901,L,X,M,T,C,B,P,U,8,9,0,1,0,0,0,000000000,00000000000,0,0,0,1,0,0,0,0,0,0,0,998,0,0,0,6,6,2,12,0,0,0,1,24,21217,0,0,0,0,0,0,63,145,0,0,0,0,0,0,0,0,0,0,18,0,0,0,3,4,55,1,1,2,1,0,0,1,53,99,1,1,25,1,0,2768
240249_2010,24,240249,1,1,1,15,7,17,5,14,0,1,0,92,0,76,705,76705,80,1991,JYA3HHE02MA0,J,Y,A,3,H,H,E,0,2,M,A,0,0,0,0,000000000,00000000000,0,0,0,1,0,0,0,0,0,0,0,998,0,0,0,12,6,2,14,0,0,0,1,11,20019,1,1,0,0,2,2,70,205,0,1,0,0,0,3,2010,3,2010,0,28,74,0,0,1,2,25,4,1,2,1,0,0,14,8,99,1,2,11,1,0,2769
240249_2011,24,240249,1,1,1,13,8,13,24,8,0,1,0,24,2,35,43,35043,4,2007,3N1BB61E67L7,3,N,1,B,B,6,1,E,6,7,L,7,0,0,0,000000000,00000000000,0,0,0,1,0,0,0,0,0,0,0,998,0,0,0,12,6,2,8,0,0,0,1,24,21220,6,1,0,0,3,0,63,130,0,0,0,0,0,0,0,0,0,0,0,0,0,0,2,2,50,1,1,2,1,2,3,1,81,1,1,1,13,0,0,2770
240250_2010,24,240250,1,1,1,19,7,1,5,42,0,1,0,24,2,12,21,12021,4,2006,1FAFP23176G1,1,F,A,F,P,2,3,1,7,6,G,1,0,0,0,000000000,00000000000,0,0,0,1,0,0,0,0,0,0,0,998,0,0,0,8,6,2,42,0,0,0,1,24,20747,6,1,0,0,3,0,72,185,0,0,0,1,2,11,2008,10,2009,1,0,0,0,0,1,2,30,1,1,2,1,0,0,1,6,99,9,4,2,1,1,2771
240250_2011,24,240250,1,2,1,18,8,17,53,12,2,1,0,24,1,12,461,12461,21,2006,1FBNE31L76DA,1,F,B,N,E,3,1,L,7,6,D,A,0,0,0,000000000,00000000000,0,0,0,1,0,0,0,0,0,0,0,998,0,1,1,12,6,2,12,0,0,1,1,24,21403,6,1,0,0,3,0,71,240,0,0,0,0,0,0,0,0,0,0,99,99,99,99,1,2,50,1,1,2,1,0,0,1,10,99,9,2,50,1,1,2772
240250_2011,24,240250,2,2,1,18,8,17,53,12,2,1,0,24,1,30,46,30046,4,2003,WVWRH63B03P0,W,V,W,R,H,6,3,B,0,3,P,0,0,0,0,000000000,00000000000,0,0,0,1,0,0,0,0,0,0,0,998,0,0,0,12,6,2,12,0,0,0,1,24,20732,6,1,0,0,3,0,66,120,0,0,0,0,0,0,0,0,0,0,0,0,0,0,1,2,50,1,1,2,1,0,0,1,62,99,9,9,51,1,0,2773
240251_2010,24,240251,1,2,3,24,7,11,32,12,6,1,0,24,1,7,43,7043,4,1999,1B3EJ46X5XN5,1,B,3,E,J,4,6,X,5,X,N,5,0,0,0,000000000,00000000000,0,0,0,1,0,0,0,0,0,0,0,998,0,0,0,12,6,2,12,0,0,0,1,24,21811,6,2,0,0,3,1,60,140,0,0,0,0,0,0,0,0,0,0,38,36,0,0,1,2,55,1,1,2,1,20,3,1,17,1,1,1,86,0,0,2774
240251_2010,24,240251,2,2,6,24,7,11,32,12,6,1,0,24,1,6,441,6441,20,2005,2C4GP44R25R3,2,C,4,G,P,4,4,R,2,5,R,3,0,0,0,000000000,00000000000,0,0,0,1,0,0,0,0,0,0,0,998,0,0,0,3,6,2,12,0,0,0,1,24,21851,6,1,0,0,3,0,70,130,0,0,0,0,0,0,0,0,0,0,0,0,0,0,1,2,55,1,1,2,1,0,0,1,66,6,1,1,87,1,0,2775
240251_2011,24,240251,1,1,1,24,8,8,4,8,0,1,1,99,9,99,999,99999,99,9999,999999999999,9,9,9,9,9,9,9,9,9,9,9,9,0,0,0,000000000,00000000000,0,0,0,1,0,0,0,0,0,0,0,998,0,0,0,12,9,1,8,0,0,0,1,99,99999,9,9,99,9,9,9,999,999,99,99,99,99,99,99,9999,99,9999,9,99,99,99,99,2,2,55,4,2,2,1,0,0,99,99,99,9,4,13,0,0,2776
240252_2010,24,240252,1,1,4,22,7,23,33,30,0,1,0,24,2,35,39,35039,4,1997,JN1CA21D7VT2,J,N,1,C,A,2,1,D,7,V,T,2,0,0,0,000000000,00000000000,0,0,0,1,0,0,0,0,0,0,0,998,0,2,6,5,6,2,1,0,0,0,1,24,20772,6,1,0,0,3,1,69,169,0,0,0,0,0,0,0,0,0,1,28,0,0,0,1,2,50,1,3,2,1,0,0,1,6,99,4,4,7,1,0,2777
240252_2011,24,240252,1,1,1,13,8,0,13,8,0,1,0,24,1,20,2,20002,4,2006,2G1WU581X693,2,G,1,W,U,5,8,1,X,6,9,3,0,0,0,000000000,00000000000,0,0,0,1,0,0,0,0,0,0,0,998,0,0,0,12,4,3,8,0,0,0,1,24,20748,6,1,0,0,3,0,70,165,0,0,0,0,0,0,0,0,0,0,0,0,0,0,3,3,55,1,1,2,1,0,0,1,80,99,1,1,13,0,0,2778
240253_2010,24,240253,1,1,1,17,7,0,49,8,0,1,1,24,1,37,471,37471,30,2008,2HJYK16598H5,2,H,J,Y,K,1,6,5,9,8,H,5,0,0,0,000000000,00000000000,0,0,0,1,0,0,0,0,0,0,0,998,0,0,0,12,4,3,8,0,0,0,1,24,20902,6,1,0,0,3,0,65,160,0,0,0,0,0,0,0,0,0,0,87,0,0,0,3,2,35,1,1,2,2,0,0,1,80,99,1,1,13,0,0,2779
240253_2011,24,240253,1,1,1,22,8,20,11,24,0,1,0,24,1,37,706,37706,80,1991,JH2RC3602MM1,J,H,2,R,C,3,6,0,2,M,M,1,0,0,0,000000000,00000000000,0,0,0,1,0,0,0,0,0,0,0,998,0,0,0,12,6,2,24,0,0,0,1,24,21044,6,1,0,0,3,0,74,210,0,0,0,0,0,0,0,0,0,0,99,99,99,99,1,2,55,3,1,2,1,0,0,14,9,99,9,4,7,1,0,2780
240254_2010,24,240254,1,2,1,28,7,15,10,12,2,1,0,42,2,7,43,7043,4,2006,1B3EL46X86N1,1,B,3,E,L,4,6,X,8,6,N,1,0,0,0,000000000,00000000000,0,0,0,1,0,0,0,0,0,0,0,998,0,0,0,12,6,2,12,0,0,0,1,42,15545,6,1,0,0,3,0,74,999,0,0,0,0,0,0,0,0,0,1,28,0,0,0,1,2,50,1,2,2,1,0,0,1,62,99,9,2,50,1,1,2781
240254_2010,24,240254,2,2,3,28,7,15,10,12,2,1,0,24,2,20,443,20443,20,2000,1GNDX13EXYD3,1,G,N,D,X,1,3,E,X,Y,D,3,0,0,0,000000000,00000000000,0,0,0,1,0,0,0,0,0,0,0,998,0,0,0,12,6,2,12,0,0,0,1,24,21532,6,1,0,0,3,0,64,235,0,0,0,0,0,0,0,0,0,0,0,0,0,0,1,2,50,1,2,2,1,0,0,1,62,99,1,1,51,0,0,2782
240254_2011,24,240254,1,2,1,8,8,16,32,14,0,1,0,24,1,2,404,2404,14,1997,1J4FJ68S8VL5,1,J,4,F,J,6,8,S,8,V,L,5,0,0,0,000000000,00000000000,0,0,0,1,0,0,0,0,0,0,0,998,0,1,1,12,6,2,12,0,0,0,1,24,21061,6,1,0,0,3,0,70,155,0,0,0,0,0,0,0,0,0,0,0,0,0,0,3,3,55,1,1,2,1,0,0,1,11,99,9,4,1,1,0,2783
240254_2011,24,240254,3,2,1,8,8,16,32,14,0,1,0,24,1,35,43,35043,4,2004,3N1CB51D74L8,3,N,1,C,B,5,1,D,7,4,L,8,0,0,0,000000000,00000000000,0,0,0,1,0,0,0,0,0,0,0,998,0,0,0,12,6,2,12,0,0,0,1,24,21227,6,1,0,0,3,0,63,110,0,0,0,0,0,0,0,0,0,0,0,0,0,0,3,3,55,1,1,2,1,0,0,1,61,99,1,1,98,0,0,2784
240255_2010,24,240255,1,2,5,14,7,2,41,12,1,1,0,24,1,14,17,14017,4,1995,1MELM50U0SA6,1,M,E,L,M,5,0,U,0,S,A,6,0,0,0,000000000,00000000000,0,0,0,1,0,0,0,0,0,0,0,998,0,0,0,12,6,2,12,0,0,0,1,24,21108,6,1,0,0,3,0,74,275,0,0,0,0,0,0,0,0,0,1,87,0,0,0,3,8,55,1,1,2,2,0,0,1,50,1,1,1,20,1,1,2785
240255_2010,24,240255,2,2,3,14,7,2,41,12,1,1,0,24,2,20,461,20461,21,2007,1GAHG39UX712,1,G,A,H,G,3,9,U,X,7,1,2,0,0,0,000000000,00000000000,0,0,0,1,0,0,0,0,0,0,0,0,0,0,0,6,6,2,12,0,0,0,1,36,12550,6,1,0,0,3,0,66,999,0,0,0,0,1,7,2008,7,2008,0,0,0,0,0,3,8,55,1,1,2,2,0,0,5,19,1,1,1,21,0,0,2786
240255_2011,24,240255,1,2,1,28,8,23,52,12,1,1,0,24,3,76,706,76706,80,2009,JYARN17Y29A0,J,Y,A,R,N,1,7,Y,2,9,A,0,0,0,0,000000000,00000000000,0,0,0,1,0,0,0,0,0,0,0,998,0,0,0,12,6,2,12,0,0,0,1,24,21794,6,1,0,0,3,0,73,195,0,0,0,0,0,0,0,0,0,1,27,0,0,0,3,3,65,1,1,2,1,0,0,15,61,1,1,2,32,1,1,2787
240255_2011,24,240255,2,2,1,28,8,23,52,12,1,1,0,24,1,20,2,20002,4,2004,2G1WH52K6492,2,G,1,W,H,5,2,K,6,4,9,2,0,0,0,000000000,00000000000,0,0,0,1,0,0,0,0,0,0,0,998,0,0,0,6,2,1,12,0,0,0,1,24,21215,6,1,0,0,3,0,72,240,0,0,0,0,0,0,0,0,0,0,0,0,0,0,3,3,65,1,1,2,1,0,0,15,53,1,1,1,32,0,0,2788
240256_2010,24,240256,1,2,1,25,7,2,58,12,1,1,0,24,3,20,2,20002,4,2006,2G1WS5811693,2,G,1,W,S,5,8,1,1,6,9,3,0,0,0,000000000,00000000000,0,0,0,1,0,0,0,0,0,0,0,998,0,0,0,12,6,2,12,0,0,0,1,42,17327,6,1,0,0,3,0,70,999,0,0,0,0,0,0,0,0,0,1,26,0,0,0,6,1,98,4,2,2,1,0,0,14,51,1,1,1,24,0,0,2789
240256_2010,24,240256,2,2,1,25,7,2,58,12,1,1,0,24,2,53,705,53705,80,2002,JS1GN79A8221,J,S,1,G,N,7,9,A,8,2,2,1,0,0,0,000000000,00000000000,0,0,0,1,0,0,0,0,0,0,0,998,0,0,0,6,6,2,12,0,0,0,1,24,21030,6,1,0,0,2,2,75,300,0,0,0,0,0,0,0,0,0,0,74,0,0,0,6,1,98,4,2,2,1,0,0,2,18,1,1,1,25,1,0,2790
240256_2011,24,240256,1,1,2,2,6,22,38,8,0,1,0,24,3,30,51,30051,1,2007,WVWAA71F57V0,W,V,W,A,A,7,1,F,5,7,V,0,0,0,0,000000000,00000000000,0,0,0,1,0,0,0,0,0,0,0,998,0,0,0,12,6,2,8,0,0,0,1,24,20906,6,1,0,0,3,1,70,195,0,0,0,0,0,0,0,0,0,0,99,99,99,99,2,3,45,1,2,2,1,0,0,1,80,7,1,1,13,0,0,2791
240257_2010,24,240257,1,2,1,28,8,6,45,12,2,1,0,24,1,9,38,9038,4,1997,1P3EJ46C5VN6,1,P,3,E,J,4,6,C,5,V,N,6,0,0,0,000000000,00000000000,0,0,0,1,0,0,0,0,0,0,0,998,0,0,0,12,6,2,12,0,0,0,1,24,21791,6,1,6,0,3,0,60,200,0,0,0,0,0,0,0,0,0,0,28,0,0,0,3,2,65,1,1,2,1,0,0,1,9,99,1,2,50,1,0,2792
240257_2010,24,240257,2,2,1,28,8,6,45,12,2,1,0,24,2,49,50,49050,3,2008,JTKDE1671802,J,T,K,D,E,1,6,7,1,8,0,2,0,0,0,000000000,00000000000,0,0,0,1,0,0,0,0,0,0,0,998,0,0,0,12,6,2,12,0,0,0,1,24,21703,6,1,0,0,3,0,67,163,0,0,0,0,0,0,0,0,0,0,0,0,0,0,3,2,65,1,1,2,1,0,0,1,62,99,1,1,51,0,1,2793
240257_2011,24,240257,1,2,1,18,7,8,48,12,7,1,0,24,1,35,43,35043,4,2007,3N1AB61E57L6,3,N,1,A,B,6,1,E,5,7,L,6,0,0,0,000000000,00000000000,0,0,0,1,0,0,0,0,0,0,0,998,0,1,5,5,6,2,1,0,0,0,1,24,20602,6,1,0,0,3,0,64,250,0,0,0,1,0,1,2010,1,2010,0,27,0,0,0,3,2,55,1,2,2,1,0,0,15,10,1,1,1,46,1,0,2794