st_case_year,STATE,ST_CASE,VEH_NO,VE_FORMS,NUMOCCS,DAY,MONTH,HOUR,MINUTE,HARM_EV,MAN_COLL,UNITTYPE,HIT_RUN,REG_STAT,OWNER,MAKE,MODEL,MAK_MOD,BODY_TYP,MOD_YEAR,VIN,VIN_1,VIN_2,VIN_3,VIN_4,VIN_5,VIN_6,VIN_7,VIN_8,VIN_9,VIN_10,VIN_11,VIN_12,TOW_VEH,J_KNIFE,MCARR_I1,MCARR_I2,MCARR_ID,GVWR,V_CONFIG,CARGO_BT,HAZ_INV,HAZ_PLAC,HAZ_ID,HAZ_CNO,HAZ_REL,BUS_USE,SPEC_USE,EMER_USE,TRAV_SP,UNDERIDE,ROLLOVER,ROLINLOC,IMPACT1,DEFORMED,TOWED,M_HARM,VEH_SC1,VEH_SC2,FIRE_EXP,DR_PRES,L_STATE,DR_ZIP,L_STATUS,L_TYPE,CDL_STAT,L_ENDORS,L_COMPL,L_RESTRI,DR_HGT,DR_WGT,PREV_ACC,PREV_SUS,PREV_DWI,PREV_SPD,PREV_OTH,FIRST_MO,FIRST_YR,LAST_MO,LAST_YR,SPEEDREL,DR_SF1,DR_SF2,DR_SF3,DR_SF4,VTRAFWAY,VNUM_LAN,VSPD_LIM,VALIGN,VPROFILE,VPAVETYP,VSURCOND,VTRAFCON,VTCONT_F,P_CRASH1,P_CRASH2,P_CRASH3,PCRASH4,PCRASH5,ACC_TYPE,DEATHS,DR_DRINK,idno
240257_2011,24,240257,2,2,5,18,7,8,48,12,7,1,0,24,3,12,461,12461,21,2002,1FTNS24L52HA,1,F,T,N,S,2,4,L,5,2,H,A,0,0,0,000000000,00000000000,0,0,0,1,0,0,0,0,0,0,0,998,0,0,0,11,2,1,12,0,0,0,1,24,20714,6,1,0,0,3,0,62,148,0,0,0,1,1,5,2011,6,2011,0,0,0,0,0,3,2,55,1,2,2,1,0,0,1,60,99,1,1,45,0,0,2795
240258_2010,24,240258,1,2,1,9,9,9,58,12,6,1,0,24,1,12,37,12037,4,2003,1FAFP34P63W1,1,F,A,F,P,3,4,P,6,3,W,1,0,0,0,000000000,00000000000,0,0,0,1,0,0,0,0,0,0,0,998,0,0,0,4,6,2,12,0,0,0,1,24,21625,6,1,0,0,3,0,62,190,0,0,0,0,0,0,0,0,0,0,38,0,0,0,3,2,55,1,1,2,1,0,0,11,15,1,1,1,68,1,0,2796
240258_2010,24,240258,2,2,1,9,9,9,58,12,6,1,0,24,3,12,461,12461,21,2003,1FDXE45F23HB,1,F,D,X,E,4,5,F,2,3,H,B,0,0,0,000000000,00000000000,0,0,0,1,0,0,0,0,0,6,8,998,0,0,0,12,6,2,12,0,0,0,1,24,21601,6,1,0,0,3,0,66,145,0,0,0,0,0,0,0,0,0,0,0,0,0,0,3,2,55,1,1,2,1,0,0,1,62,99,1,1,69,0,0,2797
240258_2011,24,240258,1,2,1,23,8,19,52,12,6,1,0,42,3,20,2,20002,4,2011,2G1WG5EK4B11,2,G,1,W,G,5,E,K,4,B,1,1,0,0,0,000000000,00000000000,0,0,0,1,0,0,0,0,0,0,0,998,0,0,0,12,6,2,12,0,0,0,1,24,20675,6,1,0,0,3,0,62,120,0,0,0,1,0,3,2011,3,2011,0,38,0,0,0,2,2,55,1,1,2,1,0,0,12,98,1,1,1,98,0,1,2798
240258_2011,24,240258,2,2,1,23,8,19,52,12,6,1,0,24,1,37,706,37706,80,2009,JH2RC53029K2,J,H,2,R,C,5,3,0,2,9,K,2,0,0,0,000000000,00000000000,0,0,0,1,0,0,0,0,0,0,0,998,0,0,0,9,6,2,12,0,0,0,1,24,20646,6,1,0,0,3,0,70,225,0,0,0,0,0,0,0,0,0,0,0,0,0,0,2,2,55,1,1,2,1,0,0,1,65,99,1,1,98,1,1,2799
240259_2010,24,240259,1,2,1,10,9,2,55,12,2,1,0,24,1,49,32,49032,4,2005,2T1BR30E45C5,2,T,1,B,R,3,0,E,4,5,C,5,0,0,0,000000000,00000000000,0,0,0,1,0,0,0,0,0,0,0,998,0,0,0,12,6,2,12,0,0,0,1,24,21136,6,1,0,0,3,0,72,215,0,0,0,0,0,0,0,0,0,0,51,0,0,0,3,2,60,1,1,2,1,0,0,1,19,99,1,1,52,1,1,2800
240259_2010,24,240259,2,2,1,10,9,2,55,12,2,1,0,24,1,51,39,51039,6,1989,YV1FX8854K22,Y,V,1,F,X,8,8,5,4,K,2,2,0,0,0,000000000,00000000000,0,0,0,1,0,0,0,0,0,0,0,998,0,0,0,12,6,2,12,0,0,0,1,24,21157,6,1,0,0,3,0,71,250,0,2,0,1,3,10,2008,6,2010,0,0,0,0,0,3,2,60,1,1,2,1,0,0,1,54,99,1,1,52,0,1,2801
240259_2011,24,240259,1,2,2,27,4,7,41,12,2,1,0,24,2,35,43,35043,4,2009,3N1AB61E19L6,3,N,1,A,B,6,1,E,1,9,L,6,0,0,0,000000000,00000000000,0,0,0,1,0,0,0,0,0,0,0,998,0,0,0,12,6,2,12,0,0,0,1,24,21207,6,1,0,0,3,0,63,130,0,0,0,0,0,0,0,0,0,0,99,99,99,99,1,2,30,4,1,2,1,0,0,1,10,1,1,1,50,1,1,2802
240259_2011,24,240259,2,2,1,27,4,7,41,12,2,1,0,24,2,12,461,12461,21,2007,1FTNE14L37DA,1,F,T,N,E,1,4,L,3,7,D,A,0,0,0,000000000,00000000000,0,0,0,1,0,0,0,0,0,0,0,998,0,0,0,12,6,2,12,0,0,0,1,24,21207,6,1,0,0,3,0,66,240,0,0,0,0,0,0,0,0,0,0,0,0,0,0,1,2,30,4,1,2,1,0,0,1,62,99,1,1,51,0,0,2803
240260_2010,24,240260,1,2,1,13,9,8,23,1,0,1,0,0,0,98,709,98709,88,2001,LFGH30007100,L,F,G,H,3,0,0,0,7,1,0,0,0,0,0,000000000,00000000000,0,0,0,1,0,0,0,0,0,0,0,998,0,0,0,0,6,2,12,0,0,0,1,24,21028,6,1,0,0,3,0,69,170,0,0,0,0,0,0,0,0,0,0,28,0,0,0,1,2,45,1,1,2,1,0,0,1,9,99,9,2,98,1,0,2804
240260_2010,24,240260,2,2,1,13,9,8,23,1,0,1,0,24,1,12,17,12017,4,2006,1FAFP53U16A2,1,F,A,F,P,5,3,U,1,6,A,2,0,0,0,000000000,00000000000,0,0,0,1,0,0,0,0,0,0,0,998,0,0,0,12,6,2,12,0,0,0,1,24,21078,6,1,0,0,3,0,66,180,0,0,0,0,0,0,0,0,0,0,0,0,0,0,1,2,45,1,1,2,1,0,0,1,59,99,1,1,98,0,0,2805
240260_2011,24,240260,1,1,1,6,8,4,37,42,0,1,0,24,2,49,44,49044,2,2003,2T1CE22P33C0,2,T,1,C,E,2,2,P,3,3,C,0,0,0,0,000000000,00000000000,0,0,0,1,0,0,0,0,0,0,0,998,0,0,0,3,6,2,42,0,0,0,1,24,21228,6,1,0,0,3,0,69,160,0,0,0,0,1,8,2010,8,2010,1,58,0,0,0,1,2,35,3,1,2,1,0,0,14,6,7,4,4,2,1,1,2806
240261_2010,24,240261,1,2,1,24,7,12,2,12,2,1,0,24,1,37,705,37705,80,2005,JH2PC37095M2,J,H,2,P,C,3,7,0,9,5,M,2,0,0,0,000000000,00000000000,0,0,0,1,0,0,0,0,0,0,0,998,0,0,0,12,6,2,12,0,0,0,1,24,21771,6,1,0,0,2,2,70,160,0,0,0,1,0,1,2010,1,2010,1,74,0,0,0,1,2,40,1,1,2,1,0,0,1,67,99,9,1,83,1,0,2807
240261_2010,24,240261,2,2,1,24,7,12,2,12,2,1,0,24,1,37,32,37032,4,2007,1HGCM56457A2,1,H,G,C,M,5,6,4,5,7,A,2,0,0,0,000000000,00000000000,0,0,0,1,0,0,0,0,0,0,0,998,0,0,0,12,4,3,12,0,0,0,1,24,21771,6,1,0,0,3,0,63,120,0,0,0,0,0,0,0,0,0,0,0,0,0,0,1,2,40,1,1,2,1,0,0,11,15,1,1,1,82,0,0,2808
240261_2011,24,240261,1,1,1,24,8,2,0,53,0,1,0,24,1,49,401,49401,14,1993,JT3VN39W2P01,J,T,3,V,N,3,9,W,2,P,0,1,0,0,0,000000000,00000000000,0,0,0,1,0,0,0,0,0,0,0,998,0,1,6,9,6,2,1,0,0,0,1,24,21742,6,1,0,0,3,0,68,210,0,0,0,0,0,0,0,0,0,1,0,0,0,0,1,2,35,1,2,2,1,0,0,1,11,99,9,4,2,1,1,2809
240262_2010,24,240262,1,1,1,22,8,20,50,9,0,1,0,24,1,37,31,37031,4,2009,2HGFA16969H3,2,H,G,F,A,1,6,9,6,9,H,3,0,0,0,000000000,00000000000,0,0,0,1,0,0,0,0,0,0,0,998,0,0,0,12,4,3,9,0,0,0,1,24,21666,6,1,0,0,3,0,64,125,0,0,0,0,0,0,0,0,0,0,0,0,0,0,1,2,35,1,1,8,1,0,0,1,83,1,1,1,13,0,0,2810
240262_2011,24,240262,1,1,2,13,8,0,22,42,0,1,0,24,3,48,38,48038,4,2002,JF1GD29642G5,J,F,1,G,D,2,9,6,4,2,G,5,0,0,0,000000000,00000000000,0,0,0,1,0,0,0,0,0,0,0,998,0,0,0,12,6,2,2,0,0,1,1,24,20904,2,1,0,0,2,2,67,128,0,1,0,0,1,4,2009,9,2010,0,74,0,0,0,1,2,30,3,2,2,1,0,0,14,8,99,9,4,2,2,1,2811
240263_2010,24,240263,1,2,1,22,8,2,2,12,2,1,0,24,1,30,40,30040,4,2002,3VWSE69M22M0,3,V,W,S,E,6,9,M,2,2,M,0,0,0,0,000000000,00000000000,0,0,0,1,0,0,0,0,0,0,0,998,0,0,0,12,6,2,12,0,0,0,1,24,21770,6,1,0,0,3,0,64,104,0,0,0,0,0,0,0,0,0,0,51,36,0,0,3,3,65,1,2,2,1,0,0,1,19,1,1,1,52,0,1,2812
240263_2010,24,240263,2,2,3,22,8,2,2,12,2,1,0,24,2,35,47,35047,4,2008,1N4AL21E78N4,1,N,4,A,L,2,1,E,7,8,N,4,0,0,0,000000000,00000000000,0,0,0,1,0,0,0,0,0,0,0,998,0,0,0,12,6,2,12,0,0,0,1,24,21061,6,1,0,0,3,0,68,150,0,0,0,2,0,3,2008,7,2008,0,0,0,0,0,3,3,65,1,2,2,1,0,0,1,54,1,1,1,52,1,0,2813
240263_2011,24,240263,1,3,4,26,8,12,53,12,6,1,0,24,2,41,35,41035,4,2000,JM1BJ2220Y02,J,M,1,B,J,2,2,2,0,Y,0,2,0,0,0,000000000,00000000000,0,0,0,1,0,0,0,0,0,0,0,998,0,0,0,12,6,2,12,0,0,0,1,24,20879,6,1,0,0,3,0,63,115,0,0,0,0,0,0,0,0,0,0,38,0,0,0,3,2,55,1,1,2,1,0,0,1,17,1,1,1,88,1,0,2814
240263_2011,24,240263,2,3,1,26,8,12,53,12,6,1,0,24,1,12,402,12402,14,2003,1FMYU03193KB,1,F,M,Y,U,0,3,1,9,3,K,B,0,0,0,000000000,00000000000,0,0,0,1,0,0,0,0,0,0,0,998,0,0,0,8,6,2,12,0,0,0,1,24,21804,6,1,0,0,3,0,64,130,0,0,0,0,0,0,0,0,0,0,0,0,0,0,3,2,55,1,1,2,1,0,0,1,66,99,1,1,89,0,0,2815
240263_2011,24,240263,3,3,2,26,8,12,53,12,6,1,0,10,3,12,461,12461,21,1995,1FTFE24Y4SHB,1,F,T,F,E,2,4,Y,4,S,H,B,0,0,0,000000000,00000000000,0,0,0,1,0,0,0,0,0,0,0,98,0,0,0,12,4,1,12,0,0,0,1,24,21801,6,1,0,0,3,0,67,200,0,0,0,0,0,0,0,0,0,0,0,0,0,0,3,2,55,1,1,2,1,0,0,1,66,99,1,1,98,0,0,2816
240264_2010,24,240264,1,1,4,22,8,2,17,1,0,1,0,24,2,37,31,37031,2,1994,1HGEJ1138RL0,1,H,G,E,J,1,1,3,8,R,L,0,0,0,0,000000000,00000000000,0,0,0,1,0,0,0,0,0,0,0,998,0,2,3,0,6,2,1,0,0,0,1,24,21702,6,1,0,0,3,0,65,145,0,1,0,1,0,7,2009,5,2010,0,28,0,0,0,3,3,65,4,2,2,1,0,0,15,10,1,1,4,6,1,1,2817
240264_2011,24,240264,1,1,2,12,8,21,11,8,0,1,0,24,2,55,35,55035,4,2005,KMHDN46D05U9,K,M,H,D,N,4,6,D,0,5,U,9,0,0,0,000000000,00000000000,0,0,0,1,0,0,0,0,0,0,0,998,0,0,0,11,6,2,8,0,0,0,1,42,19147,6,1,0,0,3,0,69,999,0,0,0,0,0,0,0,0,0,0,0,0,0,0,1,2,50,1,1,2,1,3,3,1,81,7,1,1,13,0,0,2818
240265_2010,24,240265,1,1,1,27,8,20,6,30,0,1,0,24,1,76,706,76706,80,2008,JYARN20E78A0,J,Y,A,R,N,2,0,E,7,8,A,0,0,0,0,000000000,00000000000,0,0,0,1,0,0,0,0,0,0,0,998,0,0,0,12,6,2,1,0,0,0,1,24,21122,6,1,0,0,3,0,70,195,0,0,0,0,0,0,0,0,0,1,0,0,0,0,3,3,40,3,1,2,8,0,0,14,9,99,9,4,2,1,1,2819
240265_2011,24,240265,1,1,1,16,9,23,40,41,0,1,0,24,2,12,481,12481,31,1998,2FTZF0722WCA,2,F,T,Z,F,0,7,2,2,W,C,A,0,0,0,000000000,00000000000,0,0,0,1,0,0,0,0,0,0,0,998,0,1,5,12,6,2,1,0,0,0,1,24,20640,6,1,0,0,3,0,65,225,0,0,0,0,0,0,0,0,0,0,58,0,0,0,1,2,40,1,1,2,1,0,0,1,9,6,9,4,7,1,1,2820
240266_2010,24,240266,1,1,8,30,5,18,20,43,0,1,0,24,2,23,472,23472,30,2004,1GKDT13S8421,1,G,K,D,T,1,3,S,8,4,2,1,0,0,0,000000000,00000000000,0,0,0,1,0,0,0,0,0,0,0,998,0,1,3,14,6,2,1,0,0,0,1,24,21218,6,1,0,0,3,0,71,120,0,0,0,0,2,9,2008,5,2010,1,28,36,0,0,3,2,45,4,1,1,1,0,0,14,9,99,3,4,7,1,1,2821
240266_2011,24,240266,1,1,1,9,9,21,21,9,0,1,0,24,3,20,37,20037,4,2011,1G1ZC5E13BF1,1,G,1,Z,C,5,E,1,3,B,F,1,0,0,0,000000000,00000000000,0,0,0,1,0,0,0,0,0,0,0,998,0,0,0,12,6,2,9,0,0,0,1,51,22191,6,1,0,0,3,0,70,310,0,0,0,0,0,0,0,0,0,0,28,0,0,0,3,2,50,1,1,2,1,0,0,1,83,99,1,4,13,0,0,2822
240267_2010,24,240267,1,2,5,27,6,17,49,12,2,1,0,24,2,49,45,49045,4,2002,JTDBT1239202,J,T,D,B,T,1,2,3,9,2,0,2,0,0,0,000000000,00000000000,0,0,0,1,0,0,0,0,0,0,0,48,0,0,0,12,6,2,12,0,0,0,1,24,20878,6,2,0,0,3,2,68,125,0,0,0,0,0,0,0,0,0,1,74,0,0,0,1,2,50,4,2,2,2,0,0,14,6,4,2,2,50,1,0,2823
240267_2010,24,240267,2,2,1,27,6,17,49,12,2,1,0,51,2,42,42,42042,4,2009,WDDGF77X79F2,W,D,D,G,F,7,7,X,7,9,F,2,0,0,0,000000000,00000000000,0,0,0,1,0,0,0,0,0,0,0,998,0,0,0,12,6,2,12,0,0,0,1,51,22015,0,0,0,0,0,0,999,999,0,0,0,0,0,0,0,0,0,0,0,0,0,0,1,2,50,4,2,2,2,0,0,14,62,1,1,1,51,0,0,2824
240267_2011,24,240267,1,2,1,17,10,18,13,12,6,1,0,24,3,93,981,93981,51,2007,1M86DMDA47P0,1,M,8,6,D,M,D,A,4,7,P,0,0,0,57,0187443,570187443,3,21,22,1,0,0,0,0,6,0,0,998,0,0,0,9,6,2,12,0,0,0,1,24,20706,6,1,6,0,3,0,71,180,0,0,0,0,1,6,2010,6,2010,0,38,0,0,0,2,2,45,1,1,2,1,97,8,3,17,1,1,1,89,0,0,2825
240267_2011,24,240267,2,2,1,17,10,18,13,12,6,1,0,24,3,12,37,12037,4,2012,1FAHP3E29CL2,1,F,A,H,P,3,E,2,9,C,L,2,0,0,0,000000000,00000000000,0,0,0,1,0,0,0,0,0,0,0,998,0,0,0,12,6,2,12,0,0,0,1,24,20744,6,1,0,0,3,0,64,130,0,1,0,0,0,4,2009,4,2009,0,0,0,0,0,2,2,45,1,1,2,1,0,0,1,66,99,1,1,88,1,0,2826
240268_2010,24,240268,1,2,2,19,7,20,32,12,6,1,0,24,2,20,401,20401,14,2002,1GNDT13S9221,1,G,N,D,T,1,3,S,9,2,2,1,0,0,0,000000000,00000000000,0,0,0,1,0,0,0,0,0,0,0,998,0,0,0,3,6,2,12,0,0,0,1,24,21620,6,2,0,0,3,3,65,110,0,0,0,0,0,0,0,0,0,0,87,0,0,0,1,2,50,1,1,2,2,0,0,1,9,99,1,1,64,1,0,2827
240268_2010,24,240268,2,2,2,19,7,20,32,12,6,1,0,24,3,12,481,12481,31,2010,1FTFW1EV3AKE,1,F,T,F,W,1,E,V,3,A,K,E,0,0,0,000000000,00000000000,0,0,0,1,0,0,0,0,0,0,0,998,0,0,0,12,6,2,12,0,0,0,1,24,21661,6,1,0,0,3,0,76,190,0,0,0,0,0,0,0,0,0,0,0,0,0,0,1,2,50,1,1,2,2,0,0,1,62,99,1,1,65,0,0,2828
240268_2011,24,240268,1,4,2,9,9,11,35,12,1,1,0,24,3,84,881,84881,62,2007,1HTMMAAL27H3,1,H,T,M,M,A,A,L,2,7,H,3,0,0,57,63971,5763971,2,1,1,1,0,0,0,0,0,0,0,998,0,0,0,12,6,2,12,0,0,0,1,24,20748,6,1,0,0,8,9,66,172,0,0,0,0,1,8,2010,8,2010,1,26,0,0,0,1,2,50,1,1,2,1,0,0,1,50,1,1,1,20,0,0,2829
240268_2011,24,240268,2,4,2,9,9,11,35,12,1,1,0,24,1,12,37,12037,4,2011,1FAHP3EN3BW1,1,F,A,H,P,3,E,N,3,B,W,1,0,0,0,000000000,00000000000,0,0,0,1,0,0,0,0,0,0,0,0,0,0,0,6,6,2,12,0,0,0,1,24,20612,6,1,0,0,3,0,64,155,0,0,0,0,0,0,0,0,0,0,0,0,0,0,1,2,50,1,1,2,1,0,0,5,53,1,1,1,21,2,0,2830
240268_2011,24,240268,3,4,1,9,9,11,35,12,1,1,0,24,1,52,34,52034,4,2001,4A3AA46G31E1,4,A,3,A,A,4,6,G,3,1,E,1,0,0,0,000000000,00000000000,0,0,0,1,0,0,0,0,0,0,0,998,0,1,1,12,6,2,12,0,0,0,1,24,20636,6,1,0,0,3,0,67,135,0,0,0,0,0,0,0,0,0,0,0,0,0,0,1,2,50,1,1,2,1,0,0,1,62,1,1,1,98,0,0,2831
240268_2011,24,240268,4,4,3,9,9,11,35,12,1,1,0,24,1,24,5,24005,4,2003,1G8JU54F43Y5,1,G,8,J,U,5,4,F,4,3,Y,5,0,0,0,000000000,00000000000,0,0,0,1,0,0,0,0,0,0,0,998,0,0,0,12,6,2,12,0,0,0,1,24,20653,6,1,0,0,3,0,63,130,0,0,0,0,0,0,0,0,0,0,0,0,0,0,1,2,50,1,1,2,1,0,0,1,62,1,1,1,98,0,0,2832
240269_2010,24,240269,1,1,2,7,8,3,17,42,0,1,0,24,2,7,39,7039,2,1995,JB3AM84J4SY0,J,B,3,A,M,8,4,J,4,S,Y,0,0,0,0,000000000,00000000000,0,0,0,1,0,0,0,0,0,0,0,998,0,0,0,12,6,2,42,0,0,0,1,24,20613,6,1,0,0,3,2,69,134,0,0,0,0,0,0,0,0,0,1,74,0,0,0,1,2,30,3,3,2,1,0,0,14,6,9,4,4,2,2,1,2833
240269_2011,24,240269,1,1,1,2,9,21,1,8,0,1,0,24,3,12,16,12016,4,2009,2FAHP71VX9X1,2,F,A,H,P,7,1,V,X,9,X,1,0,0,0,000000000,00000000000,0,0,0,1,0,0,0,0,0,0,0,998,0,0,0,12,6,2,8,0,0,0,1,24,21617,6,1,0,0,3,0,70,150,0,0,0,0,0,0,0,0,0,0,0,0,0,0,6,1,55,1,1,2,1,0,0,1,80,99,1,1,13,0,0,2834
240270_2010,24,240270,1,2,1,22,8,20,49,8,0,1,1,99,9,99,999,99999,99,9999,999999999999,9,9,9,9,9,9,9,9,9,9,9,9,0,0,0,000000000,00000000000,0,0,0,1,0,0,0,0,0,0,0,999,0,0,0,99,9,1,8,0,0,0,1,99,99999,9,9,99,9,9,9,999,999,99,99,99,99,99,99,9999,99,9999,9,0,0,0,0,3,3,35,1,2,2,1,0,0,1,80,99,1,1,13,0,0,2835
240270_2010,24,240270,2,2,1,22,8,20,49,8,0,1,1,99,9,99,999,99999,99,9999,999999999999,9,9,9,9,9,9,9,9,9,9,9,9,0,0,0,000000000,00000000000,0,0,0,1,0,0,0,0,0,0,0,999,0,0,0,99,9,1,8,0,0,0,1,99,99999,9,9,99,9,9,9,999,999,99,99,99,99,99,99,9999,99,9999,9,0,0,0,0,3,3,35,1,2,2,1,0,0,1,80,99,1,1,98,0,0,2836
240270_2011,24,240270,1,2,3,16,9,7,10,12,6,1,0,24,2,2,404,2404,14,1996,1J4GZ58S3TC2,1,J,4,G,Z,5,8,S,3,T,C,2,0,0,0,000000000,00000000000,0,0,0,1,0,0,0,0,0,0,0,998,0,1,1,1,6,2,1,0,0,0,1,24,21657,6,1,0,0,3,0,75,157,0,0,0,0,0,0,0,0,0,0,38,0,0,0,1,2,50,1,1,2,1,4,3,3,17,1,1,1,87,1,0,2837
240270_2011,24,240270,2,2,1,16,9,7,10,12,6,1,0,24,2,12,481,12481,31,2006,1FTSW21P46EB,1,F,T,S,W,2,1,P,4,6,E,B,0,0,0,000000000,00000000000,0,0,0,1,0,0,0,0,0,0,0,998,0,0,0,12,6,2,12,0,0,0,1,24,21830,6,1,0,0,3,0,77,199,0,0,0,1,0,4,2009,4,2009,0,0,0,0,0,2,2,55,1,1,2,1,4,3,1,66,99,1,1,86,0,0,2838
240271_2010,24,240271,1,1,1,28,8,2,14,53,0,1,0,24,1,53,706,53706,80,2007,JS1VY53A0721,J,S,1,V,Y,5,3,A,0,7,2,1,0,0,0,000000000,00000000000,0,0,0,1,0,0,0,0,0,0,0,998,0,0,0,98,6,2,53,0,0,0,1,24,21911,6,1,0,0,3,0,73,300,0,0,1,0,0,5,2008,5,2008,9,0,0,0,0,1,2,99,4,1,2,1,0,0,14,9,99,9,4,2,1,1,2839
240271_2011,24,240271,1,1,1,17,9,8,38,35,0,1,0,24,1,39,32,39032,4,2000,SAJDA24C9YLF,S,A,J,D,A,2,4,C,9,Y,L,F,0,0,0,000000000,00000000000,0,0,0,1,0,0,0,0,0,0,0,998,0,1,3,14,6,2,1,0,0,0,1,24,21213,6,1,0,0,3,0,74,203,0,0,0,0,0,0,0,0,0,1,28,0,0,0,2,3,55,1,2,2,1,0,0,15,10,8,2,4,7,1,0,2840
240272_2010,24,240272,1,1,1,29,8,1,45,31,0,1,0,24,3,37,705,37705,80,2006,JH2PC37066M3,J,H,2,P,C,3,7,0,6,6,M,3,0,0,0,000000000,00000000000,0,0,0,1,0,0,0,0,0,0,0,998,0,0,0,3,6,2,31,0,0,0,1,24,21783,6,1,0,0,3,0,72,160,0,0,0,0,0,0,0,0,0,0,28,0,0,0,1,2,40,2,1,2,1,0,0,14,9,99,9,4,2,1,1,2841
240272_2011,24,240272,1,1,1,16,9,12,47,14,0,1,0,24,1,49,49,49049,6,2011,JTLZE4FEXB11,J,T,L,Z,E,4,F,E,X,B,1,1,0,0,0,000000000,00000000000,0,0,0,1,0,0,0,0,0,0,0,998,5,0,0,12,6,2,14,0,0,0,1,24,20851,6,1,0,0,3,0,71,195,0,0,0,0,0,0,0,0,0,1,29,0,0,0,3,2,55,1,1,2,1,0,0,1,11,1,1,4,11,1,0,2842
240273_2010,24,240273,1,1,2,28,8,17,10,42,0,1,0,24,1,12,481,12481,31,2011,1FT7W2BT2BEA,1,F,T,7,W,2,B,T,2,B,E,A,0,0,0,000000000,00000000000,0,0,0,1,0,0,0,0,0,0,0,998,0,0,0,12,6,2,42,0,0,0,1,24,21863,6,1,0,0,3,0,67,190,0,0,0,0,0,0,0,0,0,1,28,0,0,0,1,2,50,4,1,2,1,0,0,14,6,99,9,4,2,1,1,2843
240273_2011,24,240273,1,1,1,20,9,10,41,1,0,1,0,24,2,20,482,20482,31,2008,3GNFK12338G1,3,G,N,F,K,1,2,3,3,8,G,1,0,0,0,000000000,00000000000,0,0,0,1,0,0,0,0,0,0,0,998,0,2,5,0,6,2,1,0,0,0,1,24,21222,6,1,0,0,3,0,69,180,0,0,0,0,0,0,0,0,0,1,28,87,0,0,3,2,65,4,1,2,2,0,0,1,6,99,9,4,2,1,0,2844
240274_2010,24,240274,1,1,1,26,8,8,2,33,0,1,0,24,2,54,31,54031,3,1999,JH4DC4461XS0,J,H,4,D,C,4,4,6,1,X,S,0,0,0,0,000000000,00000000000,0,0,0,1,0,0,0,0,0,0,0,998,0,0,0,98,6,2,2,0,0,1,1,24,21077,6,1,0,0,3,0,67,145,0,1,0,0,2,5,2009,2,2010,1,28,0,0,0,3,2,40,1,1,2,1,0,0,1,9,99,9,4,7,1,0,2845
240274_2011,24,240274,1,1,1,27,9,99,99,8,0,1,0,24,1,23,421,23421,15,2002,1GKEK13Z22R1,1,G,K,E,K,1,3,Z,2,2,R,1,0,0,0,000000000,00000000000,0,0,0,1,0,0,0,0,0,0,0,998,0,0,0,12,2,3,8,0,0,0,1,24,20695,6,1,0,0,3,0,70,255,0,0,0,0,0,0,0,0,0,0,0,0,0,0,2,2,50,1,1,2,2,0,0,1,80,99,1,1,13,0,0,2846
240275_2010,24,240275,1,2,2,6,8,8,6,12,6,1,0,24,2,20,16,20016,2,1992,1G1JC1442N73,1,G,1,J,C,1,4,4,2,N,7,3,0,0,0,000000000,00000000000,0,0,0,1,0,0,0,0,0,0,0,998,0,0,0,3,4,3,12,0,0,0,1,24,20718,6,1,0,0,3,1,69,200,0,0,0,0,0,0,0,0,0,0,38,0,0,0,1,2,35,4,2,2,1,0,0,11,15,1,1,1,68,0,0,2847
240275_2010,24,240275,2,2,1,6,8,8,6,12,6,1,0,24,1,73,706,73706,80,2008,JKAZX4P1X8A0,J,K,A,Z,X,4,P,1,X,8,A,0,0,0,0,000000000,00000000000,0,0,0,1,0,0,0,0,0,0,0,998,0,0,0,12,6,2,12,0,0,0,1,24,20743,6,1,0,0,3,0,69,225,0,0,0,0,0,0,0,0,0,0,0,0,0,0,1,2,35,4,2,2,1,0,0,14,62,99,1,1,69,1,0,2848
240275_2011,24,240275,1,1,1,22,9,19,58,8,0,1,0,37,2,12,481,12481,31,1999,1FDSF34F7XEC,1,F,D,S,F,3,4,F,7,X,E,C,0,0,0,000000000,00000000000,0,0,0,1,0,0,0,0,0,0,0,998,0,0,0,12,4,3,8,0,0,0,1,37,27024,0,0,0,0,0,0,999,999,0,0,0,0,0,0,0,0,0,0,0,0,0,0,1,2,45,1,1,2,1,0,0,1,80,99,1,1,13,0,0,2849
240276_2010,24,240276,1,2,1,22,7,16,35,12,6,1,0,24,2,12,23,12023,4,2007,3FAHP08137R2,3,F,A,H,P,0,8,1,3,7,R,2,0,0,0,000000000,00000000000,0,0,0,1,0,0,0,0,0,0,0,998,0,0,0,9,6,2,12,0,0,0,1,24,20732,6,1,0,0,3,0,61,110,0,0,0,0,0,0,0,0,0,1,28,0,0,0,1,2,40,4,3,2,1,0,0,14,9,99,9,2,65,1,1,2850
240276_2010,24,240276,2,2,3,22,7,16,35,12,6,1,0,24,1,20,443,20443,20,2000,1GNDX03E2YD2,1,G,N,D,X,0,3,E,2,Y,D,2,0,0,0,000000000,00000000000,0,0,0,1,0,0,0,0,0,0,0,998,0,0,0,12,6,2,12,0,0,0,1,24,20732,6,1,0,0,3,0,61,134,0,0,0,0,1,7,2008,7,2008,0,0,0,0,0,1,2,40,4,3,2,1,0,0,14,62,99,1,1,64,0,0,2851
240276_2011,24,240276,1,2,1,6,9,12,24,12,1,1,0,24,1,49,403,49403,14,2003,JTEHF21A1301,J,T,E,H,F,2,1,A,1,3,0,1,0,0,0,000000000,00000000000,0,0,0,1,0,0,0,0,0,0,0,998,0,0,0,12,6,2,12,0,0,0,1,24,21015,6,1,0,0,3,0,71,225,0,2,0,2,2,2,2009,7,2010,1,0,0,0,0,1,2,45,1,1,2,2,0,0,1,50,99,1,1,20,0,0,2852