st_case_year,STATE,ST_CASE,VEH_NO,VE_FORMS,NUMOCCS,DAY,MONTH,HOUR,MINUTE,HARM_EV,MAN_COLL,UNITTYPE,HIT_RUN,REG_STAT,OWNER,MAKE,MODEL,MAK_MOD,BODY_TYP,MOD_YEAR,VIN,VIN_1,VIN_2,VIN_3,VIN_4,VIN_5,VIN_6,VIN_7,VIN_8,VIN_9,VIN_10,VIN_11,VIN_12,TOW_VEH,J_KNIFE,MCARR_I1,MCARR_I2,MCARR_ID,GVWR,V_CONFIG,CARGO_BT,HAZ_INV,HAZ_PLAC,HAZ_ID,HAZ_CNO,HAZ_REL,BUS_USE,SPEC_USE,EMER_USE,TRAV_SP,UNDERIDE,ROLLOVER,ROLINLOC,IMPACT1,DEFORMED,TOWED,M_HARM,VEH_SC1,VEH_SC2,FIRE_EXP,DR_PRES,L_STATE,DR_ZIP,L_STATUS,L_TYPE,CDL_STAT,L_ENDORS,L_COMPL,L_RESTRI,DR_HGT,DR_WGT,PREV_ACC,PREV_SUS,PREV_DWI,PREV_SPD,PREV_OTH,FIRST_MO,FIRST_YR,LAST_MO,LAST_YR,SPEEDREL,DR_SF1,DR_SF2,DR_SF3,DR_SF4,VTRAFWAY,VNUM_LAN,VSPD_LIM,VALIGN,VPROFILE,VPAVETYP,VSURCOND,VTRAFCON,VTCONT_F,P_CRASH1,P_CRASH2,P_CRASH3,PCRASH4,PCRASH5,ACC_TYPE,DEATHS,DR_DRINK,idno
240332_2010,24,240332,1,1,1,25,9,20,12,8,0,1,1,99,9,99,999,99999,99,9999,999999999999,9,9,9,9,9,9,9,9,9,9,9,9,0,0,0,000000000,00000000000,0,0,0,1,0,0,0,0,0,0,0,998,0,0,0,98,8,1,8,0,0,0,1,99,99999,9,9,99,9,9,9,999,999,99,99,99,99,99,99,9999,99,9999,9,99,99,99,99,1,2,98,4,1,8,1,0,0,14,80,99,9,9,13,0,0,3024
240332_2011,24,240332,1,1,1,26,10,23,52,59,0,1,0,24,2,35,47,35047,4,1995,JN1CA21D3ST0,J,N,1,C,A,2,1,D,3,S,T,0,0,0,0,000000000,00000000000,0,0,0,1,0,0,0,0,0,0,0,998,0,0,0,12,6,2,42,0,0,0,1,24,21851,6,1,0,0,3,0,66,240,0,0,0,0,0,0,0,0,0,1,28,0,0,0,1,2,50,1,1,2,1,0,0,1,14,1,1,4,14,1,1,3025
240333_2010,24,240333,1,1,2,7,10,19,43,8,0,1,0,24,1,54,36,54036,4,2005,JH4KB165X5C0,J,H,4,K,B,1,6,5,X,5,C,0,0,0,0,000000000,00000000000,0,0,0,1,0,0,0,0,0,0,0,998,0,0,0,12,6,2,8,0,0,0,1,24,20816,6,1,0,0,3,0,74,210,0,0,0,0,0,0,0,0,0,0,0,0,0,0,3,2,40,1,1,2,1,0,0,1,80,1,1,1,13,0,0,3026
240333_2011,24,240333,1,1,1,21,10,21,8,8,0,1,0,24,3,84,881,84881,66,2006,2HSCNAPR36C2,2,H,S,C,N,A,P,R,3,6,C,2,0,0,5,7970281,057970281,3,5,96,1,0,0,0,0,0,0,0,998,0,0,0,12,2,3,8,0,0,0,1,24,21227,6,1,5,0,3,2,73,220,0,1,0,0,0,5,2011,5,2011,0,35,74,0,0,1,2,25,1,1,1,1,0,0,6,80,6,1,1,13,0,1,3027
240334_2010,24,240334,1,1,1,8,10,5,53,8,0,1,0,24,1,41,37,41037,4,1999,1YVGF22D3X58,1,Y,V,G,F,2,2,D,3,X,5,8,0,0,0,000000000,00000000000,0,0,0,1,0,0,0,0,0,0,0,998,0,0,0,12,6,2,8,0,0,0,1,24,21632,6,1,0,0,3,0,68,190,0,0,0,0,0,0,0,0,0,0,0,0,0,0,1,2,50,1,2,2,1,0,0,1,80,1,1,1,13,0,0,3028
240334_2011,24,240334,1,2,4,13,10,6,58,12,1,1,0,24,1,63,401,63401,14,2001,KNDJA7235150,K,N,D,J,A,7,2,3,5,1,5,0,0,0,0,000000000,00000000000,0,0,0,1,0,0,0,0,0,0,0,998,0,0,0,12,6,2,12,0,0,0,1,24,21237,6,1,0,0,3,0,68,180,0,0,0,0,0,0,0,0,0,1,23,0,0,0,3,2,55,1,2,2,2,0,0,1,51,1,1,1,24,1,1,3029
240334_2011,24,240334,2,2,3,13,10,6,58,12,1,1,0,24,3,12,881,12881,62,2011,1FD0W5GT5BEA,1,F,D,0,W,5,G,T,5,B,E,A,0,0,57,7924720,577924720,2,1,1,1,0,0,0,0,0,0,0,998,0,0,0,6,4,1,12,0,0,0,1,24,21154,6,1,0,0,3,0,73,215,0,0,0,0,0,0,0,0,0,0,0,0,0,0,3,2,55,1,2,2,2,0,0,1,53,1,1,1,25,0,0,3030
240335_2010,24,240335,1,2,1,8,10,23,14,12,1,1,0,24,2,72,706,72706,80,2008,1HD1FC4478Y6,1,H,D,1,F,C,4,4,7,8,Y,6,0,0,0,000000000,00000000000,0,0,0,1,0,0,0,0,0,0,0,998,0,0,0,12,6,2,12,0,0,0,1,54,25303,6,1,0,0,3,0,70,224,0,0,0,0,0,0,0,0,0,0,38,0,0,0,3,3,65,1,2,2,1,0,0,1,50,1,1,1,20,1,0,3031
240335_2010,24,240335,2,2,1,8,10,23,14,12,1,1,0,24,2,12,401,12401,14,1999,1FMYU22X1XUC,1,F,M,Y,U,2,2,X,1,X,U,C,0,0,0,000000000,00000000000,0,0,0,1,0,0,0,0,0,0,0,0,0,0,0,6,6,2,12,0,0,0,1,24,21122,6,1,0,0,3,0,67,210,0,0,0,0,1,8,2009,8,2009,0,38,0,0,0,3,3,65,1,2,2,1,0,0,5,53,1,1,1,22,0,1,3032
240335_2011,24,240335,1,1,2,31,10,13,40,42,0,1,0,24,3,12,461,12461,21,2009,1FTNE14W09DA,1,F,T,N,E,1,4,W,0,9,D,A,0,0,0,000000000,00000000000,0,0,0,1,0,0,0,0,0,0,0,998,0,0,0,12,6,2,42,0,0,0,1,24,21826,6,1,0,0,3,0,72,230,0,0,0,0,0,0,0,0,0,0,36,0,0,0,3,2,55,1,1,2,1,0,0,1,10,99,9,4,6,1,0,3033
240336_2010,24,240336,1,1,1,9,10,3,22,40,0,1,0,24,1,14,443,14443,20,1998,4M2ZV1118WDJ,4,M,2,Z,V,1,1,1,8,W,D,J,0,0,0,000000000,00000000000,0,0,0,1,0,0,0,0,0,0,0,998,0,0,0,1,6,2,40,0,0,0,1,24,20707,6,7,0,0,3,2,75,155,0,0,0,0,0,0,0,0,0,1,74,0,0,0,1,2,30,3,1,2,1,0,0,14,6,99,4,4,7,1,1,3034
240336_2011,24,240336,1,4,1,28,10,6,12,12,2,1,0,24,1,12,23,12023,4,2011,3FADP0L34BR3,3,F,A,D,P,0,L,3,4,B,R,3,0,0,0,000000000,00000000000,0,0,0,1,0,0,0,0,0,0,0,998,0,0,0,12,6,2,12,0,0,0,1,24,21210,6,1,0,0,3,0,72,220,0,0,0,0,0,0,0,0,0,0,28,0,0,0,1,2,30,1,1,2,1,3,3,1,10,1,1,2,90,1,0,3035
240336_2011,24,240336,2,4,1,28,10,6,12,12,2,1,0,24,1,37,402,37402,14,2006,SHSRD77896U4,S,H,S,R,D,7,7,8,9,6,U,4,0,0,0,000000000,00000000000,0,0,0,1,0,0,0,0,0,0,0,0,0,0,0,12,6,2,12,0,0,0,1,24,21903,6,1,0,0,3,0,70,155,0,0,0,1,0,10,2011,10,2011,0,0,0,0,0,1,2,30,1,1,2,1,3,3,5,66,1,1,1,90,0,0,3036
240336_2011,24,240336,3,4,1,28,10,6,12,12,2,1,0,24,1,35,47,35047,4,2005,1N4AL11D25C2,1,N,4,A,L,1,1,D,2,5,C,2,0,0,0,000000000,00000000000,0,0,0,1,0,0,0,0,0,0,0,0,0,0,0,5,4,3,12,0,0,0,1,24,21133,6,1,0,0,3,3,71,200,0,0,0,0,0,0,0,0,0,0,0,0,0,0,1,2,30,1,1,2,1,3,3,5,10,1,1,2,98,0,0,3037
240336_2011,24,240336,4,4,1,28,10,6,12,12,2,1,0,24,1,14,401,14401,14,2004,4M2DU86W84ZJ,4,M,2,D,U,8,6,W,8,4,Z,J,0,0,0,000000000,00000000000,0,0,0,1,0,0,0,0,0,0,0,0,0,0,0,12,4,3,12,0,0,0,1,24,21216,6,1,0,0,3,0,64,120,0,0,0,0,0,0,0,0,0,0,0,0,0,0,1,2,30,1,1,2,1,3,3,5,10,1,1,2,98,0,0,3038
240337_2010,24,240337,1,2,1,11,10,21,5,12,2,1,0,24,1,30,42,30042,5,2004,WVWKG61J44D1,W,V,W,K,G,6,1,J,4,4,D,1,0,0,0,000000000,00000000000,0,0,0,1,0,0,0,0,0,0,0,998,0,0,0,12,4,1,12,0,0,0,1,24,21237,6,1,0,0,3,0,68,145,0,0,0,0,0,0,0,0,0,0,38,0,0,0,1,2,30,2,2,2,1,0,0,11,15,1,1,1,68,0,0,3039
240337_2010,24,240337,2,2,1,11,10,21,5,12,2,1,0,0,0,98,702,98702,88,2007,000000000000,0,0,0,0,0,0,0,0,0,0,0,0,0,0,0,000000000,00000000000,0,0,0,1,0,0,0,0,0,0,0,998,0,0,0,12,6,2,12,0,0,0,1,24,21206,0,0,0,0,0,0,67,150,0,0,0,0,0,0,0,0,0,0,0,0,0,0,1,2,30,2,2,2,1,0,0,14,62,1,1,1,69,1,0,3040
240337_2011,24,240337,1,1,1,15,11,6,6,24,0,1,0,24,1,49,40,49040,4,2007,4T1BE46K37U5,4,T,1,B,E,4,6,K,3,7,U,5,0,0,0,000000000,00000000000,0,0,0,1,0,0,0,0,0,0,0,998,0,0,0,12,6,2,42,0,0,0,1,24,21212,6,1,0,0,3,0,70,260,0,0,0,0,0,0,0,0,0,1,28,0,0,0,6,1,55,2,1,2,1,0,0,14,6,1,1,4,6,1,0,3041
240338_2010,24,240338,1,1,1,27,9,20,20,8,0,1,0,24,2,52,34,52034,4,2004,4A3AB36F64E1,4,A,3,A,B,3,6,F,6,4,E,1,0,0,0,000000000,00000000000,0,0,0,1,0,0,0,0,0,0,0,998,0,0,0,12,6,2,8,0,0,0,1,24,21244,6,1,0,0,3,0,68,185,0,1,0,0,0,8,2009,8,2009,0,0,0,0,0,1,2,35,1,2,2,2,0,0,1,80,1,1,1,13,0,0,3042
240338_2011,24,240338,1,1,1,12,11,11,8,8,0,1,0,24,2,49,50,49050,3,2007,JTKDE1672701,J,T,K,D,E,1,6,7,2,7,0,1,0,0,0,000000000,00000000000,0,0,0,1,0,0,0,0,0,0,0,998,0,0,0,12,4,3,8,0,0,0,1,24,20601,6,1,0,0,3,0,61,111,0,1,0,0,3,3,2011,7,2011,0,28,0,0,0,1,2,25,1,1,2,1,0,0,1,82,1,1,4,13,0,1,3043
240339_2010,24,240339,1,1,2,10,10,3,0,8,0,1,1,24,1,54,39,54039,4,2010,JH4CU2F65AC0,J,H,4,C,U,2,F,6,5,A,C,0,0,0,0,000000000,00000000000,0,0,0,1,0,0,0,0,0,0,0,998,0,0,0,12,6,2,8,0,0,0,1,24,20901,6,1,0,0,3,0,72,135,0,0,0,0,0,0,0,0,0,9,99,99,99,99,3,2,40,1,1,2,1,3,3,1,80,1,1,1,13,0,1,3044
240339_2011,24,240339,1,1,2,8,11,13,5,11,0,1,0,54,1,37,706,37706,80,1994,1HFSC2234RA6,1,H,F,S,C,2,2,3,4,R,A,6,0,0,0,000000000,00000000000,0,0,0,1,0,0,0,0,0,0,0,998,0,0,0,12,6,2,11,0,0,0,1,54,26757,6,1,0,0,3,0,74,250,0,0,0,0,0,0,0,0,0,0,0,0,0,0,1,2,55,1,2,2,1,0,0,1,87,99,9,9,13,1,0,3045
240340_2010,24,240340,1,1,1,13,10,6,26,8,0,1,0,24,2,2,404,2404,14,2002,1J4GW48S52C2,1,J,4,G,W,4,8,S,5,2,C,2,0,0,0,000000000,00000000000,0,0,0,1,0,0,0,0,0,0,0,998,0,0,0,12,6,2,8,0,0,0,1,24,21012,6,1,0,0,3,0,72,220,0,0,0,0,0,0,0,0,0,0,0,0,0,0,3,2,50,1,1,2,1,0,0,1,80,1,1,1,13,0,0,3046
240340_2011,24,240340,1,2,2,10,11,16,52,12,2,1,0,24,1,20,37,20037,4,2010,1G1ZC5EB3AF1,1,G,1,Z,C,5,E,B,3,A,F,1,0,0,0,000000000,00000000000,0,0,0,1,0,0,0,0,0,0,0,998,0,0,0,12,6,2,12,0,0,0,1,24,21502,6,1,0,0,3,0,72,165,0,0,0,1,0,8,2010,8,2010,0,38,0,0,0,1,2,25,4,1,2,1,3,3,11,15,1,1,1,82,1,0,3047
240340_2011,24,240340,2,2,1,10,11,16,52,12,2,1,0,24,1,12,37,12037,4,2008,1FAHP35N08W2,1,F,A,H,P,3,5,N,0,8,W,2,0,0,0,000000000,00000000000,0,0,0,1,0,0,0,0,0,0,0,998,0,0,0,12,6,2,12,0,0,0,1,24,21636,6,1,6,0,3,0,69,190,0,0,0,0,0,0,0,0,0,0,0,0,0,0,1,2,25,4,1,2,1,3,3,1,67,1,1,1,83,0,0,3048
240341_2010,24,240341,1,1,1,10,10,10,49,33,0,1,0,24,1,73,706,73706,80,2007,JKAZX4P127A0,J,K,A,Z,X,4,P,1,2,7,A,0,0,0,0,000000000,00000000000,0,0,0,1,0,0,0,0,0,0,0,998,0,0,0,12,6,2,30,0,0,0,1,24,21673,6,1,0,0,3,0,66,180,0,0,0,1,0,10,2009,10,2009,0,0,0,0,0,1,2,40,1,1,2,1,0,0,1,9,99,9,4,2,1,0,3049
240341_2011,24,240341,1,2,1,23,2,14,40,12,2,1,0,24,1,49,32,49032,4,2010,2T1BU4EE9AC2,2,T,1,B,U,4,E,E,9,A,C,2,0,0,0,000000000,00000000000,0,0,0,1,0,0,0,0,0,0,0,998,0,0,0,12,6,2,12,0,0,0,1,24,20659,6,1,0,0,3,0,70,190,0,0,0,0,0,0,0,0,0,0,0,0,0,0,1,2,40,1,1,2,1,0,0,6,54,99,9,2,50,0,0,3050
240341_2011,24,240341,2,2,1,23,2,14,40,12,2,1,0,24,1,20,441,20441,20,1993,1GBDM19Z4PB1,1,G,B,D,M,1,9,Z,4,P,B,1,0,0,0,000000000,00000000000,0,0,0,1,0,0,0,0,0,0,0,998,0,0,0,12,6,2,12,0,0,0,1,24,20613,6,1,0,0,3,0,68,156,0,0,0,0,0,0,0,0,0,0,0,0,0,0,1,2,40,1,1,2,1,0,0,1,62,99,9,9,51,1,0,3051
240342_2010,24,240342,1,1,1,7,9,5,55,8,0,1,0,24,1,37,31,37031,4,1994,1HGEG8657RL3,1,H,G,E,G,8,6,5,7,R,L,3,0,0,0,000000000,00000000000,0,0,0,1,0,0,0,0,0,0,0,998,0,0,0,12,6,2,8,0,0,0,1,24,21536,6,1,0,0,3,0,70,220,0,0,0,1,0,4,2008,4,2008,0,0,0,0,0,1,2,40,1,2,2,1,0,0,1,80,99,1,1,13,0,0,3052
240342_2011,24,240342,1,1,4,19,5,20,44,42,0,1,0,24,5,59,32,59032,4,1991,JT8UF11E6M00,J,T,8,U,F,1,1,E,6,M,0,0,0,0,0,000000000,00000000000,0,0,0,1,0,0,0,0,0,0,0,998,0,0,0,3,6,2,42,0,0,0,1,24,21213,2,1,0,0,2,2,71,163,0,1,0,0,1,1,2010,3,2010,1,74,28,87,0,1,4,30,1,2,2,2,0,0,1,6,1,9,4,7,1,1,3053
240343_2010,24,240343,1,1,1,5,9,1,5,35,0,1,0,24,1,12,471,12471,30,2002,1FTYR10U72PB,1,F,T,Y,R,1,0,U,7,2,P,B,0,0,0,000000000,00000000000,0,0,0,1,0,0,0,0,0,0,0,998,0,1,6,14,6,2,1,0,0,0,1,24,21550,6,1,0,0,3,0,67,140,0,0,0,2,2,10,2008,8,2010,0,0,0,0,0,1,2,50,4,2,1,1,0,0,14,8,99,2,4,2,1,1,3054
240343_2011,24,240343,1,1,2,13,6,23,40,8,0,1,1,24,2,13,12,13012,4,2001,1LNHM87A61Y7,1,L,N,H,M,8,7,A,6,1,Y,7,0,0,0,000000000,00000000000,0,0,0,1,0,0,0,0,0,0,0,998,0,0,0,12,4,1,8,0,0,0,1,24,21144,6,1,0,0,3,0,67,160,0,1,0,0,0,2,2010,2,2010,0,0,0,0,0,3,3,35,1,1,2,1,0,0,3,80,1,1,1,13,0,1,3055
240344_2010,24,240344,1,2,3,15,9,20,33,12,2,1,0,24,2,49,40,49040,4,1998,4T1BG22KXWU2,4,T,1,B,G,2,2,K,X,W,U,2,0,0,0,000000000,00000000000,0,0,0,1,0,0,0,0,0,0,0,998,0,0,0,12,6,2,12,0,0,0,1,24,21042,6,1,0,0,3,0,69,150,0,0,0,0,0,0,0,0,0,0,28,0,0,0,3,2,55,1,1,2,1,0,0,1,8,1,1,2,50,0,0,3056
240344_2010,24,240344,2,2,2,15,9,20,33,12,2,1,0,24,2,20,34,20034,4,1996,2C1MR5298T67,2,C,1,M,R,5,2,9,8,T,6,7,0,0,0,000000000,00000000000,0,0,0,1,0,0,0,0,0,0,0,998,0,0,0,12,6,2,12,0,0,0,1,24,21227,6,1,0,0,3,0,65,185,0,0,0,0,0,0,0,0,0,0,0,0,0,0,3,2,55,1,1,2,1,0,0,1,62,99,1,1,51,1,0,3057
240344_2011,24,240344,1,1,1,23,7,2,54,30,0,1,0,24,1,24,1,24001,4,2002,1G8ZH528X2Z2,1,G,8,Z,H,5,2,8,X,2,Z,2,0,0,0,000000000,00000000000,0,0,0,1,0,0,0,0,0,0,0,998,0,1,6,12,6,2,1,0,0,0,1,24,21060,6,1,0,0,3,0,67,189,0,0,0,0,1,1,2010,1,2010,1,28,0,0,0,1,2,30,1,1,2,1,0,0,1,11,1,1,4,1,1,0,3058
240345_2010,24,240345,1,2,1,17,9,13,59,12,6,1,0,24,1,19,16,19016,4,1984,1G6AG69P8EJ4,1,G,6,A,G,6,9,P,8,E,J,4,0,0,0,000000000,00000000000,0,0,0,1,0,0,0,0,0,0,0,998,0,0,0,3,6,2,12,0,0,0,1,24,20904,6,1,0,0,3,0,72,180,0,0,0,0,2,5,2009,5,2009,0,38,36,0,0,3,3,35,1,1,2,1,3,3,11,15,1,1,1,68,0,0,3059
240345_2010,24,240345,2,2,1,17,9,13,59,12,6,1,0,24,1,73,706,73706,80,2006,JKBZXNA186A0,J,K,B,Z,X,N,A,1,8,6,A,0,0,0,0,000000000,00000000000,0,0,0,1,0,0,0,0,0,0,0,998,0,0,0,12,6,2,12,0,0,0,1,24,20707,6,1,0,0,3,0,77,265,0,0,0,0,0,0,0,0,0,0,0,0,0,0,3,3,35,1,1,2,1,3,3,1,62,3,2,9,69,1,0,3060
240345_2011,24,240345,1,3,3,2,9,9,16,12,6,1,0,24,1,7,18,7018,4,1992,1B3XC56R4ND8,1,B,3,X,C,5,6,R,4,N,D,8,0,0,0,000000000,00000000000,0,0,0,1,0,0,0,0,0,0,0,998,0,0,0,3,6,2,12,0,0,0,1,24,21849,6,1,0,0,3,0,69,145,0,0,0,0,0,0,0,0,0,0,39,0,0,0,3,2,55,1,1,2,1,3,3,11,15,1,1,1,68,1,0,3061
240345_2011,24,240345,2,3,1,2,9,9,16,12,6,1,0,24,2,20,421,20421,15,2009,1GNFK13579R1,1,G,N,F,K,1,3,5,7,9,R,1,0,0,0,000000000,00000000000,0,0,0,1,0,0,0,0,0,0,0,998,0,0,0,12,6,2,12,0,0,0,1,24,21093,6,1,0,0,3,0,71,200,0,0,0,0,0,0,0,0,0,0,0,0,0,0,3,2,55,1,1,2,1,3,3,1,62,99,1,1,69,0,0,3062
240345_2011,24,240345,3,3,1,2,9,9,16,12,6,1,0,24,1,35,443,35443,20,2007,5N1BV28U87N1,5,N,1,B,V,2,8,U,8,7,N,1,0,0,0,000000000,00000000000,0,0,0,1,0,0,0,0,0,0,0,998,0,0,0,3,4,1,12,0,0,0,1,24,21804,6,1,99,9,3,9,63,155,0,0,0,0,0,0,0,0,0,0,0,0,0,0,3,2,55,1,1,2,1,3,3,1,62,99,1,1,98,0,0,3063
240346_2010,24,240346,1,1,1,9,9,6,40,33,0,1,0,24,1,12,423,12423,15,2001,1FMNU40L51ED,1,F,M,N,U,4,0,L,5,1,E,D,0,0,0,000000000,00000000000,0,0,0,1,0,0,0,0,0,0,0,998,0,0,0,14,6,2,42,0,0,0,1,24,20662,1,1,0,0,2,2,70,210,0,2,0,0,2,6,2008,9,2010,1,74,0,0,0,1,8,30,1,2,8,1,0,0,1,6,1,4,4,7,1,1,3064
240346_2011,24,240346,1,1,4,16,9,20,8,8,0,1,0,24,1,14,401,14401,14,2002,4M2ZU66E42UJ,4,M,2,Z,U,6,6,E,4,2,U,J,0,0,0,000000000,00000000000,0,0,0,1,0,0,0,0,0,0,0,51,0,0,0,12,2,1,8,0,0,0,1,24,21205,6,1,0,0,3,0,62,130,0,0,0,0,0,0,0,0,0,0,0,0,0,0,3,2,50,1,1,2,1,0,0,1,80,4,1,1,13,0,0,3065
240347_2010,24,240347,1,1,2,2,10,2,21,35,0,1,0,24,2,19,3,19003,4,2003,1G6KD54Y63U2,1,G,6,K,D,5,4,Y,6,3,U,2,0,0,0,000000000,00000000000,0,0,0,1,0,0,0,0,0,0,0,998,0,0,0,12,6,2,31,0,0,0,1,24,21640,2,1,0,0,2,2,74,200,0,1,0,0,0,10,2007,10,2007,1,28,36,74,0,1,2,40,1,1,2,1,0,0,1,6,4,2,4,7,1,1,3066
240347_2011,24,240347,1,1,5,25,9,4,35,35,0,1,0,0,0,98,739,98739,90,2001,4XARD50A01D6,4,X,A,R,D,5,0,A,0,1,D,6,0,0,0,000000000,00000000000,0,0,0,1,0,0,0,0,0,0,0,998,0,0,0,12,6,2,35,0,0,0,1,24,21074,6,1,0,0,3,0,72,190,0,0,0,0,0,0,0,0,0,1,39,0,0,0,1,2,30,1,6,2,1,20,3,1,14,1,1,4,14,2,1,3067
240348_2010,24,240348,1,1,1,12,10,11,39,8,0,1,0,24,1,20,403,20403,14,2006,1GNDS13S2621,1,G,N,D,S,1,3,S,2,6,2,1,0,0,0,000000000,00000000000,0,0,0,1,0,0,0,0,0,0,0,998,0,0,0,12,2,1,8,0,0,0,1,24,21009,6,1,0,0,3,0,60,140,0,0,0,2,0,10,2009,10,2009,0,38,0,0,0,1,2,25,1,1,2,1,2,2,11,80,1,1,1,13,0,0,3068
240348_2011,24,240348,1,2,1,2,10,13,6,12,1,1,0,24,1,21,20,21020,4,1998,1G3NB52M3W63,1,G,3,N,B,5,2,M,3,W,6,3,0,0,0,000000000,00000000000,0,0,0,1,0,0,0,0,0,0,0,998,0,0,0,12,6,2,12,0,0,0,1,24,21207,0,0,0,0,0,0,63,135,0,0,0,0,0,0,0,0,0,0,28,0,0,0,5,4,35,1,3,2,1,0,0,1,10,1,1,1,24,1,1,3069
240348_2011,24,240348,2,2,4,2,10,13,6,12,1,1,0,24,1,12,401,12401,14,2002,1FMZU73E92UA,1,F,M,Z,U,7,3,E,9,2,U,A,0,0,0,000000000,00000000000,0,0,0,1,0,0,0,0,0,0,0,998,0,0,0,6,6,2,12,0,0,0,1,24,21226,6,1,0,0,3,0,65,115,0,0,0,0,0,0,0,0,0,0,0,0,0,0,5,4,35,1,3,2,1,0,0,3,53,1,1,1,25,0,0,3070
240349_2010,24,240349,1,1,2,17,10,2,18,33,0,1,0,99,9,18,2,18002,4,2004,1G4HP52K04U1,1,G,4,H,P,5,2,K,0,4,U,1,0,0,0,000000000,00000000000,0,0,0,1,0,0,0,0,0,0,0,998,0,0,0,98,6,2,31,0,0,0,1,24,21207,6,1,0,0,3,0,69,130,0,0,0,0,0,0,0,0,0,1,0,0,0,0,3,3,35,1,2,2,1,0,0,1,6,99,9,4,2,1,1,3071
240349_2011,24,240349,1,1,1,1,10,19,41,49,0,1,0,24,2,12,481,12481,31,2004,1FTRX12W34NB,1,F,T,R,X,1,2,W,3,4,N,B,0,0,0,000000000,00000000000,0,0,0,1,0,0,0,0,0,0,0,998,0,0,0,12,6,2,49,0,0,0,1,24,20602,6,1,0,0,3,0,70,155,0,0,0,0,1,12,2010,12,2010,0,38,0,0,0,2,2,55,1,1,2,1,0,0,1,80,1,1,1,13,0,0,3072
240350_2010,24,240350,1,2,1,11,10,23,52,8,0,1,0,24,1,19,3,19003,4,1996,1G6KD52YXTU2,1,G,6,K,D,5,2,Y,X,T,U,2,0,0,0,000000000,00000000000,0,0,0,1,0,0,0,0,0,0,0,998,0,0,0,12,6,2,8,0,0,0,1,24,20878,6,1,0,0,3,0,77,190,0,0,0,1,0,9,2008,9,2008,0,0,0,0,0,3,4,55,1,1,2,1,0,0,3,80,1,1,1,13,0,0,3073
240350_2010,24,240350,2,2,2,11,10,23,52,8,0,1,0,24,3,92,981,92981,52,2009,15GGE2719910,1,5,G,G,E,2,7,1,9,9,1,0,0,0,88,888888888,88888888888,3,21,22,1,0,0,0,0,99,0,0,998,0,0,0,12,4,1,8,0,0,0,1,54,25414,6,1,6,0,3,0,66,150,0,0,0,0,0,0,0,0,0,0,0,0,0,0,3,4,55,1,1,2,1,0,0,1,80,99,1,1,98,0,0,3074
240350_2011,24,240350,1,1,1,12,10,7,37,19,0,1,0,99,9,99,999,99999,99,9999,999999999999,9,9,9,9,9,9,9,9,9,9,9,9,0,0,0,000000000,00000000000,0,0,0,1,0,0,0,0,0,0,0,998,0,0,0,5,6,2,19,0,0,0,1,24,21122,6,2,0,0,3,0,68,123,0,0,0,0,0,0,0,0,0,1,0,0,0,0,3,3,40,1,1,2,2,0,0,1,10,1,1,4,6,1,0,3075
240351_2010,24,240351,1,1,1,21,10,13,30,8,0,1,0,24,1,30,421,30421,15,2004,WVGBC67L54D0,W,V,G,B,C,6,7,L,5,4,D,0,0,0,0,000000000,00000000000,0,0,0,1,0,0,0,0,0,0,0,998,0,0,0,12,6,2,8,0,0,0,1,24,20782,6,7,0,0,3,0,71,160,0,0,0,0,0,0,0,0,0,0,28,0,0,0,3,2,50,1,1,2,1,0,0,1,80,1,1,4,13,0,0,3076
240351_2011,24,240351,1,2,1,9,10,21,21,12,1,1,0,24,2,37,706,37706,80,2007,JH2SC570X7M3,J,H,2,S,C,5,7,0,X,7,M,3,0,0,0,000000000,00000000000,0,0,0,1,0,0,0,0,0,0,0,998,0,0,0,12,6,2,12,0,0,0,1,24,20708,6,1,0,0,3,0,69,180,0,0,0,1,0,9,2011,9,2011,1,26,0,0,0,1,2,35,1,1,2,1,0,0,1,51,99,1,1,24,1,1,3077
240351_2011,24,240351,2,2,1,9,10,21,21,12,1,1,0,24,3,35,51,35051,6,2011,JN8AS5MV4BW6,J,N,8,A,S,5,M,V,4,B,W,6,0,0,0,000000000,00000000000,0,0,0,1,0,0,0,0,0,0,0,998,0,0,0,6,4,3,12,0,0,0,1,24,20602,6,1,0,0,3,0,66,146,0,0,0,0,0,0,0,0,0,0,0,0,0,0,1,2,35,1,1,2,1,0,0,1,53,1,1,1,25,0,0,3078
240352_2010,24,240352,1,2,1,24,10,2,44,12,2,1,0,24,3,20,461,20461,21,2006,1GCGG29V8611,1,G,C,G,G,2,9,V,8,6,1,1,0,0,0,000000000,00000000000,0,0,0,1,0,0,0,0,0,0,0,998,0,0,0,12,6,2,12,0,0,0,1,24,21613,6,1,0,0,3,0,70,175,0,2,0,1,0,9,2008,8,2010,0,28,0,0,0,1,2,55,1,1,2,1,0,0,1,10,99,1,1,50,0,1,3079
240352_2010,24,240352,2,2,1,24,10,2,44,12,2,1,0,24,2,63,33,63033,4,2008,KNAFE1225855,K,N,A,F,E,1,2,2,5,8,5,5,0,0,0,000000000,00000000000,0,0,0,1,0,0,0,0,0,0,0,998,0,0,0,12,6,2,12,0,0,0,1,24,21640,6,1,0,0,3,0,70,230,0,0,0,0,0,0,0,0,0,0,0,0,0,0,1,2,55,1,1,2,1,0,0,1,62,99,1,1,51,1,1,3080