st_case_year,STATE,ST_CASE,VEH_NO,VE_FORMS,NUMOCCS,DAY,MONTH,HOUR,MINUTE,HARM_EV,MAN_COLL,UNITTYPE,HIT_RUN,REG_STAT,OWNER,MAKE,MODEL,MAK_MOD,BODY_TYP,MOD_YEAR,VIN,VIN_1,VIN_2,VIN_3,VIN_4,VIN_5,VIN_6,VIN_7,VIN_8,VIN_9,VIN_10,VIN_11,VIN_12,TOW_VEH,J_KNIFE,MCARR_I1,MCARR_I2,MCARR_ID,GVWR,V_CONFIG,CARGO_BT,HAZ_INV,HAZ_PLAC,HAZ_ID,HAZ_CNO,HAZ_REL,BUS_USE,SPEC_USE,EMER_USE,TRAV_SP,UNDERIDE,ROLLOVER,ROLINLOC,IMPACT1,DEFORMED,TOWED,M_HARM,VEH_SC1,VEH_SC2,FIRE_EXP,DR_PRES,L_STATE,DR_ZIP,L_STATUS,L_TYPE,CDL_STAT,L_ENDORS,L_COMPL,L_RESTRI,DR_HGT,DR_WGT,PREV_ACC,PREV_SUS,PREV_DWI,PREV_SPD,PREV_OTH,FIRST_MO,FIRST_YR,LAST_MO,LAST_YR,SPEEDREL,DR_SF1,DR_SF2,DR_SF3,DR_SF4,VTRAFWAY,VNUM_LAN,VSPD_LIM,VALIGN,VPROFILE,VPAVETYP,VSURCOND,VTRAFCON,VTCONT_F,P_CRASH1,P_CRASH2,P_CRASH3,PCRASH4,PCRASH5,ACC_TYPE,DEATHS,DR_DRINK,idno
240386_2010,24,240386,1,2,1,26,11,20,2,12,1,1,0,24,3,84,881,84881,62,2004,1HTMMAAM84H6,1,H,T,M,M,A,A,M,8,4,H,6,0,0,57,1282798,571282798,2,1,1,1,0,0,0,0,0,0,0,998,0,0,0,6,4,3,12,0,0,0,1,24,20784,6,1,0,0,3,0,72,190,0,0,0,1,0,7,2009,7,2009,0,99,99,99,99,3,2,45,1,1,2,1,0,0,1,17,1,1,1,90,0,0,3192
240386_2010,24,240386,2,2,1,26,11,20,2,12,1,1,0,24,1,49,40,49040,4,2007,4T1BK46K37U0,4,T,1,B,K,4,6,K,3,7,U,0,0,0,0,000000000,00000000000,0,0,0,1,0,0,0,0,0,0,0,998,0,0,0,12,6,2,12,0,0,0,1,24,20602,6,1,0,0,3,0,69,195,0,0,0,0,0,0,0,0,0,0,0,0,0,0,3,2,45,1,1,2,1,0,0,1,66,1,1,1,90,1,0,3193
240386_2011,24,240386,1,6,2,26,11,5,8,12,1,1,0,24,3,20,461,20461,21,1999,1GCHG35R5X10,1,G,C,H,G,3,5,R,5,X,1,0,0,0,0,000000000,00000000000,0,0,0,1,0,0,0,0,0,0,0,998,0,0,0,12,6,2,12,0,0,0,1,51,22611,6,1,0,0,3,0,69,175,0,0,0,0,0,0,0,0,0,0,26,0,0,0,3,3,65,1,3,2,1,0,0,1,50,1,1,1,20,0,0,3194
240386_2011,24,240386,2,6,4,26,11,5,8,12,1,1,0,24,1,49,32,49032,4,1999,1NXBR12E0XZ2,1,N,X,B,R,1,2,E,0,X,Z,2,0,0,0,000000000,00000000000,0,0,0,1,0,0,0,0,0,0,0,0,0,0,0,6,6,2,12,0,0,0,1,24,21702,6,1,0,0,3,0,65,130,0,0,0,0,0,0,0,0,0,0,0,0,0,0,3,3,65,1,3,2,1,0,0,5,53,1,1,1,21,2,0,3195
240386_2011,24,240386,3,6,1,26,11,5,8,12,1,1,0,24,2,12,473,12473,30,2002,1FMZU77E72UB,1,F,M,Z,U,7,7,E,7,2,U,B,0,0,0,000000000,00000000000,0,0,0,1,0,0,0,0,0,0,0,0,0,0,0,6,6,2,12,0,0,0,1,24,20833,6,1,0,0,3,3,71,160,0,2,0,0,1,10,2010,5,2011,0,0,0,0,0,3,3,65,1,3,2,1,0,0,5,53,1,1,1,98,0,0,3196
240386_2011,24,240386,4,6,2,26,11,5,8,12,1,1,0,24,2,48,401,48401,14,2009,JF2SH61609H7,J,F,2,S,H,6,1,6,0,9,H,7,0,0,0,000000000,00000000000,0,0,0,1,0,0,0,0,0,0,0,0,0,0,0,18,6,2,54,0,0,0,1,35,87123,6,1,0,0,3,0,68,160,98,0,0,0,0,0,0,0,0,0,0,0,0,0,3,3,65,1,3,2,1,0,0,5,53,1,1,1,98,0,0,3197
240386_2011,24,240386,5,6,1,26,11,5,8,12,1,1,0,24,1,49,32,49032,4,2006,2T1BR32E16C7,2,T,1,B,R,3,2,E,1,6,C,7,0,0,0,000000000,00000000000,0,0,0,1,0,0,0,0,0,0,0,0,0,0,0,18,4,3,54,0,0,0,1,24,21713,6,1,0,0,3,0,73,240,0,0,0,0,0,0,0,0,0,0,0,0,0,0,3,3,65,1,3,2,1,0,0,5,53,1,1,1,98,0,0,3198
240386_2011,24,240386,6,6,1,26,11,5,8,12,1,1,0,51,3,12,422,12422,15,2000,1FMPU16L1YLA,1,F,M,P,U,1,6,L,1,Y,L,A,0,0,0,000000000,00000000000,0,0,0,1,0,0,0,0,0,0,0,0,0,0,0,18,2,1,54,0,0,0,1,24,21666,6,1,0,0,3,0,70,185,0,0,0,0,0,0,0,0,0,0,0,0,0,0,3,3,65,1,3,2,1,0,0,5,53,1,1,1,98,0,0,3199
240387_2010,24,240387,1,1,1,30,11,6,19,53,0,1,0,24,2,39,32,39032,4,2002,SAJDA14C12LF,S,A,J,D,A,1,4,C,1,2,L,F,0,0,0,000000000,00000000000,0,0,0,1,0,0,0,0,0,0,0,998,0,0,0,12,6,2,42,0,0,0,1,24,20721,6,1,0,0,3,0,71,220,0,0,0,0,0,0,0,0,0,0,28,0,0,0,1,2,25,1,1,2,1,0,0,1,9,99,9,4,7,1,0,3200
240387_2011,24,240387,1,1,1,1,11,6,33,8,0,1,0,24,1,7,24,7024,4,2007,2B3KA43RX7H8,2,B,3,K,A,4,3,R,X,7,H,8,0,0,0,000000000,00000000000,0,0,0,1,0,0,0,0,0,0,0,998,0,0,0,12,4,3,8,0,0,0,1,24,20769,6,1,0,0,3,3,70,150,0,0,0,0,0,0,0,0,0,0,0,0,0,0,1,4,99,1,1,2,2,0,0,1,80,1,1,1,13,0,0,3201
240388_2011,24,240388,1,1,1,29,10,21,51,42,0,1,0,24,1,55,33,55033,4,2002,KMHWF35HX2A6,K,M,H,W,F,3,5,H,X,2,A,6,0,0,0,000000000,00000000000,0,0,0,1,0,0,0,0,0,0,0,998,0,0,0,12,6,2,42,0,0,0,1,24,21044,6,1,0,0,3,3,67,190,0,0,0,0,1,2,2009,2,2009,1,0,0,0,0,2,3,35,4,1,2,2,0,0,14,13,1,1,4,1,1,0,3202
240389_2010,24,240389,1,1,3,29,11,2,3,35,0,1,0,24,1,22,18,22018,2,1996,1G2NE12T7TM5,1,G,2,N,E,1,2,T,7,T,M,5,0,0,0,000000000,00000000000,0,0,0,1,0,0,0,0,0,0,0,998,0,0,0,12,6,2,42,0,0,0,1,24,20785,6,1,0,0,2,2,59,100,0,2,0,0,0,5,2010,9,2010,1,74,0,0,0,3,2,50,1,1,2,1,0,0,1,8,99,9,4,2,1,1,3203
240389_2011,24,240389,1,2,1,30,10,21,50,12,11,1,0,24,1,49,401,49401,14,1998,JT3HN86R0W01,J,T,3,H,N,8,6,R,0,W,0,1,0,0,0,000000000,00000000000,0,0,0,1,0,0,0,0,0,0,0,998,0,0,0,11,6,2,12,0,0,0,1,24,20708,6,1,0,0,3,0,65,150,0,0,0,0,0,0,0,0,0,0,28,0,0,0,1,2,40,1,1,2,1,0,0,1,10,1,1,1,48,1,0,3204
240389_2011,24,240389,2,2,1,30,10,21,50,12,11,1,0,24,1,12,481,12481,31,1997,1FTDX186XVNA,1,F,T,D,X,1,8,6,X,V,N,A,0,0,0,000000000,00000000000,0,0,0,1,0,0,0,0,0,0,0,998,0,1,6,12,6,2,1,0,0,0,1,24,20772,6,1,0,0,3,0,74,235,0,0,0,0,0,0,0,0,0,0,0,0,0,0,1,2,40,1,1,2,1,0,0,1,61,1,1,1,48,0,0,3205
240390_2010,24,240390,1,1,1,1,11,20,38,8,0,1,0,24,1,12,17,12017,4,2000,1FAFP58S1YA1,1,F,A,F,P,5,8,S,1,Y,A,1,0,0,0,000000000,00000000000,0,0,0,1,0,0,0,0,0,0,0,998,0,0,0,12,6,2,8,0,0,0,1,24,21093,6,1,0,0,3,0,70,165,0,0,0,0,0,0,0,0,0,0,39,0,0,0,5,4,40,1,2,2,1,0,0,1,80,1,1,1,13,0,0,3206
240390_2011,24,240390,1,2,2,27,10,12,48,12,6,1,0,24,2,49,46,49046,4,2003,JT2BK18U8300,J,T,2,B,K,1,8,U,8,3,0,0,0,0,0,000000000,00000000000,0,0,0,1,0,0,0,0,0,0,0,998,0,0,0,1,6,2,12,36,0,0,1,24,20882,6,1,0,0,3,3,63,130,0,0,0,0,0,0,0,0,0,0,38,0,0,0,2,2,45,1,1,2,2,3,3,11,15,1,1,1,68,0,0,3207
240390_2011,24,240390,2,2,1,27,10,12,48,12,6,1,0,24,1,49,402,49402,14,2007,JTMBD33V0760,J,T,M,B,D,3,3,V,0,7,6,0,0,0,0,000000000,00000000000,0,0,0,1,0,0,0,0,0,0,0,998,0,0,0,12,6,2,42,0,0,0,1,24,20855,6,1,0,0,3,0,70,125,0,0,0,0,0,0,0,0,0,0,0,0,0,0,2,2,45,1,1,2,2,3,3,1,62,1,1,1,69,1,0,3208
240391_2010,24,240391,1,1,1,21,11,16,26,33,0,1,0,24,1,12,1,12001,2,1964,4H01H110507,4,H,0,1,H,1,1,0,5,0,7,NULL,0,0,0,000000000,00000000000,0,0,0,1,0,0,0,0,0,0,0,998,0,1,6,14,6,2,30,0,0,1,1,24,21222,6,1,0,0,3,0,72,180,0,0,0,0,0,0,0,0,0,1,0,0,0,0,1,2,30,4,2,2,1,0,0,14,6,3,3,4,2,1,1,3209
240391_2011,24,240391,1,2,4,22,11,17,31,8,0,1,0,24,1,22,22,22022,4,2008,1G2ZF57BX841,1,G,2,Z,F,5,7,B,X,8,4,1,0,0,0,000000000,00000000000,0,0,0,1,0,0,0,0,0,0,0,998,0,0,0,12,4,3,8,0,0,0,1,24,21237,2,1,0,0,2,2,75,218,0,1,1,0,0,2,2010,4,2010,0,74,0,0,0,1,2,30,1,1,2,2,0,0,1,80,1,1,1,13,0,1,3210
240391_2011,24,240391,2,2,1,22,11,17,31,8,0,1,0,24,2,55,35,55035,4,2002,KMHDN45D52U4,K,M,H,D,N,4,5,D,5,2,U,4,0,0,0,000000000,00000000000,0,0,0,1,0,0,0,0,0,0,0,998,0,0,0,12,6,2,8,0,0,0,1,24,21220,6,1,0,0,3,0,74,250,0,0,0,0,0,0,0,0,0,0,0,0,0,0,1,2,30,1,1,2,2,0,0,1,80,1,1,1,98,0,0,3211
240392_2010,24,240392,1,1,1,23,11,1,53,8,0,1,0,12,1,37,32,37032,4,2010,1HGCP2F77AA1,1,H,G,C,P,2,F,7,7,A,A,1,0,0,0,000000000,00000000000,0,0,0,1,0,0,0,0,0,0,0,998,0,0,0,12,6,2,8,0,0,0,1,24,21158,6,1,0,0,3,0,81,225,0,0,0,0,0,0,0,0,0,0,0,0,0,0,3,2,55,1,1,2,1,0,0,1,80,1,1,1,13,0,0,3212
240392_2011,24,240392,1,1,1,3,11,17,30,35,0,1,0,24,1,6,52,6052,6,2005,3C4FY48BX5T5,3,C,4,F,Y,4,8,B,X,5,T,5,0,0,0,000000000,00000000000,0,0,0,1,0,0,0,0,0,0,0,998,0,1,5,12,6,2,1,0,0,0,1,24,21536,6,1,0,0,3,0,66,180,0,0,0,0,0,0,0,0,0,0,0,0,0,0,1,2,50,3,2,2,1,0,0,14,12,7,2,4,7,1,1,3213
240393_2010,24,240393,1,1,2,27,11,23,31,14,0,1,0,24,2,22,18,22018,4,1992,1G2NE5430NM0,1,G,2,N,E,5,4,3,0,N,M,0,0,0,0,000000000,00000000000,0,0,0,1,0,0,0,0,0,0,0,998,0,0,0,12,6,2,14,0,0,0,1,24,21740,6,1,0,0,3,0,70,150,0,0,0,0,0,0,0,0,0,1,0,0,0,0,3,2,65,1,1,2,1,0,0,1,11,1,1,4,1,1,0,3214
240393_2011,24,240393,1,2,2,20,10,22,28,12,6,1,0,34,2,7,402,7402,14,2002,1B4HS38NX2F1,1,B,4,H,S,3,8,N,X,2,F,1,0,0,0,000000000,00000000000,0,0,0,1,0,0,0,0,0,0,0,998,0,0,0,12,6,2,12,0,0,0,1,34,8083,6,1,0,0,3,0,70,999,0,0,2,1,1,3,2010,9,2010,0,39,0,0,0,3,2,25,1,1,2,1,3,3,1,17,1,1,1,86,1,1,3215
240393_2011,24,240393,2,2,2,20,10,22,28,12,6,1,0,24,2,52,37,52037,2,1997,4A3AK44Y0VE0,4,A,3,A,K,4,4,Y,0,V,E,0,0,0,0,000000000,00000000000,0,0,0,1,0,0,0,0,0,0,0,998,0,0,0,3,6,2,12,0,0,0,1,24,21221,6,1,0,0,3,0,71,155,0,0,0,0,1,3,2011,3,2011,0,0,0,0,0,3,2,25,1,1,2,1,3,3,1,66,1,1,1,87,1,0,3216
240394_2010,24,240394,1,1,2,27,11,2,11,42,0,1,0,24,1,37,32,37032,4,1998,1HGCG5653WA1,1,H,G,C,G,5,6,5,3,W,A,1,0,0,0,000000000,00000000000,0,0,0,1,0,0,0,0,0,0,0,998,0,0,0,3,6,2,42,0,0,0,1,24,21029,6,1,0,0,3,0,66,155,0,0,0,0,0,0,0,0,0,1,36,0,0,0,1,2,25,3,2,2,1,0,0,14,9,1,9,4,7,1,1,3217
240394_2011,24,240394,1,1,2,8,10,4,15,42,0,1,0,24,2,55,33,55033,4,2006,5NPEU46F16H0,5,N,P,E,U,4,6,F,1,6,H,0,0,0,0,000000000,00000000000,0,0,0,1,0,0,0,0,0,0,0,998,0,0,0,12,6,2,42,0,0,0,1,24,20854,6,1,0,0,3,2,67,150,0,2,0,0,1,2,2011,7,2011,0,74,0,0,0,3,2,40,1,1,2,1,0,0,1,12,99,3,4,7,1,1,3218
240395_2010,24,240395,1,2,2,29,11,17,52,12,6,1,0,24,1,42,42,42042,4,2000,WDBHA24G2YA8,W,D,B,H,A,2,4,G,2,Y,A,8,0,0,0,000000000,00000000000,0,0,0,1,0,0,0,0,0,0,0,998,0,0,0,3,6,2,12,0,0,0,1,24,21916,6,1,0,0,3,0,75,190,0,0,0,0,0,0,0,0,0,0,38,36,0,0,1,2,50,1,2,2,1,0,0,11,15,1,1,1,68,1,1,3219
240395_2010,24,240395,2,2,1,29,11,17,52,12,6,1,0,24,2,51,45,51045,4,2008,YV1AS9821810,Y,V,1,A,S,9,8,2,1,8,1,0,0,0,0,000000000,00000000000,0,0,0,1,0,0,0,0,0,0,0,998,0,0,0,12,6,2,12,0,0,0,1,24,21904,6,1,0,0,3,0,64,124,0,0,0,0,0,0,0,0,0,0,0,0,0,0,1,2,50,1,2,2,1,0,0,1,62,1,1,1,69,0,0,3220
240395_2011,24,240395,1,1,1,3,1,20,11,8,0,1,1,24,1,6,54,6054,6,2005,2C8GF68475R2,2,C,8,G,F,6,8,4,7,5,R,2,0,0,0,000000000,00000000000,0,0,0,1,0,0,0,0,0,0,0,998,0,0,0,12,4,1,8,0,0,0,1,24,20616,6,1,0,0,3,0,64,150,0,0,0,0,0,0,0,0,0,0,0,0,0,0,3,3,55,1,2,2,1,0,0,1,11,1,1,4,13,0,0,3221
240396_2010,24,240396,1,2,2,23,10,4,39,12,6,1,0,24,1,18,7,18007,4,2002,2G4WS52J1211,2,G,4,W,S,5,2,J,1,2,1,1,0,0,0,000000000,00000000000,0,0,0,1,0,0,0,0,0,0,0,998,0,0,0,3,6,2,12,0,0,0,1,24,20740,6,1,0,0,3,0,70,200,0,0,0,0,0,0,0,0,0,0,38,0,0,0,3,2,45,4,1,2,1,3,3,11,15,1,1,1,68,1,0,3222
240396_2010,24,240396,2,2,1,23,10,4,39,12,6,1,0,24,1,51,42,51042,4,1995,YV1LS5513S22,Y,V,1,L,S,5,5,1,3,S,2,2,0,0,0,000000000,00000000000,0,0,0,1,0,0,0,0,0,0,0,998,0,0,0,12,6,2,12,0,0,0,1,24,20906,6,1,0,0,3,0,64,145,0,1,0,0,1,8,2009,12,2009,0,0,0,0,0,3,2,45,4,1,2,1,3,3,14,62,1,1,1,69,0,1,3223
240396_2011,24,240396,1,1,1,27,11,2,58,30,0,1,0,42,1,7,482,7482,31,2007,3D7KS28C57G7,3,D,7,K,S,2,8,C,5,7,G,7,0,0,0,000000000,00000000000,0,0,0,1,0,0,0,0,0,0,0,998,0,0,0,12,6,2,42,0,0,0,1,42,17363,6,1,0,0,3,0,71,999,0,0,0,0,0,0,0,0,0,0,0,0,0,0,1,2,45,1,1,2,1,0,0,1,13,6,1,4,1,1,1,3224
240397_2010,24,240397,1,2,3,22,10,12,42,12,6,1,0,24,1,20,22,20022,4,2008,1G1AK18F4873,1,G,1,A,K,1,8,F,4,8,7,3,0,0,0,000000000,00000000000,0,0,0,1,0,0,0,0,0,0,0,998,0,0,0,3,6,2,12,0,0,0,1,24,21219,6,1,0,0,3,0,66,138,0,0,0,0,0,0,0,0,0,0,0,0,0,0,5,4,40,1,1,2,1,0,0,3,17,1,1,1,87,1,0,3225
240397_2010,24,240397,2,2,3,22,10,12,42,12,6,1,0,24,1,7,422,7422,15,2008,1D8HB58218F1,1,D,8,H,B,5,8,2,1,8,F,1,0,0,0,000000000,00000000000,0,0,0,1,0,0,0,0,0,0,0,998,0,0,0,12,6,2,12,0,0,0,1,24,21108,6,1,0,0,3,0,66,180,0,0,0,0,0,0,0,0,0,0,0,0,0,0,5,4,40,1,1,2,1,0,0,1,71,1,1,1,86,0,0,3226
240397_2011,24,240397,1,1,1,26,11,23,11,42,0,1,0,24,2,37,32,37032,2,2000,1HGCG3175YA0,1,H,G,C,G,3,1,7,5,Y,A,0,0,0,0,000000000,00000000000,0,0,0,1,0,0,0,0,0,0,0,998,0,0,0,12,6,2,42,0,0,0,1,24,21635,6,1,0,0,3,2,66,170,0,0,0,0,1,8,2011,8,2011,1,74,0,0,0,1,2,50,1,1,2,1,0,0,1,13,1,1,4,1,1,1,3227
240398_2010,24,240398,1,1,1,16,12,6,15,42,0,1,0,24,2,6,54,6054,6,2005,2C8GF48455R5,2,C,8,G,F,4,8,4,5,5,R,5,0,0,0,000000000,00000000000,0,0,0,1,0,0,0,0,0,0,0,998,0,0,0,9,6,2,42,0,0,0,1,24,21502,6,1,0,0,3,0,70,270,0,0,0,1,0,8,2010,8,2010,1,28,0,0,0,1,2,30,2,3,2,1,0,0,14,6,4,3,4,2,1,0,3228
240398_2011,24,240398,1,1,1,1,12,8,28,1,0,1,0,24,1,35,48,35048,2,2003,JN1AZ34DX3T1,J,N,1,A,Z,3,4,D,X,3,T,1,0,0,0,000000000,00000000000,0,0,0,1,0,0,0,0,0,0,0,998,0,2,6,0,6,2,1,0,0,0,1,24,20693,6,1,0,0,3,0,70,150,0,0,0,0,0,0,0,0,0,0,0,0,0,0,1,2,50,3,2,2,1,0,0,14,13,1,1,4,1,1,1,3229
240399_2010,24,240399,1,1,1,4,10,19,20,42,0,1,0,10,2,6,43,6043,2,1999,4C3AU52NXXE1,4,C,3,A,U,5,2,N,X,X,E,1,0,0,0,000000000,00000000000,0,0,0,1,0,0,0,0,0,0,0,998,0,0,0,12,6,2,42,0,0,0,1,24,21837,6,1,0,0,3,0,62,160,0,0,1,1,0,11,2008,8,2010,1,28,0,0,0,1,2,40,1,1,2,1,0,0,1,6,1,9,4,7,1,0,3230
240399_2011,24,240399,1,1,1,1,12,1,40,30,0,1,0,24,2,24,1,24001,4,1998,1G8ZG5287WZ1,1,G,8,Z,G,5,2,8,7,W,Z,1,0,0,0,000000000,00000000000,0,0,0,1,0,0,0,0,0,0,0,998,0,0,0,9,6,2,30,0,0,0,1,24,21157,6,1,0,0,3,0,65,138,0,0,0,0,0,0,0,0,0,1,0,0,0,0,1,2,35,4,1,2,1,0,0,14,6,1,2,4,2,1,1,3231
240400_2010,24,240400,1,1,2,6,10,22,58,42,0,1,0,24,2,20,401,20401,14,1997,1GNCT18W4VK1,1,G,N,C,T,1,8,W,4,V,K,1,0,0,0,000000000,00000000000,0,0,0,1,0,0,0,0,0,0,0,998,0,1,6,1,6,2,1,0,0,0,1,24,21561,6,1,0,0,3,0,69,150,0,0,0,0,0,0,0,0,0,0,87,28,0,0,1,2,45,4,3,2,2,0,0,16,8,1,9,4,7,1,1,3232
240400_2011,24,240400,1,2,1,27,11,10,56,1,0,1,0,24,1,73,706,73706,80,2005,JKAZGCA105B5,J,K,A,Z,G,C,A,1,0,5,B,5,0,0,0,000000000,00000000000,0,0,0,1,0,0,0,0,0,0,0,998,0,0,0,0,6,2,1,0,0,0,1,24,21911,6,1,0,0,3,3,68,140,0,0,0,0,0,0,0,0,0,0,28,0,0,0,1,2,30,2,2,2,1,0,0,14,9,99,2,2,98,1,0,3233
240400_2011,24,240400,2,2,1,27,11,10,56,1,0,1,0,24,2,37,31,37031,2,2004,SHHEP33544U5,S,H,H,E,P,3,3,5,4,4,U,5,0,0,0,000000000,00000000000,0,0,0,1,0,0,0,0,0,0,0,998,0,0,0,12,6,2,12,0,0,0,1,24,21220,6,1,0,0,3,0,75,220,0,0,0,0,0,0,0,0,0,0,0,0,0,0,1,2,30,2,2,2,1,0,0,14,62,2,1,1,98,0,0,3234
240401_2010,24,240401,1,1,3,10,10,4,55,42,0,1,0,24,2,49,43,49043,4,1995,4T1GB10E0SU0,4,T,1,G,B,1,0,E,0,S,U,0,0,0,0,000000000,00000000000,0,0,0,1,0,0,0,0,0,0,0,998,0,0,0,12,6,2,42,0,0,0,1,24,21550,6,1,0,0,3,0,65,210,0,0,0,1,0,6,2008,6,2008,0,28,0,0,0,1,2,45,4,2,2,1,0,0,14,9,99,9,4,7,1,1,3235
240401_2011,24,240401,1,1,1,25,11,2,52,33,0,1,0,24,3,12,401,12401,14,2000,1FMZU84P7YZB,1,F,M,Z,U,8,4,P,7,Y,Z,B,0,0,0,000000000,00000000000,0,0,0,1,0,0,0,0,0,0,0,998,0,0,0,14,4,3,43,0,0,0,1,24,20860,6,1,0,0,3,3,74,180,0,0,0,0,0,0,0,0,0,0,0,0,0,0,1,2,30,3,1,2,1,98,8,14,12,1,1,4,6,1,0,3236
240402_2010,24,240402,1,1,4,6,11,1,59,42,0,1,0,24,2,6,52,6052,6,2001,3C8FY4BB91T6,3,C,8,F,Y,4,B,B,9,1,T,6,0,0,0,000000000,00000000000,0,0,0,1,0,0,0,0,0,0,0,998,0,0,0,12,6,2,42,0,0,0,1,24,21801,6,1,0,0,3,0,73,285,0,0,0,1,0,7,2010,7,2010,0,0,0,0,0,1,2,55,1,1,2,1,0,0,1,13,99,9,4,1,1,1,3237
240402_2011,24,240402,1,2,1,17,11,14,37,12,2,1,0,24,1,49,40,49040,4,1997,4T1BG22K9VU1,4,T,1,B,G,2,2,K,9,V,U,1,0,0,0,000000000,00000000000,0,0,0,1,0,0,0,0,0,0,0,998,0,0,0,12,6,2,12,0,0,0,1,24,20850,6,1,0,0,3,0,65,175,0,0,0,0,0,0,0,0,0,0,28,0,0,0,1,2,50,1,2,2,1,0,0,1,10,1,1,2,50,0,0,3238
240402_2011,24,240402,2,2,1,17,11,14,37,12,2,1,0,24,1,49,40,49040,4,1993,4T1SK12E9PU1,4,T,1,S,K,1,2,E,9,P,U,1,0,0,0,000000000,00000000000,0,0,0,1,0,0,0,0,0,0,0,998,0,0,0,12,6,2,12,0,0,0,1,24,20902,6,1,0,0,3,0,70,157,0,0,0,0,1,10,2009,10,2009,0,0,0,0,0,1,2,50,1,2,2,1,0,0,1,62,99,1,1,51,1,0,3239
240403_2010,24,240403,1,1,1,7,11,8,32,8,0,1,0,24,1,54,35,54035,4,2002,19UUA56612A0,1,9,U,U,A,5,6,6,1,2,A,0,0,0,0,000000000,00000000000,0,0,0,1,0,0,0,0,0,0,0,998,0,0,0,12,6,2,8,0,0,0,1,24,20906,6,1,0,0,3,0,65,170,0,0,0,1,1,10,2008,11,2008,0,38,0,0,0,3,2,35,1,1,2,1,2,3,11,80,1,1,1,13,0,0,3240
240403_2011,24,240403,1,1,1,1,12,18,37,8,0,1,0,24,1,20,481,20481,31,2007,2GCEC19C3716,2,G,C,E,C,1,9,C,3,7,1,6,0,0,0,000000000,00000000000,0,0,0,1,0,0,0,0,0,0,0,998,0,0,0,12,2,3,8,0,0,0,1,24,20853,6,1,0,0,3,0,64,150,0,0,0,3,0,4,2009,7,2011,0,0,0,0,0,1,2,30,1,2,2,1,0,0,1,80,1,1,1,13,0,0,3241
240404_2010,24,240404,1,2,1,20,11,15,29,12,2,1,0,28,2,20,461,20461,21,1999,1GBFG15R8X11,1,G,B,F,G,1,5,R,8,X,1,1,0,0,0,000000000,00000000000,0,0,0,1,0,0,0,0,0,0,0,998,0,1,5,12,6,2,12,0,0,0,1,11,20011,6,1,0,0,3,0,66,180,0,0,0,0,0,0,0,0,0,9,37,0,0,0,1,2,40,1,1,2,1,0,0,6,54,99,1,1,52,0,0,3242
240404_2010,24,240404,2,2,2,20,11,15,29,12,2,1,0,24,1,20,421,20421,15,2001,1GNEK13TX1J2,1,G,N,E,K,1,3,T,X,1,J,2,0,0,0,000000000,00000000000,0,0,0,1,0,0,0,0,0,0,0,998,0,0,0,12,6,2,12,0,0,0,1,24,20782,6,1,0,0,3,0,65,170,0,0,0,0,0,0,0,0,0,0,0,0,0,0,1,2,40,1,1,2,1,0,0,1,54,99,1,1,52,1,0,3243
240404_2011,24,240404,1,1,1,23,12,20,52,42,0,1,0,12,3,7,461,7461,21,2003,2D7HB11XX3K5,2,D,7,H,B,1,1,X,X,3,K,5,0,0,0,000000000,00000000000,0,0,0,1,0,0,0,0,0,0,0,998,0,1,6,12,6,2,1,0,0,0,1,24,20735,6,1,0,0,3,0,70,130,0,0,0,0,0,0,0,0,0,0,0,0,0,0,1,2,40,1,1,2,1,0,0,1,11,1,1,4,1,1,0,3244
240405_2010,24,240405,1,2,1,24,11,7,21,12,7,1,0,24,1,49,482,49482,31,2001,5TBBT441X1S2,5,T,B,B,T,4,4,1,X,1,S,2,0,0,0,000000000,00000000000,0,0,0,1,0,0,0,0,0,0,0,998,0,0,0,3,6,2,42,0,0,0,1,24,21756,6,1,0,0,3,0,73,200,0,0,0,0,0,0,0,0,0,0,28,0,0,0,3,2,65,1,1,2,1,0,0,15,10,1,1,2,46,1,0,3245
240405_2010,24,240405,2,2,2,24,11,7,21,12,7,1,0,54,2,49,32,49032,4,2002,1NXBR12E62Z6,1,N,X,B,R,1,2,E,6,2,Z,6,0,0,0,000000000,00000000000,0,0,0,1,0,0,0,0,0,0,0,998,0,0,0,9,6,2,12,0,0,0,1,54,25404,6,1,6,0,3,0,67,160,0,0,0,0,0,0,0,0,0,0,0,0,0,0,3,2,65,1,1,2,1,0,0,1,60,1,1,1,45,0,0,3246
240405_2011,24,240405,1,2,1,2,12,15,3,12,6,1,0,24,1,30,44,30044,2,1993,9BWBA2308PP0,9,B,W,B,A,2,3,0,8,P,P,0,0,0,0,000000000,00000000000,0,0,0,1,0,0,0,0,0,0,0,998,0,0,0,3,6,2,12,0,0,0,1,24,21502,6,1,0,0,3,0,71,174,0,0,0,0,0,0,0,0,0,0,38,0,0,0,1,2,25,1,2,1,1,98,8,1,17,1,1,1,87,1,1,3247
240405_2011,24,240405,2,2,1,2,12,15,3,12,6,1,0,42,2,12,401,12401,14,1997,1FMDU34X1VUA,1,F,M,D,U,3,4,X,1,V,U,A,0,0,0,000000000,00000000000,0,0,0,1,0,0,0,0,0,0,0,998,0,0,0,12,6,2,12,0,0,0,1,42,15963,6,1,0,0,3,0,62,999,0,0,0,0,0,0,0,0,0,0,0,0,0,0,1,2,40,1,1,2,1,98,8,1,66,1,1,1,86,0,0,3248