st_case_year,STATE,ST_CASE,VEH_NO,VE_FORMS,NUMOCCS,DAY,MONTH,HOUR,MINUTE,HARM_EV,MAN_COLL,UNITTYPE,HIT_RUN,REG_STAT,OWNER,MAKE,MODEL,MAK_MOD,BODY_TYP,MOD_YEAR,VIN,VIN_1,VIN_2,VIN_3,VIN_4,VIN_5,VIN_6,VIN_7,VIN_8,VIN_9,VIN_10,VIN_11,VIN_12,TOW_VEH,J_KNIFE,MCARR_I1,MCARR_I2,MCARR_ID,GVWR,V_CONFIG,CARGO_BT,HAZ_INV,HAZ_PLAC,HAZ_ID,HAZ_CNO,HAZ_REL,BUS_USE,SPEC_USE,EMER_USE,TRAV_SP,UNDERIDE,ROLLOVER,ROLINLOC,IMPACT1,DEFORMED,TOWED,M_HARM,VEH_SC1,VEH_SC2,FIRE_EXP,DR_PRES,L_STATE,DR_ZIP,L_STATUS,L_TYPE,CDL_STAT,L_ENDORS,L_COMPL,L_RESTRI,DR_HGT,DR_WGT,PREV_ACC,PREV_SUS,PREV_DWI,PREV_SPD,PREV_OTH,FIRST_MO,FIRST_YR,LAST_MO,LAST_YR,SPEEDREL,DR_SF1,DR_SF2,DR_SF3,DR_SF4,VTRAFWAY,VNUM_LAN,VSPD_LIM,VALIGN,VPROFILE,VPAVETYP,VSURCOND,VTRAFCON,VTCONT_F,P_CRASH1,P_CRASH2,P_CRASH3,PCRASH4,PCRASH5,ACC_TYPE,DEATHS,DR_DRINK,idno
240406_2010,24,240406,1,1,1,18,12,2,21,8,0,1,1,99,9,99,999,99999,99,9999,999999999999,9,9,9,9,9,9,9,9,9,9,9,9,0,0,0,000000000,00000000000,0,0,0,1,0,0,0,0,99,99,9,998,0,0,0,99,9,1,8,0,0,0,1,99,99999,9,9,99,9,9,9,999,999,99,99,99,99,99,99,9999,99,9999,9,99,99,99,99,1,2,25,1,1,2,4,0,0,1,80,1,1,1,13,0,0,3249
240406_2011,24,240406,1,2,1,3,12,2,1,12,2,1,0,24,2,37,31,37031,4,1997,JHMEJ6624VS0,J,H,M,E,J,6,6,2,4,V,S,0,0,0,0,000000000,00000000000,0,0,0,1,0,0,0,0,0,0,0,998,0,0,0,12,6,2,12,0,0,0,1,24,20878,1,1,0,0,2,2,68,150,0,2,0,0,1,10,2010,3,2011,0,51,74,0,0,3,3,55,1,1,2,1,0,0,1,54,1,1,1,52,1,1,3250
240406_2011,24,240406,2,2,1,3,12,2,1,12,2,1,0,24,2,38,402,38402,14,1998,4S2CM58W3W43,4,S,2,C,M,5,8,W,3,W,4,3,0,0,0,000000000,00000000000,0,0,0,1,0,0,0,0,0,0,0,998,0,0,0,12,6,2,12,0,0,0,1,24,20878,6,1,0,0,3,0,66,185,0,0,0,0,0,0,0,0,0,0,0,0,0,0,3,3,55,1,1,2,1,0,0,1,54,1,1,1,52,0,0,3251
240407_2010,24,240407,1,2,1,19,12,13,51,12,6,1,0,24,1,49,32,49032,4,1998,2T1BR18E3WC0,2,T,1,B,R,1,8,E,3,W,C,0,0,0,0,000000000,00000000000,0,0,0,1,0,0,0,0,0,0,0,998,0,0,0,12,6,2,12,0,0,0,1,24,21632,6,1,0,0,3,0,67,125,0,0,0,0,0,0,0,0,0,0,39,0,0,0,1,2,50,1,1,2,1,0,0,1,17,1,1,1,86,1,0,3252
240407_2010,24,240407,2,2,1,19,12,13,51,12,6,1,0,24,3,84,881,84881,66,2000,2HSCKASR3YC0,2,H,S,C,K,A,S,R,3,Y,C,0,1,1,57,00686250,5700686250,3,6,1,1,0,0,0,0,0,0,0,998,0,0,0,5,2,1,12,0,0,0,1,10,19933,6,1,6,0,3,0,73,289,0,0,0,1,0,12,2008,12,2008,0,0,0,0,0,1,2,50,1,1,2,1,0,0,1,66,1,1,1,87,0,0,3253
240407_2011,24,240407,1,1,1,9,12,5,23,8,0,1,0,24,1,63,441,63441,20,2003,KNDUP131X364,K,N,D,U,P,1,3,1,X,3,6,4,0,0,0,000000000,00000000000,0,0,0,1,0,0,0,0,0,0,0,998,0,0,0,12,4,3,8,0,0,0,1,24,21050,6,1,0,0,3,0,63,180,0,0,0,0,0,0,0,0,0,0,38,0,0,0,1,2,45,1,1,2,1,0,0,1,80,1,1,1,13,0,0,3254
240408_2010,24,240408,1,1,1,8,12,17,39,8,0,1,1,99,9,99,999,99999,99,9999,999999999999,9,9,9,9,9,9,9,9,9,9,9,9,0,0,0,000000000,00000000000,0,0,0,1,0,0,0,0,0,0,0,998,0,0,0,98,9,1,8,0,0,0,1,99,99999,9,9,99,9,9,9,999,999,99,99,99,99,99,99,9999,99,9999,9,99,99,99,99,1,2,30,4,1,2,1,0,0,14,80,99,1,1,13,0,0,3255
240408_2011,24,240408,1,2,1,2,12,8,30,12,6,1,0,24,1,6,52,6052,6,2001,3C8FY4BB01T6,3,C,8,F,Y,4,B,B,0,1,T,6,0,0,0,000000000,00000000000,0,0,0,1,0,0,0,0,0,0,0,998,0,0,0,3,6,2,12,0,0,0,1,24,21061,6,1,0,0,3,3,67,200,0,0,0,0,0,0,0,0,0,0,38,0,0,0,3,2,50,1,1,2,1,21,3,1,17,1,1,1,87,1,0,3256
240408_2011,24,240408,2,2,1,2,12,8,30,12,6,1,0,24,3,82,881,82881,66,1997,1FUYDCYB6VL7,1,F,U,Y,D,C,Y,B,6,V,L,7,1,1,57,312291,57312291,3,6,1,1,0,0,0,0,0,0,0,998,0,0,0,12,6,2,12,0,0,0,1,24,21863,6,1,6,0,3,0,72,230,0,0,0,0,0,0,0,0,0,0,0,0,0,0,3,2,50,1,1,2,1,0,0,1,66,1,1,1,86,0,0,3257
240409_2010,24,240409,1,1,3,16,12,1,47,24,0,1,0,24,1,23,421,23421,15,1999,1GKEK13R6XJ7,1,G,K,E,K,1,3,R,6,X,J,7,0,0,0,000000000,00000000000,0,0,0,1,0,0,0,0,0,0,0,998,0,0,0,12,6,2,24,0,0,0,1,24,20721,6,1,0,0,3,0,68,215,0,1,0,0,0,6,2009,6,2009,0,0,0,0,0,3,2,40,1,1,2,1,0,0,1,9,99,9,4,2,1,1,3258
240409_2011,24,240409,1,2,1,9,12,20,37,12,2,1,0,51,2,30,42,30042,1,1998,3VWAA81EXWM8,3,V,W,A,A,8,1,E,X,W,M,8,0,0,0,000000000,00000000000,0,0,0,1,0,0,0,0,0,0,0,998,0,0,0,12,6,2,12,0,0,0,1,24,21601,6,1,0,0,3,0,74,220,0,0,0,0,1,7,2011,7,2011,0,28,0,0,0,1,2,50,1,1,2,1,0,0,1,10,1,1,1,50,1,1,3259
240409_2011,24,240409,2,2,1,9,12,20,37,12,2,1,0,24,2,20,481,20481,31,2007,1GCHK23K07F5,1,G,C,H,K,2,3,K,0,7,F,5,0,0,0,000000000,00000000000,0,0,0,1,0,0,0,0,0,0,0,998,0,0,0,12,6,2,12,0,0,0,1,24,21663,6,1,0,0,3,0,68,170,0,0,0,0,0,0,0,0,0,0,0,0,0,0,1,2,50,1,1,2,1,0,0,1,62,1,1,1,51,0,0,3260
240410_2010,24,240410,1,1,2,18,12,2,10,33,0,1,0,24,1,7,482,7482,31,2005,3D7HA16H85G8,3,D,7,H,A,1,6,H,8,5,G,8,0,0,0,000000000,00000000000,0,0,0,1,0,0,0,0,0,0,0,998,0,1,6,14,6,2,1,0,0,0,1,24,20715,6,1,0,0,3,0,75,260,0,0,0,0,0,0,0,0,0,0,28,0,0,0,1,2,35,1,2,2,1,0,0,1,9,99,4,4,7,1,0,3261
240410_2011,24,240410,1,2,1,9,12,6,9,12,2,1,0,24,1,49,52,49052,5,2009,JTKKU10429J0,J,T,K,K,U,1,0,4,2,9,J,0,0,0,0,000000000,00000000000,0,0,0,1,0,0,0,0,0,0,0,998,0,0,0,12,6,2,12,0,0,0,1,24,20748,6,1,0,0,3,0,69,195,0,0,0,1,0,9,2011,9,2011,0,28,0,0,0,1,2,50,3,1,2,1,0,0,14,10,1,1,2,50,1,0,3262
240410_2011,24,240410,2,2,1,9,12,6,9,12,2,1,0,51,2,12,401,12401,14,1999,1FMDU35P8XZA,1,F,M,D,U,3,5,P,8,X,Z,A,0,0,0,000000000,00000000000,0,0,0,1,0,0,0,0,0,0,0,998,0,0,0,12,6,2,12,0,0,0,1,24,20653,6,1,0,0,3,1,70,167,0,0,0,0,0,0,0,0,0,0,0,0,0,0,1,2,50,3,1,2,1,0,0,14,62,99,1,1,51,0,0,3263
240411_2010,24,240411,1,4,2,10,11,7,58,12,2,1,0,24,2,24,7,24007,4,2004,1G8AJ52F24Z1,1,G,8,A,J,5,2,F,2,4,Z,1,0,0,0,000000000,00000000000,0,0,0,1,0,0,0,0,0,0,0,998,0,0,0,12,6,2,12,0,0,0,1,24,21044,6,1,0,0,3,0,68,135,0,0,0,0,0,0,0,0,0,1,80,0,0,0,3,2,50,4,1,2,1,0,0,14,9,99,9,2,50,1,0,3264
240411_2010,24,240411,2,4,1,10,11,7,58,12,2,1,0,24,1,7,442,7442,20,2010,2D4RN4DE3AR1,2,D,4,R,N,4,D,E,3,A,R,1,0,0,0,000000000,00000000000,0,0,0,1,0,0,0,0,0,0,0,998,0,0,0,12,6,2,12,0,0,0,1,24,21044,6,1,0,0,3,0,62,120,0,0,0,0,0,0,0,0,0,0,0,0,0,0,3,2,50,4,1,2,1,0,0,14,62,99,9,1,51,1,0,3265
240411_2010,24,240411,3,4,1,10,11,7,58,12,2,1,0,24,1,55,401,55401,14,2007,5NMSH73E47H1,5,N,M,S,H,7,3,E,4,7,H,1,0,0,0,000000000,00000000000,0,0,0,1,0,0,0,0,0,0,0,998,0,0,0,12,4,3,12,0,0,0,1,24,21212,6,1,0,0,3,0,69,165,0,0,0,0,0,0,0,0,0,0,0,0,0,0,3,2,50,4,1,2,1,0,0,14,62,99,9,1,98,0,0,3266
240411_2010,24,240411,4,4,1,10,11,7,58,12,2,1,0,24,1,49,32,49032,4,2009,2T1BU40E79C1,2,T,1,B,U,4,0,E,7,9,C,1,0,0,0,000000000,00000000000,0,0,0,1,0,0,0,0,0,0,0,998,0,0,0,11,4,3,12,0,0,0,1,24,21044,6,1,0,0,3,0,62,145,0,0,0,0,0,0,0,0,0,0,0,0,0,0,3,2,50,4,1,2,1,0,0,14,62,99,1,1,98,0,0,3267
240411_2011,24,240411,1,1,2,10,12,6,45,42,0,1,0,24,1,22,18,22018,4,2004,1G2NF52E14C2,1,G,2,N,F,5,2,E,1,4,C,2,0,0,0,000000000,00000000000,0,0,0,1,0,0,0,0,0,0,0,998,0,0,0,3,6,2,42,0,0,0,1,24,21550,6,1,0,0,3,0,74,240,0,0,0,0,0,0,0,0,0,1,87,0,0,0,1,2,98,2,2,2,4,0,0,14,5,99,4,4,7,1,0,3268
240412_2010,24,240412,1,3,1,21,11,15,31,1,0,1,0,24,2,53,706,53706,80,2004,JS1GW71A0421,J,S,1,G,W,7,1,A,0,4,2,1,0,0,0,000000000,00000000000,0,0,0,1,0,0,0,0,0,0,0,998,0,0,0,0,6,2,14,0,0,0,1,24,20878,6,1,0,0,3,0,72,205,0,2,0,0,2,8,2009,7,2010,0,99,99,99,99,3,2,30,1,2,2,1,0,0,1,9,99,9,2,98,1,0,3269
240412_2010,24,240412,3,3,1,21,11,15,31,1,0,1,0,24,1,23,401,23401,14,2003,1GKET16P1362,1,G,K,E,T,1,6,P,1,3,6,2,0,0,0,000000000,00000000000,0,0,0,1,0,0,0,0,0,0,0,998,0,0,0,12,2,4,12,0,0,0,1,24,20878,6,1,0,0,3,0,62,127,0,0,0,0,0,0,0,0,0,0,0,0,0,0,3,2,40,1,2,2,1,0,0,1,66,1,1,1,98,0,0,3270
240412_2010,24,240412,4,3,1,21,11,15,31,1,0,1,0,24,1,37,31,37031,4,1998,2HGEJ667XWH5,2,H,G,E,J,6,6,7,X,W,H,5,0,0,0,000000000,00000000000,0,0,0,1,0,0,0,0,0,0,0,998,0,0,0,12,4,4,12,0,0,0,1,24,20878,6,1,0,0,3,0,60,90,0,0,0,0,0,0,0,0,0,0,0,0,0,0,3,2,40,1,2,2,1,0,0,1,66,1,1,1,98,0,0,3271
240412_2011,24,240412,1,1,1,10,12,0,56,53,0,1,0,24,2,2,404,2404,14,1999,1J4FF68S3XL5,1,J,4,F,F,6,8,S,3,X,L,5,0,0,0,000000000,00000000000,0,0,0,1,0,0,0,0,0,0,0,998,0,1,6,1,6,2,1,0,0,0,1,24,21093,6,1,0,0,3,0,72,158,0,0,0,0,0,0,0,0,0,1,0,0,0,0,1,2,35,3,1,2,1,0,0,14,6,6,3,4,7,1,0,3272
240413_2010,24,240413,1,1,2,21,12,18,16,8,0,1,0,24,2,20,481,20481,31,2003,1GCEC19X03Z1,1,G,C,E,C,1,9,X,0,3,Z,1,0,0,0,000000000,00000000000,0,0,0,1,0,0,0,0,0,0,0,998,0,0,0,12,6,2,8,0,0,0,1,24,21801,6,1,0,0,3,0,73,250,0,0,0,0,0,0,0,0,0,0,0,0,0,0,3,3,55,1,1,2,1,0,0,1,80,1,1,1,13,0,0,3273
240413_2011,24,240413,1,1,1,11,12,0,43,42,0,1,0,24,2,35,48,35048,2,2011,JN1AZ4EH3BM5,J,N,1,A,Z,4,E,H,3,B,M,5,0,0,0,000000000,00000000000,0,0,0,1,0,0,0,0,0,0,0,998,0,1,6,9,6,2,1,0,0,0,1,24,21044,1,1,0,0,2,2,72,185,0,4,1,1,1,3,2011,4,2011,1,74,0,0,0,1,2,40,1,1,2,1,0,0,1,13,1,1,4,1,1,1,3274
240414_2010,24,240414,1,1,1,31,12,5,58,8,0,1,0,24,1,7,402,7402,14,2003,1D4HS38N43F5,1,D,4,H,S,3,8,N,4,3,F,5,0,0,0,000000000,00000000000,0,0,0,1,0,0,0,0,0,0,0,47,0,0,0,12,6,2,8,0,0,0,1,24,21050,6,1,0,0,3,0,67,240,0,0,0,0,0,0,0,0,0,0,0,0,0,0,3,2,50,4,1,2,1,2,3,14,80,1,1,1,13,0,0,3275
240414_2011,24,240414,1,1,1,16,12,17,36,8,0,1,0,24,2,20,399,20399,4,1978,1L69U8J23697,1,L,6,9,U,8,J,2,3,6,9,7,0,0,0,000000000,00000000000,0,0,0,1,0,0,0,0,0,0,0,998,0,0,0,1,2,1,8,0,0,0,1,24,21502,6,1,0,0,3,0,71,260,0,0,0,0,0,0,0,0,0,0,0,0,0,0,1,2,55,1,1,2,1,0,0,1,80,1,1,1,13,0,0,3276
240415_2010,24,240415,1,1,1,22,12,20,1,42,0,1,0,37,3,82,883,82883,66,2007,1FUJA6CV97LZ,1,F,U,J,A,6,C,V,9,7,L,Z,1,1,57,759924,57759924,3,6,1,1,0,0,0,0,0,0,0,998,0,0,0,12,6,2,42,0,0,0,1,37,27288,6,1,6,0,3,0,73,999,1,0,0,1,6,3,2008,5,2010,0,0,0,0,0,3,4,65,1,1,2,1,0,0,1,9,99,9,4,7,1,0,3277
240415_2011,24,240415,1,1,1,22,12,15,37,24,0,1,0,24,1,72,706,72706,80,2004,1HD1BJY174Y0,1,H,D,1,B,J,Y,1,7,4,Y,0,0,0,0,000000000,00000000000,0,0,0,1,0,0,0,0,0,0,0,998,0,0,0,9,6,2,24,0,0,0,1,24,20657,6,1,0,0,3,0,66,195,0,0,0,0,0,0,0,0,0,0,99,99,99,99,3,2,55,1,2,2,1,0,0,1,12,99,1,4,6,1,1,3278
240416_2010,24,240416,1,3,1,2,12,15,10,9,0,1,0,24,1,48,45,48045,6,2010,4S4BRBCC4A33,4,S,4,B,R,B,C,C,4,A,3,3,0,0,0,000000000,00000000000,0,0,0,1,0,0,0,0,0,0,0,998,0,0,0,12,2,1,9,0,0,0,1,24,21623,6,1,0,0,3,0,64,150,0,0,0,0,0,0,0,0,0,0,0,0,0,0,1,2,50,1,1,2,1,0,0,1,83,1,9,9,13,0,0,3279
240416_2010,24,240416,2,3,1,2,12,15,10,9,0,1,0,10,1,12,24,12024,6,2010,2FMDK4JC5ABA,2,F,M,D,K,4,J,C,5,A,B,A,0,0,0,000000000,00000000000,0,0,0,1,0,0,0,0,0,0,0,998,0,0,0,12,6,2,9,0,0,0,1,24,21620,6,1,0,0,3,0,66,128,0,0,0,0,0,0,0,0,0,0,0,0,0,0,1,2,50,1,1,2,1,0,0,1,83,1,1,1,98,0,0,3280
240416_2010,24,240416,3,3,2,2,12,15,10,9,0,1,0,24,2,53,35,53035,4,2004,KL5VJ52L14B1,K,L,5,V,J,5,2,L,1,4,B,1,0,0,0,000000000,00000000000,0,0,0,1,0,0,0,0,0,0,0,998,0,0,0,12,6,2,12,0,0,0,1,24,21629,6,1,0,0,3,1,69,225,0,0,0,0,0,0,0,0,0,0,0,0,0,0,1,2,50,1,1,2,1,0,0,1,83,1,1,1,98,0,0,3281
240416_2011,24,240416,1,1,1,23,12,2,52,8,0,1,0,18,3,98,809,98809,66,2007,2FWBA3CG17AX,2,F,W,B,A,3,C,G,1,7,A,X,1,1,57,21800,5721800,3,6,1,1,0,0,0,0,0,0,0,998,0,0,0,12,2,1,8,0,0,0,1,42,17361,6,1,6,0,3,0,68,999,0,0,0,0,0,0,0,0,0,0,0,0,0,0,2,2,45,1,1,2,2,0,0,1,80,1,1,1,13,0,0,3282
240417_2010,24,240417,1,1,1,24,12,0,7,25,0,1,0,24,1,30,40,30040,4,2006,3VWPF71K66M6,3,V,W,P,F,7,1,K,6,6,M,6,0,0,0,000000000,00000000000,0,0,0,1,0,0,0,0,0,0,0,998,0,0,0,12,6,2,25,0,0,0,1,24,21227,6,1,0,0,3,0,68,255,0,0,0,0,0,0,0,0,0,0,28,0,0,0,6,1,98,4,2,2,1,0,0,14,9,99,9,4,2,1,1,3283
240417_2011,24,240417,1,1,1,24,12,19,39,8,0,1,0,24,1,35,401,35401,14,2010,5N1AR1NB8AC6,5,N,1,A,R,1,N,B,8,A,C,6,0,0,0,000000000,00000000000,0,0,0,1,0,0,0,0,0,0,0,998,0,0,0,12,6,2,8,0,0,0,1,24,21219,6,1,0,0,3,0,72,240,0,0,0,0,0,0,0,0,0,0,0,0,0,0,2,2,55,1,1,2,1,0,0,1,80,1,1,1,13,0,0,3284
240418_2010,24,240418,1,1,2,12,8,3,29,30,0,1,0,24,2,12,481,12481,31,1993,1FTHX26H9PKB,1,F,T,H,X,2,6,H,9,P,K,B,0,0,0,000000000,00000000000,0,0,0,1,0,0,0,0,0,0,0,998,0,0,0,12,6,2,30,0,0,0,1,24,21904,6,1,0,0,3,0,66,115,0,2,0,0,0,7,2009,8,2010,0,28,0,0,0,1,2,35,1,1,2,1,0,0,1,9,99,9,4,7,1,0,3285
240418_2011,24,240418,1,1,1,29,12,2,10,42,0,1,0,24,1,58,37,58037,4,2004,JNKCV51F44M7,J,N,K,C,V,5,1,F,4,4,M,7,0,0,0,000000000,00000000000,0,0,0,1,0,0,0,0,0,0,0,998,0,0,0,12,6,2,42,0,0,0,1,24,21108,6,1,0,0,3,0,69,120,0,0,0,0,0,0,0,0,0,0,0,0,0,0,2,2,40,1,1,2,1,0,0,1,13,1,1,4,1,1,0,3286
240419_2010,24,240419,1,2,1,25,7,15,19,12,6,1,0,24,3,12,481,12481,31,2010,1FTFW1EV6AKE,1,F,T,F,W,1,E,V,6,A,K,E,0,0,0,000000000,00000000000,0,0,0,1,0,0,0,0,0,0,0,998,0,0,0,12,6,2,12,0,0,0,1,24,21211,2,1,0,0,2,2,74,270,0,1,0,0,0,4,2008,4,2008,1,39,33,74,0,1,2,25,1,1,2,1,20,3,6,66,1,1,1,88,0,0,3287
240419_2010,24,240419,2,2,1,25,7,15,19,12,6,1,0,51,2,37,31,37031,3,1998,2HGEJ6421WH1,2,H,G,E,J,6,4,2,1,W,H,1,0,0,0,000000000,00000000000,0,0,0,1,0,0,0,0,0,0,0,998,0,0,0,9,6,2,12,0,0,0,1,51,23970,6,1,0,0,3,0,63,112,0,0,0,0,0,0,0,0,0,0,0,0,0,0,1,2,30,1,1,2,1,0,0,1,17,1,1,1,89,1,0,3288
240419_2011,24,240419,1,1,1,30,12,0,16,24,0,1,0,24,1,73,709,73709,80,2009,JKAZX4R169A0,J,K,A,Z,X,4,R,1,6,9,A,0,0,0,0,000000000,00000000000,0,0,0,1,0,0,0,0,0,0,0,998,0,0,0,12,6,2,24,0,0,1,1,24,20704,6,1,0,0,3,0,67,160,0,1,0,1,0,12,2010,7,2011,1,0,0,0,0,3,4,55,1,1,2,1,0,0,1,13,1,1,4,1,1,1,3289
240420_2010,24,240420,1,1,2,26,9,2,4,33,0,1,0,42,1,53,705,53705,80,2005,JS1GN7CA8521,J,S,1,G,N,7,C,A,8,5,2,1,0,0,0,000000000,00000000000,0,0,0,1,0,0,0,0,0,0,0,998,0,0,0,98,6,2,30,0,0,0,1,42,17314,6,1,0,0,3,0,70,999,0,0,0,0,0,0,0,0,0,1,0,0,0,0,1,2,40,1,1,2,1,0,0,1,9,99,9,4,2,1,1,3290
240420_2011,24,240420,1,1,2,30,12,2,30,42,0,1,0,24,2,2,404,2404,14,2002,1J4GW58N32C1,1,J,4,G,W,5,8,N,3,2,C,1,0,0,0,000000000,00000000000,0,0,0,1,0,0,0,0,0,0,0,998,0,1,6,1,6,2,42,0,0,0,1,24,21502,6,1,0,0,3,0,68,145,0,0,0,0,0,0,0,0,0,0,0,0,0,0,1,2,30,3,1,2,1,0,0,14,13,1,1,4,1,1,1,3291
240421_2010,24,240421,1,1,2,20,10,8,51,19,0,1,0,24,1,7,442,7442,20,1998,2B4GP45G1WR6,2,B,4,G,P,4,5,G,1,W,R,6,0,0,0,000000000,00000000000,0,0,0,1,0,0,0,0,0,0,0,998,0,0,0,12,6,2,19,0,0,0,1,24,21813,6,1,0,0,3,0,68,220,0,0,0,0,0,0,0,0,0,1,0,0,0,0,1,2,30,1,1,2,2,0,0,1,14,99,9,4,2,1,0,3292
240421_2011,24,240421,1,1,1,23,12,18,21,8,0,1,0,24,1,18,2,18002,4,1990,1G4HP54C0LH5,1,G,4,H,P,5,4,C,0,L,H,5,0,0,0,000000000,00000000000,0,0,0,1,0,0,0,0,0,0,0,998,0,0,0,12,6,2,8,0,0,0,1,24,21209,6,1,0,0,3,0,70,175,0,0,0,0,0,0,0,0,0,0,0,0,0,0,1,2,30,1,1,2,2,0,0,1,80,1,1,1,13,0,0,3293
240422_2010,24,240422,1,2,1,9,10,2,52,12,2,1,0,24,1,37,31,37031,4,2004,1HGES165X4L0,1,H,G,E,S,1,6,5,X,4,L,0,0,0,0,000000000,00000000000,0,0,0,1,0,0,0,0,0,0,0,998,0,0,0,12,6,2,12,0,0,0,1,24,20905,6,1,0,0,3,2,70,140,0,0,0,2,2,1,2010,8,2010,1,51,74,0,0,3,3,55,1,2,2,1,0,0,1,19,1,1,1,52,1,1,3294
240422_2010,24,240422,2,2,1,9,10,2,52,12,2,1,0,51,2,49,40,49040,4,2000,4T1BG22K8YU9,4,T,1,B,G,2,2,K,8,Y,U,9,0,0,0,000000000,00000000000,0,0,0,1,0,0,0,0,0,0,0,998,0,0,0,12,6,2,12,0,0,0,1,24,20850,6,1,0,0,3,3,64,125,0,0,0,0,0,0,0,0,0,0,0,0,0,0,3,3,55,1,2,2,1,0,0,1,78,1,1,1,52,0,0,3295
240422_2011,24,240422,1,1,1,30,12,14,47,24,0,1,0,24,2,14,4,14004,4,1991,1MEPM60T6MH6,1,M,E,P,M,6,0,T,6,M,H,6,0,0,0,000000000,00000000000,0,0,0,1,0,0,0,0,0,0,0,998,0,0,0,11,6,2,24,0,0,0,1,24,20779,6,1,0,0,3,0,64,130,0,0,0,0,0,0,0,0,0,0,0,0,0,0,1,2,50,3,1,2,1,0,0,14,12,1,1,4,6,1,0,3296
240423_2010,24,240423,1,1,1,19,10,21,49,42,0,1,0,24,3,20,481,20481,31,2003,1GCHK29U03E2,1,G,C,H,K,2,9,U,0,3,E,2,0,0,0,000000000,00000000000,0,0,0,1,0,0,0,0,0,0,0,998,0,9,1,9,6,2,1,0,0,0,1,24,21225,6,1,0,0,3,0,73,165,0,1,0,0,0,7,2009,7,2009,0,28,39,0,0,1,2,30,2,2,2,1,0,0,14,9,99,9,4,7,1,1,3297
240423_2011,24,240423,1,1,1,17,12,19,48,33,0,1,0,51,2,7,4,7004,2,2004,1B3JZ65Z14V1,1,B,3,J,Z,6,5,Z,1,4,V,1,0,0,0,000000000,00000000000,0,0,0,1,0,0,0,0,0,0,0,998,0,1,6,14,6,2,31,0,0,0,1,24,20852,6,1,0,0,3,0,67,155,0,0,0,0,0,0,0,0,0,1,35,0,0,0,3,2,40,1,2,2,1,0,0,6,13,7,1,4,1,1,0,3298
240424_2010,24,240424,1,2,1,18,10,0,13,12,1,1,1,24,1,42,45,42045,1,2005,WDBWK56F15F0,W,D,B,W,K,5,6,F,1,5,F,0,0,0,0,000000000,00000000000,0,0,0,1,0,0,0,0,0,0,0,60,0,0,0,12,4,1,12,0,0,0,1,24,20853,6,1,0,0,3,0,68,212,0,0,0,0,0,0,0,0,0,1,0,0,0,0,3,2,45,1,3,2,1,0,0,1,51,6,1,1,24,0,0,3299
240424_2010,24,240424,2,2,2,18,10,0,13,12,1,1,0,0,0,98,709,98709,81,2009,L8YTCAPX39Y0,L,8,Y,T,C,A,P,X,3,9,Y,0,0,0,0,000000000,00000000000,0,0,0,1,0,0,0,0,0,0,0,998,0,0,0,6,6,2,12,0,0,0,1,24,20853,0,0,0,0,0,0,999,999,0,0,0,0,0,0,0,0,0,0,0,0,0,0,3,2,45,1,3,2,1,0,0,1,53,1,1,1,25,1,0,3300
240424_2011,24,240424,1,3,2,4,11,21,33,12,1,1,0,24,2,14,6,14006,4,2002,2MEFM75W02X6,2,M,E,F,M,7,5,W,0,2,X,6,0,0,0,000000000,00000000000,0,0,0,1,0,0,0,0,0,0,0,998,0,0,0,12,6,2,12,0,0,0,1,24,20716,6,1,0,0,3,0,71,160,0,0,0,0,0,0,0,0,0,0,0,0,0,0,2,4,65,1,1,2,1,0,0,1,50,1,1,1,20,0,1,3301
240424_2011,24,240424,2,3,3,4,11,21,33,12,1,1,0,24,1,37,32,37032,4,2004,1HGCM56344A0,1,H,G,C,M,5,6,3,4,4,A,0,0,0,0,000000000,00000000000,0,0,0,1,0,0,0,0,0,0,0,0,0,0,0,6,6,2,24,0,0,1,1,24,20706,6,1,0,0,3,0,60,160,0,0,0,0,0,0,0,0,0,0,0,0,0,0,2,4,65,1,1,2,1,0,0,5,53,1,1,1,21,2,0,3302
240424_2011,24,240424,3,3,1,4,11,21,33,12,1,1,0,24,1,38,405,38405,14,2002,4S2DF58X6246,4,S,2,D,F,5,8,X,6,2,4,6,0,0,0,000000000,00000000000,0,0,0,1,0,0,0,0,0,0,0,0,0,0,0,6,6,2,12,0,0,0,1,24,20785,6,1,0,0,3,0,72,162,0,0,0,0,0,0,0,0,0,0,0,0,0,0,2,4,65,1,1,2,1,0,0,5,53,1,1,1,98,0,0,3303
240425_2010,24,240425,1,1,1,12,11,16,0,8,0,1,0,24,1,49,403,49403,14,2002,JTEGF21A9200,J,T,E,G,F,2,1,A,9,2,0,0,0,0,0,000000000,00000000000,0,0,0,1,0,0,0,0,0,0,0,998,0,0,0,12,4,1,8,0,0,0,1,24,21239,6,1,0,0,3,0,65,148,0,0,0,0,1,5,2009,5,2009,0,0,0,0,0,1,4,30,1,1,2,1,0,0,1,80,1,1,1,13,0,0,3304
240425_2011,24,240425,1,2,3,14,11,18,47,12,1,1,0,24,1,12,401,12401,14,2004,1FMDU73W64ZA,1,F,M,D,U,7,3,W,6,4,Z,A,0,0,0,000000000,00000000000,0,0,0,1,0,0,0,0,0,0,0,998,0,0,0,12,6,2,12,0,0,0,1,24,21921,6,1,0,0,3,0,72,270,0,0,0,1,0,5,2011,5,2011,0,0,0,0,0,1,2,35,1,2,2,1,0,0,1,50,1,1,1,20,0,1,3305
240425_2011,24,240425,2,2,1,14,11,18,47,12,1,1,0,24,1,72,706,72706,80,1995,1HD1GEL12SY3,1,H,D,1,G,E,L,1,2,S,Y,3,0,0,0,000000000,00000000000,0,0,0,1,0,0,0,0,0,0,0,0,0,0,0,6,6,2,12,0,0,0,1,24,21901,6,1,0,0,3,0,74,220,0,0,0,0,0,0,0,0,0,0,0,0,0,0,1,2,35,1,2,2,1,0,0,5,53,1,1,1,21,1,0,3306