st_case_year,STATE,ST_CASE,VEH_NO,VE_FORMS,NUMOCCS,DAY,MONTH,HOUR,MINUTE,HARM_EV,MAN_COLL,UNITTYPE,HIT_RUN,REG_STAT,OWNER,MAKE,MODEL,MAK_MOD,BODY_TYP,MOD_YEAR,VIN,VIN_1,VIN_2,VIN_3,VIN_4,VIN_5,VIN_6,VIN_7,VIN_8,VIN_9,VIN_10,VIN_11,VIN_12,TOW_VEH,J_KNIFE,MCARR_I1,MCARR_I2,MCARR_ID,GVWR,V_CONFIG,CARGO_BT,HAZ_INV,HAZ_PLAC,HAZ_ID,HAZ_CNO,HAZ_REL,BUS_USE,SPEC_USE,EMER_USE,TRAV_SP,UNDERIDE,ROLLOVER,ROLINLOC,IMPACT1,DEFORMED,TOWED,M_HARM,VEH_SC1,VEH_SC2,FIRE_EXP,DR_PRES,L_STATE,DR_ZIP,L_STATUS,L_TYPE,CDL_STAT,L_ENDORS,L_COMPL,L_RESTRI,DR_HGT,DR_WGT,PREV_ACC,PREV_SUS,PREV_DWI,PREV_SPD,PREV_OTH,FIRST_MO,FIRST_YR,LAST_MO,LAST_YR,SPEEDREL,DR_SF1,DR_SF2,DR_SF3,DR_SF4,VTRAFWAY,VNUM_LAN,VSPD_LIM,VALIGN,VPROFILE,VPAVETYP,VSURCOND,VTRAFCON,VTCONT_F,P_CRASH1,P_CRASH2,P_CRASH3,PCRASH4,PCRASH5,ACC_TYPE,DEATHS,DR_DRINK,idno
240426_2010,24,240426,1,1,1,15,10,16,28,42,0,1,0,24,2,2,402,2402,14,1983,1JCCM87A6DT0,1,J,C,C,M,8,7,A,6,D,T,0,0,0,0,000000000,00000000000,0,0,0,1,0,0,0,0,0,0,0,998,0,0,0,12,6,2,42,0,0,0,1,24,21784,6,1,0,0,3,0,71,165,0,0,0,0,0,0,0,0,0,1,0,0,0,0,1,2,35,1,1,2,1,0,0,1,9,99,9,4,2,1,1,3307
240426_2011,24,240426,1,2,3,1,12,15,12,12,6,1,0,24,1,6,43,6043,1,2004,1C3EL65R54N1,1,C,3,E,L,6,5,R,5,4,N,1,0,0,0,000000000,00000000000,0,0,0,1,0,0,0,0,0,0,0,998,0,0,0,3,6,2,12,0,0,0,1,51,23336,6,1,0,0,3,0,70,228,0,0,0,0,0,0,0,0,0,0,38,39,0,0,3,3,45,1,1,2,1,3,3,11,15,1,1,1,82,1,0,3308
240426_2011,24,240426,2,2,2,1,12,15,12,12,6,1,0,24,1,12,401,12401,14,2001,1FMZU67E41UA,1,F,M,Z,U,6,7,E,4,1,U,A,0,0,0,000000000,00000000000,0,0,0,1,0,0,0,0,0,0,0,998,0,0,0,12,6,2,12,0,0,0,1,24,21804,6,1,0,0,3,0,65,150,0,0,0,0,0,0,0,0,0,0,0,0,0,0,3,3,45,1,1,2,1,3,3,1,62,1,1,1,83,0,0,3309
240427_2010,24,240427,1,2,3,3,12,12,24,12,6,1,0,24,1,12,402,12402,14,2008,1FMCU02Z38KA,1,F,M,C,U,0,2,Z,3,8,K,A,0,0,0,000000000,00000000000,0,0,0,1,0,0,0,0,0,0,0,998,0,0,0,9,6,2,12,0,0,0,1,24,20639,6,1,0,0,3,0,61,150,0,0,0,0,0,0,0,0,0,0,48,38,0,0,3,2,45,1,1,2,1,0,0,11,15,1,1,1,72,1,0,3310
240427_2010,24,240427,2,2,1,3,12,12,24,12,6,1,0,24,3,12,481,12481,31,2002,1FDNX20L92EC,1,F,D,N,X,2,0,L,9,2,E,C,0,0,0,000000000,00000000000,0,0,0,1,0,0,0,0,0,0,0,998,0,0,0,12,6,2,12,0,0,0,1,24,20619,6,1,0,0,3,0,71,150,0,0,0,0,1,12,2008,12,2008,0,0,0,0,0,3,2,45,1,1,2,1,0,0,1,61,1,1,1,73,0,0,3311
240427_2011,24,240427,1,1,1,8,12,16,48,8,0,1,0,24,1,49,402,49402,14,2011,2T3BF4DV9BW0,2,T,3,B,F,4,D,V,9,B,W,0,0,0,0,000000000,00000000000,0,0,0,1,0,0,0,0,0,0,0,998,0,0,0,12,2,1,8,0,0,0,1,24,21060,6,1,0,0,3,1,62,155,0,0,0,0,0,0,0,0,0,0,0,0,0,0,1,2,30,1,1,2,1,0,0,1,80,2,1,1,13,0,0,3312
240428_2010,24,240428,1,1,1,2,12,18,39,8,0,1,0,24,2,21,401,21401,14,1999,1GHDT13W4X27,1,G,H,D,T,1,3,W,4,X,2,7,0,0,0,000000000,00000000000,0,0,0,1,0,0,0,0,0,0,0,998,0,0,0,12,6,2,8,0,0,0,1,24,21750,6,1,0,0,3,0,63,250,0,0,0,0,0,0,0,0,0,0,0,0,0,0,1,2,40,1,1,2,1,0,0,1,80,1,1,1,13,0,0,3313
240428_2011,24,240428,1,1,3,29,12,3,9,33,0,1,0,51,1,35,49,35049,6,2003,JN8AZ08W23W2,J,N,8,A,Z,0,8,W,2,3,W,2,0,0,0,000000000,00000000000,0,0,0,1,0,0,0,0,0,0,0,998,0,1,6,14,6,2,39,0,0,0,1,51,23231,6,1,0,0,3,0,62,110,0,0,0,0,1,1,2010,1,2010,9,99,99,99,99,2,3,40,2,2,2,1,0,0,14,9,6,3,4,2,2,1,3314
240429_2010,24,240429,1,3,2,22,11,17,19,12,2,1,0,24,1,6,43,6043,4,2004,1C3EL46X84N3,1,C,3,E,L,4,6,X,8,4,N,3,0,0,0,000000000,00000000000,0,0,0,1,0,0,0,0,0,0,0,998,0,0,0,12,6,2,12,0,0,0,1,24,21222,6,1,0,0,3,0,65,150,0,0,0,0,0,0,0,0,0,0,38,0,0,0,1,2,25,1,1,2,1,20,3,11,15,1,1,1,82,0,0,3315
240429_2010,24,240429,2,3,1,22,11,17,19,12,2,1,0,24,1,53,705,53705,80,2000,JS1GN78AXY21,J,S,1,G,N,7,8,A,X,Y,2,1,0,0,0,000000000,00000000000,0,0,0,1,0,0,0,0,0,0,0,998,0,0,0,12,6,2,12,0,0,0,1,24,21222,1,1,0,0,2,2,66,160,0,2,0,3,4,5,2009,11,2010,1,74,0,0,0,1,2,25,1,1,2,1,0,0,1,67,1,1,1,83,1,0,3316
240429_2010,24,240429,3,3,1,22,11,17,19,12,2,1,0,24,3,12,881,12881,61,2001,1FDXF46F21EA,1,F,D,X,F,4,6,F,2,1,E,A,0,0,57,617614,57617614,2,1,96,1,0,0,0,0,0,0,0,0,0,0,0,12,6,2,12,0,0,0,1,24,21222,6,1,0,0,3,0,75,290,0,0,0,0,2,8,2008,5,2010,0,0,0,0,0,1,2,25,1,1,2,1,0,0,5,62,1,1,1,98,0,0,3317
240429_2011,24,240429,1,2,1,10,12,19,10,12,2,1,0,24,1,20,37,20037,4,2004,1G1ZS52F74F1,1,G,1,Z,S,5,2,F,7,4,F,1,0,0,0,000000000,00000000000,0,0,0,1,0,0,0,0,0,0,0,998,0,0,0,12,6,2,12,0,0,0,1,24,20748,6,1,0,0,3,0,71,180,0,0,0,0,0,0,0,0,0,0,28,0,0,0,1,2,25,1,1,2,1,0,0,1,10,1,1,2,50,1,0,3318
240429_2011,24,240429,2,2,5,10,12,19,10,12,2,1,0,11,1,7,21,7021,6,2008,2D4FV37V28H2,2,D,4,F,V,3,7,V,2,8,H,2,0,0,0,000000000,00000000000,0,0,0,1,0,0,0,0,0,0,0,998,0,0,0,12,6,2,12,0,0,0,1,11,20019,6,1,6,0,3,0,73,295,0,0,0,1,1,1,2009,2,2010,0,0,0,0,0,1,2,25,1,1,2,1,0,0,1,62,1,1,2,51,0,0,3319
240430_2010,24,240430,1,2,1,6,12,21,34,12,2,1,0,24,2,20,37,20037,4,2002,1G1ND52J12M6,1,G,1,N,D,5,2,J,1,2,M,6,0,0,0,000000000,00000000000,0,0,0,1,0,0,0,0,0,0,0,998,0,0,0,12,6,2,12,0,0,0,1,51,22602,6,1,0,0,3,0,74,185,0,0,0,0,0,0,0,0,0,0,28,0,0,0,1,2,50,4,3,2,1,0,0,14,10,1,1,2,50,1,1,3320
240430_2010,24,240430,2,2,1,6,12,21,34,12,2,1,0,24,1,7,482,7482,31,1999,3B7HF12Y8XG1,3,B,7,H,F,1,2,Y,8,X,G,1,0,0,0,000000000,00000000000,0,0,0,1,0,0,0,0,0,0,0,998,0,0,0,12,6,2,12,0,0,0,1,24,20842,6,1,0,0,3,0,65,185,0,0,0,0,0,0,0,0,0,0,0,0,0,0,1,2,50,4,3,2,1,0,0,14,62,1,1,1,51,0,0,3321
240430_2011,24,240430,1,2,1,11,5,13,5,12,6,1,0,12,1,53,706,53706,80,2004,JS1GR7JA8421,J,S,1,G,R,7,J,A,8,4,2,1,0,0,0,000000000,00000000000,0,0,0,1,0,0,0,0,0,0,0,998,0,0,0,12,6,2,12,0,0,0,1,24,21237,6,1,0,0,3,0,71,111,0,0,0,0,0,0,0,0,0,0,99,99,99,99,1,2,40,1,1,2,1,0,0,1,67,3,9,9,83,1,0,3322
240430_2011,24,240430,2,2,1,11,5,13,5,12,6,1,0,24,1,37,402,37402,14,2004,SHSRD78814U2,S,H,S,R,D,7,8,8,1,4,U,2,0,0,0,000000000,00000000000,0,0,0,1,0,0,0,0,0,0,0,998,0,0,0,10,6,2,12,0,0,0,1,24,20770,6,1,0,0,3,0,61,214,0,0,0,0,0,0,0,0,0,0,99,99,99,99,1,2,40,1,1,2,1,20,3,11,15,1,1,1,82,0,0,3323
240431_2010,24,240431,1,2,2,4,12,15,40,12,6,1,0,24,1,20,461,20461,21,1990,1GNEG25K0L71,1,G,N,E,G,2,5,K,0,L,7,1,0,0,0,000000000,00000000000,0,0,0,1,0,0,0,0,0,0,0,998,0,0,0,9,6,2,12,0,0,0,1,24,20636,6,1,0,0,3,0,72,150,0,0,0,0,0,0,0,0,0,0,38,0,0,0,1,2,55,1,1,2,1,20,3,11,17,1,1,1,82,0,0,3324
240431_2010,24,240431,2,2,2,4,12,15,40,12,6,1,0,24,2,55,38,55038,4,2002,KMHFU45E12A2,K,M,H,F,U,4,5,E,1,2,A,2,0,0,0,000000000,00000000000,0,0,0,1,0,0,0,0,0,0,0,998,0,0,0,12,6,2,12,0,0,0,1,24,20646,6,1,0,0,3,0,70,235,0,0,0,0,0,0,0,0,0,0,0,0,0,0,1,2,55,1,1,2,1,0,0,1,67,1,1,1,83,1,0,3325
240431_2011,24,240431,1,2,1,24,5,18,26,12,1,1,0,11,1,63,34,63034,4,2006,KNAGE123X650,K,N,A,G,E,1,2,3,X,6,5,0,0,0,0,000000000,00000000000,0,0,0,1,0,0,0,0,0,0,0,998,0,0,0,12,6,2,12,0,0,0,1,11,20011,6,1,0,0,3,0,73,203,99,99,99,99,99,99,9999,99,9999,1,99,99,99,99,2,4,55,1,1,2,1,0,0,15,11,1,1,1,24,1,0,3326
240431_2011,24,240431,2,2,1,24,5,18,26,12,1,1,0,37,1,55,36,55036,4,2008,KMHCM36CX8U0,K,M,H,C,M,3,6,C,X,8,U,0,0,0,0,000000000,00000000000,0,0,0,1,0,0,0,0,0,0,0,998,0,0,0,6,6,2,12,0,0,0,1,37,28562,6,1,0,0,3,0,69,999,0,0,0,0,0,0,0,0,0,0,0,0,0,0,2,4,55,1,1,2,1,0,0,1,60,1,1,1,25,0,0,3327
240432_2010,24,240432,1,2,1,8,12,2,41,12,2,1,0,24,1,54,35,54035,4,2005,19UUA66285A0,1,9,U,U,A,6,6,2,8,5,A,0,0,0,0,000000000,00000000000,0,0,0,1,0,0,0,0,0,0,0,998,0,0,0,12,6,2,12,0,0,0,1,24,20872,6,1,0,0,3,0,67,145,0,0,0,0,0,0,0,0,0,0,51,0,0,0,3,2,55,1,1,2,1,0,0,1,54,1,1,1,52,1,1,3328
240432_2010,24,240432,2,2,1,8,12,2,41,12,2,1,0,54,3,87,881,87881,66,2000,1XP5DB9X6YN5,1,X,P,5,D,B,9,X,6,Y,N,5,1,1,57,037628,57037628,3,6,1,1,0,0,0,0,0,0,0,998,0,0,0,12,6,2,12,0,0,0,1,54,26731,6,1,6,0,3,0,70,245,0,0,0,0,0,0,0,0,0,0,0,0,0,0,3,2,55,1,1,2,1,0,0,1,51,7,1,1,52,0,0,3329
240432_2011,24,240432,1,2,1,29,5,5,14,12,1,1,0,11,2,49,43,49043,4,2005,4T1BK36B55U0,4,T,1,B,K,3,6,B,5,5,U,0,0,0,0,000000000,00000000000,0,0,0,1,0,0,0,0,0,0,0,998,0,0,0,12,6,2,12,0,0,0,1,11,20020,6,1,0,0,3,0,999,999,99,99,99,99,99,99,9999,99,9999,0,99,99,99,99,2,4,55,1,1,2,1,0,0,1,60,1,1,1,24,0,0,3330
240432_2011,24,240432,2,2,2,29,5,5,14,12,1,1,0,24,1,59,32,59032,4,1994,JT8UF11EXR02,J,T,8,U,F,1,1,E,X,R,0,2,0,0,0,000000000,00000000000,0,0,0,1,0,0,0,0,0,0,0,998,0,0,0,6,6,2,12,0,0,0,1,24,21054,6,1,0,0,3,0,65,175,0,0,0,0,0,0,0,0,0,0,0,0,0,0,2,4,55,1,1,2,1,0,0,15,53,1,1,2,25,1,1,3331
240433_2010,24,240433,1,1,1,9,12,18,52,42,0,1,0,24,1,12,442,12442,20,2001,2FMZA50471BA,2,F,M,Z,A,5,0,4,7,1,B,A,0,0,0,000000000,00000000000,0,0,0,1,0,0,0,0,0,0,0,998,0,0,0,11,6,2,42,0,0,0,1,24,21875,6,1,0,0,3,0,73,190,0,0,0,0,0,0,0,0,0,1,0,0,0,0,1,2,40,4,1,2,1,0,0,14,9,99,9,4,2,1,1,3332
240433_2011,24,240433,1,1,1,30,5,3,17,42,0,1,0,24,1,22,20,22020,4,1994,1G2WJ52M3RF3,1,G,2,W,J,5,2,M,3,R,F,3,0,0,0,000000000,00000000000,0,0,0,1,0,0,0,0,0,0,0,998,0,0,0,12,6,2,42,0,0,0,1,24,21076,6,1,0,0,3,0,63,180,0,0,0,0,0,0,0,0,0,9,99,99,99,99,2,2,55,1,6,2,1,0,0,1,10,99,4,4,7,1,1,3333
240434_2010,24,240434,1,1,1,12,12,21,20,43,0,1,0,24,3,35,50,35050,5,2011,3N1BC1CP4BL3,3,N,1,B,C,1,C,P,4,B,L,3,0,0,0,000000000,00000000000,0,0,0,1,0,0,0,0,0,0,0,998,0,0,0,3,6,2,43,0,0,0,1,24,21037,6,1,0,0,3,0,62,105,0,0,0,0,0,0,0,0,0,0,0,0,0,0,1,2,40,1,1,2,1,0,0,1,9,99,9,4,7,1,1,3334
240434_2011,24,240434,1,1,4,7,7,21,50,99,99,1,0,24,2,22,18,22018,4,2003,1G2NF52E83M5,1,G,2,N,F,5,2,E,8,3,M,5,0,0,0,000000000,00000000000,0,0,0,1,0,0,0,0,0,0,0,998,0,0,0,10,6,2,99,0,0,0,1,24,20866,0,0,0,0,0,0,69,170,0,0,0,0,0,0,0,0,0,0,99,99,99,99,2,4,55,1,1,2,1,0,0,1,19,1,1,4,99,1,0,3335
240435_2010,24,240435,1,1,2,14,12,19,21,42,0,1,0,24,1,37,31,37031,2,1999,1HGEJ8148XL0,1,H,G,E,J,8,1,4,8,X,L,0,0,0,0,000000000,00000000000,0,0,0,1,0,0,0,0,0,0,0,998,0,1,6,12,6,2,1,0,0,0,1,24,21770,6,1,0,0,3,2,66,125,0,0,0,4,1,9,2009,9,2010,1,28,74,0,0,1,2,30,4,3,2,1,0,0,14,9,1,9,4,7,1,1,3336
240435_2011,24,240435,1,1,7,13,8,2,26,42,0,1,0,24,1,49,422,49422,15,2003,5TDBT48A23S1,5,T,D,B,T,4,8,A,2,3,S,1,0,0,0,000000000,00000000000,0,0,0,1,0,0,0,0,0,0,0,998,0,0,0,98,6,2,42,0,0,0,1,24,20784,6,1,0,0,3,0,75,180,0,3,0,4,0,9,2008,11,2009,0,99,99,99,99,2,4,55,1,1,2,1,0,0,1,19,1,1,4,98,3,0,3337
240436_2010,24,240436,1,1,2,11,12,18,24,8,0,1,0,24,1,49,46,49046,4,2010,JTDKN3DU7A52,J,T,D,K,N,3,D,U,7,A,5,2,0,0,0,000000000,00000000000,0,0,0,1,0,0,0,0,0,0,0,998,0,0,0,12,4,1,8,36,0,0,1,24,21209,6,1,0,0,3,0,70,210,0,0,0,2,0,7,2009,11,2010,0,0,0,0,0,1,2,30,1,1,2,1,0,0,1,80,1,1,1,13,0,0,3338
240436_2011,24,240436,1,2,1,11,9,0,11,8,0,1,1,99,9,99,999,99999,99,9999,999999999999,9,9,9,9,9,9,9,9,9,9,9,9,0,0,0,000000000,00000000000,0,0,0,1,0,0,0,0,0,0,0,998,0,0,0,12,9,1,8,0,0,0,1,99,99999,9,9,99,9,9,9,999,999,99,99,99,99,99,99,9999,99,9999,9,99,99,99,99,2,5,45,1,1,2,2,8,3,1,80,1,1,1,13,0,0,3339
240436_2011,24,240436,2,2,2,11,9,0,11,8,0,1,0,24,1,59,31,59031,4,2009,JTHBJ46G9922,J,T,H,B,J,4,6,G,9,9,2,2,0,0,0,000000000,00000000000,0,0,0,1,0,0,0,0,0,0,0,998,0,0,0,12,2,3,8,0,0,0,1,24,20744,6,1,0,0,3,0,74,230,0,0,0,1,0,11,2010,11,2010,0,0,0,0,0,2,5,45,1,1,2,2,8,3,1,80,6,1,1,98,0,0,3340
240437_2010,24,240437,1,1,1,14,12,7,48,42,0,1,0,24,3,23,461,23461,21,2003,1GDHG31U3319,1,G,D,H,G,3,1,U,3,3,1,9,0,0,0,000000000,00000000000,0,0,0,1,0,0,0,0,0,0,0,998,0,0,0,12,6,2,42,0,0,0,1,24,20639,6,1,0,0,3,0,71,225,0,1,0,0,0,3,2009,3,2009,0,28,0,0,0,5,2,45,4,1,2,1,0,0,14,9,99,9,4,7,1,0,3341
240437_2011,24,240437,1,1,1,11,9,18,36,99,0,1,0,24,1,73,706,73706,80,2005,JKBVNMA125A0,J,K,B,V,N,M,A,1,2,5,A,0,0,0,0,000000000,00000000000,0,0,0,1,0,0,0,0,0,0,0,998,0,0,0,12,6,2,99,0,0,0,1,24,20748,6,1,0,0,3,0,70,180,0,0,0,0,0,0,0,0,0,0,99,99,99,99,4,2,45,1,1,2,1,0,0,1,19,99,9,4,99,1,1,3342
240438_2010,24,240438,1,4,2,9,12,7,47,12,1,1,0,24,2,37,32,37032,2,1991,1HGCB7268MA0,1,H,G,C,B,7,2,6,8,M,A,0,0,0,0,000000000,00000000000,0,0,0,1,0,0,0,0,0,0,0,998,0,0,0,12,6,2,12,0,0,0,1,24,21061,6,1,0,0,3,0,70,165,0,0,0,0,0,0,0,0,0,0,28,0,0,0,1,2,40,1,1,2,1,0,0,1,50,1,1,1,20,1,0,3343
240438_2010,24,240438,2,4,1,9,12,7,47,12,1,1,0,24,1,20,36,20036,2,2005,2G1WW12E2592,2,G,1,W,W,1,2,E,2,5,9,2,0,0,0,000000000,00000000000,0,0,0,1,0,0,0,0,0,0,0,0,0,0,0,6,6,2,12,0,0,0,1,24,21136,6,1,0,0,3,0,62,160,0,0,0,0,0,0,0,0,0,0,0,0,0,0,1,2,40,1,1,2,1,0,0,5,53,1,1,1,21,0,0,3344
240438_2010,24,240438,3,4,1,9,12,7,47,12,1,1,0,24,1,7,482,7482,31,2000,3B7HC13Z8YG1,3,B,7,H,C,1,3,Z,8,Y,G,1,0,0,0,000000000,00000000000,0,0,0,1,0,0,0,0,0,0,0,0,0,0,0,6,6,2,12,0,0,0,1,24,21061,6,1,0,0,3,0,68,187,0,0,0,0,0,0,0,0,0,0,0,0,0,0,1,2,40,1,1,2,1,0,0,5,53,1,1,1,98,0,0,3345
240438_2010,24,240438,4,4,1,9,12,7,47,12,1,1,0,24,1,7,442,7442,20,2010,2D4RN6DX7AR3,2,D,4,R,N,6,D,X,7,A,R,3,0,0,0,000000000,00000000000,0,0,0,1,0,0,0,0,0,0,0,998,0,1,1,12,6,2,12,0,0,0,1,24,21122,6,1,0,0,3,0,64,130,0,0,0,0,0,0,0,0,0,0,0,0,0,0,1,2,40,1,1,2,1,0,0,1,62,1,1,1,98,0,0,3346
240438_2011,24,240438,1,1,1,18,10,6,16,1,0,1,0,24,1,98,706,98706,80,1974,CB7502344756,C,B,7,5,0,2,3,4,4,7,5,6,0,0,0,000000000,00000000000,0,0,0,1,0,0,0,0,0,0,0,998,0,0,0,0,6,2,1,0,0,0,1,24,20774,6,1,0,0,3,0,67,135,0,0,0,0,0,0,0,0,0,9,99,99,99,99,1,2,35,1,5,2,1,0,0,1,99,99,9,1,98,1,0,3347
240439_2010,24,240439,1,2,1,18,12,22,6,12,6,1,0,24,2,20,481,20481,31,2004,1GCEK19TX4E1,1,G,C,E,K,1,9,T,X,4,E,1,0,0,0,000000000,00000000000,0,0,0,1,0,0,0,0,0,0,0,998,0,1,1,11,6,2,12,0,0,1,1,24,21629,6,1,0,0,3,0,68,153,0,0,0,0,1,6,2009,6,2009,0,39,0,0,0,1,2,50,1,2,2,1,20,3,1,17,1,1,1,89,1,1,3348
240439_2010,24,240439,2,2,1,18,12,22,6,12,6,1,0,24,3,87,881,87881,66,2000,1XP5DB9X6YN5,1,X,P,5,D,B,9,X,6,Y,N,5,1,3,99,999999999,99999999999,3,6,1,1,0,0,0,0,0,0,0,998,0,1,6,1,6,2,1,0,0,0,1,24,21617,6,1,6,0,3,0,73,210,0,0,0,0,0,0,0,0,0,0,0,0,0,0,1,2,55,1,2,2,1,0,0,1,66,1,1,1,88,0,0,3349
240439_2011,24,240439,1,2,1,28,11,2,20,12,1,1,0,24,1,42,46,42046,2,2008,WDDEJ71X28A0,W,D,D,E,J,7,1,X,2,8,A,0,0,0,0,000000000,00000000000,0,0,0,1,0,0,0,0,0,0,0,998,0,0,0,12,6,2,12,0,0,0,1,24,21228,6,1,0,0,3,0,73,190,0,0,0,0,1,1,2009,1,2009,0,99,99,99,99,3,2,55,1,1,2,1,0,0,1,51,99,1,1,24,0,0,3350
240439_2011,24,240439,2,2,1,28,11,2,20,12,1,1,0,24,2,20,404,20404,14,2006,2CNDL73F6660,2,C,N,D,L,7,3,F,6,6,6,0,0,0,0,000000000,00000000000,0,0,0,1,0,0,0,0,0,0,0,998,0,1,3,6,6,2,12,0,0,0,1,24,20743,6,1,0,0,3,0,73,261,0,0,0,0,0,0,0,0,0,0,0,0,0,0,3,2,55,1,1,2,1,0,0,1,53,99,1,1,25,1,0,3351
240440_2010,24,240440,1,1,1,10,12,22,41,30,0,1,0,24,2,34,34,34034,4,1997,WBACC0327VEK,W,B,A,C,C,0,3,2,7,V,E,K,0,0,0,000000000,00000000000,0,0,0,1,0,0,0,0,0,0,0,998,0,0,0,12,6,2,19,0,0,1,1,24,21075,6,1,0,0,3,2,68,135,0,0,0,2,0,6,2009,4,2010,0,74,0,0,0,1,2,40,4,2,2,1,0,0,14,9,1,9,9,2,1,1,3352
240440_2011,24,240440,1,1,2,12,12,0,2,99,0,1,0,24,1,35,401,35401,14,2002,JN8DR09Y22W7,J,N,8,D,R,0,9,Y,2,2,W,7,0,0,0,000000000,00000000000,0,0,0,1,0,0,0,0,0,0,0,998,0,0,0,3,6,2,99,0,0,0,1,24,20874,6,1,0,0,3,0,64,154,0,0,0,0,0,0,0,0,0,0,99,99,99,99,1,2,35,1,5,2,4,0,0,1,5,6,4,4,99,1,0,3353
240441_2010,24,240441,1,1,4,22,12,15,53,42,0,1,0,24,2,2,405,2405,14,2002,1J4GL48K12W1,1,J,4,G,L,4,8,K,1,2,W,1,0,0,0,000000000,00000000000,0,0,0,1,0,0,0,0,0,0,0,998,0,0,0,4,6,2,42,0,0,0,1,24,21782,6,1,0,0,3,3,73,270,0,0,0,0,0,0,0,0,0,1,0,0,0,0,1,2,30,4,3,2,1,0,0,14,9,99,9,4,2,1,0,3354
240441_2011,24,240441,1,4,1,5,8,20,45,12,6,1,0,24,2,53,706,53706,80,2006,JS1GT76A2621,J,S,1,G,T,7,6,A,2,6,2,1,0,0,0,000000000,00000000000,0,0,0,1,0,0,0,0,0,0,0,998,0,0,0,12,6,2,12,0,0,0,1,24,21206,6,1,0,0,3,0,69,195,0,2,0,0,1,10,2009,7,2010,1,36,0,0,0,1,4,25,1,1,2,2,0,0,1,67,3,2,1,83,1,0,3355
240441_2011,24,240441,2,4,1,5,8,20,45,12,6,1,0,24,1,19,3,19003,4,2003,1G6KD54Y13U2,1,G,6,K,D,5,4,Y,1,3,U,2,0,0,0,000000000,00000000000,0,0,0,1,0,0,0,0,0,0,0,998,0,0,0,9,2,1,12,0,0,0,1,24,21214,6,1,0,0,3,0,65,220,0,0,0,0,0,0,0,0,0,0,0,0,0,0,1,4,25,1,1,2,2,0,0,11,15,1,1,2,82,0,0,3356
240441_2011,24,240441,3,4,1,5,8,20,45,12,6,1,0,24,2,18,2,18002,4,2001,1G4HR54K31U1,1,G,4,H,R,5,4,K,3,1,U,1,0,0,0,000000000,00000000000,0,0,0,1,0,0,0,0,0,0,0,998,0,0,0,18,2,1,12,0,0,0,1,24,21218,6,1,0,0,3,0,67,225,0,0,0,0,0,0,0,0,0,0,0,0,0,0,1,4,25,1,1,2,2,20,3,1,62,7,1,1,98,0,0,3357
240441_2011,24,240441,4,4,1,5,8,20,45,12,6,1,0,24,2,34,35,34035,4,2000,WBADM6349YGU,W,B,A,D,M,6,3,4,9,Y,G,U,0,0,0,000000000,00000000000,0,0,0,1,0,0,0,0,0,0,0,998,0,0,0,12,2,1,12,0,0,0,1,24,21286,6,1,0,0,3,0,67,170,0,0,0,0,0,0,0,0,0,0,0,0,0,0,1,4,25,1,1,2,2,0,0,1,60,1,1,1,98,0,0,3358
240442_2010,24,240442,1,1,1,24,12,2,5,42,0,1,0,24,1,54,38,54038,2,2002,JH4DC54862C0,J,H,4,D,C,5,4,8,6,2,C,0,0,0,0,000000000,00000000000,0,0,0,1,0,0,0,0,0,0,0,998,0,0,0,5,6,2,42,0,0,0,1,24,21122,6,1,0,0,3,2,65,128,0,0,0,0,0,0,0,0,0,1,28,74,0,0,1,2,30,2,1,2,1,0,0,14,6,1,9,4,7,1,1,3359
240442_2011,24,240442,1,2,1,26,7,1,3,12,6,1,0,0,0,98,709,98709,81,2000,157QMJ806824,1,5,7,Q,M,J,8,0,6,8,2,4,0,0,0,000000000,00000000000,0,0,0,1,0,0,0,0,0,0,0,998,0,0,0,12,6,2,12,0,0,0,1,24,21217,0,0,0,0,0,0,999,999,0,0,0,0,0,0,0,0,0,0,0,0,0,0,1,2,30,1,1,2,1,0,0,1,62,1,1,1,69,1,1,3360
240442_2011,24,240442,2,2,1,26,7,1,3,12,6,1,0,24,2,37,32,37032,4,1991,1HGCB9864MA0,1,H,G,C,B,9,8,6,4,M,A,0,0,0,0,000000000,00000000000,0,0,0,1,0,0,0,0,0,0,0,998,0,0,0,4,2,1,12,0,0,0,1,24,21216,1,7,0,0,2,2,73,183,0,2,0,0,1,3,2010,6,2011,0,48,74,0,0,1,2,30,1,1,2,1,0,0,11,15,1,1,1,68,0,0,3361
240443_2010,24,240443,1,1,1,3,12,8,5,24,0,1,0,24,1,22,8,22008,2,2005,6G2VX12UX5L3,6,G,2,V,X,1,2,U,X,5,L,3,0,0,0,000000000,00000000000,0,0,0,1,0,0,0,0,0,0,0,998,0,0,0,9,6,2,42,0,0,0,1,24,21060,6,1,0,0,3,0,68,130,0,0,0,0,0,0,0,0,0,1,28,0,0,0,1,2,55,2,2,2,1,0,0,14,9,7,2,4,7,1,1,3362