st_case_year,STATE,ST_CASE,VEH_NO,VE_FORMS,NUMOCCS,DAY,MONTH,HOUR,MINUTE,HARM_EV,MAN_COLL,UNITTYPE,HIT_RUN,REG_STAT,OWNER,MAKE,MODEL,MAK_MOD,BODY_TYP,MOD_YEAR,VIN,VIN_1,VIN_2,VIN_3,VIN_4,VIN_5,VIN_6,VIN_7,VIN_8,VIN_9,VIN_10,VIN_11,VIN_12,TOW_VEH,J_KNIFE,MCARR_I1,MCARR_I2,MCARR_ID,GVWR,V_CONFIG,CARGO_BT,HAZ_INV,HAZ_PLAC,HAZ_ID,HAZ_CNO,HAZ_REL,BUS_USE,SPEC_USE,EMER_USE,TRAV_SP,UNDERIDE,ROLLOVER,ROLINLOC,IMPACT1,DEFORMED,TOWED,M_HARM,VEH_SC1,VEH_SC2,FIRE_EXP,DR_PRES,L_STATE,DR_ZIP,L_STATUS,L_TYPE,CDL_STAT,L_ENDORS,L_COMPL,L_RESTRI,DR_HGT,DR_WGT,PREV_ACC,PREV_SUS,PREV_DWI,PREV_SPD,PREV_OTH,FIRST_MO,FIRST_YR,LAST_MO,LAST_YR,SPEEDREL,DR_SF1,DR_SF2,DR_SF3,DR_SF4,VTRAFWAY,VNUM_LAN,VSPD_LIM,VALIGN,VPROFILE,VPAVETYP,VSURCOND,VTRAFCON,VTCONT_F,P_CRASH1,P_CRASH2,P_CRASH3,PCRASH4,PCRASH5,ACC_TYPE,DEATHS,DR_DRINK,idno
240443_2011,24,240443,1,1,1,17,12,16,52,8,0,1,0,24,1,24,2,24002,2,1999,1G8ZY1270XZ2,1,G,8,Z,Y,1,2,7,0,X,Z,2,0,0,0,000000000,00000000000,0,0,0,1,0,0,0,0,0,0,0,43,0,0,0,12,6,2,8,0,0,0,1,24,21108,6,1,0,0,3,0,65,153,0,0,0,0,0,0,0,0,0,1,0,0,0,0,2,2,35,1,1,2,1,2,3,1,80,8,1,3,13,0,0,3363
240444_2010,24,240444,1,1,2,31,12,15,31,1,0,1,0,24,1,12,422,12422,15,2002,1FMPU16L42LA,1,F,M,P,U,1,6,L,4,2,L,A,0,0,0,000000000,00000000000,0,0,0,1,0,0,0,0,0,0,0,998,0,2,5,0,6,2,1,0,0,0,1,24,21723,6,1,0,0,3,0,64,110,0,0,0,1,0,9,2010,9,2010,1,0,0,0,0,3,2,65,1,1,2,1,0,0,1,9,4,2,4,2,1,1,3364
240444_2011,24,240444,1,4,1,28,12,14,45,12,1,1,0,24,1,2,404,2404,14,2007,1J8GR48K07C5,1,J,8,G,R,4,8,K,0,7,C,5,0,0,0,000000000,00000000000,0,0,0,1,0,0,0,0,0,0,0,998,0,0,0,12,6,2,12,0,0,0,1,24,21216,6,1,0,0,3,0,67,153,0,0,0,0,0,0,0,0,0,1,26,0,0,0,3,2,55,1,1,2,1,0,0,1,50,1,1,1,20,0,0,3365
240444_2011,24,240444,2,4,4,28,12,14,45,12,1,1,0,24,3,54,35,54035,4,2007,19UUA66217A0,1,9,U,U,A,6,6,2,1,7,A,0,0,0,0,000000000,00000000000,0,0,0,1,0,0,0,0,0,0,0,0,0,0,0,6,6,2,12,0,0,0,1,24,21230,6,1,0,0,3,0,71,200,0,0,0,0,0,0,0,0,0,0,0,0,0,0,3,2,55,1,1,2,1,0,0,5,53,1,1,1,22,1,0,3366
240444_2011,24,240444,3,4,1,28,12,14,45,12,1,1,0,24,1,49,46,49046,4,2011,JTDKN3DU5B53,J,T,D,K,N,3,D,U,5,B,5,3,0,0,0,000000000,00000000000,0,0,0,1,0,0,0,0,0,0,0,0,0,0,0,6,6,2,12,36,0,0,1,24,21217,6,1,0,0,3,0,74,170,0,0,0,0,0,0,0,0,0,0,0,0,0,0,3,2,55,1,1,2,1,0,0,5,53,1,1,1,98,0,0,3367
240444_2011,24,240444,4,4,3,28,12,14,45,12,1,1,0,42,1,48,402,48402,14,2011,4S4WX9FD0B44,4,S,4,W,X,9,F,D,0,B,4,4,0,0,0,000000000,00000000000,0,0,0,1,0,0,0,0,0,0,0,0,0,0,0,6,6,2,12,0,0,0,1,42,19525,6,1,0,0,3,0,69,999,0,0,0,0,0,0,0,0,0,0,0,0,0,0,3,2,55,1,1,2,1,0,0,5,53,1,1,1,98,0,0,3368
240445_2010,24,240445,1,2,1,29,12,16,21,12,6,1,0,24,1,20,16,20016,4,2000,1G1JF52T5Y73,1,G,1,J,F,5,2,T,5,Y,7,3,0,0,0,000000000,00000000000,0,0,0,1,0,0,0,0,0,0,0,998,0,0,0,3,6,2,12,0,0,0,1,24,20601,6,1,0,0,3,0,65,120,0,0,0,0,0,0,0,0,0,0,38,0,0,0,3,2,55,1,1,2,1,0,0,11,15,1,1,1,68,1,0,3369
240445_2010,24,240445,2,2,4,29,12,16,21,12,6,1,0,24,1,21,22,21022,4,2001,1G3NL52E51C1,1,G,3,N,L,5,2,E,5,1,C,1,0,0,0,000000000,00000000000,0,0,0,1,0,0,0,0,0,0,0,998,0,0,0,12,6,2,12,0,0,0,1,24,20659,6,1,0,0,3,0,63,130,0,0,0,0,0,0,0,0,0,0,0,0,0,0,3,2,55,1,1,2,1,0,0,1,62,1,1,1,69,0,0,3370
240445_2011,24,240445,1,1,1,12,9,9,10,8,0,1,0,24,1,20,481,20481,31,1991,1GCDK14Z6ME1,1,G,C,D,K,1,4,Z,6,M,E,1,0,0,0,000000000,00000000000,0,0,0,1,0,0,0,0,0,0,0,998,0,0,0,12,6,2,8,0,0,0,1,24,21239,6,1,0,0,3,3,67,210,0,0,0,0,0,0,0,0,0,0,38,0,0,0,4,5,30,1,1,2,1,3,3,11,81,1,1,1,13,0,0,3371
240446_2010,24,240446,1,1,1,31,12,22,6,42,0,1,0,24,1,52,37,52037,2,2004,4A3AC44G24E0,4,A,3,A,C,4,4,G,2,4,E,0,0,0,0,000000000,00000000000,0,0,0,1,0,0,0,0,0,0,0,998,0,0,0,12,6,2,42,0,0,0,1,24,21601,6,1,0,0,3,0,64,120,0,0,0,5,1,4,2009,11,2010,1,28,0,0,0,1,2,45,3,1,2,1,0,0,14,9,99,9,4,7,1,1,3372
240446_2011,24,240446,1,2,1,31,12,17,46,54,11,1,0,24,1,72,706,72706,80,2001,1HD1BXB151Y0,1,H,D,1,B,X,B,1,5,1,Y,0,0,0,0,000000000,00000000000,0,0,0,1,0,0,0,0,0,0,0,998,0,0,0,18,6,2,1,0,0,0,1,24,21798,6,1,6,0,3,0,74,195,0,0,0,0,0,0,0,0,0,1,0,0,0,0,3,3,55,1,1,2,1,0,0,1,51,6,2,1,98,1,0,3373
240446_2011,24,240446,2,2,1,31,12,17,46,54,11,1,0,24,1,49,401,49401,14,1997,JT3HN86R1V01,J,T,3,H,N,8,6,R,1,V,0,1,0,0,0,000000000,00000000000,0,0,0,1,0,0,0,0,0,0,0,998,0,0,0,18,4,1,54,0,0,0,1,24,21793,6,1,0,0,3,0,67,155,0,0,0,0,0,0,0,0,0,0,0,0,0,0,3,3,55,1,1,2,1,0,0,1,53,1,1,1,98,0,0,3374
240447_2010,24,240447,1,1,1,29,12,17,40,14,0,1,0,24,2,2,404,2404,14,1998,1J4GZ88ZXWC2,1,J,4,G,Z,8,8,Z,X,W,C,2,0,0,0,000000000,00000000000,0,0,0,1,0,0,0,0,0,0,0,998,0,0,0,12,6,2,8,0,0,0,1,24,20781,6,1,0,0,3,0,70,135,0,0,0,0,0,0,0,0,0,0,99,99,99,99,1,2,98,1,1,2,1,0,0,98,19,99,1,2,98,0,0,3375
240447_2011,24,240447,1,1,1,7,12,17,57,8,0,1,0,24,2,98,981,98981,52,2005,5FYC4FP075C0,5,F,Y,C,4,F,P,0,7,5,C,0,0,0,88,888888888,88888888888,3,21,22,1,0,0,0,0,6,0,0,998,0,0,0,12,2,1,8,0,0,0,1,24,20852,6,1,6,0,3,0,72,270,0,0,0,0,0,0,0,0,0,0,99,99,99,99,2,3,40,1,1,2,2,3,3,10,80,1,1,1,13,0,0,3376
240448_2010,24,240448,1,1,1,23,12,19,50,34,0,1,0,24,1,42,43,42043,4,2001,WDBNG70J71A1,W,D,B,N,G,7,0,J,7,1,A,1,0,0,0,000000000,00000000000,0,0,0,1,0,0,0,0,0,0,0,998,0,0,0,9,6,2,31,0,0,0,1,24,21104,6,1,0,0,3,0,71,200,0,0,0,0,0,0,0,0,0,1,0,0,0,0,1,2,50,1,2,2,1,0,0,1,9,99,9,4,2,1,1,3377
240448_2011,24,240448,1,2,1,28,12,16,18,12,2,1,0,24,1,49,472,49472,30,1999,4TAWM72N8XZ5,4,T,A,W,M,7,2,N,8,X,Z,5,0,0,0,000000000,00000000000,0,0,0,1,0,0,0,0,0,0,0,998,0,0,0,12,6,2,12,0,0,0,1,24,20906,6,1,0,0,3,0,66,140,0,0,0,0,1,11,2010,11,2010,0,28,0,0,0,2,2,35,3,2,2,1,0,0,14,10,1,1,2,50,1,0,3378
240448_2011,24,240448,2,2,6,28,12,16,18,12,2,1,0,24,3,98,981,98981,52,2006,5FYD5FS116C0,5,F,Y,D,5,F,S,1,1,6,C,0,0,0,88,888888888,88888888888,3,21,22,1,0,0,0,0,6,0,0,998,0,0,0,12,6,2,12,0,0,0,1,24,20877,6,1,6,0,3,0,66,175,0,0,0,0,0,0,0,0,0,0,0,0,0,0,2,2,35,3,2,2,1,0,0,14,62,1,1,1,51,0,0,3379
240449_2010,24,240449,1,1,2,8,12,15,7,5,0,1,0,24,3,84,981,84981,50,2003,4DRBRABM03B9,4,D,R,B,R,A,B,M,0,3,B,9,0,0,57,354406,57354406,3,21,22,1,0,0,0,0,1,0,0,998,0,0,0,0,6,2,5,0,0,0,1,24,21223,6,1,6,0,3,0,66,130,0,2,0,0,1,9,2009,5,2010,0,0,0,0,0,1,2,35,1,2,2,1,0,0,98,98,98,1,1,0,1,0,3380
240449_2011,24,240449,1,1,1,28,11,8,19,33,0,1,0,24,1,22,22,22022,4,2006,1G2ZF55B5641,1,G,2,Z,F,5,5,B,5,6,4,1,0,0,0,000000000,00000000000,0,0,0,1,0,0,0,0,0,0,0,998,0,0,0,14,6,2,42,0,0,1,1,24,21236,6,1,0,0,3,0,71,180,0,0,0,0,0,0,0,0,0,1,0,0,0,0,1,2,30,3,2,2,1,0,0,1,11,1,1,4,15,1,0,3381
240450_2010,24,240450,1,1,3,12,12,10,1,42,0,1,0,24,2,53,402,53402,14,2001,JS3TX92VX141,J,S,3,T,X,9,2,V,X,1,4,1,0,0,0,000000000,00000000000,0,0,0,1,0,0,0,0,0,0,0,998,0,0,0,9,6,2,42,0,0,0,1,24,20832,6,1,0,0,3,1,68,128,0,0,0,0,0,0,0,0,0,0,28,0,0,0,1,2,45,2,2,2,2,0,0,14,9,4,4,4,7,1,0,3382
240450_2011,24,240450,1,1,4,11,12,12,23,34,0,1,0,24,1,22,22,22022,4,2008,1G2ZH57N2842,1,G,2,Z,H,5,7,N,2,8,4,2,0,0,0,000000000,00000000000,0,0,0,1,0,0,0,0,0,0,0,998,0,1,5,12,6,2,1,0,0,0,1,24,21863,6,1,0,0,3,0,63,185,0,0,0,0,0,0,0,0,0,0,35,0,0,0,1,2,55,1,1,2,1,0,0,6,51,4,2,4,7,1,0,3383
240451_2010,24,240451,1,1,1,14,12,15,46,33,0,1,0,24,1,2,404,2404,14,2001,1J4GW48S61C6,1,J,4,G,W,4,8,S,6,1,C,6,0,0,0,000000000,00000000000,0,0,0,1,0,0,0,0,0,0,0,998,0,0,0,98,6,2,42,0,0,0,1,24,21227,6,1,0,0,3,0,68,200,0,0,0,0,0,0,0,0,0,0,0,0,0,0,3,2,45,1,3,2,1,0,0,3,8,99,9,4,7,1,0,3384
240451_2011,24,240451,1,1,1,17,12,4,30,1,0,1,0,24,1,2,404,2404,14,1996,1J4GZ78Y0TC3,1,J,4,G,Z,7,8,Y,0,T,C,3,0,0,0,000000000,00000000000,0,0,0,1,0,0,0,0,0,0,0,998,0,2,5,0,6,2,1,0,0,0,1,24,20748,6,1,0,0,3,0,71,198,0,0,0,0,0,0,0,0,0,1,0,0,0,0,6,1,55,2,1,2,1,0,0,14,12,7,9,4,98,1,1,3385
240452_2010,24,240452,1,2,4,21,12,18,37,8,0,1,0,11,1,20,2,20002,4,2004,2G1WF52E3492,2,G,1,W,F,5,2,E,3,4,9,2,0,0,0,000000000,00000000000,0,0,0,1,0,0,0,0,0,0,0,998,0,0,0,12,6,2,8,0,0,0,1,11,20020,6,1,0,0,3,0,75,235,0,0,0,0,0,0,0,0,0,1,0,0,0,0,1,4,30,1,2,2,1,0,0,1,80,1,1,1,13,0,0,3386
240452_2010,24,240452,2,2,1,21,12,18,37,8,0,1,1,99,9,99,999,99999,99,9999,999999999999,9,9,9,9,9,9,9,9,9,9,9,9,0,0,0,000000000,00000000000,0,0,0,1,0,0,0,0,0,0,0,998,0,0,0,99,9,1,8,0,0,0,1,99,99999,9,9,99,9,9,9,999,999,99,99,99,99,99,99,9999,99,9999,0,0,0,0,0,1,4,30,1,2,2,1,0,0,1,80,1,1,1,98,0,0,3387
240452_2011,24,240452,1,3,3,28,11,15,59,33,0,1,0,24,2,49,40,49040,4,1994,JT2SK12E9R02,J,T,2,S,K,1,2,E,9,R,0,2,0,0,0,000000000,00000000000,0,0,0,1,0,0,0,0,0,0,0,998,0,0,0,98,6,2,12,0,0,0,1,24,21230,1,1,0,0,2,2,65,125,0,1,0,0,0,10,2011,10,2011,1,74,0,0,0,3,2,40,4,1,2,1,0,0,1,12,99,9,4,7,1,0,3388
240452_2011,24,240452,2,3,6,28,11,15,59,33,0,1,0,24,3,84,981,84981,50,1997,1HVBBABK2VH4,1,H,V,B,B,A,B,K,2,V,H,4,0,0,88,888888888,88888888888,2,21,22,1,0,0,0,0,1,0,0,998,0,0,0,8,6,2,12,0,0,0,1,24,21222,6,1,6,0,3,0,63,156,0,0,0,0,0,0,0,0,0,0,0,0,0,0,3,2,40,4,1,2,1,0,0,1,62,7,1,1,98,0,0,3389
240452_2011,24,240452,3,3,2,28,11,15,59,33,0,1,0,24,1,6,441,6441,20,2000,1C4GP54L2YB5,1,C,4,G,P,5,4,L,2,Y,B,5,0,0,0,000000000,00000000000,0,0,0,1,0,0,0,0,0,0,0,998,0,0,0,12,6,2,12,0,0,0,1,24,21216,6,1,0,0,3,0,66,270,0,0,0,0,0,0,0,0,0,0,0,0,0,0,3,2,40,4,1,2,1,0,0,1,62,1,1,1,98,0,0,3390
240453_2010,24,240453,1,1,1,28,9,17,49,42,0,1,0,92,0,53,705,53705,80,2002,JS1VP52A2221,J,S,1,V,P,5,2,A,2,2,2,1,0,0,0,000000000,00000000000,0,0,0,1,0,0,0,0,0,0,0,998,0,0,0,12,6,2,42,0,0,0,1,24,20744,0,0,0,0,0,0,999,999,0,0,0,0,0,0,0,0,0,0,0,0,0,0,1,8,25,1,1,2,1,0,0,1,9,99,9,4,2,1,0,3391
240453_2011,24,240453,1,1,1,17,12,4,57,33,0,1,0,24,3,14,21,14021,4,2009,3MEHM07ZX9R6,3,M,E,H,M,0,7,Z,X,9,R,6,0,0,0,000000000,00000000000,0,0,0,1,0,0,0,0,0,0,0,998,0,0,0,14,6,2,8,0,0,0,1,24,20906,6,1,0,0,3,0,72,187,0,0,0,0,0,0,0,0,0,0,99,99,99,99,2,3,40,3,1,2,1,0,0,14,9,99,9,4,2,0,0,3392
240454_2010,24,240454,1,1,1,17,3,3,45,99,99,1,0,11,1,14,6,14006,4,2003,2MEFM74W93X6,2,M,E,F,M,7,4,W,9,3,X,6,0,0,0,000000000,00000000000,0,0,0,1,0,0,0,0,0,0,0,997,0,0,0,0,6,2,99,0,0,0,1,11,20001,6,1,0,0,3,0,72,245,0,0,0,0,0,0,0,0,0,9,99,99,99,99,8,8,55,1,1,8,3,0,0,99,99,99,9,9,99,1,1,3393
240454_2011,24,240454,1,1,2,13,7,18,38,33,0,1,0,24,2,12,16,12016,4,1996,2FALP71W3TX1,2,F,A,L,P,7,1,W,3,T,X,1,0,0,0,000000000,00000000000,0,0,0,1,0,0,0,0,0,0,0,998,0,0,0,14,6,2,42,0,0,0,1,24,21236,6,1,0,0,3,0,75,250,0,7,0,1,3,8,2009,3,2011,1,28,87,0,0,3,2,25,1,1,2,2,0,0,1,6,1,4,4,7,1,0,3394
240455_2010,24,240455,1,1,3,4,4,2,54,99,98,1,0,24,2,51,44,51044,4,1998,YV1KS9607W11,Y,V,1,K,S,9,6,0,7,W,1,1,0,0,0,000000000,00000000000,0,0,0,1,0,0,0,0,0,0,0,998,0,0,0,0,6,2,99,0,0,0,1,24,20781,6,1,0,0,3,0,69,101,0,0,0,0,0,0,0,0,0,1,99,99,99,99,2,8,55,1,1,8,1,0,0,1,99,99,9,9,99,2,1,3395
240455_2011,24,240455,1,2,1,16,7,15,34,12,6,1,0,24,5,42,46,42046,2,2007,WDDEJ76X77A0,W,D,D,E,J,7,6,X,7,7,A,0,0,0,0,000000000,00000000000,0,0,0,1,0,0,0,0,0,0,0,998,0,0,0,12,6,2,12,0,0,0,1,24,21215,1,1,0,0,2,2,67,165,0,1,0,0,0,8,2009,8,2009,1,38,39,74,0,1,2,25,1,1,2,1,20,3,1,66,1,1,1,86,0,0,3396
240455_2011,24,240455,2,2,1,16,7,15,34,12,6,1,0,24,1,12,461,12461,21,2000,1FMRE1129YHB,1,F,M,R,E,1,1,2,9,Y,H,B,0,0,0,000000000,00000000000,0,0,0,1,0,0,0,0,0,0,0,998,0,0,0,3,6,2,12,0,0,0,1,24,21215,6,1,0,0,3,0,69,180,0,0,0,0,0,0,0,0,0,0,0,0,0,0,1,2,25,1,1,2,1,20,3,1,17,1,1,1,87,1,0,3397
240456_2010,24,240456,1,1,2,27,9,4,2,99,99,1,0,11,1,55,35,55035,4,2010,KMHDU4AD9AU0,K,M,H,D,U,4,A,D,9,A,U,0,0,0,0,000000000,00000000000,0,0,0,1,0,0,0,0,0,0,0,998,0,0,0,0,6,2,99,0,0,0,1,11,20019,6,1,0,0,3,0,64,160,0,0,0,0,0,0,0,0,0,0,99,99,99,99,2,8,55,1,1,8,2,0,0,1,99,99,9,9,99,1,1,3398
240456_2011,24,240456,1,1,1,8,12,6,15,8,0,1,1,99,9,99,999,99999,99,9999,999999999999,9,9,9,9,9,9,9,9,9,9,9,9,0,0,0,000000000,00000000000,0,0,0,1,0,0,0,0,0,0,0,998,0,0,0,98,4,1,8,0,0,0,1,99,99999,9,9,99,9,9,9,999,999,99,99,99,99,99,99,9999,99,9999,9,87,0,0,0,1,2,55,1,1,2,4,0,0,1,80,1,1,1,13,0,0,3399
240457_2010,24,240457,1,1,1,2,10,2,35,42,0,1,0,24,1,20,441,20441,20,2003,1GCDM19X83B1,1,G,C,D,M,1,9,X,8,3,B,1,0,0,0,000000000,00000000000,0,0,0,1,0,0,0,0,0,0,0,998,0,0,0,11,6,2,42,0,0,0,1,24,21795,6,1,0,0,3,0,73,310,0,0,0,0,0,0,0,0,0,0,0,0,0,0,1,2,30,1,2,2,1,0,0,1,9,99,9,4,7,1,0,3400
240457_2011,24,240457,1,1,1,16,8,18,37,8,0,1,0,24,1,35,43,35043,4,2012,3N1AB6AP8CL6,3,N,1,A,B,6,A,P,8,C,L,6,0,0,0,000000000,00000000000,0,0,0,1,0,0,0,0,0,0,0,998,0,0,0,12,4,3,8,0,0,0,1,24,21237,6,1,0,0,3,0,67,160,0,0,0,0,0,0,0,0,0,0,0,0,0,0,1,4,25,1,1,2,1,0,0,1,80,1,1,1,13,0,0,3401
240458_2010,24,240458,1,1,1,28,10,10,13,31,0,1,0,54,3,63,38,63038,4,2010,KNAFU4A26A50,K,N,A,F,U,4,A,2,6,A,5,0,0,0,0,000000000,00000000000,0,0,0,1,0,0,0,0,0,0,0,998,0,1,6,12,6,2,42,0,0,0,1,24,21224,6,1,0,0,3,3,57,125,0,0,0,0,2,5,2010,5,2010,1,0,0,0,0,1,2,40,3,2,2,1,0,0,14,9,99,9,4,2,1,1,3402
240459_2010,24,240459,1,2,1,19,11,0,55,12,98,1,0,24,2,99,999,99999,99,9999,999999999999,9,9,9,9,9,9,9,9,9,9,9,9,0,0,0,000000000,00000000000,0,0,0,1,0,0,0,0,0,0,0,998,0,0,0,98,4,8,12,0,0,0,1,24,20607,6,1,0,0,3,3,70,160,0,0,0,0,0,0,0,0,0,0,0,0,0,0,2,2,55,1,2,1,1,0,0,1,99,99,9,9,99,0,0,3403
240459_2010,24,240459,2,2,1,19,11,0,55,12,98,1,0,24,1,14,17,14017,4,1999,1MEFM58S3XA6,1,M,E,F,M,5,8,S,3,X,A,6,0,0,0,000000000,00000000000,0,0,0,1,0,0,0,0,0,0,0,998,0,0,0,98,2,8,8,0,0,0,1,24,21122,6,1,0,0,3,0,74,170,0,0,0,0,0,0,0,0,0,0,0,0,0,0,2,2,55,1,2,1,1,0,0,1,80,99,9,9,99,0,0,3404
240460_2010,24,240460,1,2,1,11,9,1,29,12,2,1,0,24,1,37,32,37032,2,1990,1HGCB7152LA0,1,H,G,C,B,7,1,5,2,L,A,0,0,0,0,000000000,00000000000,0,0,0,1,0,0,0,0,0,0,0,998,0,0,0,12,6,2,12,0,0,0,1,24,21040,6,1,0,0,3,0,75,230,0,0,0,0,0,0,0,0,0,1,0,0,0,0,1,2,30,1,1,2,1,0,0,1,99,99,9,2,50,1,1,3405
240460_2010,24,240460,2,2,1,11,9,1,29,12,2,1,0,24,1,37,32,37032,4,2006,1HGCM56306A1,1,H,G,C,M,5,6,3,0,6,A,1,0,0,0,000000000,00000000000,0,0,0,1,0,0,0,0,0,0,0,998,0,0,0,12,6,2,12,0,0,0,1,24,21001,6,1,0,0,3,0,62,147,0,0,0,0,1,8,2009,8,2009,0,0,0,0,0,1,2,30,1,1,2,1,0,0,1,62,99,1,1,51,0,0,3406
240461_2010,24,240461,1,1,1,20,11,5,42,24,0,1,0,24,2,7,25,7025,5,2007,1B3HB28B27D3,1,B,3,H,B,2,8,B,2,7,D,3,0,0,0,000000000,00000000000,0,0,0,1,0,0,0,0,0,0,0,998,0,1,5,12,6,2,24,0,0,1,1,24,21001,6,1,0,0,3,0,72,145,0,0,0,0,0,0,0,0,0,1,0,0,0,0,3,8,45,1,1,2,1,0,0,1,9,99,9,4,2,1,0,3407
240462_2010,24,240462,1,1,1,5,12,5,21,32,0,1,0,24,1,19,18,19018,4,2007,1G6DM57T2701,1,G,6,D,M,5,7,T,2,7,0,1,0,0,0,000000000,00000000000,0,0,0,1,0,0,0,0,0,0,0,998,0,1,6,12,6,2,1,0,0,0,1,24,21601,6,1,0,0,3,0,66,120,0,0,0,0,0,0,0,0,0,0,99,99,99,99,1,2,50,4,1,2,1,0,0,14,9,6,9,4,7,1,0,3408
240463_2010,24,240463,1,2,1,3,10,22,25,12,6,1,0,24,1,19,18,19018,4,2005,1G6DP5671501,1,G,6,D,P,5,6,7,1,5,0,1,0,0,0,000000000,00000000000,0,0,0,1,0,0,0,0,0,0,0,998,0,0,0,12,6,2,12,0,0,0,1,24,21054,6,1,0,0,3,0,71,190,0,0,0,0,0,0,0,0,0,1,36,0,0,0,1,8,40,1,1,2,2,3,3,1,17,99,1,1,88,0,1,3409
240463_2010,24,240463,2,2,2,3,10,22,25,12,6,1,0,24,1,7,402,7402,14,2000,1B4HS28N5YF1,1,B,4,H,S,2,8,N,5,Y,F,1,0,0,0,000000000,00000000000,0,0,0,1,0,0,0,0,0,0,0,998,0,0,0,8,6,2,12,0,0,0,1,24,21122,6,1,0,0,3,3,72,144,0,0,0,1,0,8,2010,8,2010,0,99,99,99,99,1,8,10,1,1,2,2,3,3,1,66,99,1,1,89,1,0,3410
240464_2010,24,240464,1,1,2,4,12,23,44,1,0,1,0,24,2,23,401,23401,14,2003,1GKDT13S2323,1,G,K,D,T,1,3,S,2,3,2,3,0,0,0,000000000,00000000000,0,0,0,1,0,0,0,0,0,0,0,75,0,2,3,0,6,2,1,0,0,0,1,11,20032,1,1,0,0,2,2,70,345,0,1,0,0,1,5,2010,8,2010,1,74,0,0,0,2,2,50,1,1,2,1,0,0,1,9,2,3,4,7,1,1,3411
240465_2010,24,240465,1,3,1,11,9,19,0,12,7,1,0,92,0,53,706,53706,80,1999,JS1GN79A5X21,J,S,1,G,N,7,9,A,5,X,2,1,0,0,0,000000000,00000000000,0,0,0,1,0,0,0,0,0,0,0,998,0,0,0,98,6,2,12,0,0,0,1,24,21201,2,1,0,0,2,2,68,150,0,2,0,0,2,3,2008,9,2010,1,74,0,0,0,2,3,35,1,1,2,1,0,0,1,6,1,1,1,44,1,1,3412
240465_2010,24,240465,2,3,1,11,9,19,0,12,7,1,1,24,9,42,48,42048,4,2003,WDBUF70J13A2,W,D,B,U,F,7,0,J,1,3,A,2,0,0,0,000000000,00000000000,0,0,0,1,0,0,0,0,0,0,0,998,0,0,0,9,6,2,12,0,0,0,1,99,99999,9,9,99,9,9,9,999,999,99,99,99,99,99,99,9999,99,9999,0,0,0,0,0,2,3,35,1,1,2,1,0,0,1,53,1,1,1,45,0,0,3413
240465_2010,24,240465,3,3,2,11,9,19,0,12,7,1,0,24,1,49,442,49442,20,1999,4T3ZF13C4XU1,4,T,3,Z,F,1,3,C,4,X,U,1,0,0,0,000000000,00000000000,0,0,0,1,0,0,0,0,0,0,0,998,0,0,0,9,4,1,12,0,0,0,1,24,21207,6,1,0,0,3,0,72,240,0,0,0,0,0,0,0,0,0,0,0,0,0,0,2,3,35,1,1,2,1,0,0,1,62,1,1,1,98,0,0,3414
240466_2010,24,240466,1,1,1,24,12,22,46,8,0,1,0,99,9,99,999,99999,99,9999,999999999999,9,9,9,9,9,9,9,9,9,9,9,9,0,0,0,000000000,00000000000,0,0,0,1,0,0,0,0,0,0,0,998,0,0,0,12,2,8,8,0,0,0,1,11,20017,6,1,0,0,3,0,72,240,0,0,0,0,0,0,0,0,0,0,99,99,99,99,3,2,45,1,1,2,1,0,0,1,80,99,1,1,13,0,0,3415
240467_2010,24,240467,1,3,2,26,12,1,5,12,98,1,0,51,1,20,431,20431,16,2001,3GNFK16T61G2,3,G,N,F,K,1,6,T,6,1,G,2,0,0,0,000000000,00000000000,0,0,0,1,0,0,0,0,0,0,0,998,0,0,0,98,6,2,12,0,0,0,1,51,20171,6,1,0,0,3,0,60,120,1,0,0,0,0,3,2009,3,2009,9,99,99,99,99,3,2,50,1,1,2,1,0,0,1,10,99,9,9,99,2,0,3416
240467_2010,24,240467,2,3,1,26,12,1,5,12,98,1,0,99,9,99,999,99999,99,9999,999999999999,9,9,9,9,9,9,9,9,9,9,9,9,0,0,0,000000000,00000000000,0,0,0,1,0,0,0,0,0,0,0,998,0,0,0,98,8,8,12,0,0,0,1,24,21223,6,1,0,0,3,0,67,160,0,0,0,0,0,0,0,0,0,0,0,0,0,0,3,2,50,1,1,2,1,0,0,1,62,99,9,9,99,0,0,3417
240467_2010,24,240467,3,3,1,26,12,1,5,12,98,1,0,99,9,99,999,99999,99,9999,999999999999,9,9,9,9,9,9,9,9,9,9,9,9,0,0,0,000000000,00000000000,0,0,0,1,0,0,0,0,0,0,0,998,0,0,0,98,8,8,12,0,0,0,1,24,21144,6,1,0,0,3,0,70,160,0,1,0,0,1,8,2009,2,2010,0,0,0,0,0,3,2,50,1,1,2,1,0,0,1,62,99,1,1,98,0,0,3418
100001_2015,10,100001,1,1,1,2,1,0,10,42,0,1,0,10,1,22,22,22022,4,2007,1G2ZF58B7742,1,G,2,Z,F,5,8,B,7,7,4,2,0,0,0,000000000,00000000000,0,0,0,1,0,0,0,0,0,0,0,998,0,0,0,9,6,2,42,0,0,0,1,10,19904,2,1,0,0,2,0,63,170,1,2,1,0,1,8,2013,10,2014,3,0,0,0,0,1,2,50,3,8,2,1,0,0,14,13,1,3,4,2,1,1,5193