st_case_year,STATE,ST_CASE,VEH_NO,VE_FORMS,NUMOCCS,DAY,MONTH,HOUR,MINUTE,HARM_EV,MAN_COLL,UNITTYPE,HIT_RUN,REG_STAT,OWNER,MAKE,MODEL,MAK_MOD,BODY_TYP,MOD_YEAR,VIN,VIN_1,VIN_2,VIN_3,VIN_4,VIN_5,VIN_6,VIN_7,VIN_8,VIN_9,VIN_10,VIN_11,VIN_12,TOW_VEH,J_KNIFE,MCARR_I1,MCARR_I2,MCARR_ID,GVWR,V_CONFIG,CARGO_BT,HAZ_INV,HAZ_PLAC,HAZ_ID,HAZ_CNO,HAZ_REL,BUS_USE,SPEC_USE,EMER_USE,TRAV_SP,UNDERIDE,ROLLOVER,ROLINLOC,IMPACT1,DEFORMED,TOWED,M_HARM,VEH_SC1,VEH_SC2,FIRE_EXP,DR_PRES,L_STATE,DR_ZIP,L_STATUS,L_TYPE,CDL_STAT,L_ENDORS,L_COMPL,L_RESTRI,DR_HGT,DR_WGT,PREV_ACC,PREV_SUS,PREV_DWI,PREV_SPD,PREV_OTH,FIRST_MO,FIRST_YR,LAST_MO,LAST_YR,SPEEDREL,DR_SF1,DR_SF2,DR_SF3,DR_SF4,VTRAFWAY,VNUM_LAN,VSPD_LIM,VALIGN,VPROFILE,VPAVETYP,VSURCOND,VTRAFCON,VTCONT_F,P_CRASH1,P_CRASH2,P_CRASH3,PCRASH4,PCRASH5,ACC_TYPE,DEATHS,DR_DRINK,idno
100002_2015,10,100002,1,1,1,11,1,2,55,24,0,1,0,10,2,12,21,12021,4,2005,1FAFP25105G1,1,F,A,F,P,2,5,1,0,5,G,1,0,0,0,000000000,00000000000,0,0,0,1,0,0,0,0,0,0,0,998,0,1,5,14,6,2,31,0,0,0,1,10,19801,1,1,0,0,2,0,73,180,0,1,0,0,0,4,2012,4,2012,9,0,0,0,0,2,4,55,1,1,2,1,0,0,1,9,1,1,4,1,1,1,5194
100003_2015,10,100003,1,1,1,11,1,3,35,42,0,1,0,10,1,20,1,20001,2,1971,136391B13025,1,3,6,3,9,1,B,1,3,0,2,5,0,0,0,000000000,00000000000,0,0,0,1,0,0,0,0,0,0,0,998,0,0,0,12,6,2,42,0,0,0,1,10,19975,6,1,0,0,3,0,68,185,1,1,0,1,2,5,2012,11,2014,5,0,0,0,0,1,2,45,3,1,2,1,0,0,14,14,3,2,4,15,1,1,5195
100004_2015,10,100004,1,2,1,12,1,6,25,8,0,1,1,99,9,99,999,99999,99,9999,999999999999,9,9,9,9,9,9,9,9,9,9,9,9,9,0,0,000000000,00000000000,9,0,0,1,0,0,0,0,99,99,9,999,0,0,0,99,9,5,8,99,99,0,1,99,99999,9,9,99,9,9,9,999,999,99,99,99,99,99,99,9999,99,9999,9,0,0,0,0,3,5,50,8,8,2,2,2,3,1,80,99,1,9,13,0,0,5196
100004_2015,10,100004,2,2,1,12,1,6,25,8,0,1,0,10,3,20,481,20481,31,2001,1GCHK24U51Z2,1,G,C,H,K,2,4,U,5,1,Z,2,0,0,0,000000000,00000000000,0,0,0,1,0,0,0,0,0,0,0,998,0,0,0,12,4,5,8,0,0,0,1,10,19809,6,1,0,0,3,3,72,180,0,0,0,0,0,0,0,0,0,9,0,0,0,0,3,5,50,8,8,2,2,2,3,1,80,1,1,1,98,0,0,5197
100005_2015,10,100005,1,2,1,15,1,12,56,12,6,1,0,42,3,86,881,86881,66,2001,1M1AA13Y91W1,1,M,1,A,A,1,3,Y,9,1,W,1,1,3,42,00370243,4200370243,3,6,3,1,0,0,0,0,0,0,0,998,0,0,0,7,6,2,12,0,0,0,1,42,17603,6,1,0,0,2,0,999,999,99,99,99,99,99,99,9999,99,9999,0,0,0,0,0,1,4,45,8,8,2,1,0,0,1,62,1,1,1,66,0,0,5198
100005_2015,10,100005,2,2,1,15,1,12,56,12,6,1,0,10,3,7,482,7482,31,2011,3D7JB1EP6BG5,3,D,7,J,B,1,E,P,6,B,G,5,0,0,0,000000000,00000000000,0,0,0,1,0,0,0,0,0,0,0,998,0,0,0,12,6,2,12,0,0,0,1,42,19078,6,1,8,2,2,0,70,999,0,0,0,0,0,0,0,0,0,0,0,0,0,0,1,4,45,8,8,2,1,0,0,15,10,1,1,2,66,1,0,5199
100006_2015,10,100006,1,5,1,31,1,21,11,8,0,1,0,10,1,20,404,20404,14,2013,2GNALBEK0D62,2,G,N,A,L,B,E,K,0,D,6,2,0,0,0,000000000,00000000000,0,0,0,1,0,0,0,0,0,0,0,998,0,0,0,12,4,5,8,0,0,0,1,10,19808,6,1,6,0,3,3,71,200,1,0,0,0,3,4,2012,1,2013,0,0,0,0,0,2,3,55,2,1,2,1,0,0,14,80,1,1,1,13,0,0,5200
100006_2015,10,100006,2,5,1,31,1,21,11,8,0,1,0,10,1,35,47,35047,4,2014,1N4AL3AP3EN3,1,N,4,A,L,3,A,P,3,E,N,3,0,0,0,000000000,00000000000,0,0,0,1,0,0,0,0,0,0,0,998,0,0,0,12,4,5,8,0,0,0,1,10,19810,6,1,6,0,3,3,72,230,0,0,0,0,0,0,0,0,0,0,0,0,0,0,2,3,55,2,1,2,1,0,0,14,80,11,1,1,98,0,0,5201
100006_2015,10,100006,3,5,1,31,1,21,11,8,0,1,0,10,2,7,472,7472,31,2005,1D7HW52N15S1,1,D,7,H,W,5,2,N,1,5,S,1,0,0,0,000000000,00000000000,0,0,0,1,0,0,0,0,0,0,0,998,0,0,0,14,4,5,8,0,0,0,1,10,19709,6,2,0,0,3,0,71,150,0,0,0,0,0,0,0,0,0,0,0,0,0,0,2,3,55,2,1,2,1,0,0,14,80,1,1,1,98,0,0,5202
100006_2015,10,100006,4,5,1,31,1,21,11,8,0,1,0,42,1,48,38,48038,4,2007,JF1GD61637G5,J,F,1,G,D,6,1,6,3,7,G,5,0,0,0,000000000,00000000000,0,0,0,1,0,0,0,0,0,0,0,998,0,0,0,14,4,5,8,0,0,0,1,42,19425,6,1,99,9,3,9,999,999,99,99,99,99,99,99,9999,99,9999,0,0,0,0,0,2,3,55,2,1,2,1,0,0,14,80,11,1,1,98,0,0,5203
100006_2015,10,100006,5,5,1,31,1,21,11,8,0,1,0,10,2,54,421,54421,15,2007,2HNYD28477H5,2,H,N,Y,D,2,8,4,7,7,H,5,0,0,0,000000000,00000000000,0,0,0,1,0,0,0,0,0,0,0,998,0,0,0,14,4,5,8,0,0,0,1,10,19720,6,1,0,0,3,0,70,200,0,0,0,0,0,0,0,0,0,0,0,0,0,0,2,3,55,2,1,2,1,0,0,14,80,1,1,1,98,0,0,5204
100007_2015,10,100007,1,1,1,12,1,13,57,8,0,1,0,94,3,99,999,99999,99,9999,1GBBS10E5J23,1,G,B,B,S,1,0,E,5,J,2,3,0,0,0,000000000,00000000000,9,0,0,1,0,0,0,0,0,0,0,998,0,0,0,12,0,5,8,42,0,0,1,10,19904,6,1,0,0,3,3,68,144,0,0,0,0,0,0,0,0,0,0,6,0,0,0,1,2,25,8,8,2,2,0,0,4,80,10,1,1,13,0,0,5205
100008_2015,10,100008,1,1,1,4,2,2,31,30,0,1,0,10,1,20,481,20481,31,1996,1GCEK14WXTZ1,1,G,C,E,K,1,4,W,X,T,Z,1,0,0,0,000000000,00000000000,0,0,0,1,0,0,0,0,0,0,0,998,0,0,0,12,6,2,2,0,0,1,1,10,19904,6,1,0,0,3,0,68,230,0,0,0,0,1,1,2014,1,2014,9,0,0,0,0,1,2,50,3,8,2,1,0,0,14,13,1,4,4,7,1,1,5206
100009_2015,10,100009,1,2,2,1,2,2,22,12,7,1,0,10,2,37,31,37031,4,2007,1HGEA16867L0,1,H,G,E,A,1,6,8,6,7,L,0,0,0,0,000000000,00000000000,0,0,0,1,0,0,0,0,0,0,0,998,0,0,0,62,2,3,12,0,0,0,1,10,19707,6,1,0,0,3,0,71,130,0,1,0,2,1,11,2012,3,2014,2,0,0,0,0,1,2,45,8,5,2,1,0,0,1,53,6,1,2,45,0,0,5207
100009_2015,10,100009,2,2,1,1,2,2,22,12,7,1,0,42,2,14,401,14401,14,2000,4M2ZU86P9YUJ,4,M,2,Z,U,8,6,P,9,Y,U,J,0,0,0,000000000,00000000000,0,0,0,1,0,0,0,0,0,0,0,998,0,1,5,82,6,2,1,0,0,0,1,98,19348,0,0,0,0,0,0,999,999,99,99,99,99,99,99,9999,99,9999,0,33,35,0,0,1,2,45,8,5,2,1,0,0,6,51,1,1,2,44,1,0,5208
100010_2015,10,100010,1,2,1,6,2,10,18,12,1,1,0,10,3,86,881,86881,63,2015,1M2AX09C3FM0,1,M,2,A,X,0,9,C,3,F,M,0,0,0,10,515905,10515905,3,1,4,1,0,0,0,0,0,0,0,0,0,0,0,6,6,2,12,0,0,0,1,10,19966,6,1,6,0,3,0,71,300,0,0,0,0,0,0,0,0,0,0,0,0,0,0,2,4,55,1,1,2,1,1,3,5,53,1,1,1,21,0,0,5209
100010_2015,10,100010,2,2,1,6,2,10,18,12,1,1,0,10,1,41,51,41051,4,2014,3MZBM1V70EM1,3,M,Z,B,M,1,V,7,0,E,M,1,0,0,0,000000000,00000000000,0,0,0,1,0,0,0,0,0,0,0,998,0,0,0,12,6,2,12,0,0,0,1,10,19713,6,1,0,0,3,0,69,200,0,0,0,0,0,0,0,0,0,0,0,0,0,0,2,4,55,1,1,2,1,1,3,1,10,1,1,2,20,1,0,5210
100011_2015,10,100011,1,6,2,10,2,7,17,12,7,1,0,10,1,37,32,37032,4,2008,1HGCP36888A0,1,H,G,C,P,3,6,8,8,8,A,0,0,0,0,000000000,00000000000,0,0,0,1,0,0,0,0,0,0,0,998,0,0,0,61,6,2,12,0,0,0,1,10,19901,6,1,0,0,3,0,74,185,0,0,0,0,0,0,0,0,0,0,0,0,0,0,2,3,55,1,1,2,2,1,3,1,10,1,1,2,48,1,0,5211
100011_2015,10,100011,2,6,1,10,2,7,17,12,7,1,0,10,1,37,32,37032,4,2003,1HGCM56693A0,1,H,G,C,M,5,6,6,9,3,A,0,0,0,0,000000000,00000000000,0,0,0,1,0,0,0,0,0,0,0,998,0,0,0,81,2,5,12,0,0,0,1,10,19701,6,1,0,0,3,0,68,198,0,0,0,0,0,0,0,0,0,0,0,0,0,0,2,3,55,1,1,2,2,1,3,1,60,1,1,1,48,0,0,5212
100011_2015,10,100011,3,6,2,10,2,7,17,12,7,1,0,10,1,20,481,20481,31,2002,1GCEK14T02Z2,1,G,C,E,K,1,4,T,0,2,Z,2,0,0,0,000000000,00000000000,0,0,0,1,0,0,0,0,0,0,0,998,0,0,0,6,2,5,12,0,0,0,1,10,19734,6,1,6,0,3,3,67,205,0,0,0,0,0,0,0,0,0,0,0,0,0,0,2,3,55,1,1,2,2,1,3,1,53,1,1,1,98,0,0,5213
100011_2015,10,100011,4,6,2,10,2,7,17,12,7,1,0,10,1,7,482,7482,31,2010,1D7RV1CT6AS1,1,D,7,R,V,1,C,T,6,A,S,1,0,0,0,000000000,00000000000,0,0,0,1,0,0,0,0,0,0,0,0,0,0,0,62,6,2,12,0,0,0,1,10,19720,6,1,0,0,3,3,71,213,1,0,0,0,0,1,2012,1,2012,0,0,0,0,0,2,3,55,1,1,2,2,1,3,5,54,1,9,1,98,0,0,5214
100011_2015,10,100011,5,6,1,10,2,7,17,12,7,1,0,10,1,7,28,7028,2,2010,2B3CJ4DV9AH1,2,B,3,C,J,4,D,V,9,A,H,1,0,0,0,000000000,00000000000,0,0,0,1,0,0,0,0,0,0,0,998,0,0,0,81,6,2,12,0,0,0,1,10,19701,6,1,6,0,3,0,72,200,0,0,0,0,1,10,2012,10,2012,0,0,0,0,0,2,3,55,1,1,2,2,1,3,1,55,1,1,1,98,0,0,5215
100011_2015,10,100011,6,6,2,10,2,7,17,12,7,1,0,10,2,6,51,6051,4,2010,2C3CA4CD1AH2,2,C,3,C,A,4,C,D,1,A,H,2,0,0,0,000000000,00000000000,0,0,0,1,0,0,0,0,0,0,0,998,0,0,0,82,6,2,12,0,0,0,1,10,19701,6,1,0,0,3,0,69,265,0,0,0,0,0,0,0,0,0,0,0,0,0,0,3,3,55,1,1,2,2,1,3,1,66,1,1,1,98,0,0,5216
100012_2015,10,100012,1,2,2,7,3,11,49,12,6,1,0,10,2,20,421,20421,15,1995,1GNEK13K6SJ4,1,G,N,E,K,1,3,K,6,S,J,4,0,0,0,000000000,00000000000,0,0,0,1,0,0,0,0,0,0,0,998,0,0,0,1,6,2,12,0,0,0,1,10,19958,2,1,0,0,2,0,71,210,0,0,0,0,0,0,0,0,0,3,37,0,0,0,1,2,50,8,8,2,1,20,3,1,17,1,1,1,87,0,0,5217
100012_2015,10,100012,2,2,4,7,3,11,49,12,6,1,0,10,1,63,37,63037,6,2014,KNDJN2A25E70,K,N,D,J,N,2,A,2,5,E,7,0,0,0,0,000000000,00000000000,0,0,0,1,0,0,0,0,0,0,0,998,0,0,0,12,6,2,12,0,0,0,1,10,19951,6,1,6,0,3,3,68,260,0,0,0,0,0,0,0,0,0,0,0,0,0,0,1,2,50,8,8,2,1,0,0,1,55,1,1,1,86,1,0,5218
100013_2015,10,100013,1,1,3,8,3,1,26,8,0,1,0,10,1,20,25,20025,4,2014,1G1PC5SB7E74,1,G,1,P,C,5,S,B,7,E,7,4,0,0,0,000000000,00000000000,0,0,0,1,0,0,0,0,0,0,0,998,0,0,0,12,4,5,8,0,0,0,1,10,19804,6,1,0,0,3,0,68,160,0,0,0,1,0,9,2012,9,2012,0,0,0,0,0,3,6,55,1,1,2,1,0,0,1,80,1,1,1,13,0,0,5219
100014_2015,10,100014,1,1,1,14,3,0,45,8,0,1,0,10,2,20,37,20037,4,2008,1G1ZF57528F2,1,G,1,Z,F,5,7,5,2,8,F,2,0,0,0,000000000,00000000000,0,0,0,1,0,0,0,0,0,0,0,998,0,0,0,12,6,2,8,0,0,0,1,10,19951,6,1,0,0,3,0,76,270,0,0,0,1,0,3,2012,3,2012,0,0,0,0,0,1,2,45,8,8,2,2,0,0,1,80,1,1,1,13,0,0,5220
100015_2015,10,100015,1,2,3,23,3,22,36,12,6,1,0,10,2,47,36,47036,4,2000,YS3EF48Z8Y30,Y,S,3,E,F,4,8,Z,8,Y,3,0,0,0,0,000000000,00000000000,0,0,0,1,0,0,0,0,0,0,0,998,0,0,0,12,6,2,12,0,0,0,1,10,19806,6,1,0,0,3,3,72,195,0,0,0,0,0,0,0,0,0,3,0,0,0,0,1,2,50,8,5,2,1,0,0,1,66,1,1,1,83,0,0,5221
100015_2015,10,100015,2,2,2,23,3,22,36,12,6,1,0,10,1,37,402,37402,14,2000,JHLRD1878YS0,J,H,L,R,D,1,8,7,8,Y,S,0,0,0,0,000000000,00000000000,0,0,0,1,0,0,0,0,0,0,0,998,0,0,0,61,6,2,12,0,0,0,1,10,19707,6,1,0,0,3,0,64,135,0,0,0,0,0,0,0,0,0,0,38,0,0,0,1,2,50,8,5,2,1,20,3,11,15,1,1,2,82,2,0,5222
100016_2015,10,100016,1,2,1,12,4,19,10,12,2,1,0,10,2,53,705,53705,80,2011,JS1GN7FA0B21,J,S,1,G,N,7,F,A,0,B,2,1,0,0,0,000000000,00000000000,0,0,0,1,0,0,0,0,0,0,0,998,0,0,0,12,9,2,12,0,0,0,1,10,19968,6,1,0,0,2,0,72,151,0,3,0,1,0,10,2013,11,2014,0,36,0,0,0,1,2,40,1,1,2,1,0,0,1,17,1,1,1,84,1,0,5223
100016_2015,10,100016,2,2,2,12,4,19,10,12,2,1,0,10,1,2,403,2403,14,2006,1J4FA64S16P7,1,J,4,F,A,6,4,S,1,6,P,7,0,0,0,000000000,00000000000,0,0,0,1,0,0,0,0,0,0,0,998,0,0,0,12,6,2,12,0,0,0,1,10,19904,6,1,6,0,3,0,69,224,0,0,0,0,0,0,0,0,0,0,0,0,0,0,1,2,40,1,8,2,1,20,3,11,55,1,1,2,84,0,0,5224
100017_2015,10,100017,1,3,1,16,4,2,19,12,2,1,0,10,1,20,2,20002,4,2006,2G1WT58K0691,2,G,1,W,T,5,8,K,0,6,9,1,0,0,0,000000000,00000000000,0,0,0,1,0,0,0,0,0,0,0,998,0,0,0,12,6,2,12,0,0,1,1,10,19701,1,1,0,0,2,0,70,194,0,1,0,1,0,11,2012,11,2014,0,36,0,0,0,3,4,55,8,8,8,1,0,0,1,54,1,1,2,52,1,1,5225
100017_2015,10,100017,2,3,1,16,4,2,19,12,2,1,0,34,3,82,881,82881,66,2004,1FUJC5CV74HM,1,F,U,J,C,5,C,V,7,4,H,M,1,1,34,2428546,342428546,3,6,2,1,0,0,0,0,0,0,0,998,0,0,0,12,6,2,12,0,0,0,1,34,7201,6,1,6,9,3,0,68,999,2,0,0,0,5,3,2011,3,2015,0,0,0,0,0,3,4,55,8,8,8,1,0,0,1,54,1,1,1,52,0,0,5226
100017_2015,10,100017,3,3,1,16,4,2,19,12,2,1,0,36,1,30,40,30040,4,2006,3VWXJ71KX6M7,3,V,W,X,J,7,1,K,X,6,M,7,0,0,0,000000000,00000000000,0,0,0,1,0,0,0,0,0,0,0,998,0,0,0,12,6,2,18,0,0,0,1,36,10980,6,1,0,0,3,0,69,999,1,1,0,0,0,12,2011,6,2014,0,0,0,0,0,3,4,55,8,8,8,1,0,0,1,19,1,1,1,98,0,0,5227
100018_2015,10,100018,1,1,1,2,5,13,9,34,0,1,0,10,1,7,472,7472,31,2001,1B7GG2ANX1S2,1,B,7,G,G,2,A,N,X,1,S,2,0,0,0,000000000,00000000000,0,0,0,1,0,0,0,0,0,0,0,998,0,0,0,12,6,2,34,0,0,0,1,10,19973,6,1,0,0,3,0,73,141,0,0,0,2,1,1,2014,1,2015,0,0,0,0,0,1,2,50,8,8,2,1,0,0,1,13,1,1,4,1,1,0,5228
100019_2015,10,100019,1,2,1,3,5,11,50,12,1,1,0,39,2,12,37,12037,4,2012,1FAHP3K29CL4,1,F,A,H,P,3,K,2,9,C,L,4,0,0,0,000000000,00000000000,0,0,0,1,0,0,0,0,0,0,0,998,0,0,0,6,2,5,12,0,0,0,1,39,44446,6,1,99,9,9,9,999,999,99,99,99,99,99,99,9999,99,9999,0,0,0,0,0,2,2,55,8,8,1,1,0,0,2,18,2,1,1,29,0,0,5229
100019_2015,10,100019,2,2,2,3,5,11,50,12,1,1,0,10,1,72,706,72706,80,2007,1HD1FC4177Y6,1,H,D,1,F,C,4,1,7,7,Y,6,0,0,0,000000000,00000000000,0,0,0,1,0,0,0,0,0,0,0,998,0,0,0,12,4,3,12,0,0,0,1,10,19958,6,1,6,0,3,0,73,210,0,0,0,0,0,0,0,0,0,0,0,0,0,0,2,2,55,8,8,1,1,0,0,1,52,4,2,1,28,1,1,5230
100020_2015,10,100020,1,2,1,4,5,18,31,12,6,1,0,10,1,20,481,20481,31,2011,1GCNCPEA6BZ4,1,G,C,N,C,P,E,A,6,B,Z,4,0,0,0,000000000,00000000000,0,0,0,1,0,0,0,0,0,0,0,998,0,0,0,62,6,2,12,0,0,0,1,10,19970,6,1,0,0,3,0,68,156,0,0,0,0,1,2,2015,2,2015,0,0,0,0,0,1,2,50,8,8,2,1,20,3,6,51,1,1,1,89,0,1,5231
100020_2015,10,100020,2,2,1,4,5,18,31,12,6,1,0,42,1,72,706,72706,80,1992,1HD1CAP17NY2,1,H,D,1,C,A,P,1,7,N,Y,2,0,0,0,000000000,00000000000,0,0,0,1,0,0,0,0,0,0,0,998,0,0,0,12,6,2,12,0,0,0,1,42,19366,1,1,0,0,2,0,72,999,0,2,0,0,0,3,2011,4,2011,0,27,0,0,0,1,2,50,8,8,2,1,0,0,6,55,4,2,1,88,1,1,5232
100021_2015,10,100021,1,2,1,19,5,7,42,12,6,1,0,24,1,73,705,73705,80,2005,JKAKLEA195DA,J,K,A,K,L,E,A,1,9,5,D,A,0,0,0,000000000,00000000000,0,0,0,1,0,0,0,0,0,0,0,998,0,0,0,12,6,2,12,0,0,0,1,24,21801,6,1,0,0,2,3,999,999,99,99,99,99,99,99,9999,99,9999,0,0,0,0,0,2,2,50,1,1,2,2,0,0,6,17,1,1,2,69,1,0,5233
100021_2015,10,100021,2,2,1,19,5,7,42,12,6,1,0,10,1,49,482,49482,31,2011,5TFUY5F18BX1,5,T,F,U,Y,5,F,1,8,B,X,1,0,0,0,000000000,00000000000,0,0,0,1,0,0,0,0,0,0,0,998,0,0,0,82,6,2,12,0,0,0,1,10,19947,6,1,0,0,3,0,73,280,0,0,0,0,0,0,0,0,0,0,0,0,0,0,2,2,50,1,1,2,2,0,0,11,55,11,1,2,68,0,0,5234
100022_2015,10,100022,1,1,1,29,5,5,37,35,0,1,0,10,1,12,481,12481,31,2014,1FTFW1ET1EFB,1,F,T,F,W,1,E,T,1,E,F,B,0,0,0,000000000,00000000000,0,0,0,1,0,0,0,0,0,0,0,998,0,1,5,12,6,2,43,0,0,0,1,10,19904,6,1,6,0,3,0,73,235,0,0,0,2,0,7,2014,4,2015,0,0,0,0,0,2,2,50,8,8,2,1,0,0,1,13,1,1,4,1,1,0,5235
100023_2015,10,100023,1,1,1,8,6,19,32,30,0,1,0,10,1,12,17,12017,4,2003,1FAFP55203A1,1,F,A,F,P,5,5,2,0,3,A,1,0,0,0,000000000,00000000000,0,0,0,1,0,0,0,0,0,0,0,998,0,0,0,9,9,2,30,0,0,0,1,10,19947,6,1,0,0,3,3,65,130,0,0,0,0,0,0,0,0,0,4,0,0,0,0,1,2,40,3,8,2,1,0,0,14,13,1,3,4,2,1,0,5236
100024_2015,10,100024,1,1,1,10,6,0,5,8,0,1,0,10,3,42,401,42401,14,2010,4JGBB8GB2AA6,4,J,G,B,B,8,G,B,2,A,A,6,0,0,0,000000000,00000000000,0,0,0,1,0,0,0,0,0,0,0,998,0,0,0,12,4,5,8,0,0,0,1,10,19711,6,1,0,0,3,0,71,200,0,0,0,0,0,0,0,0,0,0,0,0,0,0,2,2,45,1,1,2,1,0,0,1,80,7,1,1,13,0,0,5237
100025_2015,10,100025,1,1,1,13,6,3,54,35,0,1,0,10,2,2,405,2405,14,2002,1J4GL48K82W1,1,J,4,G,L,4,8,K,8,2,W,1,0,0,0,000000000,00000000000,0,0,0,1,0,0,0,0,0,0,0,998,0,1,5,12,6,2,1,0,0,0,1,10,19734,1,1,0,0,2,0,63,185,0,1,0,0,5,3,2012,9,2013,3,36,0,0,0,1,2,35,3,1,8,1,0,0,14,10,1,9,4,7,1,1,5238
100026_2015,10,100026,1,2,1,16,6,14,27,12,6,1,0,10,3,37,31,37031,4,2011,2HGFA1F56BH3,2,H,G,F,A,1,F,5,6,B,H,3,0,0,0,000000000,00000000000,0,0,0,1,0,0,0,0,0,0,0,998,0,0,0,11,6,2,12,0,0,0,1,10,19956,6,1,0,0,3,0,69,246,1,1,0,0,1,7,2012,9,2013,0,0,0,0,0,1,2,30,3,8,2,1,0,0,14,10,1,1,2,64,1,0,5239
100026_2015,10,100026,2,2,1,16,6,14,27,12,6,1,0,10,1,20,481,20481,31,2005,1GCJK33275F8,1,G,C,J,K,3,3,2,7,5,F,8,0,0,0,000000000,00000000000,0,0,0,1,0,0,0,0,0,0,0,998,0,0,0,12,6,2,12,0,0,0,1,10,19951,6,1,0,0,3,0,72,210,0,0,0,0,0,0,0,0,0,0,0,0,0,0,1,2,25,2,8,2,1,0,0,14,62,7,1,1,65,0,0,5240
100027_2015,10,100027,1,1,1,21,7,6,38,8,0,1,0,34,3,51,884,51884,66,2000,4V4ND2JH6YN2,4,V,4,N,D,2,J,H,6,Y,N,2,1,1,34,185796,34185796,3,6,1,1,0,0,0,0,0,0,0,998,0,0,0,4,0,5,8,0,0,0,1,34,8093,6,1,3,0,3,0,65,999,0,0,0,0,0,0,0,0,0,0,0,0,0,0,2,4,50,1,1,2,1,0,0,98,80,8,1,2,13,0,0,5241
100028_2015,10,100028,1,2,1,18,7,21,32,12,1,1,0,10,3,84,881,84881,62,1990,1HTSAZRK1LH2,1,H,T,S,A,Z,R,K,1,L,H,2,0,0,99,999999999,99999999999,2,1,3,1,0,0,0,0,0,0,0,0,0,0,0,6,4,5,12,0,0,0,1,10,19720,6,1,0,0,3,0,66,199,0,0,0,0,2,1,2012,6,2014,0,0,0,0,0,1,4,40,8,8,1,1,0,0,5,53,1,1,1,21,0,0,5242
100028_2015,10,100028,2,2,1,18,7,21,32,12,1,1,0,10,1,37,32,37032,4,1994,1HGCE1829RA0,1,H,G,C,E,1,8,2,9,R,A,0,0,0,0,000000000,00000000000,0,0,0,1,0,0,0,0,0,0,0,998,0,0,0,12,6,2,12,0,0,0,1,10,19801,0,0,0,0,0,0,999,999,99,99,99,99,99,99,9999,99,9999,0,0,0,0,0,1,4,40,8,8,1,1,0,0,1,50,1,1,1,20,1,1,5243
100029_2015,10,100029,1,1,1,1,1,4,14,15,0,1,0,10,1,12,37,12037,4,2007,1FAFP34N77W3,1,F,A,F,P,3,4,N,7,7,W,3,0,0,0,000000000,00000000000,0,0,0,1,0,0,0,0,0,0,0,998,0,0,0,12,6,2,15,0,0,0,1,10,19904,6,1,0,0,3,3,67,185,0,0,0,2,1,6,2014,8,2014,0,86,0,0,0,8,8,40,8,8,8,1,0,0,1,80,1,1,1,13,0,0,5244
100030_2015,10,100030,1,1,2,6,2,5,24,5,0,1,0,99,9,99,870,99870,61,9999,999999999999,9,9,9,9,9,9,9,9,9,9,9,9,0,0,99,999999999,99999999999,2,1,1,1,0,0,0,0,0,0,0,998,0,0,0,0,0,5,5,0,0,0,1,99,99999,9,9,99,9,9,9,999,999,99,99,99,99,99,99,9999,99,9999,9,0,0,0,0,1,2,35,9,9,2,1,0,0,1,19,1,1,1,0,1,0,5245
100031_2015,10,100031,1,1,1,8,3,1,33,8,0,1,1,10,2,12,471,12471,30,1994,1FTCR14A9RTA,1,F,T,C,R,1,4,A,9,R,T,A,0,0,0,000000000,00000000000,0,0,0,1,0,0,0,0,0,0,0,998,0,0,0,12,2,3,8,0,0,0,1,10,19713,6,1,0,0,3,0,72,155,0,2,1,0,1,10,2012,2,2015,3,0,0,0,0,1,2,25,8,8,8,8,2,3,1,80,1,1,1,13,0,1,5246
100032_2015,10,100032,1,1,2,23,3,1,18,42,0,1,0,10,2,59,31,59031,4,1997,JT8BF22GXV00,J,T,8,B,F,2,2,G,X,V,0,0,0,0,0,000000000,00000000000,0,0,0,1,0,0,0,0,0,0,0,998,0,0,0,3,6,2,42,0,0,0,1,10,19711,6,1,0,0,3,0,72,207,0,2,0,0,1,10,2013,4,2014,3,36,0,0,0,8,8,35,8,8,8,1,97,8,1,11,99,1,4,1,1,1,5247
100033_2015,10,100033,1,1,1,12,2,1,10,30,0,1,0,10,1,30,42,30042,3,2002,9BWDE61J2240,9,B,W,D,E,6,1,J,2,2,4,0,0,0,0,000000000,00000000000,0,0,0,1,0,0,0,0,0,0,0,998,0,1,5,3,6,2,1,0,0,0,1,10,19947,6,1,0,0,3,0,70,152,0,1,0,0,0,7,2014,7,2014,4,0,0,0,0,1,2,50,2,1,2,1,0,0,14,12,8,4,4,6,1,1,5248
100034_2015,10,100034,1,1,6,21,3,4,30,30,0,1,0,10,2,18,7,18007,4,1998,2G4WY52M9W14,2,G,4,W,Y,5,2,M,9,W,1,4,0,0,0,000000000,00000000000,0,0,0,1,0,0,0,0,0,0,0,998,0,0,0,8,6,2,30,0,0,0,1,10,19956,6,2,0,0,3,0,72,152,0,0,0,0,0,0,0,0,0,3,36,0,0,0,1,2,50,2,8,8,2,0,0,14,12,1,1,4,9,1,1,5249
100035_2015,10,100035,1,1,1,30,4,4,53,8,0,1,1,99,9,99,999,99999,99,9999,999999999999,9,9,9,9,9,9,9,9,9,9,9,9,0,0,0,000000000,00000000000,0,0,0,1,0,0,0,0,99,99,9,999,0,0,0,12,9,5,8,0,0,0,1,99,99999,9,9,99,9,9,9,999,999,99,99,99,99,99,99,9999,99,9999,9,0,0,0,0,2,2,55,1,8,8,1,0,0,1,19,99,9,1,13,0,0,5250