st_case_year,STATE,ST_CASE,VEH_NO,VE_FORMS,NUMOCCS,DAY,MONTH,HOUR,MINUTE,HARM_EV,MAN_COLL,UNITTYPE,HIT_RUN,REG_STAT,OWNER,MAKE,MODEL,MAK_MOD,BODY_TYP,MOD_YEAR,VIN,VIN_1,VIN_2,VIN_3,VIN_4,VIN_5,VIN_6,VIN_7,VIN_8,VIN_9,VIN_10,VIN_11,VIN_12,TOW_VEH,J_KNIFE,MCARR_I1,MCARR_I2,MCARR_ID,GVWR,V_CONFIG,CARGO_BT,HAZ_INV,HAZ_PLAC,HAZ_ID,HAZ_CNO,HAZ_REL,BUS_USE,SPEC_USE,EMER_USE,TRAV_SP,UNDERIDE,ROLLOVER,ROLINLOC,IMPACT1,DEFORMED,TOWED,M_HARM,VEH_SC1,VEH_SC2,FIRE_EXP,DR_PRES,L_STATE,DR_ZIP,L_STATUS,L_TYPE,CDL_STAT,L_ENDORS,L_COMPL,L_RESTRI,DR_HGT,DR_WGT,PREV_ACC,PREV_SUS,PREV_DWI,PREV_SPD,PREV_OTH,FIRST_MO,FIRST_YR,LAST_MO,LAST_YR,SPEEDREL,DR_SF1,DR_SF2,DR_SF3,DR_SF4,VTRAFWAY,VNUM_LAN,VSPD_LIM,VALIGN,VPROFILE,VPAVETYP,VSURCOND,VTRAFCON,VTCONT_F,P_CRASH1,P_CRASH2,P_CRASH3,PCRASH4,PCRASH5,ACC_TYPE,DEATHS,DR_DRINK,idno
100108_2015,10,100108,1,1,1,29,9,7,19,42,0,1,0,10,1,49,40,49040,4,1998,JT2BF22K5W01,J,T,2,B,F,2,2,K,5,W,0,1,0,0,0,000000000,00000000000,0,0,0,1,0,0,0,0,0,0,0,998,0,0,0,12,6,2,42,0,0,1,1,10,19938,6,1,0,0,3,0,68,150,0,0,0,0,0,0,0,0,0,0,0,0,0,0,1,2,50,2,8,2,1,0,0,14,12,1,1,4,6,1,0,5364
100109_2015,10,100109,1,2,2,27,9,1,49,12,2,1,0,10,1,19,22,19022,4,2006,1G6KD57916U1,1,G,6,K,D,5,7,9,1,6,U,1,0,0,0,000000000,00000000000,0,0,0,1,0,0,0,0,0,0,0,998,0,0,0,12,6,2,12,0,0,0,1,10,19711,6,1,6,0,3,0,66,175,0,0,0,0,2,1,2014,1,2014,3,28,0,0,0,1,2,45,2,6,2,1,0,0,14,6,9,5,2,50,1,1,5365
100109_2015,10,100109,2,2,1,27,9,1,49,12,2,1,0,10,2,30,46,30046,4,2010,WVWJM7ANXAP0,W,V,W,J,M,7,A,N,X,A,P,0,0,0,0,000000000,00000000000,0,0,0,1,0,0,0,0,0,0,0,998,0,0,0,12,6,2,12,0,0,0,1,10,19707,6,1,0,0,3,0,67,135,0,0,0,0,0,0,0,0,0,0,0,0,0,0,1,2,45,2,6,2,1,0,0,14,62,6,1,1,51,0,0,5366
100110_2015,10,100110,1,2,1,26,9,5,29,12,6,1,0,10,1,7,482,7482,31,2002,1D3HU18Z12J2,1,D,3,H,U,1,8,Z,1,2,J,2,0,0,0,000000000,00000000000,0,0,0,1,0,0,0,0,0,0,0,998,0,0,0,12,6,2,12,0,0,0,1,10,19940,6,1,0,0,3,0,67,180,1,0,0,4,4,4,2011,4,2015,0,0,0,0,0,1,2,45,2,1,2,1,40,3,14,62,9,1,1,65,0,0,5367
100110_2015,10,100110,2,2,2,26,9,5,29,12,6,1,0,10,2,12,32,12032,4,2013,3FADP4BJ2DM1,3,F,A,D,P,4,B,J,2,D,M,1,0,0,0,000000000,00000000000,0,0,0,1,0,0,0,0,0,0,0,998,0,1,5,81,4,3,12,0,0,0,1,10,19966,6,1,0,0,3,0,75,205,0,0,0,0,0,0,0,0,0,0,28,0,0,0,1,2,45,2,1,2,1,40,3,14,10,4,9,2,64,1,0,5368
100111_2015,10,100111,1,2,1,12,9,21,54,12,1,1,0,37,1,7,27,7027,6,2015,3C4PDCAB3FT6,3,C,4,P,D,C,A,B,3,F,T,6,0,0,0,000000000,00000000000,0,0,0,1,0,0,0,0,0,0,0,998,0,0,0,6,2,5,12,0,0,0,1,37,27609,6,1,0,0,3,0,70,999,0,0,0,0,0,0,0,0,0,0,0,0,0,0,2,3,45,1,1,2,2,20,3,2,53,1,1,1,29,0,0,5369
100111_2015,10,100111,2,2,1,12,9,21,54,12,1,1,0,10,2,72,706,72706,80,1985,1HD1BHL16FY0,1,H,D,1,B,H,L,1,6,F,Y,0,0,0,0,000000000,00000000000,0,0,0,1,0,0,0,0,0,0,0,998,0,0,0,12,4,3,12,0,0,0,1,10,19956,6,1,6,0,3,0,71,201,0,0,0,0,1,7,2013,7,2013,0,0,0,0,0,2,3,45,1,1,2,2,20,3,1,52,1,1,3,28,1,1,5370
100112_2015,10,100112,1,2,4,29,8,15,11,12,6,1,0,10,1,20,23,20023,6,2006,3GNDA13D76S5,3,G,N,D,A,1,3,D,7,6,S,5,0,0,0,000000000,00000000000,0,0,0,1,0,0,0,0,0,0,0,998,0,0,0,81,6,2,12,0,0,0,1,10,19904,6,1,0,0,3,0,63,200,0,0,0,0,0,0,0,0,0,0,0,0,0,0,4,1,35,1,8,2,1,3,3,11,66,1,1,1,76,0,0,5371
100112_2015,10,100112,2,2,1,29,8,15,11,12,6,1,0,51,5,73,705,73705,80,2013,JKBZXJE19DA0,J,K,B,Z,X,J,E,1,9,D,A,0,0,0,0,000000000,00000000000,0,0,0,1,0,0,0,0,0,0,0,998,0,0,0,12,6,2,12,0,0,0,1,10,19901,0,0,0,0,0,0,72,180,0,2,0,3,3,1,2014,8,2015,3,36,27,34,0,1,5,35,1,8,2,1,3,3,6,65,4,1,3,77,1,0,5372
100113_2015,10,100113,1,2,1,14,9,20,24,12,2,1,0,24,2,41,403,41403,14,2015,JM3KE4BE6F04,J,M,3,K,E,4,B,E,6,F,0,4,0,0,0,000000000,00000000000,0,0,0,1,0,0,0,0,0,0,0,998,0,0,0,12,6,2,12,0,0,0,1,10,19966,6,1,6,0,3,0,76,238,0,0,0,0,0,0,0,0,0,0,28,0,0,0,1,2,50,2,8,8,1,0,0,1,11,1,1,2,50,0,0,5373
100113_2015,10,100113,2,2,2,14,9,20,24,12,2,1,0,10,3,35,42,35042,4,1992,JN1FU21P5NX8,J,N,1,F,U,2,1,P,5,N,X,8,0,0,0,000000000,00000000000,0,0,0,1,0,0,0,0,0,0,0,998,0,0,0,12,6,2,12,0,0,1,1,10,19956,6,1,0,0,3,3,70,224,0,0,0,0,0,0,0,0,0,0,0,0,0,0,1,2,50,3,8,8,1,0,0,14,62,99,1,1,51,2,0,5374
100114_2015,10,100114,1,1,2,12,9,23,4,38,0,1,0,10,1,22,401,22401,14,2001,3G7DA03E31S5,3,G,7,D,A,0,3,E,3,1,S,5,0,0,0,000000000,00000000000,0,0,0,1,0,0,0,0,0,0,0,998,0,0,0,12,6,2,42,0,0,0,1,10,19966,6,1,0,0,3,0,69,200,0,0,0,3,1,3,2011,3,2015,4,0,0,0,0,1,2,40,2,8,2,2,40,3,14,13,4,4,4,1,1,1,5375
100115_2015,10,100115,1,1,3,11,9,12,44,34,0,1,0,10,2,49,33,49033,3,2000,JTDDR32T1Y00,J,T,D,D,R,3,2,T,1,Y,0,0,0,0,0,000000000,00000000000,0,0,0,1,0,0,0,0,0,0,0,998,0,1,5,12,6,2,1,0,0,0,1,10,19933,0,0,0,0,0,0,999,999,99,99,99,99,99,99,9999,99,9999,0,36,0,0,0,1,2,50,8,8,2,1,0,0,1,13,99,1,4,1,1,0,5376
100116_2015,10,100116,1,1,1,1,9,21,33,8,0,1,0,10,1,52,37,52037,1,2001,4A3AE85HX1E0,4,A,3,A,E,8,5,H,X,1,E,0,0,0,0,000000000,00000000000,0,0,0,1,0,0,0,0,0,0,0,998,0,0,0,12,6,2,8,0,0,0,1,10,19901,6,1,0,0,3,0,66,175,0,0,0,0,0,0,0,0,0,0,0,0,0,0,1,4,45,1,1,2,1,0,0,1,80,3,1,1,13,0,0,5377
100117_2015,10,100117,1,1,1,19,8,2,28,8,0,1,1,99,9,99,999,99999,99,9999,999999999999,9,9,9,9,9,9,9,9,9,9,9,9,0,0,0,000000000,00000000000,0,0,0,1,0,0,0,0,0,0,0,999,0,0,0,12,9,5,8,99,99,0,1,99,99999,9,9,99,9,9,9,999,999,99,99,99,99,99,99,9999,99,9999,9,99,99,99,99,4,1,25,1,1,2,1,0,0,99,99,99,9,1,13,0,0,5378
100118_2015,10,100118,1,1,3,9,8,20,43,8,0,1,0,10,1,12,3,12003,2,1998,1FAFP42X0WF1,1,F,A,F,P,4,2,X,0,W,F,1,0,0,0,000000000,00000000000,0,0,0,1,0,0,0,0,0,0,0,998,0,0,0,12,2,5,8,0,0,0,1,10,19945,6,1,0,0,3,0,999,999,99,99,99,99,99,99,9999,99,9999,0,0,0,0,0,1,2,50,3,8,2,1,0,0,14,80,1,1,1,13,0,0,5379
100119_2015,10,100119,1,1,1,15,8,3,32,8,0,1,0,25,3,98,908,98908,51,2001,YE2TC13B9120,Y,E,2,T,C,1,3,B,9,1,2,0,0,0,57,2339419,572339419,3,21,22,1,0,0,0,0,5,3,0,998,0,0,0,12,4,5,8,0,0,0,1,36,10002,6,1,6,9,3,9,69,999,0,0,0,0,0,0,0,0,0,0,0,0,0,0,2,2,55,1,1,2,1,0,0,1,80,2,1,1,13,0,0,5380
100120_2015,10,100120,1,1,2,16,10,19,48,9,0,1,0,10,1,20,4,20004,9,1992,1G1YY33P0N51,1,G,1,Y,Y,3,3,P,0,N,5,1,0,0,0,000000000,00000000000,0,0,0,1,0,0,0,0,0,0,0,998,0,0,0,12,6,2,9,0,0,0,1,10,19966,6,1,0,0,3,0,71,200,0,0,0,2,0,4,2013,9,2014,3,0,0,0,0,1,2,45,1,8,8,1,0,0,1,13,1,1,2,13,0,1,5381
100121_2015,10,100121,1,1,1,22,1,19,58,8,0,1,1,0,0,99,999,99999,99,9999,999999999999,9,9,9,9,9,9,9,9,9,9,9,9,0,0,0,000000000,00000000000,0,0,0,1,0,0,0,0,0,0,0,999,0,0,0,99,9,9,8,99,99,0,0,0,99997,7,6,97,7,6,7,998,997,998,998,998,998,998,98,9998,98,9998,8,0,0,0,0,2,6,65,1,1,1,1,0,0,0,19,0,0,0,15,0,0,5382
100122_2015,10,100122,1,1,2,6,5,0,18,8,0,1,0,10,1,20,2,20002,4,2005,2G1WF52E1593,2,G,1,W,F,5,2,E,1,5,9,3,0,0,0,000000000,00000000000,0,0,0,1,0,0,0,0,0,0,0,998,0,0,0,12,4,5,8,0,0,0,1,10,19805,6,1,0,0,3,3,70,155,0,0,0,3,0,5,2013,12,2013,0,0,0,0,0,6,2,55,8,8,2,2,0,0,1,19,1,1,2,13,0,0,5383
110001_2015,11,110001,1,1,1,30,1,6,45,8,0,1,0,39,1,12,471,12471,30,2001,1FTZR15E41TA,1,F,T,Z,R,1,5,E,4,1,T,A,0,0,0,000000000,00000000000,0,0,0,1,0,0,0,0,0,0,0,998,0,0,0,12,4,5,8,0,0,0,1,51,43952,6,1,0,0,3,0,65,165,0,0,0,0,0,0,0,0,0,0,0,0,0,0,2,4,35,1,1,2,1,0,0,1,80,99,1,1,13,0,0,5384
110002_2015,11,110002,1,3,1,23,2,16,47,12,7,1,1,24,2,35,402,35402,14,2012,5N1AN0NW3CC5,5,N,1,A,N,0,N,W,3,C,C,5,0,0,0,000000000,00000000000,0,0,0,1,0,0,0,0,0,0,0,998,0,1,6,82,6,2,8,0,0,0,1,24,20904,6,1,0,0,3,0,73,175,0,1,1,1,0,7,2014,2,2015,3,36,0,0,0,1,4,25,1,1,2,1,0,0,6,10,1,1,2,44,0,0,5385
110002_2015,11,110002,2,3,1,23,2,16,47,12,7,1,0,11,1,37,402,37402,14,2013,2HKRM4H77DH6,2,H,K,R,M,4,H,7,7,D,H,6,0,0,0,000000000,00000000000,0,0,0,1,0,0,0,0,0,0,0,998,0,0,0,62,2,5,12,0,0,0,1,11,20010,6,1,0,0,3,0,999,999,0,0,0,0,0,0,0,0,0,0,0,0,0,0,1,4,25,1,1,2,1,0,0,1,60,1,1,1,45,0,0,5386
110002_2015,11,110002,3,3,1,23,2,16,47,12,7,1,0,11,1,55,401,55401,14,2004,KM8SC73D94U7,K,M,8,S,C,7,3,D,9,4,U,7,0,0,0,000000000,00000000000,0,0,0,1,0,0,0,0,0,0,0,998,0,0,0,63,2,5,12,0,0,0,1,51,20011,6,1,0,0,3,0,69,185,0,0,0,0,0,0,0,0,0,0,0,0,0,0,1,4,25,1,1,2,1,2,3,1,60,1,1,1,98,0,0,5387
110003_2015,11,110003,1,1,3,22,3,3,12,14,0,1,0,34,2,30,46,30046,4,2015,1VWAT7A30FC0,1,V,W,A,T,7,A,3,0,F,C,0,0,0,0,000000000,00000000000,0,0,0,1,0,0,0,0,0,0,0,998,9,0,0,12,6,2,14,0,0,0,1,24,20744,6,1,0,0,3,0,68,145,0,0,0,0,0,0,0,0,0,9,36,0,0,0,1,2,25,1,1,2,1,0,0,1,11,1,1,9,11,1,1,5388
110004_2015,11,110004,1,1,3,19,4,20,0,33,0,1,1,24,2,35,39,35039,4,1996,JN1CA21D0TT7,J,N,1,C,A,2,1,D,0,T,T,7,0,0,0,000000000,00000000000,0,0,0,1,0,0,0,0,0,0,0,998,0,0,0,14,6,2,42,0,0,0,1,99,99999,9,9,99,0,9,9,999,999,99,99,99,99,99,99,9999,99,9999,4,99,99,99,99,1,2,25,1,1,2,2,0,0,1,13,99,9,4,2,1,0,5389
110005_2015,11,110005,1,1,1,28,4,20,40,8,0,1,1,24,2,42,42,42042,4,1999,WDBHA24G2XA6,W,D,B,H,A,2,4,G,2,X,A,6,0,0,0,000000000,00000000000,0,0,0,1,0,0,0,0,0,0,0,50,0,0,0,12,4,5,8,0,0,0,1,45,20032,6,1,0,0,3,0,70,260,0,0,0,0,0,0,0,0,0,3,6,0,0,0,1,4,25,1,1,2,1,0,0,1,18,1,1,1,13,0,0,5390
110006_2015,11,110006,1,1,1,11,6,18,12,8,0,1,0,24,2,98,898,98898,61,2011,5B4KFD2D4B34,5,B,4,K,F,D,2,D,4,B,3,4,0,0,57,01100625,5701100625,2,1,1,1,0,0,0,0,0,0,0,998,0,0,0,12,0,3,8,0,0,0,1,24,20706,6,1,0,0,3,0,72,200,0,0,0,0,0,0,0,0,0,0,0,0,0,0,1,2,25,1,1,2,1,2,3,10,16,2,1,1,13,0,0,5391
110007_2015,11,110007,1,2,3,11,6,23,43,12,6,1,1,11,0,51,45,51045,4,2015,999999999999,9,9,9,9,9,9,9,9,9,9,9,9,0,0,0,000000000,00000000000,0,0,0,1,0,0,0,0,0,0,0,998,0,0,0,12,6,2,12,0,0,0,1,99,99999,9,9,99,0,9,9,999,999,99,99,99,99,99,99,9999,99,9999,3,99,99,99,99,3,4,35,1,1,2,1,2,3,1,62,1,1,2,69,0,0,5392
110007_2015,11,110007,2,2,4,11,6,23,43,12,6,1,0,11,1,6,51,6051,4,2006,2C3KA63H56H1,2,C,3,K,A,6,3,H,5,6,H,1,0,0,0,000000000,00000000000,0,0,0,1,0,0,0,0,0,0,0,998,0,0,0,81,6,2,12,0,0,0,1,11,20020,6,1,0,0,3,0,999,999,0,0,0,0,0,0,0,0,0,0,0,0,0,0,2,4,35,1,1,2,1,2,3,11,15,1,1,2,68,1,0,5393
110008_2015,11,110008,1,1,1,15,6,10,24,8,0,1,0,11,2,38,882,38882,61,2010,JALE5W164A73,J,A,L,E,5,W,1,6,4,A,7,3,0,0,57,330810,57330810,2,1,97,1,0,0,0,0,0,0,0,998,0,0,0,12,0,5,8,39,0,0,1,51,22304,6,1,0,9,3,0,68,170,0,0,0,0,0,0,0,0,0,0,0,0,0,0,1,2,25,1,1,2,1,0,0,13,80,1,1,1,92,0,0,5394
110009_2015,11,110009,1,1,1,10,6,17,5,8,0,1,0,51,1,39,36,39036,4,2006,SAJWA51A76WE,S,A,J,W,A,5,1,A,7,6,W,E,0,0,0,000000000,00000000000,0,0,0,1,0,0,0,0,0,0,0,998,0,0,0,12,2,3,8,0,0,0,1,51,22311,6,1,0,0,3,0,71,245,0,0,0,0,0,0,0,0,0,0,0,0,0,0,1,6,25,1,1,2,1,0,0,1,80,2,1,1,13,0,0,5395
110010_2015,11,110010,1,1,1,5,7,1,40,33,0,1,0,11,2,98,701,98701,88,2012,157QMJ111101,1,5,7,Q,M,J,1,1,1,1,0,1,0,0,0,000000000,00000000000,0,0,0,1,0,0,0,0,0,0,0,998,0,0,0,98,6,2,33,0,0,0,1,11,20001,6,1,0,0,3,0,67,180,0,0,0,0,0,0,0,0,0,0,0,0,0,0,3,4,30,1,1,2,1,0,0,1,10,1,1,4,6,1,1,5396
110011_2015,11,110011,1,1,2,14,7,22,18,8,0,1,1,24,1,12,471,12471,30,2000,1FTZR15X3YPB,1,F,T,Z,R,1,5,X,3,Y,P,B,0,0,0,000000000,00000000000,0,0,0,1,0,0,0,0,0,0,0,998,9,0,0,12,2,3,8,0,0,0,1,24,20748,6,1,0,0,3,0,68,238,0,0,0,0,0,0,0,0,0,9,99,99,99,99,3,2,35,1,1,2,1,0,0,1,11,1,1,2,13,0,1,5397
110012_2015,11,110012,1,2,2,19,7,3,22,12,99,1,0,24,1,54,35,54035,4,2006,19UUA66296A0,1,9,U,U,A,6,6,2,9,6,A,0,0,0,0,000000000,00000000000,0,0,0,1,0,0,0,0,0,0,0,998,0,0,0,12,6,2,12,0,0,0,1,24,20020,6,1,0,0,3,0,66,160,0,0,0,0,0,0,0,0,0,2,36,0,0,0,3,4,25,1,1,2,1,20,3,1,50,6,4,2,58,0,0,5398
110012_2015,11,110012,2,2,1,19,7,3,22,12,99,1,0,51,1,51,47,51047,4,2005,YV1RH5922524,Y,V,1,R,H,5,9,2,2,5,2,4,0,0,0,000000000,00000000000,0,0,0,1,0,0,0,0,0,0,0,998,0,0,0,12,6,2,12,0,0,0,1,51,22201,6,1,0,0,3,0,69,175,0,0,0,0,0,0,0,0,0,0,0,0,0,0,3,4,25,1,1,2,1,20,3,1,62,99,1,1,59,1,0,5399
110013_2015,11,110013,1,1,2,21,8,18,5,8,0,1,1,51,4,20,422,20422,15,2015,1GNSKBKC9FR5,1,G,N,S,K,B,K,C,9,F,R,5,0,0,0,000000000,00000000000,0,0,0,1,0,0,0,0,0,0,0,45,0,0,0,12,4,3,8,0,0,0,1,24,20744,6,1,0,0,3,0,72,165,1,0,0,0,0,8,2015,8,2015,3,6,0,0,0,1,4,30,1,1,2,1,0,0,1,80,2,1,2,13,0,0,5400
110014_2015,11,110014,1,1,2,26,7,7,26,25,0,1,0,24,1,59,33,59033,2,1992,JT8UZ30CXN00,J,T,8,U,Z,3,0,C,X,N,0,0,0,0,0,000000000,00000000000,0,0,0,1,0,0,0,0,0,0,0,998,0,0,0,82,6,2,25,0,0,1,1,24,21244,6,1,0,0,3,0,75,215,0,0,0,0,0,0,0,0,0,3,6,0,0,0,3,6,45,1,1,2,1,0,0,1,11,1,1,9,1,1,1,5401
110015_2015,11,110015,1,1,1,3,9,6,20,8,0,1,0,11,2,98,988,98988,52,2001,5FYC2LP101U0,5,F,Y,C,2,L,P,1,0,1,U,0,0,0,99,999999999,99999999999,3,21,22,1,0,0,0,0,6,3,0,998,0,0,0,81,2,3,8,0,0,0,1,24,20743,6,1,6,1,3,0,68,160,0,0,0,0,0,0,0,0,0,0,0,0,0,0,1,2,25,1,1,2,1,0,0,4,80,99,1,1,13,0,0,5402
110016_2015,11,110016,1,1,1,19,9,9,5,8,0,1,0,11,1,12,16,12016,4,1998,2FAFP71W2WX1,2,F,A,F,P,7,1,W,2,W,X,1,0,0,0,000000000,00000000000,0,0,0,1,0,0,0,0,0,0,0,998,0,0,0,12,2,5,8,0,0,0,1,11,20002,6,1,0,0,3,0,66,164,0,0,0,0,0,0,0,0,0,0,38,0,0,0,1,2,25,1,1,2,1,2,3,11,80,99,1,1,13,0,0,5403
110017_2015,11,110017,1,1,1,8,10,1,13,8,0,1,0,24,1,12,423,12423,16,2005,1FMNU45S85EC,1,F,M,N,U,4,5,S,8,5,E,C,0,0,0,000000000,00000000000,0,0,0,1,0,0,0,0,0,0,0,998,0,0,0,12,2,5,8,0,0,0,1,24,20009,6,1,0,0,3,0,65,150,0,0,0,0,0,0,0,0,0,9,99,99,99,99,1,6,30,1,1,2,1,2,3,6,80,2,1,9,13,0,0,5404
110018_2015,11,110018,1,1,1,13,10,6,30,8,0,1,0,24,1,24,1,24001,4,1999,1G8ZJ5273XZ1,1,G,8,Z,J,5,2,7,3,X,Z,1,0,0,0,000000000,00000000000,0,0,0,1,0,0,0,0,0,0,0,998,0,0,0,14,4,3,8,0,0,0,1,24,20782,6,1,0,0,3,0,72,180,0,0,0,0,0,0,0,0,0,0,0,0,0,0,1,2,25,1,1,2,1,0,0,1,80,1,1,1,13,0,0,5405
110019_2015,11,110019,1,2,1,17,10,10,3,12,6,1,0,24,1,76,709,76709,80,2003,JYARN10E73A0,J,Y,A,R,N,1,0,E,7,3,A,0,0,0,0,000000000,00000000000,0,0,0,1,0,0,0,0,0,0,0,0,0,0,0,12,6,2,12,0,0,0,1,24,20901,6,1,0,0,3,0,71,162,0,0,0,0,0,0,0,0,0,0,99,99,99,99,1,4,25,1,1,2,1,2,3,1,62,1,1,1,69,1,0,5406
110019_2015,11,110019,2,2,2,17,10,10,3,12,6,1,0,11,1,49,46,49046,5,2011,JTDKN3DU1B13,J,T,D,K,N,3,D,U,1,B,1,3,0,0,0,000000000,00000000000,0,0,0,1,0,0,0,0,0,0,0,998,0,0,0,3,6,2,12,0,0,0,1,11,20011,6,1,0,0,3,0,65,135,0,0,0,0,0,0,0,0,0,9,0,0,0,0,1,4,25,1,1,2,1,2,3,11,15,1,1,2,68,0,0,5407
110020_2015,11,110020,1,1,1,12,11,17,31,9,0,1,0,11,1,7,442,7442,20,1996,1B4GP54L8TB2,1,B,4,G,P,5,4,L,8,T,B,2,0,0,0,000000000,00000000000,0,0,0,1,0,0,0,0,0,0,0,998,0,0,0,81,4,3,9,0,0,0,1,11,20032,6,1,0,0,3,0,68,200,0,0,0,0,0,0,0,0,0,0,0,0,0,0,1,2,25,1,1,2,1,0,0,11,83,1,1,1,98,0,0,5408
110021_2015,11,110021,1,2,1,21,11,21,18,12,6,1,0,51,1,58,37,58037,4,2004,JNKCV51F34M7,J,N,K,C,V,5,1,F,3,4,M,7,0,0,0,000000000,00000000000,0,0,0,1,0,0,0,0,0,0,0,998,0,0,0,12,6,2,12,0,0,0,1,24,20020,6,1,0,0,3,0,70,148,0,0,0,0,0,0,0,0,0,0,0,0,0,0,3,3,30,1,1,2,1,2,3,1,62,1,1,2,69,1,1,5409
110021_2015,11,110021,2,2,1,21,11,21,18,12,6,1,1,92,0,20,422,20422,15,2004,3GNEC16Z44G2,3,G,N,E,C,1,6,Z,4,4,G,2,0,0,0,000000000,00000000000,0,0,0,1,0,0,0,0,0,0,0,998,0,0,0,81,6,2,12,0,0,0,1,99,99999,9,9,99,9,9,9,999,999,99,99,99,99,99,99,9999,99,9999,9,99,99,99,99,3,4,30,1,1,2,1,2,3,11,15,99,1,2,68,0,0,5410
110022_2015,11,110022,1,1,1,11,12,17,3,8,0,1,0,24,1,69,54,69054,3,2010,WMWMF7C5XATZ,W,M,W,M,F,7,C,5,X,A,T,Z,0,0,0,000000000,00000000000,0,0,0,1,0,0,0,0,0,0,0,998,0,0,0,12,2,5,8,0,0,0,1,24,20783,6,1,0,0,3,0,999,999,99,99,99,99,99,99,9999,99,9999,0,99,99,99,99,1,2,25,1,1,2,1,2,3,11,80,99,1,1,13,0,0,5411
110023_2015,11,110023,1,2,1,19,12,14,54,12,6,1,0,24,1,53,706,53706,80,2005,JS1GR7JA4521,J,S,1,G,R,7,J,A,4,5,2,1,0,0,0,000000000,00000000000,0,0,0,1,0,0,0,0,0,0,0,998,0,0,0,12,6,2,12,0,0,0,1,24,21202,6,1,0,0,2,0,71,247,99,99,99,99,99,99,9999,99,9999,9,99,99,99,99,1,2,25,1,3,2,1,0,0,1,64,4,1,1,48,1,0,5412
110023_2015,11,110023,2,2,2,19,12,14,54,12,6,1,0,11,2,20,481,20481,31,2008,1GNFK13018R2,1,G,N,F,K,1,3,0,1,8,R,2,0,0,0,000000000,00000000000,0,0,0,1,0,0,0,0,0,0,0,998,0,0,0,63,4,3,12,0,0,0,1,11,20019,3,1,0,0,2,0,65,229,0,0,0,0,0,0,0,0,0,9,38,0,0,0,1,2,25,1,3,2,1,0,0,8,10,1,1,2,48,0,0,5413
240001_2015,24,240001,1,1,1,1,1,0,16,35,0,1,0,24,1,35,51,35051,6,2010,JN8AS5MV3AW6,J,N,8,A,S,5,M,V,3,A,W,6,0,0,0,000000000,00000000000,0,0,0,1,0,0,0,0,0,0,0,998,0,1,5,12,6,2,1,0,0,0,1,24,21502,6,1,0,0,3,0,66,155,0,0,0,0,0,0,0,0,0,0,0,0,0,0,1,2,40,1,1,2,1,0,0,1,11,1,1,4,1,1,1,5414
240002_2015,24,240002,1,1,1,1,1,18,34,30,0,1,0,24,1,12,16,12016,4,2004,2FAHP71W64X1,2,F,A,H,P,7,1,W,6,4,X,1,0,0,0,000000000,00000000000,0,0,0,1,0,0,0,0,0,0,0,998,0,0,0,1,6,2,42,0,0,0,1,24,20764,6,1,0,0,3,0,70,165,0,0,0,0,0,0,0,0,0,4,36,38,0,0,1,2,30,3,1,2,1,0,0,14,6,6,2,4,7,1,1,5415
240003_2015,24,240003,1,1,1,5,1,17,55,8,0,1,0,24,1,51,43,51043,6,2004,YV1SZ59H7411,Y,V,1,S,Z,5,9,H,7,4,1,1,0,0,0,000000000,00000000000,0,0,0,1,0,0,0,0,0,0,0,998,0,0,0,12,4,3,8,0,0,0,1,24,20901,6,1,0,0,3,0,69,194,0,0,0,0,0,0,0,0,0,0,0,0,0,0,2,2,45,1,1,2,1,2,3,1,80,99,9,1,13,0,0,5416
240004_2015,24,240004,1,2,0,7,1,2,10,8,0,1,0,24,6,48,45,48045,6,2013,4S4BRBGC1D32,4,S,4,B,R,B,G,C,1,D,3,2,0,0,0,000000000,00000000000,0,0,0,1,0,0,0,0,0,0,0,998,0,0,0,9,6,2,12,0,0,0,0,0,99997,7,6,97,7,6,7,998,997,998,998,998,998,998,98,9998,98,9998,8,54,0,0,0,3,3,65,1,1,2,2,0,0,0,53,0,0,0,98,0,0,5417
240004_2015,24,240004,2,2,1,7,1,2,10,8,0,1,0,24,1,12,422,12422,15,1999,1FMPU18LXXLA,1,F,M,P,U,1,8,L,X,X,L,A,0,0,0,000000000,00000000000,0,0,0,1,0,0,0,0,0,0,0,998,0,0,0,12,6,2,12,0,0,0,1,24,20782,6,1,0,0,3,0,69,215,0,0,0,2,0,4,2013,8,2013,0,84,86,0,0,3,3,65,1,1,2,2,0,0,1,80,99,9,1,13,0,0,5418
240005_2015,24,240005,1,2,1,10,1,1,15,12,6,1,0,18,3,82,881,82881,66,2006,1FUJA6CV56LV,1,F,U,J,A,6,C,V,5,6,L,V,1,1,57,2440785,572440785,3,6,1,1,0,0,0,0,0,0,0,998,0,1,5,12,6,2,12,0,0,0,1,42,19132,6,1,6,0,3,0,72,999,0,0,0,1,0,6,2014,6,2014,9,99,99,99,99,8,8,40,8,8,8,8,3,3,1,66,99,9,1,86,0,0,5419
240005_2015,24,240005,2,2,5,10,1,1,15,12,6,1,0,51,2,53,34,53034,6,2006,KL5JD56Z06K3,K,L,5,J,D,5,6,Z,0,6,K,3,0,0,0,000000000,00000000000,0,0,0,1,0,0,0,0,0,0,0,998,0,1,5,3,6,2,12,0,0,0,1,51,23357,6,1,0,0,3,0,67,140,0,0,0,0,0,0,0,0,0,9,12,0,0,0,3,2,55,1,1,2,1,3,3,1,17,99,9,1,87,5,0,5420