st_case_year,STATE,ST_CASE,VEH_NO,VE_FORMS,NUMOCCS,DAY,MONTH,HOUR,MINUTE,HARM_EV,MAN_COLL,UNITTYPE,HIT_RUN,REG_STAT,OWNER,MAKE,MODEL,MAK_MOD,BODY_TYP,MOD_YEAR,VIN,VIN_1,VIN_2,VIN_3,VIN_4,VIN_5,VIN_6,VIN_7,VIN_8,VIN_9,VIN_10,VIN_11,VIN_12,TOW_VEH,J_KNIFE,MCARR_I1,MCARR_I2,MCARR_ID,GVWR,V_CONFIG,CARGO_BT,HAZ_INV,HAZ_PLAC,HAZ_ID,HAZ_CNO,HAZ_REL,BUS_USE,SPEC_USE,EMER_USE,TRAV_SP,UNDERIDE,ROLLOVER,ROLINLOC,IMPACT1,DEFORMED,TOWED,M_HARM,VEH_SC1,VEH_SC2,FIRE_EXP,DR_PRES,L_STATE,DR_ZIP,L_STATUS,L_TYPE,CDL_STAT,L_ENDORS,L_COMPL,L_RESTRI,DR_HGT,DR_WGT,PREV_ACC,PREV_SUS,PREV_DWI,PREV_SPD,PREV_OTH,FIRST_MO,FIRST_YR,LAST_MO,LAST_YR,SPEEDREL,DR_SF1,DR_SF2,DR_SF3,DR_SF4,VTRAFWAY,VNUM_LAN,VSPD_LIM,VALIGN,VPROFILE,VPAVETYP,VSURCOND,VTRAFCON,VTCONT_F,P_CRASH1,P_CRASH2,P_CRASH3,PCRASH4,PCRASH5,ACC_TYPE,DEATHS,DR_DRINK,idno
240046_2015,24,240046,1,3,1,6,3,13,45,12,7,1,0,24,1,35,47,35047,4,2009,1N4AL21E49C1,1,N,4,A,L,2,1,E,4,9,C,1,0,0,0,000000000,00000000000,0,0,0,1,0,0,0,0,0,0,0,998,0,0,0,8,6,2,12,0,0,0,1,24,21776,6,1,0,0,3,0,65,120,0,0,0,0,0,0,0,0,0,0,29,34,0,0,1,2,50,2,6,2,1,0,0,6,11,1,1,2,47,1,0,5478
240046_2015,24,240046,2,3,1,6,3,13,45,12,7,1,0,24,9,87,881,87881,63,2006,1NPFLUEX96N8,1,N,P,F,L,U,E,X,9,6,N,8,0,0,57,592464,57592464,3,2,4,1,0,0,0,0,0,0,0,998,0,0,0,1,4,5,12,0,0,0,1,24,21157,6,1,6,0,3,0,75,210,0,0,0,0,0,0,0,0,0,0,0,0,0,0,1,2,50,2,6,2,1,0,0,1,61,99,9,1,45,0,0,5479
240046_2015,24,240046,3,3,2,6,3,13,45,12,7,1,0,24,1,49,401,49401,14,1998,JT3HN87RXW90,J,T,3,H,N,8,7,R,X,W,9,0,0,0,0,000000000,00000000000,0,0,0,1,0,0,0,0,0,0,0,998,0,0,0,12,6,2,12,0,0,0,1,24,21114,6,1,0,0,3,0,73,218,0,0,0,0,0,0,0,0,0,0,0,0,0,0,1,2,50,2,6,2,1,0,0,1,62,99,9,1,98,0,0,5480
240047_2015,24,240047,1,2,2,8,3,19,43,12,6,1,0,10,1,2,404,2404,14,2002,1J4GW48S02C1,1,J,4,G,W,4,8,S,0,2,C,1,0,0,0,000000000,00000000000,0,0,0,1,0,0,0,0,0,0,0,998,0,1,1,3,6,2,12,0,0,0,1,10,19971,6,1,0,0,3,0,70,205,0,0,0,0,1,3,2013,3,2013,0,38,39,0,0,3,2,30,1,1,2,1,4,3,1,17,1,1,1,87,1,0,5481
240047_2015,24,240047,2,2,2,8,3,19,43,12,6,1,0,24,1,41,53,41053,5,2007,JM3ER2938701,J,M,3,E,R,2,9,3,8,7,0,1,0,0,0,000000000,00000000000,0,0,0,1,0,0,0,0,0,0,0,998,0,0,0,12,6,2,12,0,0,0,1,24,21853,6,1,0,0,3,0,64,247,0,0,0,0,0,0,0,0,0,0,0,0,0,0,3,2,55,1,1,2,1,0,0,1,66,99,9,1,86,0,0,5482
240048_2015,24,240048,1,1,1,8,3,1,21,30,0,1,0,24,1,42,48,42048,4,1997,WDBJF55F0VA4,W,D,B,J,F,5,5,F,0,V,A,4,0,0,0,000000000,00000000000,0,0,0,1,0,0,0,0,0,0,0,998,0,0,0,2,6,2,30,0,0,0,1,24,21084,6,1,0,0,3,0,70,190,0,0,0,0,0,0,0,0,0,4,58,0,0,0,1,2,30,3,5,2,4,0,0,1,6,6,9,4,7,1,1,5483
240049_2015,24,240049,1,2,1,9,3,14,9,12,2,1,0,24,1,35,47,35047,4,2012,1N4AL2APXCC2,1,N,4,A,L,2,A,P,X,C,C,2,0,0,0,000000000,00000000000,0,0,0,1,0,0,0,0,0,0,0,998,0,0,0,12,6,2,12,0,0,0,1,24,21117,6,1,0,0,3,0,72,200,0,0,0,0,0,0,0,0,0,0,28,0,0,0,1,2,40,1,1,2,1,0,0,1,10,1,1,2,50,1,0,5484
240049_2015,24,240049,2,2,1,9,3,14,9,12,2,1,0,24,1,20,2,20002,4,2005,2G1WF52E8593,2,G,1,W,F,5,2,E,8,5,9,3,0,0,0,000000000,00000000000,0,0,0,1,0,0,0,0,0,0,0,998,0,0,0,12,6,2,12,0,0,0,1,24,21117,6,1,0,0,3,0,60,110,0,0,0,0,0,0,0,0,0,0,0,0,0,0,1,2,40,1,1,2,1,0,0,1,62,99,9,1,51,0,0,5485
240050_2015,24,240050,1,1,1,7,3,1,20,8,0,1,1,12,1,30,40,30040,4,2015,3VWD17AJ7FM2,3,V,W,D,1,7,A,J,7,F,M,2,0,0,0,000000000,00000000000,0,0,0,1,0,0,0,0,0,0,0,998,0,0,0,12,2,5,8,0,0,0,1,24,20882,6,1,0,0,3,0,66,120,0,0,0,0,0,0,0,0,0,0,99,99,99,99,1,2,35,3,1,2,1,0,0,1,84,99,9,1,13,0,1,5486
240051_2015,24,240051,1,4,1,9,3,7,39,12,6,1,0,24,1,12,481,12481,31,1997,1FTHF25F9VEA,1,F,T,H,F,2,5,F,9,V,E,A,0,0,0,000000000,00000000000,0,0,0,1,0,0,0,0,0,0,0,998,0,1,1,12,6,2,12,0,0,0,1,24,20850,6,1,0,0,3,0,69,180,0,0,0,0,0,0,0,0,0,9,99,99,99,99,1,2,50,1,1,2,10,0,0,1,9,99,4,2,66,0,0,5487
240051_2015,24,240051,2,4,1,9,3,7,39,12,6,1,0,24,1,48,401,48401,14,2010,JF2SH6CC2AH7,J,F,2,S,H,6,C,C,2,A,H,7,0,0,0,000000000,00000000000,0,0,0,1,0,0,0,0,0,0,0,998,0,0,0,11,6,2,12,0,0,0,1,24,21710,6,1,0,0,3,0,64,140,0,0,0,0,0,0,0,0,0,0,0,0,0,0,1,2,50,1,1,2,10,0,0,1,62,99,1,1,66,1,0,5488
240051_2015,24,240051,3,4,1,9,3,7,39,12,6,1,0,51,1,48,401,48401,14,2009,JF2SH61649H7,J,F,2,S,H,6,1,6,4,9,H,7,0,0,0,000000000,00000000000,0,0,0,1,0,0,0,0,0,0,0,998,0,0,0,13,4,3,54,0,0,0,1,51,20176,6,1,0,0,3,0,70,175,0,0,0,0,0,0,0,0,0,0,0,0,0,0,1,2,50,1,1,2,10,0,0,1,62,6,1,2,98,0,0,5489
240051_2015,24,240051,4,4,1,9,3,7,39,12,6,1,0,24,1,63,402,63402,14,2014,5XYKWDA75EG4,5,X,Y,K,W,D,A,7,5,E,G,4,0,0,0,000000000,00000000000,0,0,0,1,0,0,0,0,0,0,0,998,0,0,0,5,6,2,12,0,0,0,1,24,21703,6,1,0,0,3,0,63,130,0,0,0,0,0,0,0,0,0,0,0,0,0,0,1,2,50,1,1,2,10,0,0,1,62,6,1,2,98,0,0,5490
240052_2015,24,240052,1,2,1,8,3,4,59,12,2,1,0,24,3,20,28,20028,4,2014,1G1JC6SG3E41,1,G,1,J,C,6,S,G,3,E,4,1,0,0,0,000000000,00000000000,0,0,0,1,0,0,0,0,0,0,0,998,0,0,0,12,6,2,12,0,0,0,1,24,21207,1,1,0,0,2,0,69,170,0,2,0,0,0,8,2014,9,2014,0,51,0,0,0,3,3,30,1,1,2,1,0,0,1,54,99,9,1,52,1,1,5491
240052_2015,24,240052,2,2,1,8,3,4,59,12,2,1,0,24,2,7,482,7482,31,2014,3C6UR5MJ4EG2,3,C,6,U,R,5,M,J,4,E,G,2,0,0,0,000000000,00000000000,0,0,0,1,0,0,0,0,0,0,0,998,0,0,0,12,6,2,12,0,0,0,1,24,21215,6,1,0,0,3,0,72,230,0,2,0,0,0,7,2013,3,2014,0,0,0,0,0,3,3,30,1,1,2,1,0,0,1,54,99,9,1,52,0,0,5492
240053_2015,24,240053,1,2,2,14,3,10,15,12,6,1,0,24,1,6,16,6016,2,1987,1C3CJ51E6HG2,1,C,3,C,J,5,1,E,6,H,G,2,0,0,0,000000000,00000000000,0,0,0,1,0,0,0,0,0,0,0,998,0,0,0,2,6,2,12,0,0,0,1,24,21601,6,1,0,0,3,0,64,152,0,1,0,0,0,1,2014,1,2014,9,99,99,99,99,1,2,35,8,8,8,2,20,3,1,17,99,1,1,87,1,0,5493
240053_2015,24,240053,2,2,1,14,3,10,15,12,6,1,0,24,1,12,461,12461,21,2000,1FTNE2429YHA,1,F,T,N,E,2,4,2,9,Y,H,A,0,0,0,000000000,00000000000,0,0,0,1,0,0,0,0,0,0,0,998,0,0,0,12,4,3,12,0,0,0,1,24,21673,6,1,0,0,3,0,66,160,0,0,0,0,0,0,0,0,0,0,0,0,0,0,3,2,50,1,1,2,2,0,0,1,62,99,1,1,86,0,0,5494
240054_2015,24,240054,1,2,1,1,3,1,40,12,1,1,0,24,1,2,407,2407,14,2011,1J4NT4GB0BD2,1,J,4,N,T,4,G,B,0,B,D,2,0,0,0,000000000,00000000000,0,0,0,1,0,0,0,0,0,0,0,998,0,0,0,12,6,2,12,0,0,0,1,24,21239,6,1,0,0,3,0,75,170,0,2,0,1,0,12,2013,3,2014,0,26,0,0,0,3,3,45,1,1,2,1,3,3,1,50,99,9,1,20,1,1,5495
240054_2015,24,240054,2,2,2,1,3,1,40,12,1,1,0,24,3,38,898,38898,61,2007,JALE5B169779,J,A,L,E,5,B,1,6,9,7,7,9,0,0,88,888888888,88888888888,2,1,97,1,0,0,0,0,0,0,0,0,0,0,0,6,6,2,12,0,0,0,1,24,21239,6,1,6,0,3,0,70,175,0,0,0,0,0,0,0,0,0,0,0,0,0,0,3,3,45,1,1,2,1,3,3,5,53,1,1,1,21,0,0,5496
240055_2015,24,240055,1,1,2,15,3,3,25,42,0,1,0,24,1,37,402,37402,14,2008,JHLRE48598C0,J,H,L,R,E,4,8,5,9,8,C,0,0,0,0,000000000,00000000000,0,0,0,1,0,0,0,0,0,0,0,998,0,0,0,12,6,2,42,0,0,0,1,24,21617,6,1,0,0,3,0,74,268,0,1,0,3,1,3,2010,7,2014,0,39,0,0,0,1,2,50,1,1,2,1,20,3,1,14,99,1,4,14,1,1,5497
240056_2015,24,240056,1,2,1,15,3,19,32,12,2,1,0,13,2,49,442,49442,20,2004,5TDZA23C54S0,5,T,D,Z,A,2,3,C,5,4,S,0,0,0,0,000000000,00000000000,0,0,0,1,0,0,0,0,0,0,0,998,0,0,0,12,6,2,12,0,0,1,1,24,21619,6,1,0,0,3,0,73,200,0,0,0,0,1,4,2014,4,2014,0,36,51,38,0,3,2,55,1,1,2,1,0,0,1,54,99,9,1,52,0,1,5498
240056_2015,24,240056,2,2,2,15,3,19,32,12,2,1,0,12,3,52,46,52046,4,2014,JA32U2FU6EU0,J,A,3,2,U,2,F,U,6,E,U,0,0,0,0,000000000,00000000000,0,0,0,1,0,0,0,0,0,0,0,998,0,0,0,12,6,2,12,0,0,0,1,24,21804,6,1,0,0,3,0,69,165,0,0,0,0,0,0,0,0,0,0,0,0,0,0,3,2,55,1,1,2,1,0,0,1,54,99,1,1,52,2,0,5499
240057_2015,24,240057,1,1,1,18,3,1,26,8,0,1,0,42,3,86,881,86881,66,2015,1M1AW02Y6FM0,1,M,1,A,W,0,2,Y,6,F,M,0,1,1,57,84850,5784850,3,6,1,1,0,0,0,0,0,0,0,998,0,0,0,12,4,5,8,0,0,0,1,42,18064,6,1,6,0,3,0,71,999,0,0,0,0,0,0,0,0,0,0,0,0,0,0,3,3,55,1,1,2,1,0,0,1,80,99,9,1,13,0,0,5500
240058_2015,24,240058,1,1,1,12,3,6,46,32,0,1,0,24,2,7,20,7020,4,1995,1B3ES47C6SD2,1,B,3,E,S,4,7,C,6,S,D,2,0,0,0,000000000,00000000000,0,0,0,1,0,0,0,0,0,0,0,998,0,1,5,12,6,2,1,0,0,0,1,42,17331,6,1,0,0,3,0,74,999,1,0,0,2,0,12,2011,12,2013,0,99,99,99,99,1,2,35,1,1,2,1,0,0,1,11,1,1,4,1,1,0,5501
240059_2015,24,240059,1,1,1,5,3,18,46,8,0,1,1,24,2,2,404,2404,14,2001,1J4FF48S11L6,1,J,4,F,F,4,8,S,1,1,L,6,0,0,0,000000000,00000000000,0,0,0,1,0,0,0,0,0,0,0,998,0,0,0,12,4,5,8,0,0,0,1,24,21014,6,1,0,0,3,0,74,210,0,0,0,0,0,0,0,0,0,0,86,0,0,0,1,2,50,1,1,2,3,0,0,1,80,99,1,1,13,0,0,5502
240060_2015,24,240060,1,1,1,19,3,14,10,8,0,1,0,24,1,22,20,22020,4,1998,1G2WP5215WF2,1,G,2,W,P,5,2,1,5,W,F,2,0,0,0,000000000,00000000000,0,0,0,1,0,0,0,0,0,0,0,998,0,0,0,12,4,3,8,0,0,0,1,24,21502,6,1,0,0,3,0,65,260,0,0,0,0,1,3,2015,3,2015,0,0,0,0,0,1,2,25,1,1,2,1,0,0,1,80,99,1,1,13,0,0,5503
240061_2015,24,240061,1,1,2,7,3,3,21,38,0,1,0,24,2,12,16,12016,4,2006,2FAFP71W76X1,2,F,A,F,P,7,1,W,7,6,X,1,0,0,0,000000000,00000000000,0,0,0,1,0,0,0,0,0,5,4,54,0,0,0,12,6,2,38,0,0,0,1,24,20784,6,1,0,0,3,0,67,200,0,0,0,0,0,0,0,0,0,4,16,37,0,0,3,3,45,2,5,2,1,0,0,14,6,99,9,4,2,1,1,5504
240062_2015,24,240062,1,2,1,21,3,15,53,12,2,1,0,24,1,20,482,20482,31,2002,3GNEC13T72G1,3,G,N,E,C,1,3,T,7,2,G,1,0,0,0,000000000,00000000000,0,0,0,1,0,0,0,0,0,0,0,998,0,0,0,12,6,2,12,0,0,0,1,24,21921,6,1,0,0,3,0,60,143,0,0,0,0,0,0,0,0,0,0,27,0,0,0,3,2,50,1,5,2,1,0,0,15,12,99,9,4,50,0,0,5505
240062_2015,24,240062,2,2,2,21,3,15,53,12,2,1,0,24,1,20,23,20023,6,2009,3GNCA53V19S5,3,G,N,C,A,5,3,V,1,9,S,5,0,0,0,000000000,00000000000,0,0,0,1,0,0,0,0,0,0,0,998,0,0,0,12,6,2,12,0,0,0,1,24,21904,6,1,0,0,2,0,65,165,0,0,0,2,0,2,2013,2,2013,0,0,0,0,0,3,2,50,1,5,2,1,0,0,1,62,99,9,1,51,1,0,5506
240063_2015,24,240063,1,3,1,21,3,14,45,12,1,1,0,24,3,35,402,35402,14,2011,5N1AN0NW6BC5,5,N,1,A,N,0,N,W,6,B,C,5,0,0,0,000000000,00000000000,0,0,0,1,0,0,0,0,0,0,0,998,0,1,1,12,6,2,12,0,0,0,1,24,21401,6,1,0,0,3,0,75,190,0,0,0,0,0,0,0,0,0,4,26,0,0,0,3,5,65,1,1,2,1,0,0,1,11,7,9,2,20,0,0,5507
240063_2015,24,240063,2,3,3,21,3,14,45,12,1,1,0,24,2,49,32,49032,4,2007,2T1BR32E67C7,2,T,1,B,R,3,2,E,6,7,C,7,0,0,0,000000000,00000000000,0,0,0,1,0,0,0,0,0,0,0,0,0,0,0,6,6,2,12,0,0,0,1,24,21102,6,1,0,0,3,0,64,117,0,0,0,1,0,4,2014,4,2014,0,0,0,0,0,3,5,65,1,1,2,1,0,0,5,62,99,9,1,21,3,0,5508
240063_2015,24,240063,3,3,2,21,3,14,45,12,1,1,0,24,2,2,403,2403,14,2007,1J8GR48K37C6,1,J,8,G,R,4,8,K,3,7,C,6,0,0,0,000000000,00000000000,0,0,0,1,0,0,0,0,0,0,0,0,0,0,0,6,4,5,12,0,0,0,1,24,21784,6,1,0,0,3,0,68,185,0,0,0,0,0,0,0,0,0,0,0,0,0,0,3,5,65,1,1,2,1,0,0,5,62,99,9,1,98,0,0,5509
240064_2015,24,240064,1,1,1,22,3,3,38,30,0,1,0,24,1,19,14,19014,4,1996,1G6KS52Y5TU8,1,G,6,K,S,5,2,Y,5,T,U,8,0,0,0,000000000,00000000000,0,0,0,1,0,0,0,0,0,0,0,998,0,0,0,12,6,2,42,0,0,0,1,24,20659,6,1,0,0,3,0,69,190,0,0,0,0,0,0,0,0,0,0,0,0,0,0,1,2,50,3,1,2,1,0,0,14,13,99,9,4,1,1,1,5510
240065_2015,24,240065,1,2,1,25,3,9,27,12,6,1,0,24,1,12,481,12481,31,1997,1FTJW35F0VEC,1,F,T,J,W,3,5,F,0,V,E,C,0,0,0,000000000,00000000000,0,0,0,1,0,0,0,0,0,0,0,998,0,0,0,8,6,2,12,0,0,0,1,24,20746,6,1,0,0,3,0,72,230,0,0,0,0,0,0,0,0,0,0,0,0,0,0,1,2,35,1,1,2,1,20,3,3,17,99,9,1,89,1,0,5511
240065_2015,24,240065,2,2,1,25,3,9,27,12,6,1,0,24,2,98,881,98881,63,2000,2WKPDCCJ6YK9,2,W,K,P,D,C,C,J,6,Y,K,9,0,0,77,777777777,77777777777,3,1,4,1,0,0,0,0,0,0,0,998,0,0,0,12,6,2,12,0,0,0,1,24,20853,6,1,6,0,3,0,67,205,0,1,0,0,1,4,2014,4,2014,0,0,0,0,0,3,2,55,1,1,2,1,0,0,1,66,99,9,1,88,0,0,5512
240066_2015,24,240066,1,1,2,24,3,6,34,8,0,1,0,24,2,12,481,12481,31,2004,1FTNX21L84EC,1,F,T,N,X,2,1,L,8,4,E,C,0,0,0,000000000,00000000000,0,0,0,1,0,0,0,0,0,0,0,998,0,0,0,12,2,8,8,0,0,0,1,24,20902,6,1,0,0,3,0,67,200,0,0,0,0,0,0,0,0,0,0,0,0,0,0,3,3,40,1,1,2,1,0,0,1,81,99,9,1,13,0,0,5513
240067_2015,24,240067,1,1,1,18,3,19,45,8,0,1,0,24,1,30,42,30042,5,2002,9BWGP61J0240,9,B,W,G,P,6,1,J,0,2,4,0,0,0,0,000000000,00000000000,0,0,0,1,0,0,0,0,0,0,0,998,0,0,0,12,4,3,8,0,0,0,1,24,20841,6,1,0,0,3,0,66,160,0,0,0,0,0,0,0,0,0,0,0,0,0,0,1,2,40,1,1,2,1,0,0,1,80,99,9,1,13,0,0,5514
240068_2015,24,240068,1,1,1,7,3,19,13,8,0,1,0,24,1,12,481,12481,31,2015,1FT8W3BT7FEA,1,F,T,8,W,3,B,T,7,F,E,A,0,0,0,000000000,00000000000,0,0,0,1,0,0,0,0,0,0,0,998,0,0,0,12,6,2,8,0,0,0,1,24,21158,6,1,0,0,3,0,72,255,0,0,0,0,0,0,0,0,0,0,0,0,0,0,3,3,45,1,1,2,1,0,0,1,80,99,9,1,13,0,0,5515
240069_2015,24,240069,1,3,2,27,3,16,19,12,1,1,0,10,3,82,881,82881,63,2006,1FVACWDC76HV,1,F,V,A,C,W,D,C,7,6,H,V,0,0,57,2459337,572459337,3,1,1,1,0,0,0,0,0,0,0,998,0,0,0,12,6,2,12,0,0,0,1,34,7047,6,1,0,0,2,0,71,999,0,1,0,1,2,12,2012,12,2014,4,99,99,99,99,1,2,55,1,1,2,2,0,0,1,50,99,9,1,20,0,0,5516
240069_2015,24,240069,2,3,2,27,3,16,19,12,1,1,0,24,2,49,40,49040,4,1996,4T1BG12K7TU6,4,T,1,B,G,1,2,K,7,T,U,6,0,0,0,000000000,00000000000,0,0,0,1,0,0,0,0,0,0,0,0,0,0,0,6,6,2,12,0,0,0,1,24,21817,6,1,0,0,3,0,64,199,0,0,0,0,0,0,0,0,0,0,0,0,0,0,1,2,55,1,1,2,2,0,0,2,53,1,1,1,21,1,0,5517
240069_2015,24,240069,3,3,1,27,3,16,19,12,1,1,0,24,1,7,27,7027,6,2009,3D4GG57V09T2,3,D,4,G,G,5,7,V,0,9,T,2,0,0,0,000000000,00000000000,0,0,0,1,0,0,0,0,0,0,0,998,0,0,0,12,6,2,12,0,0,0,1,24,21838,6,1,0,0,3,0,63,145,0,0,0,0,0,0,0,0,0,0,0,0,0,0,1,2,55,1,1,2,2,0,0,1,62,99,9,1,98,0,0,5518
240070_2015,24,240070,1,1,1,29,3,3,32,24,0,1,0,24,1,7,26,7026,4,2010,1B3CC5FB8AN1,1,B,3,C,C,5,F,B,8,A,N,1,0,0,0,000000000,00000000000,0,0,0,1,0,0,0,0,0,0,0,998,0,0,0,12,6,2,24,0,0,0,1,24,20774,6,1,0,0,3,0,66,160,0,0,0,0,0,0,0,0,0,9,99,99,99,99,3,4,55,1,1,2,1,0,0,1,11,7,9,4,6,1,1,5519
240071_2015,24,240071,1,1,2,28,3,20,57,33,0,1,0,51,1,14,4,14004,2,1972,2F91H524493,2,F,9,1,H,5,2,4,4,9,3,NULL,0,0,0,000000000,00000000000,0,0,0,1,0,0,0,0,0,0,0,998,0,0,0,2,6,2,42,0,0,0,1,24,20743,1,1,0,0,2,0,70,230,0,4,0,0,0,3,2013,3,2015,9,99,99,99,99,3,3,30,1,6,2,1,0,0,1,13,99,9,4,5,1,1,5520
240072_2015,24,240072,1,1,1,22,3,1,18,34,0,1,0,24,2,6,52,6052,6,2001,3C4FY4BB41T6,3,C,4,F,Y,4,B,B,4,1,T,6,0,0,0,000000000,00000000000,0,0,0,1,0,0,0,0,0,0,0,998,0,1,5,11,6,2,1,0,0,0,1,24,20744,0,0,0,0,0,0,999,999,0,0,0,0,0,0,0,0,0,3,58,0,0,0,1,2,30,1,1,2,1,0,0,1,9,99,3,4,2,1,1,5521
240073_2015,24,240073,1,2,7,26,3,8,22,12,6,1,0,24,3,12,870,12870,55,2007,1FDXE45S77DB,1,F,D,X,E,4,5,S,7,7,D,B,0,0,57,1034094,571034094,2,20,22,1,0,0,0,0,6,3,0,998,0,0,0,12,6,2,12,0,0,0,1,24,21158,6,1,0,0,3,0,64,120,0,0,0,0,0,0,0,0,0,0,38,0,0,0,1,2,40,1,5,2,1,20,3,1,17,99,9,1,86,0,0,5522
240073_2015,24,240073,2,2,2,26,3,8,22,12,6,1,0,24,1,20,4,20004,2,2004,1G1YY22G9451,1,G,1,Y,Y,2,2,G,9,4,5,1,0,0,0,000000000,00000000000,0,0,0,1,0,0,0,0,0,0,0,998,0,0,0,1,6,2,12,0,0,0,1,24,21776,6,1,6,0,3,0,73,210,0,0,0,0,0,0,0,0,0,0,0,0,0,0,1,2,40,1,5,2,1,0,0,1,66,99,9,1,87,1,0,5523
240074_2015,24,240074,1,2,1,24,3,22,47,12,11,1,0,42,3,51,881,51881,66,2009,4V4NC9TJ29N2,4,V,4,N,C,9,T,J,2,9,N,2,1,1,57,859109,57859109,3,6,1,1,0,0,0,0,0,0,0,998,0,0,0,3,2,8,12,0,0,0,1,42,19006,6,1,6,0,3,0,71,999,0,0,0,0,0,0,0,0,0,0,0,0,0,0,8,5,45,1,1,2,1,3,3,12,98,1,1,1,98,0,0,5524
240074_2015,24,240074,2,2,1,24,3,22,47,12,11,1,0,24,1,21,20,21020,4,1991,1G3WH54T7MD3,1,G,3,W,H,5,4,T,7,M,D,3,0,0,0,000000000,00000000000,0,0,0,1,0,0,0,0,0,0,0,998,3,0,0,13,6,2,12,0,0,0,1,24,21225,6,1,0,0,3,0,65,144,0,0,0,0,0,0,0,0,0,0,0,0,0,0,8,5,45,1,1,2,1,3,3,1,17,99,9,1,98,1,0,5525
240075_2015,24,240075,1,2,1,20,3,17,7,12,6,1,0,24,2,35,47,35047,4,2006,1N4AL11E16N4,1,N,4,A,L,1,1,E,1,6,N,4,0,0,0,000000000,00000000000,0,0,0,1,0,0,0,0,0,0,0,998,0,0,0,3,6,2,12,0,0,0,1,24,20637,6,1,0,0,3,0,70,160,0,0,0,2,0,10,2014,10,2014,4,28,0,0,0,1,2,50,2,1,2,1,0,0,14,6,99,9,2,64,1,0,5526
240075_2015,24,240075,2,2,1,20,3,17,7,12,6,1,0,24,2,12,401,12401,14,1997,1FMDU35P7VUA,1,F,M,D,U,3,5,P,7,V,U,A,0,0,0,000000000,00000000000,0,0,0,1,0,0,0,0,0,0,0,998,0,0,0,12,6,2,12,0,0,0,1,24,20640,6,1,0,0,3,0,62,104,0,0,0,0,0,0,0,0,0,0,0,0,0,0,1,2,50,2,1,2,1,0,0,1,62,99,9,1,65,0,0,5527
240076_2015,24,240076,1,1,1,28,3,20,39,8,0,1,0,24,1,23,421,23421,15,1999,1GKEK13R3XJ7,1,G,K,E,K,1,3,R,3,X,J,7,0,0,0,000000000,00000000000,0,0,0,1,0,0,0,0,0,0,0,998,0,0,0,12,6,2,8,0,0,0,1,24,21613,6,1,0,0,3,0,66,215,0,0,0,0,0,0,0,0,0,0,0,0,0,0,1,2,50,1,1,2,1,0,0,1,81,99,9,1,13,1,0,5528
240077_2015,24,240077,1,1,1,1,4,7,29,34,0,1,0,24,3,84,881,84881,63,1990,1HTSDTVN4LH2,1,H,T,S,D,T,V,N,4,L,H,2,0,0,57,1325337,571325337,3,1,4,1,0,0,0,0,0,0,0,998,0,1,5,12,6,2,1,0,0,0,1,24,21740,6,1,6,0,3,0,65,168,0,0,0,0,0,0,0,0,0,0,0,0,0,0,3,2,65,1,1,2,1,0,0,1,9,99,5,4,2,1,0,5529
240078_2015,24,240078,1,3,1,7,4,20,7,12,8,1,0,24,1,20,471,20471,30,1997,1GCDT19X9V81,1,G,C,D,T,1,9,X,9,V,8,1,0,0,0,000000000,00000000000,0,0,0,1,0,0,0,0,0,0,0,998,0,0,0,98,6,2,12,0,0,0,1,24,21144,6,1,0,0,3,0,70,165,0,0,0,0,0,0,0,0,0,0,28,0,0,0,1,2,50,2,1,2,2,0,0,1,10,99,9,2,64,1,1,5530
240078_2015,24,240078,2,3,5,7,4,20,7,12,8,1,0,24,2,37,421,37421,15,2011,5FNYF3H97BB0,5,F,N,Y,F,3,H,9,7,B,B,0,0,0,0,000000000,00000000000,0,0,0,1,0,0,0,0,0,0,0,998,0,0,0,7,4,3,12,0,0,0,1,24,21113,6,1,0,0,3,0,72,180,0,0,0,0,0,0,0,0,0,0,0,0,0,0,1,2,50,2,1,2,2,0,0,1,62,99,9,1,65,0,0,5531
240078_2015,24,240078,3,3,1,7,4,20,7,12,8,1,0,24,3,84,881,84881,66,2000,1HSCAAEN1YJ0,1,H,S,C,A,A,E,N,1,Y,J,0,1,1,57,358597,57358597,3,6,1,1,0,0,0,0,0,0,0,998,0,0,0,12,6,2,12,0,0,0,1,24,21144,6,1,6,0,3,0,68,190,0,0,0,0,0,0,0,0,0,0,0,0,0,0,1,2,50,2,1,2,2,0,0,1,62,99,9,1,98,0,0,5532
240079_2015,24,240079,1,2,1,9,4,0,16,12,2,1,0,24,2,18,7,18007,4,2001,2G4WS52J7112,2,G,4,W,S,5,2,J,7,1,1,2,0,0,0,000000000,00000000000,0,0,0,1,0,0,0,0,0,0,0,998,0,0,0,12,6,2,12,0,0,0,1,24,21766,6,1,0,0,3,0,69,220,0,0,0,0,0,0,0,0,0,0,51,0,0,0,3,2,65,1,1,2,2,0,0,1,54,99,9,1,52,1,1,5533
240079_2015,24,240079,2,2,1,9,4,0,16,12,2,1,0,24,1,18,22,18022,4,2005,2G4WC5329513,2,G,4,W,C,5,3,2,9,5,1,3,0,0,0,000000000,00000000000,0,0,0,1,0,0,0,0,0,0,0,998,0,0,0,12,6,2,12,0,0,0,1,24,21795,6,1,0,0,3,0,64,110,0,1,0,2,0,5,2014,12,2014,0,0,0,0,0,3,2,65,1,1,2,2,0,0,1,54,99,9,1,52,1,0,5534