st_case_year,STATE,ST_CASE,VEH_NO,VE_FORMS,NUMOCCS,DAY,MONTH,HOUR,MINUTE,HARM_EV,MAN_COLL,UNITTYPE,HIT_RUN,REG_STAT,OWNER,MAKE,MODEL,MAK_MOD,BODY_TYP,MOD_YEAR,VIN,VIN_1,VIN_2,VIN_3,VIN_4,VIN_5,VIN_6,VIN_7,VIN_8,VIN_9,VIN_10,VIN_11,VIN_12,TOW_VEH,J_KNIFE,MCARR_I1,MCARR_I2,MCARR_ID,GVWR,V_CONFIG,CARGO_BT,HAZ_INV,HAZ_PLAC,HAZ_ID,HAZ_CNO,HAZ_REL,BUS_USE,SPEC_USE,EMER_USE,TRAV_SP,UNDERIDE,ROLLOVER,ROLINLOC,IMPACT1,DEFORMED,TOWED,M_HARM,VEH_SC1,VEH_SC2,FIRE_EXP,DR_PRES,L_STATE,DR_ZIP,L_STATUS,L_TYPE,CDL_STAT,L_ENDORS,L_COMPL,L_RESTRI,DR_HGT,DR_WGT,PREV_ACC,PREV_SUS,PREV_DWI,PREV_SPD,PREV_OTH,FIRST_MO,FIRST_YR,LAST_MO,LAST_YR,SPEEDREL,DR_SF1,DR_SF2,DR_SF3,DR_SF4,VTRAFWAY,VNUM_LAN,VSPD_LIM,VALIGN,VPROFILE,VPAVETYP,VSURCOND,VTRAFCON,VTCONT_F,P_CRASH1,P_CRASH2,P_CRASH3,PCRASH4,PCRASH5,ACC_TYPE,DEATHS,DR_DRINK,idno
240080_2015,24,240080,1,1,1,9,4,4,22,24,0,1,0,24,1,37,32,37032,4,2014,1HGCR2F39EA1,1,H,G,C,R,2,F,3,9,E,A,1,0,0,0,000000000,00000000000,0,0,0,1,0,0,0,0,0,0,0,998,0,1,5,12,6,2,1,0,0,0,1,24,20785,1,1,0,0,2,0,70,219,0,0,0,0,0,0,0,0,0,0,0,0,0,0,2,3,55,1,1,2,2,0,0,99,9,99,9,4,7,1,1,5535
240081_2015,24,240081,1,2,1,10,4,11,0,12,1,1,0,24,1,6,43,6043,4,2004,1C3EL56R64N4,1,C,3,E,L,5,6,R,6,4,N,4,0,0,0,000000000,00000000000,0,0,0,1,0,0,0,0,0,0,0,998,0,0,0,12,6,2,12,0,0,0,1,24,20659,6,1,0,0,3,0,62,118,0,0,0,1,0,11,2014,11,2014,0,26,0,0,0,1,2,50,1,1,2,1,0,0,1,51,1,1,1,24,0,0,5536
240081_2015,24,240081,2,2,1,10,4,11,0,12,1,1,0,24,1,22,16,22016,4,2001,1G2JB524X173,1,G,2,J,B,5,2,4,X,1,7,3,0,0,0,000000000,00000000000,0,0,0,1,0,0,0,0,0,0,0,998,0,0,0,6,6,2,12,0,0,0,1,24,20621,6,1,0,0,3,0,63,203,0,0,0,0,0,0,0,0,0,0,0,0,0,0,1,2,50,1,1,2,1,0,0,2,53,1,1,1,25,1,0,5537
240082_2015,24,240082,1,2,1,11,4,2,55,12,6,1,0,24,2,35,47,35047,4,2000,1N4DL01D5YC2,1,N,4,D,L,0,1,D,5,Y,C,2,0,0,0,000000000,00000000000,0,0,0,1,0,0,0,0,0,0,0,998,0,1,5,12,6,2,1,0,0,0,1,24,20772,6,1,0,0,3,0,70,170,0,2,0,1,0,1,2013,2,2015,4,36,27,0,0,3,4,55,1,1,2,1,0,0,15,11,99,2,2,46,1,1,5538
240082_2015,24,240082,2,2,2,11,4,2,55,12,6,1,0,24,2,22,18,22018,4,2004,2G2WP5220411,2,G,2,W,P,5,2,2,0,4,1,1,0,0,0,000000000,00000000000,0,0,0,1,0,0,0,0,0,0,0,998,0,0,0,2,6,2,12,0,0,0,1,24,21113,6,1,0,0,3,0,70,165,0,3,0,0,3,12,2013,12,2014,0,0,0,0,0,3,4,55,1,1,2,1,0,0,1,60,99,9,1,45,0,0,5539
240083_2015,24,240083,1,1,1,11,4,21,36,14,0,1,0,24,1,98,706,98706,80,2003,5CDMTB5163G0,5,C,D,M,T,B,5,1,6,3,G,0,0,0,0,000000000,00000000000,0,0,0,1,0,0,0,0,0,0,0,998,0,0,0,12,6,2,14,0,0,0,1,24,21793,6,1,0,0,3,0,70,230,0,0,0,0,2,10,2013,11,2013,0,85,0,0,0,3,3,65,1,1,2,1,0,0,1,8,6,9,4,11,1,1,5540
240084_2015,24,240084,1,1,1,12,4,0,23,7,0,1,0,24,1,73,706,73706,80,2009,JKBVNRC179A0,J,K,B,V,N,R,C,1,7,9,A,0,0,0,0,000000000,00000000000,0,0,0,1,0,0,0,0,0,0,0,998,0,0,0,0,6,2,7,0,0,0,1,24,21655,6,1,0,0,3,0,68,160,0,0,0,0,0,0,0,0,0,0,0,0,0,0,3,2,55,1,4,9,8,40,3,1,5,99,9,1,0,1,1,5541
240085_2015,24,240085,1,1,1,7,4,15,27,33,0,1,0,24,1,35,47,35047,4,2007,3N1BC11E37L4,3,N,1,B,C,1,1,E,3,7,L,4,0,0,0,000000000,00000000000,0,0,0,1,0,0,0,0,0,0,0,998,0,0,0,12,6,2,42,0,0,0,1,24,21209,6,1,0,0,3,0,61,170,0,0,0,0,0,0,0,0,0,0,0,0,0,0,1,2,30,3,1,2,1,0,0,14,12,1,1,4,6,1,0,5542
240086_2015,24,240086,1,1,1,11,4,21,29,42,0,1,0,24,1,12,481,12481,31,1999,1FTRX18L9XNA,1,F,T,R,X,1,8,L,9,X,N,A,0,0,0,000000000,00000000000,0,0,0,1,0,0,0,0,0,0,0,998,0,0,0,10,6,2,42,0,0,1,1,24,21236,6,1,0,0,3,0,72,208,0,0,0,0,0,0,0,0,0,3,33,0,0,0,3,2,55,1,1,2,1,0,0,6,6,99,3,4,2,1,0,5543
240087_2015,24,240087,1,1,6,14,4,20,54,34,0,1,0,24,2,23,481,23481,31,2004,1GTEK19T44E2,1,G,T,E,K,1,9,T,4,4,E,2,0,0,0,000000000,00000000000,0,0,0,1,0,0,0,0,0,0,0,998,0,1,5,11,6,2,1,0,0,0,1,24,21631,6,1,0,0,3,0,70,130,0,4,0,3,1,4,2013,10,2014,0,36,0,0,0,1,2,50,1,1,2,2,0,0,1,12,99,9,4,10,1,0,5544
240088_2015,24,240088,1,1,1,16,4,1,0,30,0,1,0,24,1,49,50,49050,3,2005,JTKDE1779500,J,T,K,D,E,1,7,7,9,5,0,0,0,0,0,000000000,00000000000,0,0,0,1,0,0,0,0,0,0,0,998,0,1,5,12,6,2,30,0,0,0,1,24,20744,1,1,0,0,2,0,67,183,0,2,1,1,2,11,2013,1,2015,3,36,37,0,0,1,2,30,1,1,2,1,0,0,1,6,10,9,4,2,1,0,5545
240089_2015,24,240089,1,1,1,16,4,15,43,1,0,1,0,24,3,86,881,86881,63,2015,1M2AX13C2FM0,1,M,2,A,X,1,3,C,2,F,M,0,0,0,57,186407,57186407,3,1,4,1,0,0,0,0,0,0,0,998,0,2,5,0,6,2,1,0,0,0,1,24,21669,6,1,6,0,3,0,66,210,0,0,0,0,0,0,0,0,0,0,54,0,0,0,1,2,50,1,1,2,1,0,0,1,11,6,1,4,1,1,0,5546
240090_2015,24,240090,1,1,1,14,3,12,22,8,0,1,0,24,3,12,880,12880,67,2008,1FDXX46R88EE,1,F,D,X,X,4,6,R,8,8,E,E,0,0,57,2275070,572275070,2,1,97,1,0,0,0,0,0,0,0,998,0,0,0,12,9,3,8,0,0,0,1,24,21029,6,1,0,0,3,0,68,280,0,0,0,0,0,0,0,0,0,0,0,0,0,0,3,2,40,1,1,2,2,3,3,11,82,99,9,1,13,0,0,5547
240091_2015,24,240091,1,1,2,16,4,20,32,14,0,1,0,24,1,55,35,55035,4,2004,KMHDN46D84U7,K,M,H,D,N,4,6,D,8,4,U,7,0,0,0,000000000,00000000000,0,0,0,1,0,0,0,0,0,0,0,998,0,0,0,12,6,2,14,0,0,0,1,24,21012,1,1,0,0,2,0,64,140,0,1,0,0,1,1,2015,4,2015,0,0,0,0,0,3,4,55,1,1,2,1,0,0,1,13,99,9,4,1,1,0,5548
240092_2015,24,240092,1,1,2,16,4,18,19,5,0,1,0,24,1,7,482,7482,31,2004,1D7KU28D84J1,1,D,7,K,U,2,8,D,8,4,J,1,0,0,0,000000000,00000000000,0,0,0,1,0,0,0,0,0,0,0,998,0,0,0,0,0,3,5,0,0,0,1,24,21502,6,1,0,0,3,0,70,145,0,0,0,0,0,0,0,0,0,0,0,0,0,0,1,2,25,2,4,2,1,0,0,1,98,1,1,1,0,1,0,5549
240093_2015,24,240093,1,2,1,6,4,16,57,12,99,1,0,0,0,99,709,99709,80,9999,1P52FMH7M004,1,P,5,2,F,M,H,7,M,0,0,4,0,0,0,000000000,00000000000,0,0,0,1,0,0,0,0,0,0,0,998,0,0,0,98,6,2,12,0,0,0,1,24,20904,0,0,0,0,0,0,72,195,0,0,0,0,0,0,0,0,0,0,0,0,0,0,0,0,0,0,0,0,0,0,0,99,98,99,9,7,91,1,1,5550
240093_2015,24,240093,2,2,1,6,4,16,57,12,99,1,0,24,3,87,884,87884,63,2012,3BPZL20X6CF1,3,B,P,Z,L,2,0,X,6,C,F,1,0,0,57,672770,57672770,3,1,7,1,0,0,0,0,0,0,0,998,0,0,0,4,2,5,12,0,0,0,1,51,20148,6,1,6,0,3,0,63,164,0,0,0,0,0,0,0,0,0,0,0,0,0,0,1,2,40,1,1,2,1,0,0,1,71,99,9,1,91,0,0,5551
240094_2015,24,240094,1,1,1,17,4,20,16,8,0,1,0,24,1,20,421,20421,15,1997,1GNEK13R1VJ3,1,G,N,E,K,1,3,R,1,V,J,3,0,0,0,000000000,00000000000,0,0,0,1,0,0,0,0,0,0,0,998,0,0,0,12,2,3,8,0,0,0,1,24,20748,6,1,0,0,3,0,75,245,0,0,0,0,0,0,0,0,0,0,0,0,0,0,2,2,30,1,5,2,1,0,0,1,80,1,1,1,13,0,0,5552
240095_2015,24,240095,1,1,1,19,4,23,25,8,0,1,0,24,1,7,442,7442,20,1997,1B4GP54L7VB3,1,B,4,G,P,5,4,L,7,V,B,3,0,0,0,000000000,00000000000,0,0,0,1,0,0,0,0,0,0,0,998,0,0,0,12,6,2,8,0,0,0,1,24,21122,6,1,0,0,3,0,72,190,0,0,0,0,0,0,0,0,0,0,0,0,0,0,1,2,40,1,1,2,2,0,0,1,80,1,1,1,13,0,0,5553
240096_2015,24,240096,1,2,1,20,4,15,48,12,6,1,0,24,1,51,40,51040,4,1991,YV1JA874XM10,Y,V,1,J,A,8,7,4,X,M,1,0,0,0,0,000000000,00000000000,0,0,0,1,0,0,0,0,0,0,0,998,0,1,1,3,6,2,12,0,0,0,1,24,20695,6,1,0,0,3,0,68,145,0,0,0,0,0,0,0,0,0,0,38,0,0,0,2,2,55,1,1,2,1,3,3,11,15,99,9,1,68,1,0,5554
240096_2015,24,240096,2,2,1,20,4,15,48,12,6,1,0,12,1,32,48,32048,3,2012,WAUKJAFMXCA0,W,A,U,K,J,A,F,M,X,C,A,0,0,0,0,000000000,00000000000,0,0,0,1,0,0,0,0,0,0,0,998,0,1,1,12,6,2,12,0,0,0,1,12,34242,6,1,0,0,3,0,66,999,0,0,0,0,0,0,0,0,0,0,0,0,0,0,2,2,55,1,1,2,1,3,3,1,62,99,9,2,69,0,0,5555
240097_2015,24,240097,1,1,1,22,4,17,19,35,0,1,0,24,1,6,44,6044,4,2000,1C3EJ56H6YN2,1,C,3,E,J,5,6,H,6,Y,N,2,0,0,0,000000000,00000000000,0,0,0,1,0,0,0,0,0,0,0,998,0,9,5,12,6,2,42,0,0,0,1,24,20619,6,1,0,0,3,0,65,137,0,1,0,0,0,9,2014,9,2014,4,0,0,0,0,8,8,98,2,8,7,98,0,0,14,9,99,9,4,10,1,0,5556
240098_2015,24,240098,1,1,1,11,4,20,1,8,0,1,0,24,1,37,441,37441,20,2001,2HKRL18611H6,2,H,K,R,L,1,8,6,1,1,H,6,0,0,0,000000000,00000000000,0,0,0,1,0,0,0,0,0,0,0,998,0,0,0,11,2,8,8,0,0,0,1,24,20722,6,1,0,0,3,0,72,125,0,0,0,0,0,0,0,0,0,0,0,0,0,0,1,2,25,1,1,2,1,0,0,3,80,1,1,1,13,0,0,5557
240099_2015,24,240099,1,3,2,21,4,6,49,12,6,1,0,28,3,86,881,86881,66,2016,1M1AW07YXGM0,1,M,1,A,W,0,7,Y,X,G,M,0,1,1,57,10278955,5710278955,3,6,1,1,0,0,0,0,0,0,0,998,0,0,0,10,6,2,12,0,0,0,1,47,38367,6,1,6,0,3,0,72,250,0,0,0,1,0,1,2013,1,2013,0,28,0,0,0,1,2,50,1,1,2,1,0,0,1,10,99,9,2,64,2,0,5558
240099_2015,24,240099,2,3,1,21,4,6,49,12,6,1,0,24,3,82,881,82881,66,2015,1FUJGED54FLG,1,F,U,J,G,E,D,5,4,F,L,G,1,1,57,00263421,5700263421,3,6,1,1,0,0,0,0,0,0,0,998,0,0,0,11,4,3,12,0,0,0,1,42,17268,6,1,3,0,3,0,67,999,0,0,0,0,0,0,0,0,0,0,0,0,0,0,1,2,50,1,1,2,1,0,0,1,62,9,1,1,65,0,0,5559
240099_2015,24,240099,3,3,1,21,4,6,49,12,6,1,0,51,3,85,881,85881,66,2013,1XKDD49X8DJ3,1,X,K,D,D,4,9,X,8,D,J,3,1,1,57,00255629,5700255629,3,6,3,1,0,0,0,0,0,0,0,998,0,0,0,12,6,2,12,0,0,1,1,51,22701,6,1,6,0,3,0,69,212,0,1,0,0,1,7,2013,12,2013,0,0,0,0,0,1,2,50,1,1,2,1,0,0,1,62,99,1,1,98,1,0,5560
240100_2015,24,240100,1,4,1,19,3,20,39,12,1,1,1,24,2,63,402,63402,14,2013,5XYKTDA20DG3,5,X,Y,K,T,D,A,2,0,D,G,3,0,0,0,000000000,00000000000,0,0,0,1,0,0,0,0,0,0,0,998,0,0,0,12,6,2,12,0,0,0,1,11,20020,6,1,0,0,3,0,999,999,99,99,99,99,99,99,9999,99,9999,3,0,0,0,0,3,3,30,1,6,2,1,0,0,1,51,6,9,1,24,0,0,5561
240100_2015,24,240100,2,4,2,19,3,20,39,12,1,1,0,24,1,49,40,49040,4,1998,4T1BG22K5WU1,4,T,1,B,G,2,2,K,5,W,U,1,0,0,0,000000000,00000000000,0,0,0,1,0,0,0,0,0,0,0,998,0,0,0,6,6,2,12,0,0,0,1,24,20735,6,1,0,0,3,0,71,180,0,0,0,0,0,0,0,0,0,0,0,0,0,0,3,3,30,1,6,2,1,0,0,1,53,99,9,1,25,0,0,5562
240100_2015,24,240100,3,4,1,19,3,20,39,12,1,1,0,12,2,42,48,42048,4,2006,WDBUF56J16A8,W,D,B,U,F,5,6,J,1,6,A,8,0,0,0,000000000,00000000000,0,0,0,1,0,0,0,0,0,0,0,998,0,0,0,12,6,2,12,0,0,0,1,51,24502,6,1,0,0,3,0,70,207,0,0,0,0,0,0,0,0,0,0,0,0,0,0,3,3,30,1,6,2,1,0,0,1,64,99,9,1,98,1,0,5563
240100_2015,24,240100,4,4,1,19,3,20,39,12,1,1,0,11,1,63,34,63034,4,2006,KNAGD1269654,K,N,A,G,D,1,2,6,9,6,5,4,0,0,0,000000000,00000000000,0,0,0,1,0,0,0,0,0,0,0,998,0,0,0,12,6,2,12,0,0,0,1,11,20019,6,1,0,0,3,0,999,999,99,99,99,99,99,99,9999,99,9999,0,0,0,0,0,3,3,30,1,6,2,1,0,0,1,54,99,9,1,98,0,0,5564
240101_2015,24,240101,1,1,1,2,4,20,19,1,0,1,0,24,1,76,706,76706,80,2007,JYAVP11E37A1,J,Y,A,V,P,1,1,E,3,7,A,1,0,0,0,000000000,00000000000,0,0,0,1,0,0,0,0,0,0,0,998,0,0,0,0,6,2,1,0,0,0,1,24,21220,6,1,0,0,3,0,73,230,0,0,0,1,0,5,2014,5,2014,0,82,0,0,0,3,2,35,3,1,2,1,0,0,14,9,99,9,1,98,1,0,5565
240102_2015,24,240102,1,2,1,15,4,13,30,12,7,1,0,24,2,98,701,98701,88,2005,RFBU3A0475B1,R,F,B,U,3,A,0,4,7,5,B,1,0,0,0,000000000,00000000000,0,0,0,1,0,0,0,0,0,0,0,998,0,0,0,9,2,3,12,0,0,0,1,24,21856,6,1,0,0,3,0,67,176,0,0,0,0,0,0,0,0,0,0,99,99,99,99,3,2,40,1,1,2,1,0,0,16,11,99,1,1,46,1,0,5566
240102_2015,24,240102,2,2,1,15,4,13,30,12,7,1,0,24,1,6,441,6441,20,2008,2A8HR64X58R7,2,A,8,H,R,6,4,X,5,8,R,7,0,0,0,000000000,00000000000,0,0,0,1,0,0,0,0,0,0,0,998,0,0,0,10,2,5,12,0,0,0,1,24,21801,6,1,0,0,3,0,62,140,0,0,0,0,0,0,0,0,0,0,99,99,99,99,3,2,40,1,1,2,1,0,0,1,64,99,1,1,45,0,0,5567
240103_2015,24,240103,1,1,1,28,4,2,52,42,0,1,0,24,1,22,24,22024,4,2009,6G2EC57Y59L2,6,G,2,E,C,5,7,Y,5,9,L,2,0,0,0,000000000,00000000000,0,0,0,1,0,0,0,0,0,0,0,998,0,1,3,12,6,2,42,0,0,0,1,24,20716,6,1,0,0,3,0,74,130,0,0,0,1,1,3,2013,2,2015,0,0,0,0,0,3,2,50,1,1,2,1,0,0,1,9,99,2,4,7,1,1,5568
240104_2015,24,240104,1,1,2,25,4,1,10,24,0,1,0,24,1,20,2,20002,4,1994,1G1BL52P4RR1,1,G,1,B,L,5,2,P,4,R,R,1,0,0,0,000000000,00000000000,0,0,0,1,0,0,0,0,0,0,0,998,0,1,5,5,6,2,1,0,0,0,1,24,20658,6,1,0,0,3,0,73,155,0,1,0,0,3,10,2014,2,2015,3,36,58,0,0,1,2,35,3,1,2,1,0,0,14,6,99,9,4,7,1,1,5569
240105_2015,24,240105,1,1,1,25,4,23,7,42,0,1,0,24,2,20,471,20471,30,1991,1GCCS14Z1M01,1,G,C,C,S,1,4,Z,1,M,0,1,0,0,0,000000000,00000000000,0,0,0,1,0,0,0,0,0,0,0,998,0,0,0,12,6,2,42,0,0,0,1,24,21804,6,1,0,0,3,0,71,265,0,0,0,0,0,0,0,0,0,0,99,99,99,99,1,2,40,2,1,2,2,0,0,14,13,99,9,4,1,1,1,5570
240106_2015,24,240106,1,1,1,28,4,19,40,53,0,1,0,24,2,37,39,37039,5,2013,JHMGE8H50DC0,J,H,M,G,E,8,H,5,0,D,C,0,0,0,0,000000000,00000000000,0,0,0,1,0,0,0,0,0,0,0,998,0,1,5,12,6,2,1,0,0,0,1,24,21601,6,1,0,0,3,0,64,135,0,0,0,0,0,0,0,0,0,0,58,0,0,0,1,2,50,1,1,2,1,0,0,1,11,99,9,4,1,1,1,5571
240107_2015,24,240107,1,1,1,5,2,19,31,8,0,1,0,24,2,49,40,49040,4,2005,4T1BE30K95U0,4,T,1,B,E,3,0,K,9,5,U,0,0,0,0,000000000,00000000000,0,0,0,1,0,0,0,0,0,0,0,998,0,0,0,12,6,2,8,0,0,0,1,24,21206,6,1,0,0,3,0,73,200,0,0,0,0,1,12,2014,12,2014,0,0,0,0,0,1,2,30,1,3,2,1,0,0,1,80,99,9,1,13,0,0,5572
240108_2015,24,240108,1,3,1,22,4,13,45,12,6,1,0,24,2,2,405,2405,14,2004,1J4GL48K84W1,1,J,4,G,L,4,8,K,8,4,W,1,0,0,0,000000000,00000000000,0,0,0,1,0,0,0,0,0,0,0,998,0,0,0,1,6,2,12,0,0,0,1,24,21044,6,1,0,0,3,0,67,220,0,0,0,0,0,0,0,0,0,0,28,0,0,0,1,4,35,1,1,2,1,0,0,1,9,99,9,2,64,1,1,5573
240108_2015,24,240108,2,3,3,22,4,13,45,12,6,1,0,24,3,49,472,49472,32,2013,999999999999,9,9,9,9,9,9,9,9,9,9,9,9,0,0,0,000000000,00000000000,0,0,0,1,0,0,0,0,0,0,0,998,0,1,5,12,6,2,12,0,0,0,1,24,21784,6,1,0,0,3,0,65,240,0,0,0,0,0,0,0,0,0,0,0,0,0,0,1,4,35,1,1,2,1,0,0,1,62,99,9,1,65,0,0,5574
240108_2015,24,240108,3,3,1,22,4,13,45,12,6,1,0,24,1,41,51,41051,4,2010,JM1BL1SG5A11,J,M,1,B,L,1,S,G,5,A,1,1,0,0,0,000000000,00000000000,0,0,0,1,0,0,0,0,0,0,0,998,0,0,0,12,6,2,12,0,0,0,1,24,21029,6,1,0,0,3,0,70,150,0,0,0,0,0,0,0,0,0,0,0,0,0,0,1,4,35,1,1,2,1,0,0,1,60,99,9,1,98,0,0,5575
240109_2015,24,240109,1,2,1,30,4,19,3,12,1,1,0,24,3,98,881,98881,62,2014,5PVNJ8JP4E4S,5,P,V,N,J,8,J,P,4,E,4,S,0,0,77,777777777,77777777777,2,99,98,1,0,0,0,0,0,99,0,998,0,0,0,6,2,3,12,0,0,0,1,24,21237,6,1,0,0,3,0,72,255,0,0,0,0,0,0,0,0,0,0,48,39,36,0,3,3,65,1,1,2,1,98,3,11,15,99,9,1,32,0,0,5576
240109_2015,24,240109,2,2,3,30,4,19,3,12,1,1,0,24,1,49,403,49403,14,2011,5TDBK3EH5BS0,5,T,D,B,K,3,E,H,5,B,S,0,0,0,0,000000000,00000000000,0,0,0,1,0,0,0,0,0,0,0,998,0,0,0,12,6,2,12,0,0,0,1,24,20878,6,1,0,0,3,0,67,155,0,0,0,0,0,0,0,0,0,0,0,0,0,0,3,3,65,1,1,2,1,0,0,1,65,99,9,1,32,1,0,5577
240110_2015,24,240110,1,2,1,29,4,23,2,12,1,1,0,24,1,37,32,37032,4,2000,1HGCG164XYA0,1,H,G,C,G,1,6,4,X,Y,A,0,0,0,0,000000000,00000000000,0,0,0,1,0,0,0,0,0,0,0,998,0,0,0,12,6,2,12,0,0,0,1,24,21601,6,1,0,0,3,0,63,115,0,0,0,2,0,9,2013,11,2014,0,0,0,0,0,3,2,55,1,1,2,1,0,0,1,56,1,1,1,98,0,0,5578
240110_2015,24,240110,2,2,3,29,4,23,2,12,1,1,0,24,2,63,441,63441,20,2004,KNDUP1311465,K,N,D,U,P,1,3,1,1,4,6,5,0,0,0,000000000,00000000000,0,0,0,1,0,0,0,0,0,0,0,998,0,0,0,6,4,3,12,0,0,0,1,24,21875,6,1,0,0,3,0,64,220,0,0,0,0,0,0,0,0,0,0,0,0,0,0,3,2,55,1,1,2,1,0,0,13,54,1,1,1,98,1,0,5579
240111_2015,24,240111,1,2,1,30,4,12,44,12,2,1,0,24,1,2,404,2404,14,2001,1J4GW58S81C6,1,J,4,G,W,5,8,S,8,1,C,6,0,0,0,000000000,00000000000,0,0,0,1,0,0,0,0,0,0,0,998,0,0,0,12,6,2,12,0,0,0,1,24,21206,6,1,0,0,3,0,71,240,0,0,0,0,0,0,0,0,0,0,28,0,0,0,1,4,40,3,1,2,1,0,0,1,10,6,9,2,50,1,0,5580
240111_2015,24,240111,2,2,3,30,4,12,44,12,2,1,0,24,2,20,401,20401,14,2002,1GNET16S0261,1,G,N,E,T,1,6,S,0,2,6,1,0,0,0,000000000,00000000000,0,0,0,1,0,0,0,0,0,0,0,998,0,0,0,12,6,2,12,0,0,0,1,24,21236,6,1,0,0,3,0,66,157,0,0,0,0,0,0,0,0,0,0,0,0,0,0,1,4,40,3,1,2,1,0,0,1,62,99,9,1,51,0,0,5581
240112_2015,24,240112,1,2,1,29,4,16,45,12,1,1,0,24,1,20,473,20473,30,2011,1GCCSBF91B81,1,G,C,C,S,B,F,9,1,B,8,1,0,0,0,000000000,00000000000,0,0,0,1,0,0,0,0,0,0,0,998,0,0,0,12,6,2,12,0,0,0,1,24,21236,6,1,0,0,3,0,71,174,0,0,0,0,0,0,0,0,0,0,0,0,0,0,1,2,30,1,6,2,1,0,0,1,51,99,9,1,32,1,0,5582
240112_2015,24,240112,2,2,1,29,4,16,45,12,1,1,0,24,1,34,34,34034,4,2003,WBAEU33493PH,W,B,A,E,U,3,3,4,9,3,P,H,0,0,0,000000000,00000000000,0,0,0,1,0,0,0,0,0,0,0,998,0,0,0,6,6,2,12,0,0,0,1,24,21239,6,1,0,0,3,0,69,150,0,0,0,0,0,0,0,0,0,0,0,0,0,0,1,2,30,1,6,2,1,0,0,1,53,99,9,1,32,0,0,5583
240113_2015,24,240113,1,2,5,16,4,10,26,12,6,1,0,24,2,12,16,12016,4,2005,2FAFP71W35X1,2,F,A,F,P,7,1,W,3,5,X,1,0,0,0,000000000,00000000000,0,0,0,1,0,0,0,0,0,0,0,998,0,0,0,3,6,2,12,0,0,0,1,24,21078,6,1,0,0,3,0,69,140,0,0,0,0,0,0,0,0,0,0,0,0,0,0,1,2,50,1,1,2,1,0,0,11,15,1,1,1,68,0,0,5584
240113_2015,24,240113,2,2,2,16,4,10,26,12,6,1,0,24,1,49,44,49044,2,2007,4T1FA38P27U1,4,T,1,F,A,3,8,P,2,7,U,1,0,0,0,000000000,00000000000,0,0,0,1,0,0,0,0,0,0,0,998,0,0,0,12,6,2,12,0,0,0,1,24,21047,6,1,0,0,3,0,67,200,0,0,0,0,0,0,0,0,0,0,0,0,0,0,1,2,50,1,1,2,1,0,0,1,62,99,9,1,69,1,0,5585
240114_2015,24,240114,1,1,1,17,4,2,20,58,0,1,0,24,1,20,398,20398,4,1994,1G1BL52W9RR1,1,G,1,B,L,5,2,W,9,R,R,1,0,0,0,000000000,00000000000,0,0,0,1,0,0,0,0,0,0,0,998,0,0,0,98,6,2,24,0,0,0,1,24,20744,6,1,0,0,3,0,69,195,0,0,0,2,0,9,2013,3,2015,4,0,0,0,0,1,2,50,1,2,2,2,0,0,1,9,99,9,1,98,1,1,5586
240115_2015,24,240115,1,1,1,3,4,16,52,42,0,1,0,24,1,20,401,20401,14,2001,1GNCS13W1121,1,G,N,C,S,1,3,W,1,1,2,1,0,0,0,000000000,00000000000,0,0,0,1,0,0,0,0,0,0,0,998,0,0,0,12,6,2,42,0,0,1,1,42,19342,6,1,0,0,3,0,71,999,1,0,0,0,0,7,2011,7,2011,0,0,0,0,0,3,3,65,2,5,2,2,0,0,14,10,99,9,4,6,1,0,5587
240116_2015,24,240116,1,2,1,6,4,18,11,1,0,1,0,24,2,76,705,76705,80,2007,JYARJ12E07A0,J,Y,A,R,J,1,2,E,0,7,A,0,0,0,0,000000000,00000000000,0,0,0,1,0,0,0,0,0,0,0,998,0,0,0,0,6,2,1,0,0,0,1,11,20018,6,1,0,0,3,0,999,999,99,99,99,99,99,99,9999,99,9999,0,28,0,0,0,1,2,35,2,1,2,1,0,0,14,99,99,9,2,98,1,1,5588
240116_2015,24,240116,2,2,1,6,4,18,11,1,0,1,0,24,1,37,402,37402,14,2001,JHLRD18441C0,J,H,L,R,D,1,8,4,4,1,C,0,0,0,0,000000000,00000000000,0,0,0,1,0,0,0,0,0,0,0,998,0,0,0,11,4,5,12,0,0,0,1,24,20744,6,1,0,0,3,0,59,125,0,0,0,0,0,0,0,0,0,0,0,0,0,0,1,2,35,2,1,2,1,0,0,14,62,99,9,1,98,0,0,5589
240117_2015,24,240117,1,2,5,6,4,4,25,12,2,1,0,24,2,20,2,20002,4,2004,2G1WF52E3493,2,G,1,W,F,5,2,E,3,4,9,3,0,0,0,000000000,00000000000,0,0,0,1,0,0,0,0,0,0,0,998,0,0,0,12,6,2,12,0,0,0,1,24,20708,6,1,0,0,2,2,74,150,0,0,0,0,0,0,0,0,0,0,28,74,0,0,1,3,35,1,1,2,1,0,0,1,10,99,9,2,50,2,1,5590
240117_2015,24,240117,2,2,1,6,4,4,25,12,2,1,0,24,3,86,881,86881,63,2007,1M2K189C07M0,1,M,2,K,1,8,9,C,0,7,M,0,0,0,57,653767,57653767,3,2,7,1,0,0,0,0,0,0,0,998,0,0,0,12,6,2,12,0,0,0,1,11,20020,6,1,6,0,3,0,999,999,99,99,99,99,99,99,9999,99,9999,0,0,0,0,0,1,3,35,1,1,2,1,0,0,1,62,99,9,1,51,0,0,5591