st_case_year,STATE,ST_CASE,VEH_NO,VE_FORMS,NUMOCCS,DAY,MONTH,HOUR,MINUTE,HARM_EV,MAN_COLL,UNITTYPE,HIT_RUN,REG_STAT,OWNER,MAKE,MODEL,MAK_MOD,BODY_TYP,MOD_YEAR,VIN,VIN_1,VIN_2,VIN_3,VIN_4,VIN_5,VIN_6,VIN_7,VIN_8,VIN_9,VIN_10,VIN_11,VIN_12,TOW_VEH,J_KNIFE,MCARR_I1,MCARR_I2,MCARR_ID,GVWR,V_CONFIG,CARGO_BT,HAZ_INV,HAZ_PLAC,HAZ_ID,HAZ_CNO,HAZ_REL,BUS_USE,SPEC_USE,EMER_USE,TRAV_SP,UNDERIDE,ROLLOVER,ROLINLOC,IMPACT1,DEFORMED,TOWED,M_HARM,VEH_SC1,VEH_SC2,FIRE_EXP,DR_PRES,L_STATE,DR_ZIP,L_STATUS,L_TYPE,CDL_STAT,L_ENDORS,L_COMPL,L_RESTRI,DR_HGT,DR_WGT,PREV_ACC,PREV_SUS,PREV_DWI,PREV_SPD,PREV_OTH,FIRST_MO,FIRST_YR,LAST_MO,LAST_YR,SPEEDREL,DR_SF1,DR_SF2,DR_SF3,DR_SF4,VTRAFWAY,VNUM_LAN,VSPD_LIM,VALIGN,VPROFILE,VPAVETYP,VSURCOND,VTRAFCON,VTCONT_F,P_CRASH1,P_CRASH2,P_CRASH3,PCRASH4,PCRASH5,ACC_TYPE,DEATHS,DR_DRINK,idno
240118_2015,24,240118,1,1,1,28,4,7,10,9,0,1,0,24,1,12,3,12003,1,2001,1FAFP44411F1,1,F,A,F,P,4,4,4,1,1,F,1,0,0,0,000000000,00000000000,0,0,0,1,0,0,0,0,0,0,0,998,0,0,0,12,6,2,9,0,0,0,1,24,21921,6,1,0,0,3,0,67,132,0,0,0,0,0,0,0,0,0,3,0,0,0,0,1,2,35,1,1,2,1,0,0,1,83,1,1,1,13,0,0,5592
240120_2015,24,240120,1,2,1,28,4,21,6,12,2,1,0,24,1,20,481,20481,31,2014,3GCPCPEC8EG3,3,G,C,P,C,P,E,C,8,E,G,3,0,0,0,000000000,00000000000,0,0,0,1,0,0,0,0,0,0,0,998,0,0,0,12,6,2,12,0,0,0,1,24,20640,6,1,0,0,3,0,66,140,0,0,0,0,0,0,0,0,0,0,28,0,0,0,1,2,45,2,1,2,1,0,0,1,10,1,1,3,50,0,1,5593
240120_2015,24,240120,2,2,1,28,4,21,6,12,2,1,0,24,1,63,37,63037,6,2011,KNDJT2A28B72,K,N,D,J,T,2,A,2,8,B,7,2,0,0,0,000000000,00000000000,0,0,0,1,0,0,0,0,0,0,0,998,0,0,0,12,6,2,12,0,0,0,1,24,20640,6,1,0,0,3,0,66,140,0,0,0,0,0,0,0,0,0,0,0,0,0,0,1,2,45,2,1,2,1,0,0,1,62,99,1,1,51,1,0,5594
240121_2015,24,240121,1,1,2,21,5,0,36,8,0,1,0,24,1,55,401,55401,14,2004,KM8SC73EX4U6,K,M,8,S,C,7,3,E,X,4,U,6,0,0,0,000000000,00000000000,0,0,0,1,0,0,0,0,0,0,0,35,0,0,0,14,2,5,8,0,0,0,1,24,21207,6,1,0,0,3,0,66,275,0,0,0,0,0,0,0,0,0,0,86,0,0,0,1,2,98,1,5,2,1,0,0,1,80,99,1,1,13,0,0,5595
240122_2015,24,240122,1,1,1,14,4,14,38,8,0,1,0,11,1,23,461,23461,21,2001,1GDFG15R6112,1,G,D,F,G,1,5,R,6,1,1,2,0,0,0,000000000,00000000000,0,0,0,1,0,0,0,0,0,0,0,998,0,0,0,12,4,5,8,0,0,0,1,11,20020,6,1,0,0,3,9,999,999,99,99,99,99,99,99,9999,99,9999,0,0,0,0,0,1,2,35,1,1,2,2,0,0,1,80,99,9,1,13,0,0,5596
240123_2015,24,240123,1,2,1,27,4,14,27,12,6,1,0,42,3,12,461,12461,21,2007,1FTNE24L77DA,1,F,T,N,E,2,4,L,7,7,D,A,0,0,0,000000000,00000000000,0,0,0,1,0,0,0,0,0,0,0,998,0,0,0,12,6,2,12,0,0,0,1,42,17406,6,1,0,0,3,0,71,999,0,0,0,0,1,9,2011,9,2011,0,38,39,0,0,1,2,35,1,1,2,1,3,3,1,17,1,1,1,86,0,0,5597
240123_2015,24,240123,2,2,1,27,4,14,27,12,6,1,0,42,1,12,471,12471,31,2008,1FTZR45E18PA,1,F,T,Z,R,4,5,E,1,8,P,A,0,0,0,000000000,00000000000,0,0,0,1,0,0,0,0,0,0,0,998,0,0,0,3,6,2,12,0,0,0,1,42,17349,6,1,0,0,3,0,70,999,0,0,0,0,0,0,0,0,0,0,0,0,0,0,1,2,35,1,1,2,1,3,3,1,66,99,9,1,87,1,0,5598
240124_2015,24,240124,1,1,5,2,5,0,36,24,0,1,0,24,2,37,32,37032,4,2004,1HGCM66544A0,1,H,G,C,M,6,6,5,4,4,A,0,0,0,0,000000000,00000000000,0,0,0,1,0,0,0,0,0,0,0,998,0,0,0,11,6,2,24,0,0,0,1,24,20659,6,1,0,0,3,0,63,130,0,1,0,1,0,5,2013,6,2013,0,27,0,0,0,3,2,65,1,6,2,1,0,0,15,9,99,9,4,2,2,0,5599
240125_2015,24,240125,1,2,6,1,5,12,46,24,0,1,0,24,1,14,401,14401,14,2004,4M2ZU86W64UJ,4,M,2,Z,U,8,6,W,6,4,U,J,0,0,0,000000000,00000000000,0,0,0,1,0,0,0,0,0,0,0,998,0,1,1,1,6,2,1,0,0,0,1,24,20657,6,1,0,0,3,0,61,130,0,0,0,0,0,0,0,0,0,4,58,0,0,0,3,4,55,1,5,2,1,0,0,1,6,7,9,4,3,1,0,5600
240125_2015,24,240125,2,2,1,1,5,12,46,24,0,1,0,24,1,49,403,49403,14,2008,JTEEW41A5820,J,T,E,E,W,4,1,A,5,8,2,0,0,0,0,000000000,00000000000,0,0,0,1,0,0,0,0,0,0,0,0,0,0,0,12,2,5,12,0,0,0,1,24,21114,6,1,0,0,3,0,69,170,0,0,0,0,0,0,0,0,0,0,0,0,0,0,3,4,55,1,5,2,1,0,0,5,63,4,9,1,98,0,0,5601
240126_2015,24,240126,1,2,2,2,5,21,14,12,6,1,0,24,1,37,421,37421,15,2013,5FNYF3H21DB0,5,F,N,Y,F,3,H,2,1,D,B,0,0,0,0,000000000,00000000000,0,0,0,1,0,0,0,0,0,0,0,998,0,0,0,3,6,2,12,0,0,0,1,24,20613,6,1,0,0,3,0,65,175,0,0,0,0,0,0,0,0,0,0,38,48,0,0,3,4,55,1,1,2,1,97,8,11,15,99,9,1,68,0,0,5602
240126_2015,24,240126,2,2,1,2,5,21,14,12,6,1,0,11,2,73,706,73706,80,2005,JKAZXCC135A0,J,K,A,Z,X,C,C,1,3,5,A,0,0,0,0,000000000,00000000000,0,0,0,1,0,0,0,0,0,0,0,998,0,0,0,12,6,2,12,0,0,0,1,24,20746,6,1,0,0,3,0,73,210,0,1,0,2,1,1,2015,5,2015,0,0,0,0,0,3,4,55,1,1,2,1,97,8,1,62,99,9,9,69,1,0,5603
240127_2015,24,240127,1,1,1,3,5,1,14,42,0,1,0,42,1,20,9,20009,2,1997,2G1FP22P3V21,2,G,1,F,P,2,2,P,3,V,2,1,0,0,0,000000000,00000000000,0,0,0,1,0,0,0,0,0,0,0,998,0,0,0,12,6,2,42,0,0,0,1,42,17238,6,1,0,0,3,0,64,999,0,0,1,0,0,2,2015,2,2015,3,0,0,0,0,1,2,40,1,5,2,1,0,0,1,99,99,9,4,5,1,1,5604
240128_2015,24,240128,1,1,1,8,1,18,30,59,0,1,0,11,1,39,32,39032,4,2002,SAJDA14C42LF,S,A,J,D,A,1,4,C,4,2,L,F,0,0,0,000000000,00000000000,0,0,0,1,0,0,0,0,0,0,0,998,0,0,0,12,6,2,42,0,0,0,1,11,20018,6,1,0,0,2,0,999,999,99,99,99,99,99,99,9999,99,9999,0,0,0,0,0,1,2,25,4,1,2,1,0,0,14,9,99,9,4,2,1,0,5605
240129_2015,24,240129,1,5,2,3,5,16,1,12,1,1,0,11,1,72,706,72706,80,2013,1HD1KHM13DB6,1,H,D,1,K,H,M,1,3,D,B,6,0,0,0,000000000,00000000000,0,0,0,1,0,0,0,0,0,0,0,998,0,0,0,12,6,2,12,0,0,1,1,11,20020,6,1,0,0,3,0,999,999,99,99,99,99,99,99,9999,99,9999,3,26,0,0,0,3,3,45,1,1,2,1,3,3,1,50,99,9,1,20,2,0,5606
240129_2015,24,240129,2,5,1,3,5,16,1,12,1,1,0,24,1,7,482,7482,31,2009,1D3HV13T09S7,1,D,3,H,V,1,3,T,0,9,S,7,0,0,0,000000000,00000000000,0,0,0,1,0,0,0,0,0,0,0,0,0,0,0,6,6,2,12,0,0,0,1,24,20650,6,1,0,0,3,0,74,250,0,0,0,0,0,0,0,0,0,0,0,0,0,0,3,3,45,1,1,2,1,3,3,5,53,1,1,1,21,0,0,5607
240129_2015,24,240129,3,5,2,3,5,16,1,12,1,1,0,24,1,59,34,59034,4,2006,JTHCH96S9600,J,T,H,C,H,9,6,S,9,6,0,0,0,0,0,000000000,00000000000,0,0,0,1,0,0,0,0,0,0,0,0,0,0,0,6,2,5,12,0,0,0,1,24,20613,6,1,0,0,3,0,66,150,0,0,0,0,0,0,0,0,0,0,0,0,0,0,3,3,45,1,1,2,1,3,3,5,53,1,1,1,98,0,0,5608
240129_2015,24,240129,4,5,1,3,5,16,1,12,1,1,0,24,2,59,34,59034,4,2007,JTHCE96S2700,J,T,H,C,E,9,6,S,2,7,0,0,0,0,0,000000000,00000000000,0,0,0,1,0,0,0,0,0,0,0,998,0,0,0,9,2,5,54,0,0,0,1,24,20602,6,1,0,0,3,0,71,200,0,0,0,0,0,0,0,0,0,0,0,0,0,0,3,3,45,1,1,2,1,3,3,2,98,99,9,1,98,0,0,5609
240129_2015,24,240129,5,5,2,3,5,16,1,12,1,1,0,24,1,37,32,37032,4,2008,1HGCP26888A1,1,H,G,C,P,2,6,8,8,8,A,1,0,0,0,000000000,00000000000,0,0,0,1,0,0,0,0,0,0,0,0,0,0,0,3,6,2,54,0,0,0,1,24,20613,6,1,0,0,3,0,65,165,0,0,0,0,0,0,0,0,0,0,0,0,0,0,3,3,45,1,1,2,1,3,3,5,98,1,1,1,98,0,0,5610
240130_2015,24,240130,1,1,1,3,5,0,37,31,0,1,0,24,1,20,22,20022,2,2009,1G1AT15H5971,1,G,1,A,T,1,5,H,5,9,7,1,0,0,0,000000000,00000000000,0,0,0,1,0,0,0,0,0,0,0,998,0,0,0,1,6,2,42,0,0,1,1,24,21783,6,1,0,0,3,0,61,121,0,0,0,0,0,0,0,0,0,4,0,0,0,0,1,2,35,4,6,2,1,0,0,14,6,99,9,4,2,1,1,5611
240131_2015,24,240131,1,1,4,3,5,0,27,34,0,1,0,24,1,12,481,12481,31,2008,1FTWW31R58EC,1,F,T,W,W,3,1,R,5,8,E,C,0,0,0,000000000,00000000000,0,0,0,1,0,0,0,0,0,0,0,998,0,1,5,11,6,2,1,0,0,0,1,24,21536,6,1,0,0,3,0,72,180,0,0,0,0,0,0,0,0,0,4,0,0,0,0,1,2,50,1,6,2,1,0,0,1,12,99,9,4,6,1,1,5612
240132_2015,24,240132,1,1,1,2,5,1,37,38,0,1,0,24,2,48,45,48045,6,2003,4S3BH6752376,4,S,3,B,H,6,7,5,2,3,7,6,0,0,0,000000000,00000000000,0,0,0,1,0,0,0,0,0,0,0,998,0,1,5,98,6,2,1,0,0,0,1,24,21075,6,1,0,0,3,3,72,150,0,0,0,0,0,0,0,0,0,3,0,0,0,0,1,2,30,1,6,2,1,0,0,1,9,99,9,4,2,1,1,5613
240133_2015,24,240133,1,1,1,6,5,21,50,33,0,1,0,24,1,14,39,14039,4,2003,2MEHM75V33X6,2,M,E,H,M,7,5,V,3,3,X,6,0,0,0,000000000,00000000000,0,0,0,1,0,0,0,0,0,0,0,998,0,0,0,12,6,2,59,0,0,0,1,24,21061,6,1,0,0,3,0,71,160,0,0,0,0,0,0,0,0,0,0,36,0,0,0,6,2,25,2,5,2,1,3,3,3,12,99,9,4,6,1,0,5614
240134_2015,24,240134,1,2,1,6,5,9,8,12,6,1,0,24,2,2,403,2403,14,1992,2J4FY69S8NJ5,2,J,4,F,Y,6,9,S,8,N,J,5,0,0,0,000000000,00000000000,0,0,0,1,0,0,0,0,0,0,0,998,0,1,1,2,6,2,12,0,0,0,1,24,21224,6,1,0,0,3,0,72,162,0,2,0,4,0,10,2014,4,2015,0,38,0,0,0,1,4,50,1,6,2,1,0,0,11,15,99,9,1,68,0,0,5615
240134_2015,24,240134,2,2,1,6,5,9,8,12,6,1,0,42,1,12,17,12017,4,1999,1FAFP52U0WA2,1,F,A,F,P,5,2,U,0,W,A,2,0,0,0,000000000,00000000000,0,0,0,1,0,0,0,0,0,0,0,998,0,0,0,12,6,2,12,0,0,0,1,24,21231,6,1,0,0,3,0,69,185,0,0,0,0,0,0,0,0,0,0,0,0,0,0,1,4,50,1,6,2,1,0,0,1,62,99,9,1,69,1,0,5616
240135_2015,24,240135,1,2,1,5,5,19,9,12,6,1,0,24,2,35,43,35043,4,1997,1N4AB41D5VC7,1,N,4,A,B,4,1,D,5,V,C,7,0,0,0,000000000,00000000000,0,0,0,1,0,0,0,0,0,0,0,998,0,0,0,2,6,2,12,0,0,0,1,24,21012,6,1,6,0,3,0,63,170,0,0,0,0,0,0,0,0,0,0,38,39,0,0,3,3,40,1,1,2,1,3,3,11,15,1,1,1,68,1,1,5617
240135_2015,24,240135,2,2,1,5,5,19,9,12,6,1,0,24,1,23,431,23431,16,1999,3GKFK16R7XG5,3,G,K,F,K,1,6,R,7,X,G,5,0,0,0,000000000,00000000000,0,0,0,1,0,0,0,0,0,0,0,998,0,1,1,12,6,2,12,0,0,0,1,24,21146,6,1,0,0,3,0,75,235,0,0,0,0,0,0,0,0,0,0,0,0,0,0,3,3,40,1,1,2,1,3,3,1,62,99,9,1,69,1,0,5618
240136_2015,24,240136,1,1,1,28,4,18,0,8,0,1,0,24,1,37,441,37441,20,2002,2HKRL18072H5,2,H,K,R,L,1,8,0,7,2,H,5,0,0,0,000000000,00000000000,0,0,0,1,0,0,0,0,0,0,0,998,0,0,0,14,2,5,8,0,0,0,1,24,21201,6,1,0,0,3,0,64,175,0,1,0,0,0,11,2013,11,2013,0,0,0,0,0,1,2,25,1,1,2,1,0,0,1,80,1,1,1,13,0,0,5619
240137_2015,24,240137,1,1,1,9,5,3,9,34,0,1,0,24,2,12,481,12481,31,1997,1FTDF1729VNC,1,F,T,D,F,1,7,2,9,V,N,C,0,0,0,000000000,00000000000,0,0,0,1,0,0,0,0,0,0,0,998,0,2,1,98,6,2,1,0,0,0,1,24,20650,6,1,0,0,3,0,66,235,0,0,0,0,1,6,2014,6,2014,0,0,0,0,0,1,2,45,3,1,2,1,0,0,14,13,99,9,4,5,1,1,5620
240138_2015,24,240138,1,1,1,9,5,22,37,52,0,1,0,24,1,20,481,20481,31,2014,3GCUKSEC1EG1,3,G,C,U,K,S,E,C,1,E,G,1,0,0,0,000000000,00000000000,0,0,0,1,0,0,0,0,0,0,0,998,0,1,5,12,6,2,1,0,0,0,1,24,20659,6,1,0,0,3,0,71,200,0,0,0,0,0,0,0,0,0,3,0,0,0,0,1,2,50,1,1,2,1,0,0,1,13,99,9,4,5,1,0,5621
240139_2015,24,240139,1,2,2,10,5,14,44,12,2,1,0,24,2,35,47,35047,4,2005,1N4AL11D45C1,1,N,4,A,L,1,1,D,4,5,C,1,0,0,0,000000000,00000000000,0,0,0,1,0,0,0,0,0,0,0,998,0,0,0,12,6,2,12,0,0,0,1,24,21784,6,1,0,0,3,0,62,135,0,0,0,0,0,0,0,0,0,0,28,0,0,0,1,2,40,2,3,2,1,0,0,14,10,99,9,2,50,1,0,5622
240139_2015,24,240139,2,2,1,10,5,14,44,12,2,1,0,24,1,12,471,12471,31,2001,1FTZR15E41PB,1,F,T,Z,R,1,5,E,4,1,P,B,0,0,0,000000000,00000000000,0,0,0,1,0,0,0,0,0,0,0,998,0,0,0,12,6,2,12,0,0,0,1,24,21048,6,1,0,0,3,0,61,95,0,0,0,0,0,0,0,0,0,0,0,0,0,0,1,2,40,2,3,2,1,0,0,14,62,99,9,1,51,0,0,5623
240140_2015,24,240140,1,1,1,10,5,23,54,31,0,1,0,12,1,59,32,59032,4,2007,JTHBL46F9750,J,T,H,B,L,4,6,F,9,7,5,0,0,0,0,000000000,00000000000,0,0,0,1,0,0,0,0,0,0,0,998,0,1,5,12,6,2,42,0,0,0,1,12,33180,1,1,0,0,2,0,70,999,0,1,0,0,2,7,2011,12,2014,0,0,0,0,0,8,8,65,8,8,8,98,0,0,1,13,99,9,4,1,1,0,5624
240141_2015,24,240141,1,1,1,9,5,9,10,34,0,1,0,24,1,72,706,72706,80,1985,1HD1BBL10FY0,1,H,D,1,B,B,L,1,0,F,Y,0,0,0,0,000000000,00000000000,0,0,0,1,0,0,0,0,0,0,0,998,0,0,0,12,6,2,34,0,0,0,1,24,21629,6,1,0,0,3,0,72,250,0,0,0,1,1,7,2013,12,2013,4,0,0,0,0,1,2,40,3,1,2,1,0,0,14,11,99,9,4,1,1,1,5625
240142_2015,24,240142,1,1,1,11,5,12,13,42,0,1,0,24,2,14,6,14006,4,1992,2MECM75W9NX6,2,M,E,C,M,7,5,W,9,N,X,6,0,0,0,000000000,00000000000,0,0,0,1,0,0,0,0,0,0,0,998,0,0,0,98,6,2,42,0,0,0,1,24,20774,6,1,0,0,3,0,73,215,0,2,1,0,0,10,2013,8,2014,4,0,0,0,0,2,2,55,1,1,2,1,0,0,1,6,99,9,4,2,1,0,5626
240143_2015,24,240143,1,1,3,11,5,20,29,42,0,1,0,51,1,54,35,54035,4,1998,JH4UA3647WC0,J,H,4,U,A,3,6,4,7,W,C,0,0,0,0,000000000,00000000000,0,0,0,1,0,0,0,0,0,0,0,998,0,0,0,9,6,2,42,0,0,1,1,51,23336,6,1,0,0,3,0,66,125,0,0,0,0,0,0,0,0,0,4,0,0,0,0,1,2,50,1,1,2,2,0,0,1,9,99,9,4,5,3,1,5627
240144_2015,24,240144,1,1,1,14,5,0,31,31,0,1,0,42,1,12,3,12003,2,2004,1FAFP40684F1,1,F,A,F,P,4,0,6,8,4,F,1,0,0,0,000000000,00000000000,0,0,0,1,0,0,0,0,0,0,0,998,0,0,0,12,6,2,2,0,0,1,1,24,21742,6,1,0,0,3,0,72,150,0,0,0,0,0,0,0,0,0,0,0,0,0,0,1,2,35,1,1,2,1,0,0,1,13,99,9,4,1,1,1,5628
240145_2015,24,240145,1,1,1,16,5,18,17,42,0,1,0,24,1,23,421,23421,15,1999,1GKEK13R1XJ7,1,G,K,E,K,1,3,R,1,X,J,7,0,0,0,000000000,00000000000,0,0,0,1,0,0,0,0,0,0,0,998,0,0,0,12,6,2,42,0,0,0,1,24,21811,6,1,0,0,3,0,71,195,0,0,0,0,0,0,0,0,0,0,0,0,0,0,1,2,55,1,1,2,1,0,0,1,12,99,9,4,6,1,1,5629
240146_2015,24,240146,1,1,1,11,5,14,39,35,0,1,0,24,1,20,461,20461,21,1995,1GBEG25Z8SF2,1,G,B,E,G,2,5,Z,8,S,F,2,0,0,0,000000000,00000000000,0,0,0,1,0,0,0,0,0,0,0,998,0,1,5,12,6,2,1,0,0,0,1,24,21632,6,1,0,0,3,0,70,150,0,0,0,0,0,0,0,0,0,0,0,0,0,0,2,2,55,1,1,2,1,0,0,1,13,99,1,4,1,1,0,5630
240147_2015,24,240147,1,1,2,1,5,1,18,26,0,1,0,51,2,18,23,18023,4,2007,1G4HD57217U1,1,G,4,H,D,5,7,2,1,7,U,1,0,0,0,000000000,00000000000,0,0,0,1,0,0,0,0,0,0,0,998,0,0,0,11,6,2,26,0,0,0,1,51,20120,6,1,0,0,3,0,73,160,0,0,0,0,1,10,2013,10,2013,0,0,0,0,0,1,2,45,1,9,9,98,0,0,1,11,99,9,4,1,1,0,5631
240148_2015,24,240148,1,2,1,13,5,17,48,12,2,1,0,24,2,12,24,12024,6,2009,2FMDK48C19BA,2,F,M,D,K,4,8,C,1,9,B,A,0,0,0,000000000,00000000000,0,0,0,1,0,0,0,0,0,0,0,998,0,0,0,12,6,2,12,0,0,0,1,24,20685,6,1,0,0,3,0,65,135,0,0,0,0,0,0,0,0,0,0,28,0,0,0,1,2,45,1,1,2,1,0,0,1,11,99,1,2,50,0,0,5632
240148_2015,24,240148,2,2,3,13,5,17,48,12,2,1,0,24,1,12,37,12037,4,2014,1FADP3F21EL4,1,F,A,D,P,3,F,2,1,E,L,4,0,0,0,000000000,00000000000,0,0,0,1,0,0,0,0,0,0,0,998,0,0,0,12,6,2,12,0,0,0,1,24,20685,6,1,0,0,3,0,67,145,0,0,0,0,0,0,0,0,0,0,0,0,0,0,1,2,45,1,1,2,1,0,0,1,62,99,9,1,51,1,0,5633
240149_2015,24,240149,1,1,1,12,5,22,53,1,0,1,0,24,1,72,706,72706,80,1994,1HD1BJL56RY0,1,H,D,1,B,J,L,5,6,R,Y,0,0,0,0,000000000,00000000000,0,0,0,1,0,0,0,0,0,0,0,998,0,0,0,0,6,2,1,0,0,0,1,24,21157,6,1,0,0,3,0,74,220,0,0,0,1,0,8,2013,8,2013,0,0,0,0,0,1,2,25,2,1,2,1,0,0,14,11,99,1,4,6,1,1,5634
240150_2015,24,240150,1,1,2,12,5,21,27,30,0,1,0,24,2,12,16,12016,4,2001,2FAFP71W11X1,2,F,A,F,P,7,1,W,1,1,X,1,0,0,0,000000000,00000000000,0,0,0,1,0,0,0,0,0,0,0,998,0,0,0,99,6,2,46,0,0,0,1,24,21215,6,1,0,0,3,0,70,170,0,0,0,0,1,4,2015,4,2015,0,58,0,0,0,2,4,30,1,1,7,1,3,3,1,9,99,9,4,2,2,1,5635
240151_2015,24,240151,1,2,1,12,5,17,8,12,6,1,0,24,1,98,706,98706,80,2015,JKAZXCJ1XFA0,J,K,A,Z,X,C,J,1,X,F,A,0,0,0,0,000000000,00000000000,0,0,0,1,0,0,0,0,0,0,0,998,0,0,0,12,6,2,12,0,0,0,1,24,21784,6,1,0,0,3,0,67,135,0,0,0,2,0,10,2014,10,2014,3,0,0,0,0,3,2,50,1,1,2,1,0,0,1,66,99,9,1,88,1,0,5636
240151_2015,24,240151,2,2,1,12,5,17,8,12,6,1,0,24,1,2,405,2405,14,2010,1J4PN5GK7AW1,1,J,4,P,N,5,G,K,7,A,W,1,0,0,0,000000000,00000000000,0,0,0,1,0,0,0,0,0,0,0,998,0,0,0,11,6,2,12,0,0,0,1,24,21207,6,1,0,0,3,0,71,185,0,0,0,0,0,0,0,0,0,0,38,39,0,0,3,2,50,1,1,2,1,20,3,1,17,1,1,1,89,0,0,5637
240152_2015,24,240152,1,1,1,25,5,3,41,42,0,1,0,24,1,20,421,20421,15,1997,1GNEK13R4VJ4,1,G,N,E,K,1,3,R,4,V,J,4,0,0,0,000000000,00000000000,0,0,0,1,0,0,0,0,0,0,0,998,0,0,0,12,6,2,42,0,0,0,1,24,21075,6,1,0,0,3,0,74,250,0,0,0,0,0,0,0,0,0,0,0,0,0,0,3,2,55,1,1,2,1,0,0,1,10,99,9,4,10,1,1,5638
240153_2015,24,240153,1,1,1,26,5,17,12,34,0,1,0,24,1,37,31,37031,4,1997,JHMEJ6529VS0,J,H,M,E,J,6,5,2,9,V,S,0,0,0,0,000000000,00000000000,0,0,0,1,0,0,0,0,0,0,0,998,0,0,0,12,6,2,30,0,0,0,1,24,21838,6,1,0,0,3,0,71,280,0,0,0,0,0,0,0,0,0,0,0,0,0,0,1,2,55,1,1,2,1,0,0,1,11,99,9,4,5,1,0,5639
240154_2015,24,240154,1,1,2,26,5,3,48,8,0,1,0,18,3,51,881,51881,66,2014,4V4NC9TH0EN1,4,V,4,N,C,9,T,H,0,E,N,1,1,1,57,606920,57606920,3,6,1,1,0,0,0,0,0,0,0,998,0,0,0,12,4,5,8,0,0,0,1,42,16602,6,1,6,0,3,0,68,999,0,0,0,0,1,5,2010,5,2010,0,0,0,0,0,2,4,55,1,1,2,1,0,0,1,80,99,9,1,13,0,0,5640
240155_2015,24,240155,1,2,1,27,5,9,56,12,6,1,0,24,1,49,402,49402,14,2004,JTEGD20V0400,J,T,E,G,D,2,0,V,0,4,0,0,0,0,0,000000000,00000000000,0,0,0,1,0,0,0,0,0,0,0,998,0,0,0,2,6,2,12,0,0,0,1,24,21617,6,1,0,0,3,0,63,152,0,0,0,0,0,0,0,0,0,0,0,0,0,0,3,2,55,1,1,2,1,4,3,1,17,1,1,1,87,1,0,5641
240155_2015,24,240155,2,2,1,27,5,9,56,12,6,1,0,18,3,85,881,85881,66,2014,1XKYA48X4EJ4,1,X,K,Y,A,4,8,X,4,E,J,4,2,1,57,239039,57239039,3,7,1,2,2,8888,3,1,0,0,0,998,0,0,0,12,6,2,12,0,0,0,1,10,19973,6,1,6,1,3,1,76,234,0,0,0,0,0,0,0,0,0,0,0,0,0,0,3,2,55,1,1,2,1,4,3,1,66,99,9,1,86,0,0,5642
240156_2015,24,240156,1,1,1,28,5,13,15,14,0,1,0,24,3,12,461,12461,21,2003,1FTRE14W33HA,1,F,T,R,E,1,4,W,3,3,H,A,0,0,0,000000000,00000000000,0,0,0,1,0,0,0,0,0,0,0,998,0,1,5,12,6,2,8,0,0,0,1,42,17362,9,1,99,9,9,9,999,999,99,99,99,99,99,99,9999,99,9999,0,0,0,0,0,3,3,65,8,8,8,1,0,0,1,11,99,9,4,1,0,0,5643
240157_2015,24,240157,1,2,1,31,5,23,26,12,2,1,0,24,1,12,23,12023,4,2014,3FA6P0SUXER3,3,F,A,6,P,0,S,U,X,E,R,3,0,0,0,000000000,00000000000,0,0,0,1,0,0,0,0,0,0,0,998,0,0,0,12,6,2,12,0,0,0,1,24,20906,6,1,0,0,3,0,67,147,0,0,0,0,0,0,0,0,0,0,28,0,0,0,1,2,40,2,3,2,1,0,0,14,10,99,9,2,50,0,1,5644
240157_2015,24,240157,2,2,1,31,5,23,26,12,2,1,0,24,2,12,17,12017,4,2003,1FAFP55203A2,1,F,A,F,P,5,5,2,0,3,A,2,0,0,0,000000000,00000000000,0,0,0,1,0,0,0,0,0,0,0,998,0,0,0,12,6,2,12,0,0,0,1,24,20877,6,1,0,0,3,0,60,105,0,0,0,0,0,0,0,0,0,0,0,0,0,0,1,2,40,2,3,2,1,0,0,14,62,99,9,1,51,1,1,5645
240158_2015,24,240158,1,2,1,9,5,21,3,12,6,1,0,24,1,12,481,12481,31,2005,1FTPW14555KE,1,F,T,P,W,1,4,5,5,5,K,E,0,0,0,000000000,00000000000,0,0,0,1,0,0,0,0,0,0,0,998,0,0,0,10,6,2,12,0,0,0,1,24,20906,6,1,0,0,3,0,71,182,0,0,0,0,0,0,0,0,0,0,0,0,0,0,1,2,25,8,8,2,1,20,3,1,17,99,9,1,89,0,0,5646
240158_2015,24,240158,2,2,1,9,5,21,3,12,6,1,0,24,1,76,706,76706,80,2002,JYARN07E02A0,J,Y,A,R,N,0,7,E,0,2,A,0,0,0,0,000000000,00000000000,0,0,0,1,0,0,0,0,0,0,0,998,0,0,0,12,6,2,12,0,0,0,1,24,20902,6,1,6,0,3,0,68,195,0,0,0,0,0,0,0,0,0,0,0,0,0,0,3,3,35,2,5,2,1,0,0,1,66,99,9,1,88,1,0,5647
240159_2015,24,240159,1,1,1,1,6,11,27,59,0,1,0,10,1,23,421,23421,15,2004,1GKFK16Z44J2,1,G,K,F,K,1,6,Z,4,4,J,2,0,0,0,000000000,00000000000,0,0,0,1,0,0,0,0,0,0,0,998,0,0,0,11,6,2,59,0,0,0,1,24,21863,6,1,0,0,3,0,67,195,0,0,0,0,0,0,0,0,0,0,0,0,0,0,3,2,55,1,1,2,1,0,0,1,13,99,9,4,5,1,1,5648