st_case_year,STATE,ST_CASE,VEH_NO,VE_FORMS,NUMOCCS,DAY,MONTH,HOUR,MINUTE,HARM_EV,MAN_COLL,UNITTYPE,HIT_RUN,REG_STAT,OWNER,MAKE,MODEL,MAK_MOD,BODY_TYP,MOD_YEAR,VIN,VIN_1,VIN_2,VIN_3,VIN_4,VIN_5,VIN_6,VIN_7,VIN_8,VIN_9,VIN_10,VIN_11,VIN_12,TOW_VEH,J_KNIFE,MCARR_I1,MCARR_I2,MCARR_ID,GVWR,V_CONFIG,CARGO_BT,HAZ_INV,HAZ_PLAC,HAZ_ID,HAZ_CNO,HAZ_REL,BUS_USE,SPEC_USE,EMER_USE,TRAV_SP,UNDERIDE,ROLLOVER,ROLINLOC,IMPACT1,DEFORMED,TOWED,M_HARM,VEH_SC1,VEH_SC2,FIRE_EXP,DR_PRES,L_STATE,DR_ZIP,L_STATUS,L_TYPE,CDL_STAT,L_ENDORS,L_COMPL,L_RESTRI,DR_HGT,DR_WGT,PREV_ACC,PREV_SUS,PREV_DWI,PREV_SPD,PREV_OTH,FIRST_MO,FIRST_YR,LAST_MO,LAST_YR,SPEEDREL,DR_SF1,DR_SF2,DR_SF3,DR_SF4,VTRAFWAY,VNUM_LAN,VSPD_LIM,VALIGN,VPROFILE,VPAVETYP,VSURCOND,VTRAFCON,VTCONT_F,P_CRASH1,P_CRASH2,P_CRASH3,PCRASH4,PCRASH5,ACC_TYPE,DEATHS,DR_DRINK,idno
240160_2015,24,240160,1,1,1,31,5,15,45,42,0,1,0,24,1,20,481,20481,31,2007,1GCHK23K27F5,1,G,C,H,K,2,3,K,2,7,F,5,0,0,0,000000000,00000000000,0,0,0,1,0,0,0,0,0,0,0,998,0,0,0,12,6,2,42,0,0,1,1,24,21221,6,1,0,0,3,0,72,180,0,0,0,0,0,0,0,0,0,3,36,0,0,0,6,2,98,2,1,2,1,0,0,14,6,99,9,4,7,1,1,5649
240161_2015,24,240161,1,2,1,13,5,13,48,12,1,1,0,24,3,98,881,98881,63,2004,2FZAAWAK94AM,2,F,Z,A,A,W,A,K,9,4,A,M,0,0,88,888888888,88888888888,3,1,4,1,0,0,0,0,0,0,0,998,0,9,5,12,6,2,12,0,0,0,1,24,21212,6,1,6,0,3,0,74,300,0,0,0,0,0,0,0,0,0,0,99,99,99,99,3,3,60,1,1,2,1,0,0,1,99,99,9,9,33,1,0,5650
240161_2015,24,240161,2,2,1,13,5,13,48,12,1,1,0,24,2,35,39,35039,4,2004,1N4BA41E94C8,1,N,4,B,A,4,1,E,9,4,C,8,0,0,0,000000000,00000000000,0,0,0,1,0,0,0,0,0,0,0,998,0,0,0,6,6,2,12,0,0,0,1,48,79912,3,1,0,0,2,9,74,200,0,0,0,2,0,9,2010,6,2014,0,99,99,99,99,3,3,60,1,1,2,1,0,0,1,99,99,9,9,33,0,0,5651
240162_2015,24,240162,1,2,3,28,5,19,55,12,2,1,1,24,2,7,442,7442,20,2000,1B4GP44G1YB7,1,B,4,G,P,4,4,G,1,Y,B,7,0,0,0,000000000,00000000000,0,0,0,1,0,0,0,0,0,0,0,998,0,0,0,12,6,2,12,0,0,0,1,99,99999,9,9,99,9,9,9,999,999,99,99,99,99,99,99,9999,99,9999,0,38,48,0,0,2,2,30,1,1,2,1,0,0,11,15,99,9,1,68,0,0,5652
240162_2015,24,240162,2,2,1,28,5,19,55,12,2,1,0,24,1,20,421,20421,15,1995,1GNEK13K3SJ4,1,G,N,E,K,1,3,K,3,S,J,4,0,0,0,000000000,00000000000,0,0,0,1,0,0,0,0,0,0,0,998,0,0,0,12,6,2,8,0,0,0,1,24,21133,6,1,0,0,3,0,78,220,0,0,0,1,0,5,2013,5,2013,0,0,0,0,0,2,2,30,1,1,2,1,0,0,1,62,99,1,1,69,0,0,5653
240163_2015,24,240163,1,1,1,31,5,15,25,42,0,1,0,24,1,49,40,49040,4,1999,4T1BG22KXXU5,4,T,1,B,G,2,2,K,X,X,U,5,0,0,0,000000000,00000000000,0,0,0,1,0,0,0,0,0,0,0,998,0,0,0,12,6,2,42,0,0,0,1,24,20906,6,1,0,0,3,0,60,97,0,0,0,0,0,0,0,0,0,0,99,99,99,99,3,2,30,1,1,2,1,0,0,1,12,99,9,4,6,1,0,5654
240164_2015,24,240164,1,3,1,10,5,15,10,12,1,1,0,24,2,12,401,12401,14,2000,1FMZU73E7YZB,1,F,M,Z,U,7,3,E,7,Y,Z,B,0,0,0,000000000,00000000000,0,0,0,1,0,0,0,0,0,0,0,998,0,0,0,12,6,2,12,0,0,0,1,24,21157,6,1,0,0,3,0,69,240,0,0,0,0,2,5,2013,6,2013,0,0,0,0,0,3,2,55,1,1,2,1,3,3,1,50,99,9,1,20,0,0,5655
240164_2015,24,240164,2,3,3,10,5,15,10,12,1,1,0,42,1,6,52,6052,6,2002,3C4FY48B52T2,3,C,4,F,Y,4,8,B,5,2,T,2,0,0,0,000000000,00000000000,0,0,0,1,0,0,0,0,0,0,0,0,0,0,0,6,6,2,12,0,0,0,1,42,17307,6,1,0,0,3,0,71,999,0,0,0,0,0,0,0,0,0,0,0,0,0,0,3,2,55,1,1,2,1,3,3,5,53,1,1,1,21,1,0,5656
240164_2015,24,240164,3,3,1,10,5,15,10,12,1,1,0,24,1,35,47,35047,4,2013,1N4BL3AP5DN4,1,N,4,B,L,3,A,P,5,D,N,4,0,0,0,000000000,00000000000,0,0,0,1,0,0,0,0,0,0,0,0,0,0,0,6,4,3,12,0,0,0,1,24,20721,6,1,0,0,3,0,72,195,0,1,0,0,0,12,2014,12,2014,0,0,0,0,0,3,2,55,1,1,2,1,3,3,5,53,1,1,1,98,0,0,5657
240165_2015,24,240165,1,2,1,23,5,20,15,12,6,1,0,24,1,53,706,53706,80,2002,JS1GR7HA4221,J,S,1,G,R,7,H,A,4,2,2,1,0,0,0,000000000,00000000000,0,0,0,1,0,0,0,0,0,0,0,998,0,0,0,12,6,2,8,0,0,0,1,24,20737,6,1,0,0,3,0,71,220,0,0,0,0,0,0,0,0,0,4,39,0,0,0,3,3,40,1,1,2,1,3,3,3,17,99,9,1,69,0,0,5658
240165_2015,24,240165,2,2,1,23,5,20,15,12,6,1,0,24,1,55,35,55035,4,2005,KMHDN46D65U9,K,M,H,D,N,4,6,D,6,5,U,9,0,0,0,000000000,00000000000,0,0,0,1,0,0,0,0,0,0,0,998,0,0,0,1,4,3,12,0,0,0,1,24,20706,6,1,0,0,3,0,61,146,0,3,0,0,0,2,2013,2,2013,0,0,0,0,0,3,3,40,1,1,2,1,3,3,11,62,99,9,1,68,0,0,5659
240166_2015,24,240166,1,2,1,30,5,0,59,12,6,1,0,24,2,37,31,37031,4,2006,JHMFA36246S0,J,H,M,F,A,3,6,2,4,6,S,0,0,0,0,000000000,00000000000,0,0,0,1,0,0,0,0,0,0,0,998,0,0,0,12,6,2,12,0,0,0,1,24,20744,6,1,0,0,3,0,65,150,0,0,0,0,0,0,0,0,0,3,0,0,0,0,3,4,55,1,1,2,1,0,0,3,62,99,9,1,69,0,1,5660
240166_2015,24,240166,2,2,1,30,5,0,59,12,6,1,0,24,1,41,43,41043,4,1992,JM1HD4610N01,J,M,1,H,D,4,6,1,0,N,0,1,0,0,0,000000000,00000000000,0,0,0,1,0,0,0,0,0,0,0,998,0,0,0,3,6,2,12,0,0,0,1,24,20744,6,1,0,0,3,0,65,150,0,0,0,0,0,0,0,0,0,0,0,0,0,0,3,4,55,1,1,2,1,0,0,11,15,99,9,1,68,1,1,5661
240167_2015,24,240167,1,1,1,23,5,17,25,33,0,1,0,12,1,72,706,72706,80,2014,1HD1TEN10EB9,1,H,D,1,T,E,N,1,0,E,B,9,0,0,0,000000000,00000000000,0,0,0,1,0,0,0,0,0,0,0,998,0,0,0,1,4,5,33,0,0,0,1,12,33433,6,1,0,0,3,0,77,999,0,0,0,0,0,0,0,0,0,0,99,99,99,99,3,2,40,1,1,2,1,0,0,1,59,7,9,4,3,1,0,5662
240168_2015,24,240168,1,1,4,1,6,17,53,59,0,1,0,24,2,24,7,24007,4,2004,1G8AL52F04Z1,1,G,8,A,L,5,2,F,0,4,Z,1,0,0,0,000000000,00000000000,0,0,0,1,0,0,0,0,0,0,0,998,0,0,0,12,6,2,42,0,0,0,1,24,21601,6,7,0,0,3,0,68,160,0,0,0,0,0,0,0,0,0,0,34,0,0,0,1,2,40,1,1,2,1,0,0,6,13,99,9,4,1,1,1,5663
240169_2015,24,240169,1,1,2,5,6,23,29,30,0,1,0,24,1,37,31,37031,4,1990,2HGED7362LH5,2,H,G,E,D,7,3,6,2,L,H,5,0,0,0,000000000,00000000000,0,0,0,1,0,0,0,0,0,0,0,998,0,1,5,98,6,2,1,0,0,0,1,24,21040,6,1,0,0,3,0,72,146,0,2,0,1,1,1,2015,3,2015,0,58,0,0,0,3,4,55,1,1,2,1,0,0,17,13,7,9,4,1,1,0,5664
240170_2015,24,240170,1,1,3,6,6,23,50,42,0,1,0,24,2,12,471,12471,31,1999,1FTYR10V1XTA,1,F,T,Y,R,1,0,V,1,X,T,A,0,0,0,000000000,00000000000,0,0,0,1,0,0,0,0,0,0,0,998,0,1,5,1,6,2,42,0,0,0,1,24,21607,6,1,0,0,3,0,67,225,0,0,0,0,0,0,0,0,0,3,0,0,0,0,1,2,25,1,1,2,8,0,0,1,6,99,9,4,2,1,1,5665
240171_2015,24,240171,1,1,1,13,6,13,25,32,0,1,0,54,1,72,709,72709,80,1998,1HD1FDL17WY6,1,H,D,1,F,D,L,1,7,W,Y,6,0,0,0,000000000,00000000000,0,0,0,1,0,0,0,0,0,0,0,998,0,0,0,12,6,2,42,0,0,0,1,54,25405,6,1,0,0,3,0,72,180,0,0,0,0,1,6,2014,6,2014,0,39,0,0,0,1,2,35,2,5,2,1,0,0,14,12,99,1,4,6,1,1,5666
240172_2015,24,240172,1,1,1,11,6,9,0,8,0,1,0,24,3,94,983,94983,50,2007,1T7YN4A29712,1,T,7,Y,N,4,A,2,9,7,1,2,0,0,57,522663,57522663,3,21,22,1,0,0,0,0,1,2,0,998,0,0,0,12,2,3,8,0,0,0,1,24,20879,6,1,6,0,3,0,68,190,0,0,0,0,0,0,0,0,0,0,99,99,99,99,1,2,35,9,1,2,1,3,3,11,80,99,9,1,13,0,0,5667
240173_2015,24,240173,1,2,1,15,6,12,21,12,6,1,0,24,3,87,881,87881,66,2013,1XPHDP9X4DD2,1,X,P,H,D,P,9,X,4,D,D,2,1,1,57,568636,57568636,3,6,1,1,0,0,0,0,0,0,0,998,0,0,0,12,6,2,12,0,0,0,1,24,21631,6,1,6,0,3,0,74,235,0,0,0,0,1,5,2015,5,2015,0,0,0,0,0,1,2,50,1,1,2,1,0,0,1,62,7,9,1,69,0,0,5668
240173_2015,24,240173,2,2,3,15,6,12,21,12,6,1,0,24,1,37,32,37032,4,2003,1HGCM66573A0,1,H,G,C,M,6,6,5,7,3,A,0,0,0,0,000000000,00000000000,0,0,0,1,0,0,0,0,0,0,0,998,0,0,0,2,6,2,12,0,0,0,1,24,21631,6,1,0,0,3,0,74,235,0,0,0,0,0,0,0,0,0,0,0,0,0,0,1,2,50,1,1,2,1,0,0,11,15,99,9,1,68,2,0,5669
240174_2015,24,240174,1,1,1,24,6,16,57,8,0,1,0,24,2,20,4,20004,1,2004,1G1YY32G9451,1,G,1,Y,Y,3,2,G,9,4,5,1,0,0,0,000000000,00000000000,0,0,0,1,0,0,0,0,0,0,0,998,0,0,0,12,4,5,8,0,0,0,1,24,21541,6,1,0,0,3,0,62,150,0,0,0,0,0,0,0,0,0,0,0,0,0,0,1,2,40,1,1,2,1,0,0,1,13,1,1,4,13,0,0,5670
240175_2015,24,240175,1,1,1,21,6,17,55,1,0,1,0,24,1,53,706,53706,80,2004,JS1GT75AA421,J,S,1,G,T,7,5,A,A,4,2,1,0,0,0,000000000,00000000000,0,0,0,1,0,0,0,0,0,0,0,998,0,0,0,0,6,2,1,0,0,0,1,24,21215,6,1,0,0,3,0,75,260,0,0,0,0,0,0,0,0,0,3,0,0,0,0,8,8,98,8,8,8,98,0,0,1,6,99,9,6,98,1,1,5671
240176_2015,24,240176,1,2,1,6,6,13,30,12,6,1,0,24,1,35,47,35047,4,2003,1N4AL11D33C1,1,N,4,A,L,1,1,D,3,3,C,1,0,0,0,000000000,00000000000,0,0,0,1,0,0,0,0,0,0,0,998,0,0,0,2,6,2,12,0,0,0,1,24,20613,6,1,0,0,3,0,62,170,0,0,0,0,0,0,0,0,0,0,0,0,0,0,3,2,55,1,1,2,1,20,3,99,19,1,1,3,87,1,0,5672
240176_2015,24,240176,2,2,1,6,6,13,30,12,6,1,0,24,3,87,881,87881,63,2002,1NPAXUTX22N5,1,N,P,A,X,U,T,X,2,2,N,5,0,0,57,1464873,571464873,3,1,4,1,0,0,0,0,0,0,0,998,0,1,1,12,6,2,12,0,0,0,1,24,20746,6,1,6,0,3,0,70,185,0,0,0,0,0,0,0,0,0,0,0,0,0,0,3,2,55,1,1,2,1,0,0,1,68,99,9,1,86,0,0,5673
240177_2015,24,240177,1,1,2,5,6,20,51,42,0,1,0,24,1,30,40,30040,4,2001,3VWTG69M11M1,3,V,W,T,G,6,9,M,1,1,M,1,0,0,0,000000000,00000000000,0,0,0,1,0,0,0,0,0,0,0,998,0,0,0,12,6,2,42,0,0,0,1,24,21161,6,1,0,0,3,0,68,120,0,0,0,0,0,0,0,0,0,3,0,0,0,0,1,2,30,1,1,2,1,0,0,1,6,99,4,4,7,2,0,5674
240178_2015,24,240178,1,1,1,20,3,7,21,14,0,1,0,24,1,55,35,55035,4,2010,KMHDC8AE5AU0,K,M,H,D,C,8,A,E,5,A,U,0,0,0,0,000000000,00000000000,0,0,0,1,0,0,0,0,0,0,0,998,0,0,0,12,6,2,14,0,0,0,1,26,49686,6,1,0,0,3,0,69,156,0,0,0,0,1,11,2014,11,2014,0,0,0,0,0,3,2,55,3,1,2,3,0,0,14,13,99,9,4,5,1,0,5675
240179_2015,24,240179,1,1,1,26,6,4,32,24,0,1,0,24,1,37,705,37705,80,2007,JH2PC40017M0,J,H,2,P,C,4,0,0,1,7,M,0,0,0,0,000000000,00000000000,0,0,0,1,0,0,0,0,0,0,0,998,0,0,0,1,6,2,24,0,0,0,1,24,20906,6,1,0,0,3,0,70,175,0,0,0,0,0,0,0,0,0,0,0,0,0,0,1,2,40,3,1,2,2,0,0,14,9,99,9,4,2,1,0,5676
240180_2015,24,240180,1,1,1,26,6,23,51,1,0,1,0,24,1,73,706,73706,80,2002,JKBVNAR162A0,J,K,B,V,N,A,R,1,6,2,A,0,0,0,0,000000000,00000000000,0,0,0,1,0,0,0,0,0,0,0,998,0,0,0,0,6,2,42,0,0,0,1,54,25443,6,1,0,0,2,2,71,250,0,0,0,0,0,0,0,0,0,3,74,0,0,0,1,2,30,3,1,2,1,0,0,14,98,99,9,1,98,1,1,5677
240181_2015,24,240181,1,1,1,27,6,12,57,24,0,1,0,24,2,7,472,7472,31,1993,1B7GG23X3PS2,1,B,7,G,G,2,3,X,3,P,S,2,0,0,0,000000000,00000000000,0,0,0,1,0,0,0,0,0,0,0,998,0,0,0,12,6,2,42,0,0,0,1,24,20650,6,1,0,0,3,0,72,180,0,0,0,0,0,0,0,0,0,0,0,0,0,0,1,2,30,3,6,2,2,0,0,14,6,99,9,4,7,1,1,5678
240182_2015,24,240182,1,1,1,28,6,0,41,24,0,1,0,12,2,48,34,48034,6,2002,4S3BH665X276,4,S,3,B,H,6,6,5,X,2,7,6,0,0,0,000000000,00000000000,0,0,0,1,0,0,0,0,0,0,0,998,0,0,0,11,6,2,24,0,0,0,1,24,21702,6,1,0,0,3,0,72,175,0,0,0,0,4,3,2013,3,2013,3,36,0,0,0,3,5,55,2,6,2,1,0,0,14,6,99,9,4,7,1,1,5679
240183_2015,24,240183,1,1,1,28,6,3,57,35,0,1,0,24,1,12,3,12003,2,1997,1FALP4040VF1,1,F,A,L,P,4,0,4,0,V,F,1,0,0,0,000000000,00000000000,0,0,0,1,0,0,0,0,0,0,0,998,0,1,3,7,6,2,1,0,0,0,1,24,21244,6,1,0,0,3,0,67,200,0,0,0,0,0,0,0,0,0,3,0,0,0,0,3,4,65,1,1,2,2,0,0,1,6,99,9,4,7,1,0,5680
240184_2015,24,240184,1,1,1,27,6,22,3,8,0,1,0,24,2,6,54,6054,6,2006,2A4GM68466R8,2,A,4,G,M,6,8,4,6,6,R,8,0,0,0,000000000,00000000000,0,0,0,1,0,0,0,0,0,0,0,998,0,0,0,12,2,3,8,0,0,0,1,24,20764,6,1,0,0,3,0,74,220,0,0,0,0,0,0,0,0,0,0,0,0,0,0,3,3,40,1,6,2,2,2,3,1,80,1,1,1,13,0,0,5681
240185_2015,24,240185,1,2,1,28,6,19,2,12,6,1,0,24,1,20,481,20481,31,2008,1GCEK19J18Z2,1,G,C,E,K,1,9,J,1,8,Z,2,0,0,0,000000000,00000000000,0,0,0,1,0,0,0,0,0,0,0,998,0,0,0,12,6,2,12,0,0,0,1,24,20639,6,1,0,0,3,0,71,172,0,0,0,2,0,3,2014,3,2014,0,0,0,0,0,1,2,50,1,1,2,1,0,0,1,66,1,1,1,86,0,1,5682
240185_2015,24,240185,2,2,2,28,6,19,2,12,6,1,0,24,2,49,40,49040,4,1999,JT2BG22K7X02,J,T,2,B,G,2,2,K,7,X,0,2,0,0,0,000000000,00000000000,0,0,0,1,0,0,0,0,0,0,0,998,0,0,0,2,6,2,12,0,0,0,1,24,20639,6,1,0,0,3,0,68,165,0,0,0,0,0,0,0,0,0,0,38,39,0,0,1,2,98,8,8,8,1,20,3,1,17,1,1,1,87,1,0,5683
240186_2015,24,240186,1,1,4,25,6,23,50,32,0,1,0,24,2,54,39,54039,4,2006,JH4CL968X6C0,J,H,4,C,L,9,6,8,X,6,C,0,0,0,0,000000000,00000000000,0,0,0,1,0,0,0,0,0,0,0,998,0,1,6,12,6,2,42,0,0,0,1,24,20878,6,1,0,0,3,3,72,165,0,0,0,0,0,0,0,0,0,9,99,99,99,99,1,2,30,3,1,2,1,0,0,14,11,99,9,4,4,2,1,5684
240187_2015,24,240187,1,2,1,27,6,16,39,12,6,1,0,24,2,49,441,49441,20,1997,JT3GK12M0V12,J,T,3,G,K,1,2,M,0,V,1,2,0,0,0,000000000,00000000000,0,0,0,1,0,0,0,0,0,0,0,998,0,0,0,12,6,2,12,0,0,0,1,24,20816,6,1,0,0,3,0,68,265,0,0,0,0,1,6,2015,6,2015,0,99,99,99,99,3,3,45,1,1,2,2,3,3,1,17,99,9,1,88,0,0,5685
240187_2015,24,240187,2,2,1,27,6,16,39,12,6,1,0,24,1,49,40,49040,4,2001,4T1BG22K21U0,4,T,1,B,G,2,2,K,2,1,U,0,0,0,0,000000000,00000000000,0,0,0,1,0,0,0,0,0,0,0,998,0,0,0,9,6,2,12,0,0,0,1,24,20855,6,1,0,0,3,0,62,145,0,0,0,0,0,0,0,0,0,0,99,99,99,99,1,2,25,8,8,8,2,3,3,1,66,99,9,1,89,1,0,5686
240188_2015,24,240188,1,1,1,23,6,20,26,16,0,1,0,24,1,20,471,20471,30,2003,1GCCS19H8381,1,G,C,C,S,1,9,H,8,3,8,1,0,0,0,000000000,00000000000,0,0,0,1,0,0,0,0,0,0,0,998,0,0,0,0,6,2,16,0,0,0,1,24,20837,6,1,0,0,3,0,71,180,0,0,0,0,0,0,0,0,0,0,0,0,0,0,1,2,50,1,1,2,1,0,0,1,91,99,9,1,0,1,0,5687
240189_2015,24,240189,1,2,2,28,6,20,5,12,99,1,0,24,1,2,422,2422,15,2014,1C4RJFBG9EC4,1,C,4,R,J,F,B,G,9,E,C,4,0,0,0,000000000,00000000000,0,0,0,1,0,0,0,0,0,0,0,998,0,0,0,12,4,5,12,0,0,0,1,24,21212,6,1,6,0,2,0,66,142,0,0,0,0,0,0,0,0,0,0,0,0,0,0,3,5,30,3,1,2,1,3,3,1,66,99,9,1,99,0,0,5688
240189_2015,24,240189,2,2,1,28,6,20,5,12,99,1,1,99,9,76,709,76709,89,9999,999999999999,9,9,9,9,9,9,9,9,9,9,9,9,0,0,0,000000000,00000000000,0,0,0,1,0,0,0,0,0,0,0,998,0,0,0,99,9,9,12,0,0,0,1,24,21213,6,1,0,0,3,3,67,152,0,0,0,0,0,0,0,0,0,0,0,0,0,0,3,5,30,3,1,2,1,3,3,1,17,99,9,9,99,1,0,5689
240190_2015,24,240190,1,1,1,19,6,11,4,33,0,1,0,24,3,12,461,12461,21,2008,1FTNE24W48DA,1,F,T,N,E,2,4,W,4,8,D,A,0,0,0,000000000,00000000000,0,0,0,1,0,0,0,0,0,0,0,998,0,1,5,14,6,2,1,0,0,0,1,24,21216,6,1,0,0,3,0,71,160,0,0,0,0,0,0,0,0,0,0,0,0,0,0,5,4,35,1,3,2,1,0,0,1,12,99,9,4,6,1,0,5690
240191_2015,24,240191,1,1,1,17,7,16,31,8,0,1,0,24,1,59,32,59032,4,2007,JTHBL46F2750,J,T,H,B,L,4,6,F,2,7,5,0,0,0,0,000000000,00000000000,0,0,0,1,0,0,0,0,0,0,0,30,0,0,0,12,2,5,8,0,0,0,1,24,20746,6,1,0,0,3,0,64,158,0,0,0,0,0,0,0,0,0,0,86,0,0,0,1,2,30,1,1,2,1,0,0,1,80,99,9,1,13,0,0,5691
240192_2015,24,240192,1,1,1,30,5,12,42,38,0,1,0,24,1,37,706,37706,80,2008,1HFSC47H88A7,1,H,F,S,C,4,7,H,8,8,A,7,0,0,0,000000000,00000000000,0,0,0,1,0,0,0,0,0,0,0,998,0,0,0,12,6,2,38,0,0,0,1,24,20872,6,1,0,0,3,0,70,180,0,0,0,0,0,0,0,0,0,0,0,0,0,0,1,2,40,3,1,2,1,0,0,14,13,99,9,4,3,1,0,5692
240193_2015,24,240193,1,1,1,11,6,1,47,30,0,1,0,24,1,41,50,41050,4,2011,1YVHZ8BH1B5M,1,Y,V,H,Z,8,B,H,1,B,5,M,0,0,0,000000000,00000000000,0,0,0,1,0,0,0,0,0,0,0,998,0,0,0,11,6,2,30,0,0,0,1,24,20613,1,1,0,0,2,2,66,170,0,4,1,0,0,11,2014,6,2015,0,74,0,0,0,1,2,40,2,1,2,1,0,0,14,12,99,1,4,6,1,1,5693
240194_2015,24,240194,1,1,1,1,6,20,33,1,0,1,0,92,0,53,706,53706,80,2006,JS1GN7DA4621,J,S,1,G,N,7,D,A,4,6,2,1,0,0,0,000000000,00000000000,0,0,0,1,0,0,0,0,0,0,0,998,0,0,0,0,6,2,1,0,0,0,1,24,20736,1,1,0,0,2,2,69,168,0,1,0,0,0,12,2014,12,2014,0,74,0,0,0,1,2,30,2,1,2,8,0,0,14,98,99,9,1,98,1,0,5694
240195_2015,24,240195,1,1,1,14,6,16,2,9,0,1,0,24,1,20,481,20481,31,2014,3GCPCREC4EG5,3,G,C,P,C,R,E,C,4,E,G,5,0,0,0,000000000,00000000000,0,0,0,1,0,0,0,0,0,0,0,998,0,0,0,12,6,2,9,0,0,0,1,24,21122,6,1,0,0,3,0,73,220,0,0,0,0,0,0,0,0,0,0,0,0,0,0,4,3,25,1,1,2,1,3,3,1,83,99,9,1,13,0,0,5695
240196_2015,24,240196,1,1,1,26,6,22,54,9,0,1,1,24,9,37,32,37032,4,2009,1HGCP36829A0,1,H,G,C,P,3,6,8,2,9,A,0,0,0,0,000000000,00000000000,0,0,0,1,0,0,0,0,0,0,0,998,0,0,0,12,4,5,9,0,0,0,1,99,99999,9,9,99,9,9,9,999,999,99,99,99,99,99,99,9999,99,9999,9,99,99,99,99,3,3,35,1,1,2,1,0,0,1,83,99,9,1,13,0,0,5696
240197_2015,24,240197,1,1,2,29,6,21,7,8,0,1,0,24,1,20,444,20444,20,2005,1GNDX33L25D2,1,G,N,D,X,3,3,L,2,5,D,2,0,0,0,000000000,00000000000,0,0,0,1,0,0,0,0,0,0,0,998,0,0,0,12,2,5,8,0,0,0,1,24,21201,6,1,0,0,3,0,72,263,0,0,0,0,0,0,0,0,0,0,0,0,0,0,3,3,45,1,1,2,1,3,3,1,80,99,9,1,13,0,0,5697
240198_2015,24,240198,1,2,1,11,6,10,12,12,1,1,0,42,2,55,35,55035,4,2011,5NPDH4AE0BH0,5,N,P,D,H,4,A,E,0,B,H,0,0,0,0,000000000,00000000000,0,0,0,1,0,0,0,0,0,0,0,998,0,0,0,12,6,2,8,0,0,0,1,42,19363,6,1,0,0,3,0,64,999,0,0,0,0,0,0,0,0,0,4,54,0,0,0,1,2,50,1,3,2,1,0,0,1,50,98,9,1,98,0,0,5698
240198_2015,24,240198,2,2,0,11,6,10,12,12,1,1,0,42,3,12,998,12998,92,1984,C719730,C,7,1,9,7,3,0,NULL,NULL,NULL,NULL,NULL,0,0,0,000000000,00000000000,0,0,0,1,0,0,0,0,0,0,0,0,0,0,0,6,2,5,12,0,0,0,0,0,99997,7,6,97,7,6,7,998,997,998,998,998,998,998,98,9998,98,9998,8,54,0,0,0,1,2,50,1,3,2,1,0,0,0,53,0,0,0,98,0,0,5699
240199_2015,24,240199,1,1,3,8,6,2,1,5,0,1,0,54,2,19,481,19481,31,2007,1GYEC63837R3,1,G,Y,E,C,6,3,8,3,7,R,3,0,0,0,000000000,00000000000,0,0,0,1,0,0,0,0,0,0,0,998,0,0,0,0,0,5,5,0,0,0,1,17,62203,6,1,0,0,3,0,64,140,0,0,0,0,1,4,2015,4,2015,0,0,0,0,0,1,2,25,1,1,2,1,0,0,1,98,1,1,1,0,1,1,5700
240200_2015,24,240200,1,1,1,12,6,16,41,8,0,1,0,24,2,12,481,12481,31,1999,1FTRX17L9XNB,1,F,T,R,X,1,7,L,9,X,N,B,0,0,0,000000000,00000000000,0,0,0,1,0,0,0,0,0,0,0,998,0,0,0,12,6,2,8,0,0,0,1,24,20904,6,1,0,0,3,0,68,184,0,0,0,0,0,0,0,0,0,0,0,0,0,0,3,2,35,1,1,2,1,0,0,1,13,99,9,4,13,0,1,5701
240201_2015,24,240201,1,1,1,19,6,22,7,8,0,1,0,13,3,86,881,86881,66,2011,1M1AW09Y3BM0,1,M,1,A,W,0,9,Y,3,B,M,0,1,1,57,097620,57097620,3,6,1,1,0,0,0,0,0,0,0,998,0,0,0,5,0,5,8,0,0,0,1,51,23703,6,1,6,0,3,0,71,190,0,0,0,0,0,0,0,0,0,0,0,0,0,0,8,8,15,8,8,2,1,0,0,3,80,1,1,1,13,0,0,5702
240202_2015,24,240202,1,3,1,25,6,1,35,12,1,1,0,18,3,84,881,84881,66,2016,3HSDJAPR5GN0,3,H,S,D,J,A,P,R,5,G,N,0,1,1,57,2297576,572297576,3,6,1,1,0,0,0,0,0,0,0,998,0,0,0,12,6,2,8,0,0,0,1,37,28216,6,1,6,0,3,0,74,999,0,0,0,0,0,0,0,0,0,0,99,99,99,99,3,6,65,1,1,2,1,40,3,1,9,99,9,1,98,0,0,5703
240202_2015,24,240202,2,3,0,25,6,1,35,12,1,1,0,42,6,84,881,84881,62,2004,1HTMMAAM44H5,1,H,T,M,M,A,A,M,4,4,H,5,0,0,88,888888888,88888888888,2,99,99,1,0,0,0,0,0,0,0,0,0,0,0,6,6,2,12,39,0,0,0,0,99997,7,6,97,7,6,7,998,997,998,998,998,998,998,98,9998,98,9998,8,0,0,0,0,3,6,65,1,1,2,1,40,3,0,53,0,0,0,98,0,0,5704