st_case_year,STATE,ST_CASE,VEH_NO,VE_FORMS,NUMOCCS,DAY,MONTH,HOUR,MINUTE,HARM_EV,MAN_COLL,UNITTYPE,HIT_RUN,REG_STAT,OWNER,MAKE,MODEL,MAK_MOD,BODY_TYP,MOD_YEAR,VIN,VIN_1,VIN_2,VIN_3,VIN_4,VIN_5,VIN_6,VIN_7,VIN_8,VIN_9,VIN_10,VIN_11,VIN_12,TOW_VEH,J_KNIFE,MCARR_I1,MCARR_I2,MCARR_ID,GVWR,V_CONFIG,CARGO_BT,HAZ_INV,HAZ_PLAC,HAZ_ID,HAZ_CNO,HAZ_REL,BUS_USE,SPEC_USE,EMER_USE,TRAV_SP,UNDERIDE,ROLLOVER,ROLINLOC,IMPACT1,DEFORMED,TOWED,M_HARM,VEH_SC1,VEH_SC2,FIRE_EXP,DR_PRES,L_STATE,DR_ZIP,L_STATUS,L_TYPE,CDL_STAT,L_ENDORS,L_COMPL,L_RESTRI,DR_HGT,DR_WGT,PREV_ACC,PREV_SUS,PREV_DWI,PREV_SPD,PREV_OTH,FIRST_MO,FIRST_YR,LAST_MO,LAST_YR,SPEEDREL,DR_SF1,DR_SF2,DR_SF3,DR_SF4,VTRAFWAY,VNUM_LAN,VSPD_LIM,VALIGN,VPROFILE,VPAVETYP,VSURCOND,VTRAFCON,VTCONT_F,P_CRASH1,P_CRASH2,P_CRASH3,PCRASH4,PCRASH5,ACC_TYPE,DEATHS,DR_DRINK,idno
240202_2015,24,240202,4,3,1,25,6,1,35,12,1,1,0,18,3,82,881,82881,66,2012,1FUJGLDR0CSB,1,F,U,J,G,L,D,R,0,C,S,B,1,1,57,028406,57028406,3,6,1,1,0,0,0,0,0,0,0,998,0,0,0,19,2,5,73,0,0,0,1,36,13208,6,1,6,0,3,0,66,999,0,0,0,0,0,0,0,0,0,0,0,0,0,0,3,6,65,1,1,2,1,40,3,1,98,99,9,1,98,0,0,5705
240203_2015,24,240203,1,3,2,20,6,14,32,12,6,1,0,24,1,42,42,42042,4,1999,WDBHA29G9XA6,W,D,B,H,A,2,9,G,9,X,A,6,0,0,0,000000000,00000000000,0,0,0,1,0,0,0,0,0,0,0,998,0,0,0,3,6,2,12,0,0,0,1,24,20744,6,1,0,0,3,0,62,170,0,0,0,0,0,0,0,0,0,0,0,0,0,0,2,2,40,2,1,2,1,0,0,11,15,99,1,1,76,1,0,5706
240203_2015,24,240203,2,3,2,20,6,14,32,12,6,1,0,24,3,23,881,23881,62,2003,1GDE4E1183F5,1,G,D,E,4,E,1,1,8,3,F,5,0,0,57,2637331,572637331,2,1,3,1,0,0,0,0,0,0,0,998,0,0,0,12,6,2,12,0,0,0,1,24,20646,6,1,6,0,3,0,71,180,0,1,0,0,0,10,2014,10,2014,0,0,0,0,0,2,2,40,2,1,2,1,0,0,1,65,99,9,1,77,0,0,5707
240203_2015,24,240203,3,3,1,20,6,14,32,12,6,1,0,45,1,35,47,35047,4,2002,1N4AL11D22C7,1,N,4,A,L,1,1,D,2,2,C,7,0,0,0,000000000,00000000000,0,0,0,1,0,0,0,0,0,0,0,998,0,0,0,12,6,2,12,0,0,0,1,45,29316,6,1,0,0,3,0,64,160,0,0,0,0,0,0,0,0,0,0,0,0,0,0,2,2,40,2,1,2,1,0,0,1,62,1,1,1,98,0,0,5708
240204_2015,24,240204,1,2,2,20,6,21,19,12,6,1,0,24,1,12,21,12021,4,2007,1FAHP24107G1,1,F,A,H,P,2,4,1,0,7,G,1,0,0,0,000000000,00000000000,0,0,0,1,0,0,0,0,0,0,0,998,0,0,0,3,6,2,12,0,0,0,1,24,21236,6,1,0,0,3,0,71,160,0,0,0,0,0,0,0,0,0,4,87,0,0,0,1,2,50,1,5,2,2,0,0,1,5,99,9,2,64,1,1,5709
240204_2015,24,240204,2,2,3,20,6,21,19,12,6,1,0,24,1,49,51,49051,4,2008,JTDJT9239851,J,T,D,J,T,9,2,3,9,8,5,1,0,0,0,000000000,00000000000,0,0,0,1,0,0,0,0,0,0,0,998,0,0,0,12,6,2,12,0,0,0,1,24,21050,6,1,0,0,3,0,71,170,0,0,0,0,0,0,0,0,0,0,0,0,0,0,1,2,50,1,5,2,2,0,0,1,62,99,9,1,65,0,0,5710
240205_2015,24,240205,1,2,1,8,8,16,49,12,1,1,0,24,1,23,423,23423,15,2014,1GKKVRKD9EJ2,1,G,K,K,V,R,K,D,9,E,J,2,0,0,0,000000000,00000000000,0,0,0,1,0,0,0,0,0,0,0,998,0,0,0,12,6,2,12,0,0,0,1,24,21227,6,1,0,0,3,0,69,140,0,0,0,0,0,0,0,0,0,0,0,0,0,0,5,4,45,1,1,2,1,0,0,1,70,99,9,1,79,0,0,5711
240205_2015,24,240205,2,2,1,8,8,16,49,12,1,1,0,24,1,72,706,72706,80,2001,1HD1FCW141Y6,1,H,D,1,F,C,W,1,4,1,Y,6,0,0,0,000000000,00000000000,0,0,0,1,0,0,0,0,0,0,0,998,0,0,0,6,6,2,12,0,0,0,1,24,20794,6,1,0,0,3,0,71,215,0,0,0,0,0,0,0,0,0,0,0,0,0,0,5,4,45,1,1,2,1,0,0,10,15,99,9,7,78,1,1,5712
240206_2015,24,240206,1,2,2,1,7,20,33,12,6,1,0,24,1,7,472,7472,30,2000,1B7GL22X6YS5,1,B,7,G,L,2,2,X,6,Y,S,5,0,0,0,000000000,00000000000,0,0,0,1,0,0,0,0,0,0,0,998,0,0,0,2,6,2,12,0,0,0,1,24,21078,6,1,0,0,3,0,67,174,0,0,0,0,0,0,0,0,0,0,38,0,0,0,1,2,50,1,1,2,1,0,0,11,16,99,9,1,68,1,0,5713
240206_2015,24,240206,2,2,1,1,7,20,33,12,6,1,0,24,1,2,403,2403,14,1998,1J4FY49S5WP7,1,J,4,F,Y,4,9,S,5,W,P,7,0,0,0,000000000,00000000000,0,0,0,1,0,0,0,0,0,0,0,998,0,0,0,12,6,2,12,0,0,0,1,24,21078,6,2,0,0,3,0,66,120,0,0,0,0,0,0,0,0,0,0,0,0,0,0,1,2,50,1,1,2,1,0,0,1,62,99,9,1,69,0,0,5714
240207_2015,24,240207,1,2,1,3,7,17,54,12,6,1,0,24,1,12,23,12023,4,2012,3FAHP0HA9CR2,3,F,A,H,P,0,H,A,9,C,R,2,0,0,0,000000000,00000000000,0,0,0,1,0,0,0,0,0,0,0,998,0,0,0,12,6,2,12,0,0,0,1,24,21804,6,1,0,0,3,0,74,215,0,0,0,0,0,0,0,0,0,0,0,0,0,0,1,2,50,1,1,2,1,0,0,1,64,99,9,1,88,0,0,5715
240207_2015,24,240207,2,2,1,3,7,17,54,12,6,1,0,0,0,73,739,73739,90,2005,RK7AC11C6511,R,K,7,A,C,1,1,C,6,5,1,1,0,0,0,000000000,00000000000,0,0,0,1,0,0,0,0,0,0,0,998,0,0,0,9,6,2,12,0,0,0,1,24,21837,0,0,0,0,0,0,999,999,0,0,0,0,0,0,0,0,0,0,38,30,0,0,1,2,50,1,1,2,1,0,0,98,98,1,1,1,89,1,0,5716
240208_2015,24,240208,1,2,2,5,7,20,5,12,6,1,0,10,2,34,34,34034,1,2008,WBSWL93568P3,W,B,S,W,L,9,3,5,6,8,P,3,0,0,0,000000000,00000000000,0,0,0,1,0,0,0,0,0,0,0,998,0,1,5,12,6,2,12,0,0,0,1,24,21044,6,1,0,0,3,0,72,175,0,0,0,0,1,4,2013,4,2013,3,0,0,0,0,1,2,55,1,1,2,1,0,0,1,65,99,9,1,77,0,1,5717
240208_2015,24,240208,2,2,1,5,7,20,5,12,6,1,0,24,2,18,20,18020,4,1988,2G4WB14WXJ14,2,G,4,W,B,1,4,W,X,J,1,4,0,0,0,000000000,00000000000,0,0,0,1,0,0,0,0,0,0,0,998,0,0,0,3,6,2,12,0,0,0,1,24,21638,6,1,0,0,3,0,71,210,0,0,0,1,0,6,2014,6,2014,0,0,0,0,0,1,2,98,1,1,2,1,20,3,11,15,1,1,1,76,1,1,5718
240209_2015,24,240209,1,1,1,11,6,18,4,8,0,1,0,24,1,37,421,37421,15,2012,5FNYF4H60CB0,5,F,N,Y,F,4,H,6,0,C,B,0,0,0,0,000000000,00000000000,0,0,0,1,0,0,0,0,0,0,0,998,0,0,0,12,2,5,8,0,0,0,1,24,21234,6,1,0,0,3,0,76,200,0,0,0,0,0,0,0,0,0,0,0,0,0,0,1,2,30,1,1,2,1,0,0,1,80,99,1,1,13,0,0,5719
240210_2015,24,240210,1,4,1,3,7,11,35,12,6,1,0,24,1,53,705,53705,80,2008,JS1GN7EA6821,J,S,1,G,N,7,E,A,6,8,2,1,0,0,0,000000000,00000000000,0,0,0,1,0,0,0,0,0,0,0,998,0,0,0,12,6,2,12,0,0,0,1,10,19947,6,1,6,0,3,0,69,240,0,0,0,0,0,0,0,0,0,0,0,0,0,0,3,2,55,1,1,2,1,3,3,1,17,99,9,1,69,1,0,5720
240210_2015,24,240210,2,4,1,3,7,11,35,12,6,1,0,24,1,59,401,59401,14,2000,JT6HF10U4Y01,J,T,6,H,F,1,0,U,4,Y,0,1,0,0,0,000000000,00000000000,0,0,0,1,0,0,0,0,0,0,0,998,0,0,0,2,6,2,12,0,0,0,1,24,21813,6,1,0,0,3,0,61,122,0,0,0,0,0,0,0,0,0,0,0,0,0,0,3,2,55,1,1,2,1,3,3,11,15,99,9,9,68,0,0,5721
240210_2015,24,240210,3,4,1,3,7,11,35,12,6,1,0,24,1,19,20,19020,6,2014,3GYFNEE30ES5,3,G,Y,F,N,E,E,3,0,E,S,5,0,0,0,000000000,00000000000,0,0,0,1,0,0,0,0,0,0,0,0,0,0,0,12,4,5,12,0,0,0,1,24,21047,6,1,0,0,3,0,67,135,0,0,0,0,0,0,0,0,0,0,0,0,0,0,8,8,98,8,8,8,1,3,3,5,62,99,1,1,98,0,0,5722
240210_2015,24,240210,4,4,3,3,7,11,35,12,6,1,0,24,1,12,37,12037,4,2008,1FAHP33N58W2,1,F,A,H,P,3,3,N,5,8,W,2,0,0,0,000000000,00000000000,0,0,0,1,0,0,0,0,0,0,0,0,0,0,0,11,6,2,12,0,0,0,1,24,21813,6,1,0,0,3,0,63,124,0,0,0,0,0,0,0,0,0,0,0,0,0,0,8,8,98,8,8,8,1,3,3,5,62,99,9,9,98,0,0,5723
240211_2015,24,240211,1,2,1,4,7,11,31,12,2,1,0,24,1,49,32,49032,4,1992,JT2AE94K4N34,J,T,2,A,E,9,4,K,4,N,3,4,0,0,0,000000000,00000000000,0,0,0,1,0,0,0,0,0,0,0,998,0,0,0,12,6,2,12,0,0,0,1,24,21221,6,1,0,0,3,0,70,165,0,0,0,0,0,0,0,0,0,0,38,0,0,0,2,2,30,1,1,2,2,0,0,11,15,99,9,1,68,1,1,5724
240211_2015,24,240211,2,2,3,4,7,11,31,12,2,1,0,24,2,2,404,2404,14,2013,1C4AJWAG6DL6,1,C,4,A,J,W,A,G,6,D,L,6,0,0,0,000000000,00000000000,0,0,0,1,0,0,0,0,0,0,0,998,0,0,0,12,6,2,12,0,0,0,1,24,21221,6,1,0,0,3,0,72,200,0,0,0,0,0,0,0,0,0,0,0,0,0,0,2,2,30,1,1,2,2,0,0,1,17,99,9,1,69,0,0,5725
240212_2015,24,240212,1,1,1,8,7,19,18,59,0,1,0,24,1,20,481,20481,31,2006,2GCEC19Z3612,2,G,C,E,C,1,9,Z,3,6,1,2,0,0,0,000000000,00000000000,0,0,0,1,0,0,0,0,0,0,0,998,0,0,0,1,6,2,42,0,0,0,1,24,20714,6,1,0,0,3,0,72,185,0,0,0,0,0,0,0,0,0,4,0,0,0,0,1,2,35,1,1,2,2,0,0,1,11,99,9,4,1,1,1,5726
240213_2015,24,240213,1,2,2,9,7,11,38,12,6,1,0,29,2,20,37,20037,4,2004,1G1ZT52894F1,1,G,1,Z,T,5,2,8,9,4,F,1,0,0,0,000000000,00000000000,0,0,0,1,0,0,0,0,0,0,0,998,0,0,0,3,6,2,12,0,0,0,1,29,63031,6,1,0,0,3,0,72,330,0,0,0,0,0,0,0,0,0,0,38,39,0,0,1,2,45,1,1,2,1,20,3,1,17,99,9,1,87,1,0,5727
240213_2015,24,240213,2,2,1,9,7,11,38,12,6,1,0,24,1,23,481,23481,31,2005,1GTHK23265F8,1,G,T,H,K,2,3,2,6,5,F,8,0,0,0,000000000,00000000000,0,0,0,1,0,0,0,0,0,0,0,998,0,0,0,12,6,2,12,0,0,0,1,24,21561,6,1,0,0,3,0,68,224,0,0,0,0,0,0,0,0,0,0,0,0,0,0,1,2,45,1,1,2,1,0,0,1,66,99,9,9,86,0,0,5728
240214_2015,24,240214,1,1,1,11,7,22,38,38,0,1,0,10,2,2,404,2404,14,1995,1J4FJ78S5SL5,1,J,4,F,J,7,8,S,5,S,L,5,0,0,0,000000000,00000000000,0,0,0,1,0,0,0,0,0,0,0,998,0,1,1,12,6,2,1,0,0,0,1,24,21804,6,1,0,0,3,0,67,185,0,0,0,0,0,0,0,0,0,0,0,0,0,0,2,2,50,2,1,2,1,0,0,14,9,99,9,4,2,1,1,5729
240215_2015,24,240215,1,2,2,13,7,9,28,12,2,1,0,24,2,20,481,20481,31,1997,2GCEC19RXV11,2,G,C,E,C,1,9,R,X,V,1,1,0,0,0,000000000,00000000000,0,0,0,1,0,0,0,0,0,0,0,998,0,0,0,12,6,2,12,0,0,0,1,24,21787,6,1,0,0,3,0,61,174,0,1,0,1,0,12,2013,6,2014,0,28,0,0,0,1,2,50,2,6,2,1,0,0,14,10,99,9,2,50,1,0,5730
240215_2015,24,240215,2,2,1,13,7,9,28,12,2,1,0,24,3,12,880,12880,67,2015,1FDUF4HY8FEB,1,F,D,U,F,4,H,Y,8,F,E,B,0,0,88,888888888,88888888888,2,1,97,1,0,0,0,0,0,0,0,998,0,0,0,12,6,2,12,0,0,0,1,24,21702,6,1,0,0,3,0,65,185,0,0,0,0,0,0,0,0,0,0,0,0,0,0,1,2,50,2,6,2,1,0,0,14,62,99,9,1,51,0,0,5731
240216_2015,24,240216,1,1,1,13,7,0,7,33,0,1,0,24,1,53,706,53706,80,2011,JS1GR7MAXB21,J,S,1,G,R,7,M,A,X,B,2,1,0,0,0,000000000,00000000000,0,0,0,1,0,0,0,0,0,0,0,998,0,0,0,12,6,2,31,0,0,0,1,24,20639,6,1,0,0,3,0,74,158,0,0,0,2,0,2,2013,7,2013,3,36,0,0,0,1,2,50,2,6,2,1,0,0,14,11,99,9,4,6,1,1,5732
240217_2015,24,240217,1,2,1,6,7,13,41,12,2,1,0,24,1,20,16,20016,4,2002,1G1JC5244273,1,G,1,J,C,5,2,4,4,2,7,3,0,0,0,000000000,00000000000,0,0,0,1,0,0,0,0,0,0,0,998,0,0,0,12,6,2,12,0,0,0,1,24,21620,6,1,0,0,3,0,68,140,0,0,0,0,0,0,0,0,0,0,38,0,0,0,1,2,50,1,1,2,1,0,0,11,15,99,9,1,68,1,0,5733
240217_2015,24,240217,2,2,1,6,7,13,41,12,2,1,0,24,2,20,37,20037,4,2009,1G1ZH57BX9F2,1,G,1,Z,H,5,7,B,X,9,F,2,0,0,0,000000000,00000000000,0,0,0,1,0,0,0,0,0,0,0,998,0,0,0,12,6,2,12,0,0,0,1,24,21678,6,1,0,0,3,0,63,135,0,0,0,0,0,0,0,0,0,0,0,0,0,0,1,2,50,1,1,2,1,0,0,1,62,99,9,1,69,0,0,5734
240218_2015,24,240218,1,1,1,17,7,7,4,41,0,1,0,24,1,2,404,2404,14,1995,1J4GZ78Y2SC7,1,J,4,G,Z,7,8,Y,2,S,C,7,0,0,0,000000000,00000000000,0,0,0,1,0,0,0,0,0,0,0,998,0,1,5,12,6,2,39,0,0,0,1,24,21740,6,1,0,0,3,0,70,155,0,0,0,0,0,0,0,0,0,3,58,0,0,0,1,2,30,2,6,2,1,0,0,14,6,99,9,4,7,1,1,5735
240219_2015,24,240219,1,2,1,18,7,19,55,12,6,1,0,51,1,54,421,54421,15,2012,2HNYD2H46CH5,2,H,N,Y,D,2,H,4,6,C,H,5,0,0,0,000000000,00000000000,0,0,0,1,0,0,0,0,0,0,0,998,0,0,0,2,6,2,12,0,0,0,1,51,22182,6,1,0,0,3,0,64,130,0,0,0,0,0,0,0,0,0,0,99,99,99,99,3,3,40,1,1,2,1,3,3,12,98,1,1,1,98,0,0,5736
240219_2015,24,240219,2,2,1,18,7,19,55,12,6,1,0,24,1,98,706,98706,80,2014,ZCGGEGNUXEV0,Z,C,G,G,E,G,N,U,X,E,V,0,0,0,0,000000000,00000000000,0,0,0,1,0,0,0,0,0,0,0,998,0,0,0,12,6,2,12,0,0,0,1,24,20886,6,1,0,0,3,0,72,180,0,0,0,0,0,0,0,0,0,0,0,0,0,0,3,3,40,1,1,2,1,3,3,1,62,99,9,1,98,1,0,5737
240220_2015,24,240220,1,1,1,16,7,10,53,31,0,1,0,24,1,55,33,55033,4,2011,5NPEB4AC5BH0,5,N,P,E,B,4,A,C,5,B,H,0,0,0,0,000000000,00000000000,0,0,0,1,0,0,0,0,0,0,0,998,0,0,0,12,6,2,8,0,0,0,1,24,20852,6,1,0,0,3,0,64,135,0,0,0,0,0,0,0,0,0,0,99,99,99,99,1,3,35,1,5,2,1,3,3,99,13,99,9,4,1,0,0,5738
240221_2015,24,240221,1,2,1,2,7,21,53,12,2,1,0,24,1,37,402,37402,14,2010,5J6RE4H32AL0,5,J,6,R,E,4,H,3,2,A,L,0,0,0,0,000000000,00000000000,0,0,0,1,0,0,0,0,0,0,0,998,0,0,0,12,6,2,12,0,0,0,1,24,21131,6,1,0,0,3,0,64,240,0,0,0,0,0,0,0,0,0,0,28,0,0,0,1,2,40,2,1,2,1,0,0,14,10,99,9,2,50,1,0,5739
240221_2015,24,240221,2,2,3,2,7,21,53,12,2,1,0,24,1,37,421,37421,15,2006,2HKYF18626H5,2,H,K,Y,F,1,8,6,2,6,H,5,0,0,0,000000000,00000000000,0,0,0,1,0,0,0,0,0,0,0,998,0,0,0,12,6,2,12,0,0,0,1,24,21205,6,1,0,0,3,0,64,195,0,0,0,0,0,0,0,0,0,0,0,0,0,0,1,2,40,2,1,2,1,0,0,14,62,99,9,1,51,0,0,5740
240222_2015,24,240222,1,1,1,5,7,5,7,30,0,1,0,24,2,19,18,19018,4,2006,1G6DP5772602,1,G,6,D,P,5,7,7,2,6,0,2,0,0,0,000000000,00000000000,0,0,0,1,0,0,0,0,0,0,0,998,0,1,5,12,6,2,30,0,0,0,1,24,20872,6,1,0,0,3,0,68,140,0,0,0,0,0,0,0,0,0,3,0,0,0,0,2,2,50,2,6,2,1,0,0,14,6,99,9,4,7,1,1,5741
240223_2015,24,240223,1,1,1,7,7,1,9,42,0,1,0,24,2,37,32,37032,4,2000,1HGCG6556YA1,1,H,G,C,G,6,5,5,6,Y,A,1,0,0,0,000000000,00000000000,0,0,0,1,0,0,0,0,0,0,0,998,0,0,0,2,6,2,42,0,0,0,1,24,21093,6,1,0,0,3,0,68,160,0,0,0,0,0,0,0,0,0,0,0,0,0,0,1,2,40,2,6,2,2,0,0,14,9,99,4,4,2,1,1,5742
240224_2015,24,240224,1,1,1,24,7,9,0,1,0,1,0,42,1,35,402,35402,14,2003,5N1MD28Y63C6,5,N,1,M,D,2,8,Y,6,3,C,6,0,0,0,000000000,00000000000,0,0,0,1,0,0,0,0,0,0,0,998,0,2,1,0,6,2,1,0,0,0,1,42,17331,6,1,0,0,3,0,65,999,0,0,0,0,0,0,0,0,0,0,58,0,0,0,6,2,98,2,1,2,1,0,0,14,8,98,9,4,98,1,0,5743
240225_2015,24,240225,1,1,1,28,7,21,24,30,0,1,0,24,1,12,23,12023,4,2007,3FAHP07Z07R2,3,F,A,H,P,0,7,Z,0,7,R,2,0,0,0,000000000,00000000000,0,0,0,1,0,0,0,0,0,0,0,998,0,1,5,12,6,2,1,0,0,0,1,24,21771,6,1,0,0,3,0,72,265,0,0,0,0,0,0,0,0,0,0,0,0,0,0,1,2,40,1,1,2,1,0,0,1,11,99,9,4,1,1,0,5744
240226_2015,24,240226,1,2,1,26,7,14,48,12,6,1,0,24,2,12,37,12037,4,2012,1FAHP3F2XCL4,1,F,A,H,P,3,F,2,X,C,L,4,0,0,0,000000000,00000000000,0,0,0,1,0,0,0,0,0,0,0,998,0,0,0,9,6,2,12,0,0,0,1,24,21875,6,1,0,0,3,0,74,245,0,0,0,0,0,0,0,0,0,0,38,39,0,0,8,2,98,8,8,8,1,20,3,1,17,99,9,1,89,1,0,5745
240226_2015,24,240226,2,2,3,26,7,14,48,12,6,1,0,10,2,35,402,35402,14,2003,5N1ED28Y23C6,5,N,1,E,D,2,8,Y,2,3,C,6,0,0,0,000000000,00000000000,0,0,0,1,0,0,0,0,0,0,0,998,0,0,0,12,6,2,12,0,0,0,1,10,19973,6,1,0,0,3,0,63,170,0,0,0,0,0,0,0,0,0,0,0,0,0,0,3,2,55,1,1,2,1,0,0,1,66,99,9,1,88,0,0,5746
240227_2015,24,240227,1,3,1,3,7,5,33,12,8,1,0,24,1,37,31,37031,4,2002,1HGES16532L0,1,H,G,E,S,1,6,5,3,2,L,0,0,0,0,000000000,00000000000,0,0,0,1,0,0,0,0,0,0,0,998,0,0,0,11,6,2,12,0,0,0,1,24,21286,6,1,0,0,3,0,68,170,0,0,0,0,0,0,0,0,0,0,33,0,0,0,1,2,50,1,1,2,1,0,0,6,10,99,9,2,64,1,0,5747
240227_2015,24,240227,2,3,2,3,7,5,33,12,8,1,0,24,1,49,43,49043,4,2000,4T1BF28B8YU0,4,T,1,B,F,2,8,B,8,Y,U,0,0,0,0,000000000,00000000000,0,0,0,1,0,0,0,0,0,0,0,998,0,0,0,10,6,2,12,0,0,0,1,24,21208,6,1,0,0,3,0,71,194,0,0,0,0,0,0,0,0,0,0,0,0,0,0,1,2,50,1,1,2,1,0,0,1,62,99,9,1,65,0,0,5748
240227_2015,24,240227,3,3,2,3,7,5,33,12,8,1,0,24,1,55,401,55401,14,2014,5XYZU3LB4EG1,5,X,Y,Z,U,3,L,B,4,E,G,1,0,0,0,000000000,00000000000,0,0,0,1,0,0,0,0,0,0,0,998,0,0,0,12,6,2,12,0,0,0,1,24,21133,6,1,0,0,3,0,69,190,0,0,0,0,0,0,0,0,0,0,0,0,0,0,1,2,50,1,1,2,1,0,0,1,62,99,9,1,98,0,0,5749
240228_2015,24,240228,1,2,1,22,7,11,11,12,2,1,0,24,1,20,20,20020,4,1997,2G1WL52M4V93,2,G,1,W,L,5,2,M,4,V,9,3,0,0,0,000000000,00000000000,0,0,0,1,0,0,0,0,0,0,0,998,0,0,0,12,6,2,12,0,0,0,1,24,21221,6,1,0,0,3,0,69,170,0,0,0,0,0,0,0,0,0,0,38,0,0,0,3,2,35,1,1,2,1,3,3,11,15,99,9,1,68,1,0,5750
240228_2015,24,240228,2,2,1,22,7,11,11,12,2,1,0,24,1,37,32,37032,4,2008,1HGCP26818A1,1,H,G,C,P,2,6,8,1,8,A,1,0,0,0,000000000,00000000000,0,0,0,1,0,0,0,0,0,0,0,998,0,0,0,12,6,2,12,0,0,0,1,24,21222,6,1,0,0,3,0,68,175,0,0,0,0,0,0,0,0,0,0,0,0,0,0,3,2,35,1,1,2,1,3,3,1,62,99,9,1,69,0,0,5751
240229_2015,24,240229,1,2,1,29,7,8,58,12,6,1,0,24,1,37,31,37031,4,2002,2HGES26792H5,2,H,G,E,S,2,6,7,9,2,H,5,0,0,0,000000000,00000000000,0,0,0,1,0,0,0,0,0,0,0,998,0,0,0,9,6,2,12,0,0,0,1,24,21921,6,1,0,0,3,0,62,160,0,0,0,0,0,0,0,0,0,0,38,39,0,0,8,2,30,8,8,2,1,20,3,10,16,99,9,1,78,0,0,5752
240229_2015,24,240229,2,2,1,29,7,8,58,12,6,1,0,24,1,37,706,37706,80,1989,1HFSC1805KA4,1,H,F,S,C,1,8,0,5,K,A,4,0,0,0,000000000,00000000000,0,0,0,1,0,0,0,0,0,0,0,998,0,0,0,12,6,2,12,0,0,0,1,24,21921,6,1,0,0,3,0,71,300,0,0,0,0,0,0,0,0,0,0,0,0,0,0,3,2,55,1,1,2,1,0,0,1,66,99,9,1,79,1,0,5753
240230_2015,24,240230,1,1,1,23,7,18,58,43,0,1,0,24,1,53,706,53706,80,2003,JS1GT75A4321,J,S,1,G,T,7,5,A,4,3,2,1,0,0,0,000000000,00000000000,0,0,0,1,0,0,0,0,0,0,0,998,0,0,0,12,6,2,43,0,0,0,1,24,20603,6,1,0,0,3,0,68,195,0,0,0,1,0,9,2013,9,2013,0,36,0,0,0,1,2,30,1,1,2,1,0,0,1,8,99,9,4,7,1,0,5754
240231_2015,24,240231,1,3,2,26,7,20,13,12,6,1,0,24,3,20,25,20025,4,2013,1G1PE5SB1D72,1,G,1,P,E,5,S,B,1,D,7,2,0,0,0,000000000,00000000000,0,0,0,1,0,0,0,0,0,0,0,998,0,0,0,3,6,2,12,0,0,0,1,24,20603,6,1,0,0,3,0,68,150,0,2,0,0,0,4,2013,3,2015,0,38,0,0,0,1,2,35,1,1,2,1,0,0,11,16,99,9,1,68,0,0,5755
240231_2015,24,240231,2,3,1,26,7,20,13,12,6,1,0,24,2,37,706,37706,80,2008,JH2SC59078M0,J,H,2,S,C,5,9,0,7,8,M,0,0,0,0,000000000,00000000000,0,0,0,1,0,0,0,0,0,0,0,998,0,0,0,12,6,2,12,0,0,0,1,24,20744,6,1,0,0,3,0,73,205,0,3,0,1,0,4,2013,6,2015,0,0,0,0,0,1,2,35,1,1,2,1,0,0,1,62,99,9,1,69,1,1,5756
240231_2015,24,240231,3,3,1,26,7,20,13,12,6,1,0,24,1,53,706,53706,80,2004,JS1GT75A7421,J,S,1,G,T,7,5,A,7,4,2,1,0,0,0,000000000,00000000000,0,0,0,1,0,0,0,0,0,0,0,998,0,0,0,0,6,2,1,0,0,0,1,24,20735,6,1,0,0,3,3,65,165,0,3,1,1,0,8,2013,2,2014,0,0,0,0,0,1,2,35,1,1,2,1,0,0,1,62,98,9,1,98,0,0,5757
240232_2015,24,240232,1,5,2,21,7,16,55,12,7,1,0,24,2,7,43,7043,4,2006,1B3EL46X46N1,1,B,3,E,L,4,6,X,4,6,N,1,0,0,0,000000000,00000000000,0,0,0,1,0,0,0,0,0,0,0,998,0,0,0,11,6,2,12,0,0,0,1,24,20602,6,1,0,0,3,0,68,200,0,0,0,0,0,0,0,0,0,0,27,0,0,0,3,3,55,1,1,2,1,0,0,15,10,99,9,1,47,1,0,5758
240232_2015,24,240232,2,5,1,21,7,16,55,12,7,1,0,24,1,12,481,12481,31,1996,1FTEF15N1TLC,1,F,T,E,F,1,5,N,1,T,L,C,0,0,0,000000000,00000000000,0,0,0,1,0,0,0,0,0,0,0,998,0,0,0,1,6,2,12,0,0,0,1,24,20743,6,1,0,0,3,0,72,215,0,0,0,0,0,0,0,0,0,0,0,0,0,0,3,3,55,1,1,2,1,0,0,1,61,99,9,1,45,0,0,5759
240232_2015,24,240232,3,5,1,21,7,16,55,12,7,1,0,24,1,41,51,41051,4,2006,JM1BK3237614,J,M,1,B,K,3,2,3,7,6,1,4,0,0,0,000000000,00000000000,0,0,0,1,0,0,0,0,0,0,0,998,0,0,0,12,6,2,12,0,0,0,1,51,20176,6,1,0,0,3,0,70,170,0,0,0,0,0,0,0,0,0,0,0,0,0,0,3,3,55,1,1,2,1,0,0,1,62,99,9,1,98,0,0,5760
240232_2015,24,240232,4,5,1,21,7,16,55,12,7,1,0,24,1,49,40,49040,4,2011,4T1BF3EK2BU1,4,T,1,B,F,3,E,K,2,B,U,1,0,0,0,000000000,00000000000,0,0,0,1,0,0,0,0,0,0,0,998,0,0,0,11,6,2,54,0,0,0,1,24,20611,6,1,0,0,3,0,63,130,0,0,0,0,0,0,0,0,0,0,0,0,0,0,3,3,55,1,1,2,1,0,0,1,98,99,9,1,98,0,0,5761
240232_2015,24,240232,5,5,1,21,7,16,55,12,7,1,0,24,3,7,442,7442,20,2013,2C4JRGAG9DR6,2,C,4,J,R,G,A,G,9,D,R,6,0,0,0,000000000,00000000000,0,0,0,1,0,0,0,0,0,0,0,998,0,0,0,12,6,2,12,0,0,0,1,24,20602,6,1,0,0,3,0,70,185,0,0,0,0,0,0,0,0,0,0,0,0,0,0,3,3,55,1,1,2,1,0,0,1,62,99,9,1,98,0,0,5762