st_case_year,STATE,ST_CASE,VEH_NO,VE_FORMS,NUMOCCS,DAY,MONTH,HOUR,MINUTE,HARM_EV,MAN_COLL,UNITTYPE,HIT_RUN,REG_STAT,OWNER,MAKE,MODEL,MAK_MOD,BODY_TYP,MOD_YEAR,VIN,VIN_1,VIN_2,VIN_3,VIN_4,VIN_5,VIN_6,VIN_7,VIN_8,VIN_9,VIN_10,VIN_11,VIN_12,TOW_VEH,J_KNIFE,MCARR_I1,MCARR_I2,MCARR_ID,GVWR,V_CONFIG,CARGO_BT,HAZ_INV,HAZ_PLAC,HAZ_ID,HAZ_CNO,HAZ_REL,BUS_USE,SPEC_USE,EMER_USE,TRAV_SP,UNDERIDE,ROLLOVER,ROLINLOC,IMPACT1,DEFORMED,TOWED,M_HARM,VEH_SC1,VEH_SC2,FIRE_EXP,DR_PRES,L_STATE,DR_ZIP,L_STATUS,L_TYPE,CDL_STAT,L_ENDORS,L_COMPL,L_RESTRI,DR_HGT,DR_WGT,PREV_ACC,PREV_SUS,PREV_DWI,PREV_SPD,PREV_OTH,FIRST_MO,FIRST_YR,LAST_MO,LAST_YR,SPEEDREL,DR_SF1,DR_SF2,DR_SF3,DR_SF4,VTRAFWAY,VNUM_LAN,VSPD_LIM,VALIGN,VPROFILE,VPAVETYP,VSURCOND,VTRAFCON,VTCONT_F,P_CRASH1,P_CRASH2,P_CRASH3,PCRASH4,PCRASH5,ACC_TYPE,DEATHS,DR_DRINK,idno
240264_2015,24,240264,2,2,1,17,8,9,35,12,2,1,0,24,1,49,401,49401,14,1999,JT3HN87R7X90,J,T,3,H,N,8,7,R,7,X,9,0,0,0,0,000000000,00000000000,0,0,0,1,0,0,0,0,0,0,0,998,0,0,0,12,6,2,12,0,0,0,1,24,21132,6,1,0,0,3,0,66,135,0,0,0,0,0,0,0,0,0,0,0,0,0,0,1,2,50,1,1,2,1,0,0,1,62,99,9,1,51,0,0,5819
240265_2015,24,240265,1,1,1,19,8,22,59,31,0,1,0,48,1,30,36,30036,6,2007,WVWDR71K87W2,W,V,W,D,R,7,1,K,8,7,W,2,0,0,0,000000000,00000000000,0,0,0,1,0,0,0,0,0,0,0,998,0,1,5,9,6,2,1,0,0,0,1,48,77077,6,1,0,0,3,0,72,170,0,0,0,0,0,0,0,0,0,3,0,0,0,0,1,2,30,3,6,2,1,0,0,14,6,99,9,4,7,1,1,5820
240266_2015,24,240266,1,1,1,14,9,19,25,5,0,1,0,24,1,72,706,72706,80,2002,1HD1BXB192Y0,1,H,D,1,B,X,B,1,9,2,Y,0,0,0,0,000000000,00000000000,0,0,0,1,0,0,0,0,0,0,0,998,0,0,0,0,6,2,5,0,0,0,1,24,21663,6,1,0,0,3,0,73,240,0,0,0,0,0,0,0,0,0,9,99,99,99,99,1,2,25,1,1,2,1,0,0,2,9,3,9,1,0,1,0,5821
240267_2015,24,240267,1,2,1,10,8,22,47,8,0,1,0,24,1,14,17,14017,4,1999,1MEFM53S1XA6,1,M,E,F,M,5,3,S,1,X,A,6,0,0,0,000000000,00000000000,0,0,0,1,0,0,0,0,0,0,0,998,0,0,0,12,4,3,8,0,0,0,1,24,20744,6,1,0,0,3,0,67,156,0,0,0,0,0,0,0,0,0,0,0,0,0,0,3,3,45,1,1,2,2,0,0,1,80,1,1,1,13,0,0,5822
240267_2015,24,240267,2,2,1,10,8,22,47,8,0,1,0,24,1,37,32,37032,4,2007,1HGCM56437A0,1,H,G,C,M,5,6,4,3,7,A,0,0,0,0,000000000,00000000000,0,0,0,1,0,0,0,0,0,0,0,998,0,0,0,14,0,5,8,0,0,0,1,24,20602,6,1,0,0,3,0,71,180,0,0,0,0,0,0,0,0,0,0,0,0,0,0,3,3,45,1,1,2,2,0,0,1,80,1,1,1,98,0,0,5823
240268_2015,24,240268,1,2,2,21,8,1,20,12,9,1,0,34,1,59,33,59033,2,1997,JT8CD32Z0V00,J,T,8,C,D,3,2,Z,0,V,0,0,0,0,0,000000000,00000000000,0,0,0,1,0,0,0,0,0,0,0,998,0,0,0,9,6,2,12,0,0,0,1,34,8080,6,1,0,0,3,0,73,999,0,0,0,0,1,7,2013,7,2013,3,36,58,0,0,2,5,55,1,1,2,1,0,0,3,11,99,9,2,48,1,1,5824
240268_2015,24,240268,2,2,1,21,8,1,20,12,9,1,0,24,1,20,422,20422,15,2011,1GNSKKE32BR2,1,G,N,S,K,K,E,3,2,B,R,2,0,0,0,000000000,00000000000,0,0,0,1,0,0,0,0,0,0,0,998,0,0,0,6,6,2,12,0,0,0,1,24,21043,6,1,0,0,3,0,69,194,0,0,0,0,0,0,0,0,0,0,0,0,0,0,2,5,55,1,1,2,1,0,0,1,60,99,9,1,48,0,0,5825
240269_2015,24,240269,1,2,2,23,8,14,20,12,6,1,0,24,1,20,2,20002,4,2008,2G1WC5839892,2,G,1,W,C,5,8,3,9,8,9,2,0,0,0,000000000,00000000000,0,0,0,1,0,0,0,0,0,0,0,998,0,1,5,3,6,2,12,0,0,0,1,24,20853,6,1,0,0,3,0,75,185,0,0,0,0,0,0,0,0,0,0,0,0,0,0,1,2,50,1,1,2,1,0,0,11,15,99,9,1,68,1,0,5826
240269_2015,24,240269,2,2,1,23,8,14,20,12,6,1,0,51,1,49,32,49032,4,1996,2T1BB02E1TC1,2,T,1,B,B,0,2,E,1,T,C,1,0,0,0,000000000,00000000000,0,0,0,1,0,0,0,0,0,0,0,998,0,0,0,12,6,2,12,0,0,0,1,24,20640,6,1,0,0,3,0,65,180,0,0,0,0,1,2,2014,2,2014,0,0,0,0,0,1,2,50,1,1,2,1,0,0,1,62,99,9,1,69,0,0,5827
240270_2015,24,240270,1,1,1,9,9,9,7,42,0,1,0,24,1,7,482,7482,31,2014,2C4JRGAG3ER2,2,C,4,J,R,G,A,G,3,E,R,2,0,0,0,000000000,00000000000,0,0,0,1,0,0,0,0,0,0,0,998,0,0,0,12,6,2,42,0,0,0,1,51,23504,6,1,0,0,3,0,75,225,0,0,0,0,0,0,0,0,0,0,99,99,99,99,2,3,65,1,1,2,1,0,0,1,11,1,1,4,6,1,0,5828
240271_2015,24,240271,1,1,1,15,8,4,36,8,0,1,0,37,3,86,881,86881,66,2007,1M1AP02Y37N0,1,M,1,A,P,0,2,Y,3,7,N,0,1,1,57,1903763,571903763,3,6,1,1,0,0,0,0,0,0,0,998,0,0,0,12,9,5,8,0,0,0,1,24,21851,6,1,6,0,2,0,70,184,0,0,0,1,0,3,2013,3,2013,0,99,99,99,99,3,2,55,1,1,2,1,3,3,1,81,99,9,1,13,0,0,5829
240272_2015,24,240272,1,2,1,17,8,9,31,12,6,1,0,24,2,20,22,20022,4,2008,1G1AL58F1872,1,G,1,A,L,5,8,F,1,8,7,2,0,0,0,000000000,00000000000,0,0,0,1,0,0,0,0,0,0,0,998,0,0,0,2,6,2,12,0,0,0,1,24,20785,6,1,0,0,3,0,62,140,0,0,0,0,0,0,0,0,0,0,38,0,0,0,3,3,40,1,1,2,1,0,0,11,15,1,1,1,68,0,0,5830
240272_2015,24,240272,2,2,1,17,8,9,31,12,6,1,0,24,1,76,706,76706,80,2006,JYARN15E66A0,J,Y,A,R,N,1,5,E,6,6,A,0,0,0,0,000000000,00000000000,0,0,0,1,0,0,0,0,0,0,0,998,0,0,0,12,6,2,12,0,0,0,1,24,20744,6,1,0,0,3,0,72,190,0,0,0,0,0,0,0,0,0,0,0,0,0,0,3,3,40,1,1,2,1,0,0,1,62,99,9,1,69,1,0,5831
240273_2015,24,240273,1,2,2,19,8,21,38,12,6,1,0,51,1,51,40,51040,6,1994,YV1JW8709R30,Y,V,1,J,W,8,7,0,9,R,3,0,0,0,0,000000000,00000000000,0,0,0,1,0,0,0,0,0,0,0,998,0,0,0,2,6,2,12,0,0,0,1,51,22436,6,1,0,0,3,0,69,145,0,0,0,0,2,8,2014,2,2015,0,38,0,0,0,3,2,55,1,1,2,1,0,0,11,15,1,1,1,76,2,1,5832
240273_2015,24,240273,2,2,2,19,8,21,38,12,6,1,0,24,2,6,54,6054,6,2005,2C4GM68485R6,2,C,4,G,M,6,8,4,8,5,R,6,0,0,0,000000000,00000000000,0,0,0,1,0,0,0,0,0,0,0,998,0,0,0,12,6,2,12,0,0,0,1,24,20744,6,1,0,0,3,0,70,120,0,0,0,0,0,0,0,0,0,0,0,0,0,0,3,2,55,1,1,2,1,0,0,1,65,99,9,1,77,0,0,5833
240274_2015,24,240274,1,1,2,20,9,5,0,21,0,1,0,24,2,20,431,20431,16,1999,3GNGK26J1XG1,3,G,N,G,K,2,6,J,1,X,G,1,0,0,0,000000000,00000000000,0,0,0,1,0,0,0,0,0,0,0,998,0,0,0,12,6,2,21,0,0,0,1,24,21085,6,1,0,0,3,0,70,225,0,1,0,0,0,8,2014,8,2014,4,0,0,0,0,1,2,30,3,1,2,1,0,0,14,6,99,9,4,2,1,0,5834
240275_2015,24,240275,1,1,1,21,8,19,4,8,0,1,0,24,2,2,403,2403,14,1999,1J4FY19S0XP4,1,J,4,F,Y,1,9,S,0,X,P,4,0,0,0,000000000,00000000000,0,0,0,1,0,0,0,0,0,0,0,998,0,0,0,12,6,2,8,0,0,0,1,24,21917,6,2,0,0,3,0,70,215,0,0,0,0,0,0,0,0,0,4,0,0,0,0,1,2,25,3,1,2,1,0,0,1,80,1,1,1,13,0,0,5835
240276_2015,24,240276,1,2,1,26,8,13,33,12,2,1,0,24,1,49,402,49402,14,2009,2T3BK31V19W0,2,T,3,B,K,3,1,V,1,9,W,0,0,0,0,000000000,00000000000,0,0,0,1,0,0,0,0,0,0,0,998,0,1,1,12,6,2,1,0,0,0,1,24,20634,6,1,0,0,3,0,72,264,0,0,0,0,0,0,0,0,0,0,28,0,0,0,1,2,50,3,1,2,1,0,0,14,10,99,9,2,50,1,0,5836
240276_2015,24,240276,2,2,1,26,8,13,33,12,2,1,0,24,2,23,8,23008,6,2011,1GKKVRED2BJ4,1,G,K,K,V,R,E,D,2,B,J,4,0,0,0,000000000,00000000000,0,0,0,1,0,0,0,0,0,0,0,998,0,1,1,12,6,2,12,0,0,0,1,24,20657,6,1,0,0,3,0,64,140,0,0,0,0,0,0,0,0,0,0,0,0,0,0,1,2,50,3,1,2,1,0,0,14,62,99,9,1,51,0,0,5837
240277_2015,24,240277,1,1,1,10,9,21,30,8,0,1,0,42,1,12,402,12402,14,2010,1FMCU9EG5AKC,1,F,M,C,U,9,E,G,5,A,K,C,0,0,0,000000000,00000000000,0,0,0,1,0,0,0,0,0,0,0,998,0,0,0,12,6,2,8,0,0,0,1,42,16830,6,1,0,0,3,0,66,999,0,0,0,0,0,0,0,0,0,9,99,99,99,99,3,2,40,1,1,2,1,0,0,1,80,99,9,1,13,0,0,5838
240278_2015,24,240278,1,2,1,27,8,22,27,8,0,1,0,24,1,7,42,7042,2,1998,4B3AU42Y2WE1,4,B,3,A,U,4,2,Y,2,W,E,1,0,0,0,000000000,00000000000,0,0,0,1,0,0,0,0,0,0,0,998,0,0,0,12,6,2,8,0,0,0,1,24,20735,6,1,0,0,3,0,61,145,0,0,0,0,0,0,0,0,0,0,0,0,0,0,6,2,45,1,1,2,1,0,0,1,80,1,1,1,13,0,0,5839
240278_2015,24,240278,2,2,1,27,8,22,27,8,0,1,0,24,1,37,32,37032,4,1998,JHMBB6244WC0,J,H,M,B,B,6,2,4,4,W,C,0,0,0,0,000000000,00000000000,0,0,0,1,0,0,0,0,0,0,0,998,0,0,0,14,0,5,8,0,0,0,1,24,20735,6,1,0,0,3,0,61,145,0,0,0,0,1,4,2013,4,2013,0,0,0,0,0,3,3,45,1,1,2,1,0,0,1,80,1,1,1,98,0,0,5840
240279_2015,24,240279,1,1,1,18,9,23,0,24,0,1,0,24,1,12,37,12037,4,2014,1FADP3K2XEL2,1,F,A,D,P,3,K,2,X,E,L,2,0,0,0,000000000,00000000000,0,0,0,1,0,0,0,0,0,0,0,998,0,0,0,12,6,2,42,0,0,0,1,24,21784,6,1,0,0,3,0,69,200,0,0,0,1,0,3,2013,3,2013,0,0,0,0,0,1,2,55,1,1,2,1,0,0,1,11,99,9,4,1,1,0,5841
240280_2015,24,240280,1,2,1,23,8,4,38,12,2,1,0,24,1,50,705,50705,80,2004,SMT810GM14J1,S,M,T,8,1,0,G,M,1,4,J,1,0,0,0,000000000,00000000000,0,0,0,1,0,0,0,0,0,0,0,998,0,0,0,12,6,2,12,0,0,0,1,24,20708,6,1,0,0,3,0,72,207,0,0,0,1,0,11,2014,11,2014,0,28,0,0,0,1,2,40,2,1,2,1,0,0,14,12,99,9,2,50,1,1,5842
240280_2015,24,240280,2,2,1,23,8,4,38,12,2,1,0,24,1,37,706,37706,80,2014,JH2SC68G5EK2,J,H,2,S,C,6,8,G,5,E,K,2,0,0,0,000000000,00000000000,0,0,0,1,0,0,0,0,0,0,0,998,0,0,0,12,6,2,12,0,0,0,1,24,20720,6,1,0,0,3,0,76,215,0,0,0,0,0,0,0,0,0,0,0,0,0,0,1,2,40,2,1,2,1,0,0,14,62,99,9,1,51,1,0,5843
240281_2015,24,240281,1,2,1,23,9,17,9,12,2,1,0,24,1,49,401,49401,14,2004,JTEBU14R4400,J,T,E,B,U,1,4,R,4,4,0,0,0,0,0,000000000,00000000000,0,0,0,1,0,0,0,0,0,0,0,998,0,1,1,12,6,2,12,0,0,0,1,24,21401,6,1,0,0,3,0,71,178,0,0,0,0,0,0,0,0,0,0,28,0,0,0,1,2,35,2,6,2,1,0,0,14,10,99,9,2,50,1,0,5844
240281_2015,24,240281,2,2,4,23,9,17,9,12,2,1,0,24,1,30,46,30046,4,2006,WVWCU73C56P0,W,V,W,C,U,7,3,C,5,6,P,0,0,0,0,000000000,00000000000,0,0,0,1,0,0,0,0,0,0,0,998,0,0,0,12,6,2,12,0,0,0,1,24,21061,6,1,0,0,3,0,69,185,0,0,0,0,0,0,0,0,0,0,0,0,0,0,1,2,35,2,6,2,1,0,0,1,62,99,9,1,51,0,0,5845
240282_2015,24,240282,1,1,1,19,9,15,40,9,0,1,0,24,1,37,421,37421,15,2008,5FNYF18748B0,5,F,N,Y,F,1,8,7,4,8,B,0,0,0,0,000000000,00000000000,0,0,0,1,0,0,0,0,0,0,0,998,0,0,0,9,2,3,9,0,0,0,1,24,21771,6,1,0,0,3,0,72,200,0,0,0,0,0,0,0,0,0,0,99,99,99,99,1,2,35,2,6,2,1,0,0,1,80,99,9,1,13,0,0,5846
240283_2015,24,240283,1,2,1,17,9,15,50,12,6,1,0,92,0,76,703,76703,83,2012,9C6CE22Y5C00,9,C,6,C,E,2,2,Y,5,C,0,0,0,0,0,000000000,00000000000,0,0,0,1,0,0,0,0,0,0,0,998,0,0,0,12,6,2,12,0,0,0,1,24,21234,6,1,0,0,3,0,65,142,0,0,0,0,0,0,0,0,0,3,0,0,0,0,1,2,25,1,1,2,1,3,3,1,62,99,9,1,69,1,0,5847
240283_2015,24,240283,2,2,1,17,9,15,50,12,6,1,0,24,3,7,442,7442,20,2006,2D4GP44L56R8,2,D,4,G,P,4,4,L,5,6,R,8,0,0,0,000000000,00000000000,0,0,0,1,0,0,0,0,0,0,0,998,0,0,0,4,4,3,12,0,0,0,1,24,21206,6,1,0,0,3,0,75,288,0,2,0,0,1,5,2014,11,2014,0,0,0,0,0,1,2,25,1,1,2,1,3,3,11,15,99,9,9,68,0,0,5848
240284_2015,24,240284,1,1,1,31,8,20,48,1,0,1,0,24,1,2,403,2403,14,2006,1J4FA69S16P7,1,J,4,F,A,6,9,S,1,6,P,7,0,0,0,000000000,00000000000,0,0,0,1,0,0,0,0,0,0,0,998,0,2,3,0,6,2,1,0,0,0,1,24,21851,6,1,0,0,3,0,69,189,0,0,0,0,0,0,0,0,0,0,0,0,0,0,3,2,55,1,1,2,1,0,0,1,11,99,9,4,98,1,1,5849
240285_2015,24,240285,1,2,1,31,8,10,18,12,2,1,0,24,2,49,46,49046,4,2012,JTDKN3DU2C15,J,T,D,K,N,3,D,U,2,C,1,5,0,0,0,000000000,00000000000,0,0,0,1,0,0,0,0,0,0,0,998,0,0,0,12,6,2,12,0,0,0,1,24,21131,6,1,0,0,3,3,68,140,0,0,0,0,0,0,0,0,0,0,38,0,0,0,1,4,45,1,1,2,1,3,3,11,15,99,9,1,68,0,0,5850
240285_2015,24,240285,2,2,1,31,8,10,18,12,2,1,0,24,1,34,706,34706,80,2009,WB10313079ZU,W,B,1,0,3,1,3,0,7,9,Z,U,0,0,0,000000000,00000000000,0,0,0,1,0,0,0,0,0,0,0,998,0,0,0,12,6,2,12,0,0,0,1,24,21030,6,1,0,0,3,0,71,200,0,0,0,0,0,0,0,0,0,0,0,0,0,0,1,4,45,1,1,2,1,3,3,1,62,99,9,1,69,1,0,5851
240286_2015,24,240286,1,1,2,28,8,6,15,9,0,1,0,24,1,20,37,20037,4,2013,1G11E5SA7DF3,1,G,1,1,E,5,S,A,7,D,F,3,0,0,0,000000000,00000000000,0,0,0,1,0,0,0,0,0,0,0,998,0,0,0,12,6,2,9,0,0,0,1,24,21040,6,1,0,0,3,0,72,195,0,0,0,0,0,0,0,0,0,0,99,99,99,99,3,2,30,1,3,2,1,0,0,1,13,99,1,4,13,0,0,5852
240287_2015,24,240287,1,1,4,24,8,13,9,34,0,1,0,24,1,49,421,49421,15,1999,JT3HT05J2X00,J,T,3,H,T,0,5,J,2,X,0,0,0,0,0,000000000,00000000000,0,0,0,1,0,0,0,0,0,0,0,998,0,1,5,12,6,2,42,0,0,0,1,24,21612,6,1,0,0,3,0,73,250,0,0,0,1,1,11,2013,5,2014,0,0,0,0,0,3,2,55,1,1,2,1,0,0,1,11,99,1,4,1,1,0,5853
240288_2015,24,240288,1,1,2,24,8,18,31,1,0,1,0,24,0,37,32,37032,4,1997,JHMCD5630VC0,J,H,M,C,D,5,6,3,0,V,C,0,0,0,0,000000000,00000000000,0,0,0,1,0,0,0,0,0,0,0,998,0,2,3,0,6,2,1,0,0,0,1,42,17047,6,1,0,0,3,0,73,999,0,0,0,0,0,0,0,0,0,0,99,99,99,99,3,2,60,1,1,2,1,0,0,1,12,99,9,4,10,1,0,5854
240289_2015,24,240289,1,1,1,3,9,21,45,8,0,1,0,24,3,7,29,7029,4,2015,1C3CDFBB0FD4,1,C,3,C,D,F,B,B,0,F,D,4,0,0,0,000000000,00000000000,0,0,0,1,0,0,0,0,0,0,0,998,0,0,0,12,6,2,8,0,0,0,1,24,21220,6,1,0,0,3,3,66,142,0,0,0,0,0,0,0,0,0,0,0,0,0,0,3,2,50,2,5,2,1,0,0,1,80,99,9,1,13,0,0,5855
240290_2015,24,240290,1,1,4,6,9,16,27,42,0,1,0,24,2,54,35,54035,4,2003,19UUA56843A0,1,9,U,U,A,5,6,8,4,3,A,0,0,0,0,000000000,00000000000,0,0,0,1,0,0,0,0,0,0,0,998,0,0,0,12,6,2,42,0,0,0,1,24,21111,6,1,0,0,3,0,64,115,0,0,0,0,0,0,0,0,0,0,0,0,0,0,1,2,35,1,1,2,1,0,0,1,8,1,9,4,7,1,0,5856
240291_2015,24,240291,1,1,1,14,6,19,10,42,0,1,0,10,1,23,481,23481,31,1994,1GTEC14K1RE5,1,G,T,E,C,1,4,K,1,R,E,5,0,0,0,000000000,00000000000,0,0,0,1,0,0,0,0,0,0,0,998,0,0,0,12,6,2,42,0,0,0,1,10,19702,6,1,0,0,3,0,73,190,0,0,0,0,0,0,0,0,0,0,83,0,0,0,1,2,30,1,1,2,1,0,0,1,87,99,9,4,1,1,1,5857
240292_2015,24,240292,1,2,10,15,4,14,48,12,6,1,0,24,3,84,983,84983,50,2009,4DRBUAAN79B0,4,D,R,B,U,A,A,N,7,9,B,0,0,0,88,888888888,88888888888,3,21,22,1,0,0,0,0,1,2,0,998,0,0,0,4,4,3,12,0,0,0,1,24,21132,6,1,6,0,3,0,63,185,0,0,0,0,0,0,0,0,0,0,38,0,0,0,1,2,50,1,1,2,1,0,0,11,15,99,9,1,68,0,0,5858
240292_2015,24,240292,2,2,1,15,4,14,48,12,6,1,0,24,1,73,706,73706,80,2006,JKBVNMF166A0,J,K,B,V,N,M,F,1,6,6,A,0,0,0,0,000000000,00000000000,0,0,0,1,0,0,0,0,0,0,0,998,0,0,0,98,6,2,12,0,0,0,1,24,21120,6,1,0,0,3,0,74,205,0,0,0,0,0,0,0,0,0,0,0,0,0,0,1,2,50,1,1,2,1,0,0,1,62,99,9,1,69,1,0,5859
240293_2015,24,240293,1,2,1,19,9,2,35,12,6,1,0,24,1,30,46,30046,4,2009,WVWHL73C59E5,W,V,W,H,L,7,3,C,5,9,E,5,0,0,0,000000000,00000000000,0,0,0,1,0,0,0,0,0,0,0,998,0,0,0,3,6,2,12,0,0,0,1,24,20744,6,1,0,0,3,0,61,160,0,0,0,0,0,0,0,0,0,0,38,0,0,0,3,2,55,1,1,2,1,3,3,11,15,99,9,1,68,1,1,5860
240293_2015,24,240293,2,2,1,19,9,2,35,12,6,1,0,24,2,20,24,20024,6,2011,1GNKRFED4BJ2,1,G,N,K,R,F,E,D,4,B,J,2,0,0,0,000000000,00000000000,0,0,0,1,0,0,0,0,0,0,0,998,0,0,0,12,6,2,12,0,0,0,1,24,20747,1,1,0,0,2,0,75,170,0,3,0,0,0,4,2015,8,2015,0,0,0,0,0,3,2,55,1,1,2,1,3,3,1,62,99,1,1,69,0,0,5861
240294_2015,24,240294,1,1,1,25,7,18,41,34,0,1,0,24,1,72,706,72706,80,2004,1HD4CJM124K4,1,H,D,4,C,J,M,1,2,4,K,4,0,0,0,000000000,00000000000,0,0,0,1,0,0,0,0,0,0,0,998,0,0,0,98,6,2,34,0,0,0,1,24,20650,6,1,0,0,2,0,68,180,0,0,0,1,0,9,2013,9,2013,0,83,0,0,0,1,2,35,1,1,2,1,0,0,1,87,98,9,4,8,1,1,5862
240295_2015,24,240295,1,2,1,6,8,11,32,12,6,1,0,24,1,18,2,18002,4,2003,1G4HP54K13U1,1,G,4,H,P,5,4,K,1,3,U,1,0,0,0,000000000,00000000000,0,0,0,1,0,0,0,0,0,0,0,998,0,0,0,1,6,2,12,0,0,0,1,24,21742,6,1,0,0,3,0,65,197,0,0,0,0,0,0,0,0,0,0,38,0,0,0,1,2,25,1,1,2,1,0,0,1,17,99,9,1,87,0,0,5863
240295_2015,24,240295,2,2,1,6,8,11,32,12,6,1,0,51,2,76,706,76706,80,2014,JYARN23E9EA0,J,Y,A,R,N,2,3,E,9,E,A,0,0,0,0,000000000,00000000000,0,0,0,1,0,0,0,0,0,0,0,998,0,0,0,12,6,2,12,0,0,0,1,24,21740,6,1,0,0,3,0,70,174,0,1,0,0,0,2,2013,2,2013,0,0,0,0,0,1,2,25,1,1,2,1,0,0,1,66,99,9,1,86,1,1,5864
240296_2015,24,240296,1,2,3,11,8,17,20,12,6,1,0,51,1,6,44,6044,4,1999,1C3EJ56H2XN5,1,C,3,E,J,5,6,H,2,X,N,5,0,0,0,000000000,00000000000,0,0,0,1,0,0,0,0,0,0,0,998,0,0,0,4,6,2,12,0,0,0,1,24,21128,1,1,0,0,2,0,67,185,0,1,0,0,0,7,2014,7,2014,3,28,0,0,0,1,2,25,2,1,2,2,0,0,14,6,98,9,2,64,2,0,5865
240296_2015,24,240296,2,2,1,11,8,17,20,12,6,1,0,24,2,35,49,35049,6,2007,JN8AZ08W17W6,J,N,8,A,Z,0,8,W,1,7,W,6,0,0,0,000000000,00000000000,0,0,0,1,0,0,0,0,0,0,0,998,0,0,0,12,6,2,12,0,0,0,1,24,20724,6,1,0,0,3,0,68,185,0,0,0,0,1,7,2013,7,2013,0,0,0,0,0,1,2,25,2,1,2,2,0,0,1,62,99,9,1,65,0,0,5866
240297_2015,24,240297,1,1,1,25,8,6,2,33,0,1,0,24,1,49,32,49032,4,2010,2T1BU4EE7AC5,2,T,1,B,U,4,E,E,7,A,C,5,0,0,0,000000000,00000000000,0,0,0,1,0,0,0,0,0,0,0,998,0,1,5,14,6,2,1,0,0,0,1,24,21061,6,1,0,0,3,0,67,285,0,0,0,0,0,0,0,0,0,0,99,99,99,99,1,2,30,1,1,2,1,0,0,1,11,99,9,4,1,1,0,5867
240298_2015,24,240298,1,1,1,27,9,10,3,42,0,1,0,24,2,49,472,49472,30,2004,5TESN92N34Z3,5,T,E,S,N,9,2,N,3,4,Z,3,0,0,0,000000000,00000000000,0,0,0,1,0,0,0,0,0,0,0,998,0,0,0,12,6,2,42,0,0,0,1,24,20664,6,1,0,0,3,0,63,195,0,0,0,0,0,0,0,0,0,0,0,0,0,0,1,2,50,1,1,2,1,0,0,1,12,99,9,4,6,1,0,5868
240299_2015,24,240299,1,2,1,5,9,11,50,12,2,1,0,24,1,49,32,49032,4,2006,2T1BR32E56C5,2,T,1,B,R,3,2,E,5,6,C,5,0,0,0,000000000,00000000000,0,0,0,1,0,0,0,0,0,0,0,998,0,0,0,12,6,2,12,0,0,0,1,24,21218,6,1,0,0,3,0,72,170,0,1,0,0,0,6,2015,6,2015,3,39,0,0,0,3,2,35,1,1,2,1,3,3,1,17,99,9,1,90,1,0,5869
240299_2015,24,240299,2,2,1,5,9,11,50,12,2,1,0,42,2,59,403,59403,14,2005,2T2HA31U95C0,2,T,2,H,A,3,1,U,9,5,C,0,0,0,0,000000000,00000000000,0,0,0,1,0,0,0,0,0,0,0,998,0,0,0,12,6,2,12,0,0,0,1,24,21222,6,1,0,0,3,0,73,210,0,0,0,0,0,0,0,0,0,0,0,0,0,0,3,2,35,1,1,2,1,3,3,1,66,99,9,1,90,0,0,5870
240300_2015,24,240300,1,1,1,16,4,13,34,24,0,1,0,24,1,37,705,37705,80,2004,JH2PC37064M1,J,H,2,P,C,3,7,0,6,4,M,1,0,0,0,000000000,00000000000,0,0,0,1,0,0,0,0,0,0,0,998,0,0,0,12,6,2,24,0,0,0,1,24,21001,6,1,0,0,3,0,73,190,0,0,0,1,0,3,2013,3,2013,4,27,58,0,0,3,4,55,1,1,2,1,0,0,3,9,99,9,4,99,1,1,5871
240301_2015,24,240301,1,1,1,14,6,15,55,39,0,1,0,24,1,55,33,55033,4,2009,5NPEU46F19H4,5,N,P,E,U,4,6,F,1,9,H,4,0,0,0,000000000,00000000000,0,0,0,1,0,0,0,0,0,0,0,998,0,0,0,1,6,2,58,0,0,0,1,24,21044,6,1,0,0,3,0,60,140,0,0,0,0,0,0,0,0,0,0,0,0,0,0,0,0,0,0,0,0,0,0,0,3,14,99,9,4,14,1,0,5872
240302_2015,24,240302,1,2,1,5,9,15,39,12,2,1,0,24,1,20,481,20481,31,2009,1GCEK19CX9Z2,1,G,C,E,K,1,9,C,X,9,Z,2,0,0,0,000000000,00000000000,0,0,0,1,0,0,0,0,0,0,0,998,0,0,0,12,6,2,12,0,0,0,1,24,20657,6,1,0,0,3,0,72,180,0,0,0,0,0,0,0,0,0,0,28,0,0,0,1,2,50,2,1,2,1,0,0,1,10,99,9,2,50,0,1,5873
240302_2015,24,240302,2,2,1,5,9,15,39,12,2,1,0,24,2,23,401,23401,14,2007,1GKET63M4722,1,G,K,E,T,6,3,M,4,7,2,2,0,0,0,000000000,00000000000,0,0,0,1,0,0,0,0,0,0,0,998,0,0,0,12,6,2,12,0,0,0,1,24,20732,6,1,0,0,3,0,70,230,0,0,0,0,0,0,0,0,0,0,0,0,0,0,1,2,50,3,1,2,1,0,0,1,62,6,9,1,51,1,0,5874
240303_2015,24,240303,1,1,2,18,9,5,49,8,0,1,0,24,1,55,35,55035,4,1998,KMHJF34M5WU6,K,M,H,J,F,3,4,M,5,W,U,6,0,0,0,000000000,00000000000,0,0,0,1,0,0,0,0,0,0,0,45,0,0,0,12,6,2,8,0,0,0,1,24,21801,6,1,0,0,3,0,72,180,0,0,0,0,0,0,0,0,0,0,0,0,0,0,3,2,45,1,1,2,1,0,0,1,80,1,1,1,13,0,0,5875