st_case_year,STATE,ST_CASE,VEH_NO,VE_FORMS,NUMOCCS,DAY,MONTH,HOUR,MINUTE,HARM_EV,MAN_COLL,UNITTYPE,HIT_RUN,REG_STAT,OWNER,MAKE,MODEL,MAK_MOD,BODY_TYP,MOD_YEAR,VIN,VIN_1,VIN_2,VIN_3,VIN_4,VIN_5,VIN_6,VIN_7,VIN_8,VIN_9,VIN_10,VIN_11,VIN_12,TOW_VEH,J_KNIFE,MCARR_I1,MCARR_I2,MCARR_ID,GVWR,V_CONFIG,CARGO_BT,HAZ_INV,HAZ_PLAC,HAZ_ID,HAZ_CNO,HAZ_REL,BUS_USE,SPEC_USE,EMER_USE,TRAV_SP,UNDERIDE,ROLLOVER,ROLINLOC,IMPACT1,DEFORMED,TOWED,M_HARM,VEH_SC1,VEH_SC2,FIRE_EXP,DR_PRES,L_STATE,DR_ZIP,L_STATUS,L_TYPE,CDL_STAT,L_ENDORS,L_COMPL,L_RESTRI,DR_HGT,DR_WGT,PREV_ACC,PREV_SUS,PREV_DWI,PREV_SPD,PREV_OTH,FIRST_MO,FIRST_YR,LAST_MO,LAST_YR,SPEEDREL,DR_SF1,DR_SF2,DR_SF3,DR_SF4,VTRAFWAY,VNUM_LAN,VSPD_LIM,VALIGN,VPROFILE,VPAVETYP,VSURCOND,VTRAFCON,VTCONT_F,P_CRASH1,P_CRASH2,P_CRASH3,PCRASH4,PCRASH5,ACC_TYPE,DEATHS,DR_DRINK,idno
240381_2015,24,240381,1,1,1,16,10,23,48,8,0,1,1,99,9,12,23,12023,4,9999,999999999999,9,9,9,9,9,9,9,9,9,9,9,9,0,0,0,000000000,00000000000,0,0,0,1,0,0,0,0,0,0,0,998,0,0,0,12,9,5,8,0,0,0,1,99,99999,9,9,99,9,9,9,999,999,99,99,99,99,99,99,9999,99,9999,9,99,99,99,99,1,2,30,1,1,2,1,0,0,1,80,99,1,1,13,0,0,5989
240382_2015,24,240382,1,1,2,24,10,12,22,42,0,1,0,24,1,12,481,12481,31,2005,1FTPW14555FB,1,F,T,P,W,1,4,5,5,5,F,B,0,0,0,000000000,00000000000,0,0,0,1,0,0,0,0,0,0,0,998,0,0,0,12,6,2,42,0,0,0,1,24,20637,6,1,0,0,3,0,71,200,0,0,0,0,0,0,0,0,0,0,0,0,0,0,1,2,40,2,6,2,1,0,0,1,12,1,1,4,6,1,0,5990
240383_2015,24,240383,1,1,1,1,11,18,49,8,0,1,0,24,3,49,46,49046,4,2009,JTDKB20U9978,J,T,D,K,B,2,0,U,9,9,7,8,0,0,0,000000000,00000000000,0,0,0,1,0,0,0,0,0,0,0,998,0,0,0,12,4,3,8,0,0,0,1,24,21236,6,1,0,0,3,0,69,210,0,0,0,0,0,0,0,0,0,0,0,0,0,0,3,2,50,1,1,2,1,0,0,1,80,99,1,1,13,0,0,5991
240384_2015,24,240384,1,2,1,10,11,14,52,12,6,1,0,24,1,49,482,49482,31,2002,5TBBT48132S2,5,T,B,B,T,4,8,1,3,2,S,2,0,0,0,000000000,00000000000,0,0,0,1,0,0,0,0,0,0,0,998,0,1,1,1,6,2,12,0,0,0,1,24,21221,6,1,0,0,3,0,75,315,0,0,0,0,0,0,0,0,0,0,28,0,0,0,1,2,30,1,1,2,2,0,0,1,9,99,4,2,64,1,0,5992
240384_2015,24,240384,2,2,2,10,11,14,52,12,6,1,0,24,3,98,983,98983,52,2004,5FYD2LS114U0,5,F,Y,D,2,L,S,1,1,4,U,0,0,0,88,888888888,88888888888,3,21,22,1,0,0,0,0,6,3,0,998,0,0,0,12,6,2,12,0,0,0,1,24,21239,6,1,6,0,3,0,67,185,0,0,0,0,0,0,0,0,0,0,0,0,0,0,1,2,30,1,1,2,2,0,0,1,62,99,1,1,65,0,0,5993
240385_2015,24,240385,1,2,2,15,11,17,47,12,6,1,0,24,1,19,3,19003,4,2001,1G6KE54Y51U1,1,G,6,K,E,5,4,Y,5,1,U,1,0,0,0,000000000,00000000000,0,0,0,1,0,0,0,0,0,0,0,998,0,0,0,12,6,2,12,0,0,0,1,24,21871,6,1,0,0,3,0,73,226,0,0,0,0,0,0,0,0,0,0,0,0,0,0,8,2,45,1,1,2,1,3,3,1,62,99,9,1,69,1,0,5994
240385_2015,24,240385,2,2,3,15,11,17,47,12,6,1,0,24,1,20,481,20481,31,2001,1GCEC14W71Z1,1,G,C,E,C,1,4,W,7,1,Z,1,0,0,0,000000000,00000000000,0,0,0,1,0,0,0,0,0,0,0,998,0,0,0,3,6,2,12,0,0,0,1,24,21871,6,1,0,0,3,0,73,226,0,0,0,0,0,0,0,0,0,0,0,0,0,0,8,2,45,1,1,2,1,3,3,11,15,1,1,1,68,0,0,5995
240386_2015,24,240386,1,2,1,1,11,21,16,12,1,1,0,24,2,42,46,42046,2,2008,WDDEJ71X18A0,W,D,D,E,J,7,1,X,1,8,A,0,0,0,0,000000000,00000000000,0,0,0,1,0,0,0,0,0,0,0,998,0,0,0,12,6,2,12,0,0,0,1,24,21213,2,1,0,0,2,0,68,210,0,0,0,0,2,7,2013,7,2013,0,37,36,39,0,3,3,30,1,1,2,1,3,3,1,51,99,1,1,24,0,1,5996
240386_2015,24,240386,2,2,1,1,11,21,16,12,1,1,0,42,1,51,49,51049,3,2009,YV1MK6727921,Y,V,1,M,K,6,7,2,7,9,2,1,0,0,0,000000000,00000000000,0,0,0,1,0,0,0,0,0,0,0,998,0,0,0,6,6,2,15,0,0,0,1,42,17331,6,1,0,0,3,0,67,999,0,0,0,0,0,0,0,0,0,0,0,0,0,0,3,3,30,1,1,2,1,3,3,1,53,99,1,1,25,0,0,5997
240387_2015,24,240387,1,1,1,7,11,7,0,33,0,1,1,24,2,54,35,54035,4,2003,19UUA56683A0,1,9,U,U,A,5,6,6,8,3,A,0,0,0,0,000000000,00000000000,0,0,0,1,0,0,0,0,0,0,0,998,0,0,0,12,6,2,8,0,0,0,1,24,21231,1,1,0,0,2,0,71,150,0,1,0,0,0,2,2015,2,2015,3,35,36,58,0,1,4,30,1,1,2,1,0,0,6,6,99,3,4,7,0,0,5998
240388_2015,24,240388,1,1,1,8,11,12,54,9,0,1,0,24,3,12,884,12884,61,2015,1FDUF5GT5FEA,1,F,D,U,F,5,G,T,5,F,E,A,0,0,99,999999999,99999999999,2,1,98,1,0,0,0,0,0,0,0,998,0,0,0,10,0,5,9,0,0,0,1,24,21220,6,1,6,0,3,0,68,240,0,0,0,0,0,0,0,0,0,0,0,0,0,0,0,0,0,0,0,0,0,0,0,3,80,99,1,5,98,0,0,5999
240389_2015,24,240389,1,2,1,11,11,5,13,12,2,1,0,24,2,98,703,98703,81,2008,LFGTCKPM8810,L,F,G,T,C,K,P,M,8,8,1,0,0,0,0,000000000,00000000000,0,0,0,1,0,0,0,0,0,0,0,48,0,0,0,12,6,2,12,0,0,0,1,24,21205,1,1,0,0,2,0,65,135,0,1,0,0,0,2,2013,2,2013,3,0,0,0,0,3,2,30,1,6,2,1,4,3,1,62,99,1,1,69,1,0,6000
240389_2015,24,240389,2,2,1,11,11,5,13,12,2,1,0,24,1,7,482,7482,31,1997,1B7HF16ZXVS1,1,B,7,H,F,1,6,Z,X,V,S,1,0,0,0,000000000,00000000000,0,0,0,1,0,0,0,0,0,0,0,998,0,0,0,12,4,5,12,0,0,0,1,24,21122,6,1,0,0,3,0,67,195,0,1,0,1,0,5,2015,9,2015,0,0,0,0,0,3,2,30,1,6,2,1,4,3,11,15,99,1,1,68,0,0,6001
240390_2015,24,240390,1,1,2,14,11,5,35,24,0,1,0,24,2,53,706,53706,80,2014,JS1GR7MA8E21,J,S,1,G,R,7,M,A,8,E,2,1,0,0,0,000000000,00000000000,0,0,0,1,0,0,0,0,0,0,0,998,0,0,0,9,6,2,24,0,0,0,1,24,20748,6,1,0,0,3,0,69,221,0,0,0,0,0,0,0,0,0,0,0,0,0,0,3,3,55,1,1,2,1,0,0,1,12,1,1,4,6,1,0,6002
240391_2015,24,240391,1,2,2,2,11,17,12,12,6,1,0,24,2,34,34,34034,1,2008,WBAWR33568P1,W,B,A,W,R,3,3,5,6,8,P,1,0,0,0,000000000,00000000000,0,0,0,1,0,0,0,0,0,0,0,998,0,0,0,3,6,2,12,0,0,0,1,24,20735,1,1,0,0,2,0,67,143,0,3,0,0,1,2,2014,9,2015,0,38,0,0,0,1,2,40,1,3,2,1,0,0,11,15,99,1,1,68,1,0,6003
240391_2015,24,240391,2,2,1,2,11,17,12,12,6,1,0,24,1,22,2,22002,4,2001,1G2HX54K8142,1,G,2,H,X,5,4,K,8,1,4,2,0,0,0,000000000,00000000000,0,0,0,1,0,0,0,0,0,0,0,998,0,1,1,12,6,2,12,0,0,0,1,24,20735,6,1,0,0,3,0,72,240,0,0,0,2,0,5,2013,5,2013,0,0,0,0,0,1,2,40,1,3,2,1,0,0,1,62,99,1,1,69,0,0,6004
240392_2015,24,240392,1,2,3,5,11,13,5,12,6,1,0,24,1,41,50,41050,4,2005,1YVHP80C355M,1,Y,V,H,P,8,0,C,3,5,5,M,0,0,0,000000000,00000000000,0,0,0,1,0,0,0,0,0,0,0,998,0,1,1,3,6,2,12,0,0,0,1,24,21620,6,1,0,0,3,0,73,220,0,0,0,0,0,0,0,0,0,0,28,0,0,0,1,2,35,1,6,2,1,0,0,1,9,99,4,2,64,2,0,6005
240392_2015,24,240392,2,2,1,5,11,13,5,12,6,1,0,24,2,49,402,49402,14,1999,JT3HP10V0X71,J,T,3,H,P,1,0,V,0,X,7,1,0,0,0,000000000,00000000000,0,0,0,1,0,0,0,0,0,0,0,998,0,0,0,12,6,2,12,0,0,0,1,24,21921,6,1,0,0,3,0,70,145,0,1,0,0,1,6,2014,6,2014,0,0,0,0,0,1,2,35,1,6,2,1,0,0,1,62,99,1,1,65,0,0,6006
240393_2015,24,240393,1,1,3,8,11,13,55,30,0,1,0,24,1,13,12,13012,4,2005,1LNHM86S45Y6,1,L,N,H,M,8,6,S,4,5,Y,6,0,0,0,000000000,00000000000,0,0,0,1,0,0,0,0,0,0,0,998,0,1,5,13,6,2,30,0,0,0,1,24,21793,6,1,0,0,3,9,71,220,0,0,0,0,0,0,0,0,0,3,82,0,0,0,1,2,25,1,5,2,1,0,0,1,9,99,9,4,7,1,0,6007
240394_2015,24,240394,1,1,1,21,11,16,52,35,0,1,0,24,2,7,442,7442,20,2000,1B4GP54G0YB5,1,B,4,G,P,5,4,G,0,Y,B,5,0,0,0,000000000,00000000000,0,0,0,1,0,0,0,0,0,0,0,998,0,1,5,12,6,2,1,0,0,0,1,24,21822,6,1,0,0,3,0,71,190,0,0,0,0,0,0,0,0,0,0,0,0,0,0,1,2,40,1,1,2,1,0,0,1,11,99,9,4,5,1,1,6008
240395_2015,24,240395,1,1,1,17,11,19,40,8,0,1,0,24,1,35,47,35047,4,2010,1N4AL2AP2AN5,1,N,4,A,L,2,A,P,2,A,N,5,0,0,0,000000000,00000000000,0,0,0,1,0,0,0,0,0,0,0,998,0,0,0,12,6,2,8,0,0,0,1,24,21209,6,1,0,0,3,0,71,190,0,0,0,0,0,0,0,0,0,0,0,0,0,0,1,4,25,1,1,2,1,2,3,1,80,6,1,1,13,0,0,6009
240396_2015,24,240396,1,2,3,20,11,17,55,12,2,1,0,24,2,49,40,49040,4,2009,4T1BE46K29U9,4,T,1,B,E,4,6,K,2,9,U,9,0,0,0,000000000,00000000000,0,0,0,1,0,0,0,0,0,0,0,998,0,0,0,12,6,2,12,0,0,0,1,24,21009,6,1,0,0,3,3,69,140,0,0,0,0,0,0,0,0,0,0,28,0,0,0,1,2,30,1,1,2,1,0,0,1,10,99,9,2,50,1,0,6010
240396_2015,24,240396,2,2,1,20,11,17,55,12,2,1,0,24,3,84,881,84881,62,2006,3HAJFAVK86L3,3,H,A,J,F,A,V,K,8,6,L,3,0,0,88,888888888,88888888888,2,1,1,1,0,0,0,0,0,0,0,998,0,0,0,12,6,2,12,0,0,0,1,24,21234,6,1,6,0,3,0,73,185,0,0,0,0,0,0,0,0,0,0,0,0,0,0,1,2,30,1,1,2,1,0,0,1,62,99,1,1,51,0,0,6011
240397_2015,24,240397,1,1,2,2,11,18,12,8,0,1,0,24,1,12,17,12017,4,2001,1FAFP55201G2,1,F,A,F,P,5,5,2,0,1,G,2,0,0,0,000000000,00000000000,0,0,0,1,0,0,0,0,0,0,0,998,0,0,0,12,4,5,8,0,0,0,1,24,20744,0,0,0,0,0,0,999,999,0,0,0,0,0,0,0,0,0,0,0,0,0,0,3,2,35,1,1,2,1,0,0,1,80,99,1,1,13,0,0,6012
240398_2015,24,240398,1,2,1,26,11,12,55,12,1,1,0,24,1,76,706,76706,80,2004,JYARN13E34A0,J,Y,A,R,N,1,3,E,3,4,A,0,0,0,0,000000000,00000000000,0,0,0,1,0,0,0,0,0,0,0,998,0,0,0,12,6,2,12,0,0,0,1,24,21206,6,1,0,0,3,0,71,180,0,0,0,1,0,4,2015,4,2015,3,26,27,0,0,3,3,55,1,1,2,1,0,0,15,51,99,1,1,24,1,0,6013
240398_2015,24,240398,2,2,1,26,11,12,55,12,1,1,0,24,1,35,50,35050,4,2010,3N1BC1CP2AL3,3,N,1,B,C,1,C,P,2,A,L,3,0,0,0,000000000,00000000000,0,0,0,1,0,0,0,0,0,0,0,998,0,0,0,6,6,2,12,0,0,0,1,24,21222,6,1,0,0,3,0,67,115,0,0,0,0,0,0,0,0,0,0,0,0,0,0,3,3,55,1,1,2,1,0,0,1,53,1,1,1,25,0,0,6014
240399_2015,24,240399,1,1,1,26,11,2,21,33,0,1,0,24,1,72,706,72706,80,2004,1HD4CJM194K4,1,H,D,4,C,J,M,1,9,4,K,4,0,0,0,000000000,00000000000,0,0,0,1,0,0,0,0,0,0,0,998,0,0,0,12,6,2,50,0,0,0,1,24,21219,6,1,0,0,3,0,70,195,0,0,0,0,0,0,0,0,0,0,0,0,0,0,8,4,40,3,1,2,1,3,3,1,11,99,9,4,1,1,1,6015
240400_2015,24,240400,1,2,2,28,11,11,15,30,0,1,0,24,1,20,471,20471,30,1999,1GCFC24T4XE2,1,G,C,F,C,2,4,T,4,X,E,2,0,0,0,000000000,00000000000,0,0,0,1,0,0,0,0,0,0,0,998,0,1,3,1,6,2,1,0,0,0,1,24,21234,6,1,0,0,3,0,70,300,0,0,0,0,0,0,0,0,0,0,99,99,99,99,3,2,35,1,1,2,1,0,0,1,11,99,1,4,1,1,0,6016
240400_2015,24,240400,2,2,3,28,11,11,15,30,0,1,0,24,2,21,17,21017,4,1996,1G3AJ55M3T64,1,G,3,A,J,5,5,M,3,T,6,4,0,0,0,000000000,00000000000,0,0,0,1,0,0,0,0,0,0,0,998,0,0,0,11,6,2,12,0,0,0,1,24,21229,6,1,0,0,3,0,71,160,0,0,0,0,1,5,2014,5,2014,0,0,0,0,0,3,2,35,1,1,2,1,0,0,1,61,99,1,1,98,0,0,6017
240401_2015,24,240401,1,2,1,29,11,8,20,12,6,1,0,24,1,7,472,7472,30,2003,1D7HL38X03S2,1,D,7,H,L,3,8,X,0,3,S,2,0,0,0,000000000,00000000000,0,0,0,1,0,0,0,0,0,0,0,998,0,0,0,12,6,2,12,0,0,1,1,24,21227,6,1,0,0,3,0,67,150,0,0,0,0,0,0,0,0,0,0,0,0,0,0,1,4,30,2,1,2,2,0,0,1,62,99,1,1,65,0,0,6018
240401_2015,24,240401,2,2,1,29,11,8,20,12,6,1,0,24,1,12,16,12016,4,2004,2FAFP71W94X1,2,F,A,F,P,7,1,W,9,4,X,1,0,0,0,000000000,00000000000,0,0,0,1,0,0,0,0,0,0,0,998,0,0,0,9,6,2,12,0,0,0,1,24,21223,6,1,0,0,3,0,65,170,0,0,0,1,0,6,2014,6,2014,4,28,0,0,0,1,4,30,2,1,2,2,0,0,14,6,99,3,2,64,1,1,6019
240402_2015,24,240402,1,1,1,13,11,18,11,8,0,1,0,24,1,20,37,20037,4,1998,1G1NE52M4W61,1,G,1,N,E,5,2,M,4,W,6,1,0,0,0,000000000,00000000000,0,0,0,1,0,0,0,0,0,0,0,998,0,0,0,12,6,2,8,0,0,0,1,24,20876,6,1,0,0,3,0,59,115,0,0,0,0,0,0,0,0,0,0,0,0,0,0,3,3,40,1,1,2,1,0,0,1,80,99,9,1,13,0,0,6020
240403_2015,24,240403,1,2,1,17,11,9,27,12,6,1,0,24,1,12,881,12881,63,1997,1FDZA90W4VVA,1,F,D,Z,A,9,0,W,4,V,V,A,0,0,57,1512477,571512477,3,1,4,1,0,0,0,0,0,0,0,998,0,0,0,12,6,2,12,0,0,0,1,24,20613,6,1,6,0,3,0,70,260,0,0,0,0,0,0,0,0,0,0,0,0,0,0,1,2,50,1,1,2,1,0,0,1,66,99,1,1,83,0,0,6021
240403_2015,24,240403,2,2,1,17,11,9,27,12,6,1,0,51,1,12,481,12481,31,1999,1FTZF1721XNA,1,F,T,Z,F,1,7,2,1,X,N,A,0,0,0,000000000,00000000000,0,0,0,1,0,0,0,0,0,0,0,998,0,0,0,11,6,2,12,0,0,0,1,51,22737,9,9,99,9,9,9,999,999,99,99,99,99,99,99,9999,99,9999,0,38,0,0,0,8,8,98,8,8,8,1,20,3,11,15,99,9,1,82,1,0,6022
240404_2015,24,240404,1,2,5,2,12,20,51,12,1,1,0,26,2,12,401,12401,14,1999,1FMZU34E3XUC,1,F,M,Z,U,3,4,E,3,X,U,C,0,0,0,000000000,00000000000,0,0,0,1,0,0,0,0,0,0,0,998,0,0,0,12,6,2,12,0,0,0,1,24,21043,0,0,0,0,0,0,999,999,0,0,0,0,0,0,0,0,0,0,0,0,0,0,3,2,65,1,6,2,1,0,0,1,9,99,9,4,32,1,0,6023
240404_2015,24,240404,2,2,0,2,12,20,51,12,1,1,0,95,3,84,881,84881,66,2006,2HSCESBR76C2,2,H,S,C,E,S,B,R,7,6,C,2,1,1,57,1359458,571359458,3,6,1,1,0,0,0,0,0,0,0,0,0,0,0,6,4,5,12,0,0,0,0,0,99997,7,6,97,7,6,7,998,997,998,998,998,998,998,98,9998,98,9998,8,0,0,0,0,3,2,65,1,6,2,1,0,0,0,62,0,0,0,32,0,0,6024
240405_2015,24,240405,1,2,1,27,11,4,59,12,6,1,0,24,1,53,706,53706,80,2006,JS1GR7KA5621,J,S,1,G,R,7,K,A,5,6,2,1,0,0,0,000000000,00000000000,0,0,0,1,0,0,0,0,0,0,0,998,0,0,0,12,6,2,12,0,0,0,1,24,20716,6,1,0,0,3,0,68,195,0,0,0,0,1,6,2014,6,2014,3,28,0,0,0,3,2,55,1,1,2,1,0,0,1,9,99,9,2,44,1,1,6025
240405_2015,24,240405,2,2,1,27,11,4,59,12,6,1,0,48,3,84,881,84881,66,2014,1HSMKAAN1EH0,1,H,S,M,K,A,A,N,1,E,H,0,1,1,57,692747,57692747,3,6,1,1,0,0,0,0,0,0,0,998,0,0,0,61,4,5,12,0,0,0,1,24,20646,6,1,6,0,3,0,69,160,0,0,0,0,0,0,0,0,0,0,0,0,0,0,3,2,55,1,1,2,1,0,0,1,53,99,1,1,45,0,0,6026
240406_2015,24,240406,1,2,1,30,11,16,55,12,6,1,0,24,1,12,461,12461,21,1994,1FDEE14N8RHB,1,F,D,E,E,1,4,N,8,R,H,B,0,0,0,000000000,00000000000,0,0,0,1,0,0,0,0,0,0,0,998,0,0,0,12,6,2,12,0,0,0,1,24,21048,6,1,0,0,3,0,71,176,0,0,0,0,1,8,2015,8,2015,4,0,0,0,0,1,2,35,1,5,2,2,0,0,1,12,99,1,2,64,0,0,6027
240406_2015,24,240406,2,2,2,30,11,16,55,12,6,1,0,24,1,14,443,14443,20,2001,1FMRV11L61HB,1,F,M,R,V,1,1,L,6,1,H,B,0,0,0,000000000,00000000000,0,0,0,1,0,0,0,0,0,0,0,998,0,0,0,10,6,2,12,0,0,0,1,24,21244,6,1,0,0,3,0,72,300,0,0,0,0,0,0,0,0,0,0,0,0,0,0,1,2,35,1,5,2,2,0,0,1,62,99,1,1,65,1,0,6028
240407_2015,24,240407,1,2,2,30,11,2,57,12,6,1,0,24,1,58,40,58040,6,2012,JN1AJ0HR2CM4,J,N,1,A,J,0,H,R,2,C,M,4,0,0,0,000000000,00000000000,0,0,0,1,0,0,0,0,0,0,0,998,0,0,0,9,6,2,12,0,0,0,1,24,20854,6,1,0,0,3,0,65,145,0,0,0,0,0,0,0,0,0,0,99,99,99,99,8,2,30,8,8,8,1,4,3,10,16,99,1,1,78,1,0,6029
240407_2015,24,240407,2,2,1,30,11,2,57,12,6,1,0,24,3,86,881,86881,66,2006,1M1AK01Y26N0,1,M,1,A,K,0,1,Y,2,6,N,0,1,1,77,777777777,77777777777,3,6,1,1,0,0,0,0,0,0,0,998,0,1,1,12,6,2,12,0,0,0,1,24,20902,6,1,6,0,3,0,70,230,0,0,0,0,0,0,0,0,0,0,0,0,0,0,1,4,40,1,2,2,1,4,3,1,65,99,1,1,79,0,0,6030
240408_2015,24,240408,1,2,2,19,11,12,48,12,2,1,0,24,2,49,44,49044,2,2008,4T1FA38P08U1,4,T,1,F,A,3,8,P,0,8,U,1,0,0,0,000000000,00000000000,0,0,0,1,0,0,0,0,0,0,0,998,0,0,0,12,6,2,12,0,0,0,1,24,20715,6,1,0,0,3,0,63,135,0,0,0,0,1,12,2014,12,2014,0,28,0,0,0,1,2,45,1,1,2,2,0,0,1,10,99,1,2,50,0,0,6031
240408_2015,24,240408,2,2,1,19,11,12,48,12,2,1,0,24,2,12,33,12033,3,1992,KNJPT06H5N61,K,N,J,P,T,0,6,H,5,N,6,1,0,0,0,000000000,00000000000,0,0,0,1,0,0,0,0,0,0,0,998,0,0,0,12,6,2,12,0,0,0,1,24,20706,6,1,0,0,3,0,72,211,0,0,0,0,0,0,0,0,0,0,0,0,0,0,1,2,45,1,1,2,2,0,0,1,62,99,1,1,51,1,0,6032
240409_2015,24,240409,1,2,1,19,11,23,55,12,2,1,0,24,1,2,404,2404,14,2002,1J4GW48N92C1,1,J,4,G,W,4,8,N,9,2,C,1,0,0,0,000000000,00000000000,0,0,0,1,0,0,0,0,0,0,0,998,0,0,0,12,6,2,12,0,0,0,1,24,20785,6,1,0,0,3,0,63,192,0,0,0,0,0,0,0,0,0,0,0,0,0,0,1,2,35,1,1,2,1,0,0,1,54,99,1,1,52,0,0,6033
240409_2015,24,240409,2,2,2,19,11,23,55,12,2,1,0,0,0,98,734,98734,90,2008,4XAGJ52A78B3,4,X,A,G,J,5,2,A,7,8,B,3,0,0,0,000000000,00000000000,0,0,0,1,0,0,0,0,0,0,0,998,0,0,0,12,6,2,12,0,0,0,1,24,21403,0,0,0,0,0,0,73,160,0,0,0,0,0,0,0,0,0,0,51,0,0,0,1,2,35,1,1,2,1,0,0,1,54,99,1,1,52,2,0,6034
240410_2015,24,240410,1,1,4,24,11,6,28,8,0,1,0,11,2,7,28,7028,2,2010,2B3CJ5DT9AH2,2,B,3,C,J,5,D,T,9,A,H,2,0,0,0,000000000,00000000000,0,0,0,1,0,0,0,0,0,0,0,998,0,0,0,12,4,3,8,0,0,0,1,24,20708,0,0,0,0,0,0,999,999,0,0,0,0,0,0,0,0,0,0,0,0,0,0,2,2,40,1,1,2,1,0,0,1,80,99,1,1,13,0,0,6035
240411_2015,24,240411,1,2,6,5,11,15,50,12,6,1,0,24,2,12,401,12401,14,2014,1FM5K8D83EGC,1,F,M,5,K,8,D,8,3,E,G,C,0,0,0,000000000,00000000000,0,0,0,1,0,0,0,0,0,0,0,998,0,0,0,8,6,2,12,0,0,0,1,24,20720,6,1,0,0,3,0,66,175,0,0,0,2,0,9,2013,10,2014,0,38,0,0,0,8,8,98,8,8,2,1,98,8,4,19,99,1,1,89,1,0,6036
240411_2015,24,240411,2,2,2,5,11,15,50,12,6,1,0,11,1,20,9,20009,2,2014,2G1FA1E31D91,2,G,1,F,A,1,E,3,1,D,9,1,0,0,0,000000000,00000000000,0,0,0,1,0,0,0,0,0,0,0,998,0,0,0,12,6,2,12,0,0,0,1,11,20012,6,1,0,0,3,0,999,999,99,99,99,99,99,99,9999,99,9999,0,0,0,0,0,3,3,35,1,6,2,1,0,0,1,68,99,1,1,88,0,1,6037
240412_2015,24,240412,1,3,1,8,11,16,54,12,1,1,1,24,2,20,481,20481,31,2003,1GCHC29U33E1,1,G,C,H,C,2,9,U,3,3,E,1,0,0,0,000000000,00000000000,0,0,0,1,0,0,0,0,0,0,0,998,0,0,0,12,6,2,12,0,0,1,1,24,20878,0,0,0,0,0,0,67,150,0,0,0,0,0,0,0,0,0,3,26,36,0,0,1,4,35,2,6,2,1,0,0,3,50,99,1,1,20,1,1,6038
240412_2015,24,240412,2,3,1,8,11,16,54,12,1,1,0,10,1,19,14,19014,4,2003,1G6KS54Y73U2,1,G,6,K,S,5,4,Y,7,3,U,2,0,0,0,000000000,00000000000,0,0,0,1,0,0,0,0,0,0,0,0,0,0,0,6,6,2,12,0,0,0,1,11,20032,6,1,0,0,3,0,999,999,99,99,99,99,99,99,9999,99,9999,0,0,0,0,0,1,4,35,2,6,2,1,0,0,5,53,99,1,1,21,0,0,6039
240412_2015,24,240412,3,3,16,8,11,16,54,12,1,1,0,24,1,12,461,12461,21,2015,1FBJS31H3SHA,1,F,B,J,S,3,1,H,3,S,H,A,0,0,0,000000000,00000000000,0,0,0,1,0,0,0,0,0,0,0,998,0,0,0,12,6,2,12,0,0,0,1,11,20011,6,1,0,0,3,0,999,999,99,99,99,99,99,99,9999,99,9999,0,0,0,0,0,1,4,35,3,6,2,1,0,0,1,62,99,1,1,98,3,0,6040
240413_2015,24,240413,1,4,1,3,11,15,44,12,6,1,0,24,2,37,32,37032,4,2007,1HGCM56497A0,1,H,G,C,M,5,6,4,9,7,A,0,0,0,0,000000000,00000000000,0,0,0,1,0,0,0,0,0,0,0,998,0,0,0,11,6,2,12,0,0,0,1,24,21921,6,1,0,0,3,0,70,160,0,1,0,0,0,7,2013,7,2013,0,31,36,0,0,3,4,65,1,1,2,1,0,0,13,98,1,1,7,92,1,1,6041
240413_2015,24,240413,2,4,1,3,11,15,44,12,6,1,0,18,3,51,881,51881,66,2012,4V4NC9EH3CN5,4,V,4,N,C,9,E,H,3,C,N,5,1,1,57,105790,57105790,3,6,1,1,0,0,0,0,0,0,0,998,0,0,0,12,6,2,12,0,0,0,1,24,21208,6,1,6,0,3,0,69,160,0,0,0,0,0,0,0,0,0,0,0,0,0,0,3,4,65,1,1,2,1,0,0,1,64,99,1,1,93,0,0,6042
240413_2015,24,240413,3,4,1,3,11,15,44,12,6,1,0,24,3,20,461,20461,21,2015,1GCWGFCFXF11,1,G,C,W,G,F,C,F,X,F,1,1,0,0,0,000000000,00000000000,0,0,0,1,0,0,0,0,0,0,0,998,0,0,0,4,4,5,12,0,0,0,1,24,21078,6,1,0,0,3,0,64,130,0,1,0,0,4,7,2013,6,2015,0,0,0,0,0,3,4,65,1,1,2,1,0,0,1,61,99,1,1,98,0,0,6043
240413_2015,24,240413,4,4,1,3,11,15,44,12,6,1,0,42,2,6,18,6018,4,2012,1C3CCBBG2CN2,1,C,3,C,C,B,B,G,2,C,N,2,0,0,0,000000000,00000000000,0,0,0,1,0,0,0,0,0,0,0,998,0,0,0,12,6,2,12,0,0,0,1,42,17362,6,1,6,0,3,0,70,999,0,0,0,0,0,0,0,0,0,0,0,0,0,0,3,4,65,1,1,2,1,0,0,1,61,99,1,1,98,0,0,6044
240414_2015,24,240414,1,1,1,3,12,14,20,8,0,1,0,24,3,49,482,49482,31,2006,5TBJU32156S4,5,T,B,J,U,3,2,1,5,6,S,4,0,0,0,000000000,00000000000,0,0,0,1,0,0,0,0,0,0,0,998,0,0,0,12,4,5,8,0,0,0,1,24,21117,6,1,0,0,3,0,71,155,0,0,0,1,0,4,2013,4,2013,0,0,0,0,0,3,2,50,1,1,2,1,3,3,1,80,1,1,1,13,0,0,6045