st_case_year,STATE,ST_CASE,VEH_NO,VE_FORMS,NUMOCCS,DAY,MONTH,HOUR,MINUTE,HARM_EV,MAN_COLL,UNITTYPE,HIT_RUN,REG_STAT,OWNER,MAKE,MODEL,MAK_MOD,BODY_TYP,MOD_YEAR,VIN,VIN_1,VIN_2,VIN_3,VIN_4,VIN_5,VIN_6,VIN_7,VIN_8,VIN_9,VIN_10,VIN_11,VIN_12,TOW_VEH,J_KNIFE,MCARR_I1,MCARR_I2,MCARR_ID,GVWR,V_CONFIG,CARGO_BT,HAZ_INV,HAZ_PLAC,HAZ_ID,HAZ_CNO,HAZ_REL,BUS_USE,SPEC_USE,EMER_USE,TRAV_SP,UNDERIDE,ROLLOVER,ROLINLOC,IMPACT1,DEFORMED,TOWED,M_HARM,VEH_SC1,VEH_SC2,FIRE_EXP,DR_PRES,L_STATE,DR_ZIP,L_STATUS,L_TYPE,CDL_STAT,L_ENDORS,L_COMPL,L_RESTRI,DR_HGT,DR_WGT,PREV_ACC,PREV_SUS,PREV_DWI,PREV_SPD,PREV_OTH,FIRST_MO,FIRST_YR,LAST_MO,LAST_YR,SPEEDREL,DR_SF1,DR_SF2,DR_SF3,DR_SF4,VTRAFWAY,VNUM_LAN,VSPD_LIM,VALIGN,VPROFILE,VPAVETYP,VSURCOND,VTRAFCON,VTCONT_F,P_CRASH1,P_CRASH2,P_CRASH3,PCRASH4,PCRASH5,ACC_TYPE,DEATHS,DR_DRINK,idno
100016_2016,10,100016,2,2,1,19,1,8,50,59,0,1,0,10,2,18,7,18007,4,2001,2G4WS52J0113,2,G,4,W,S,5,2,J,0,1,1,3,0,0,0,000000000,00000000000,0,0,0,1,0,0,0,0,0,0,0,998,0,0,0,9,6,2,12,0,0,0,1,10,19973,6,1,0,0,3,0,65,170,6,1,0,0,1,1,2013,11,2014,0,0,0,0,0,1,2,50,2,8,2,1,0,0,14,11,7,1,2,98,1,0,6159
100017_2016,10,100017,1,1,1,8,2,6,54,25,0,1,0,18,3,84,884,84884,64,2012,1HTJSSKK6CJ3,1,H,T,J,S,S,K,K,6,C,J,3,0,0,18,1060169,181060169,2,1,97,1,0,0,0,0,0,0,0,998,0,0,0,12,6,2,25,0,0,0,1,42,19446,6,1,0,0,3,3,999,999,99,99,99,99,99,99,9999,99,9999,0,0,0,0,0,3,5,65,1,1,2,1,0,0,1,12,6,1,4,6,1,0,6160
100018_2016,10,100018,1,1,3,8,4,23,36,42,0,1,0,10,2,23,401,23401,14,2002,1GKDT13S6223,1,G,K,D,T,1,3,S,6,2,2,3,0,0,0,000000000,00000000000,0,0,0,1,0,0,0,0,0,0,0,106,0,1,5,82,6,2,42,0,0,0,1,10,19963,1,1,0,0,2,0,70,180,0,0,0,0,0,0,0,0,0,3,36,27,37,0,1,2,40,2,8,2,1,0,0,6,51,11,4,4,6,1,1,6161
100019_2016,10,100019,1,2,2,11,3,23,33,12,6,1,0,34,3,85,881,85881,66,2006,1XKADB9X76J1,1,X,K,A,D,B,9,X,7,6,J,1,1,1,34,2503034,342503034,3,6,1,1,0,0,0,0,0,0,0,54,0,1,5,12,6,2,12,0,0,0,1,34,8861,6,1,6,0,3,0,66,999,1,0,0,0,2,5,2015,12,2015,0,0,0,0,0,1,2,55,1,1,2,1,0,0,1,66,9,1,1,86,0,0,6162
100019_2016,10,100019,2,2,3,11,3,23,33,12,6,1,0,10,2,7,472,7472,31,2005,1D7HW52N15S1,1,D,7,H,W,5,2,N,1,5,S,1,0,0,0,000000000,00000000000,0,0,0,1,0,0,0,0,0,0,0,22,0,0,0,83,6,2,12,0,0,0,1,10,19709,6,1,0,0,3,0,71,150,0,0,0,1,0,11,2015,11,2015,0,39,0,0,0,1,2,55,1,1,2,1,20,3,1,17,99,1,1,87,1,1,6163
100020_2016,10,100020,1,2,4,16,3,16,42,12,1,1,0,10,1,12,37,12037,4,2010,1FAHP3GN3AW2,1,F,A,H,P,3,G,N,3,A,W,2,0,0,0,000000000,00000000000,0,0,0,1,0,0,0,0,0,0,0,0,0,0,0,6,6,2,12,0,0,0,1,10,19904,6,1,0,0,3,0,66,160,0,0,0,0,1,8,2012,8,2012,0,0,0,0,0,1,2,40,1,8,2,1,0,0,5,15,1,1,1,22,1,0,6164
100020_2016,10,100020,2,2,2,16,3,16,42,12,1,1,0,10,2,12,481,12481,31,1998,1FTZF1728WKB,1,F,T,Z,F,1,7,2,8,W,K,B,0,0,0,000000000,00000000000,0,0,0,1,0,0,0,0,0,0,0,998,0,0,0,12,6,2,12,0,0,0,1,10,19963,6,1,0,0,3,0,73,140,0,0,0,1,0,7,2015,7,2015,0,36,0,0,0,1,2,40,1,8,2,1,0,0,1,50,1,1,1,20,0,0,6165
100021_2016,10,100021,1,1,2,1,3,16,18,14,0,1,0,10,1,19,22,19022,4,2011,1G6KH5E62BU1,1,G,6,K,H,5,E,6,2,B,U,1,0,0,0,000000000,00000000000,0,0,0,1,0,0,0,0,0,0,0,998,0,0,0,12,6,2,30,0,0,0,1,10,19977,6,1,0,0,3,3,71,274,0,0,0,0,0,0,0,0,0,0,0,0,0,0,4,2,25,8,8,2,1,3,3,3,12,12,1,4,6,1,0,6166
100022_2016,10,100022,1,2,1,22,2,14,49,12,6,1,0,10,1,21,21,21021,4,2004,1G3NL52EX4C1,1,G,3,N,L,5,2,E,X,4,C,1,0,0,0,000000000,00000000000,0,0,0,1,0,0,0,0,0,0,0,998,0,0,0,9,6,2,12,0,0,0,1,10,19947,6,1,0,0,3,3,60,125,0,0,0,0,0,0,0,0,0,0,39,0,0,0,1,2,50,1,8,2,1,4,3,4,66,1,1,1,89,1,0,6167
100022_2016,10,100022,2,2,1,22,2,14,49,12,6,1,0,10,1,20,431,20431,16,1999,1GNFK16R8XJ3,1,G,N,F,K,1,6,R,8,X,J,3,0,0,0,000000000,00000000000,0,0,0,1,0,0,0,0,0,0,0,0,0,0,0,12,6,2,12,0,0,0,1,10,19934,6,1,0,0,3,0,66,190,0,0,0,0,0,0,0,0,0,0,0,0,0,0,1,2,50,1,8,2,1,4,3,1,66,6,1,1,88,0,0,6168
100023_2016,10,100023,1,1,1,27,4,14,55,8,0,1,0,10,2,49,40,49040,4,1999,JT2BG22K4X03,J,T,2,B,G,2,2,K,4,X,0,3,0,0,0,000000000,00000000000,0,0,0,1,0,0,0,0,0,0,0,998,0,0,0,12,4,3,8,0,0,0,1,10,19802,6,1,0,0,3,3,60,136,0,0,0,1,0,12,2015,12,2015,0,0,0,0,0,3,3,50,8,8,2,1,0,0,1,80,99,1,1,13,0,0,6169
100024_2016,10,100024,1,1,1,26,1,17,13,8,0,1,0,10,1,41,403,41403,14,2016,JM3KE2BY4G06,J,M,3,K,E,2,B,Y,4,G,0,6,0,0,0,000000000,00000000000,0,0,0,1,0,0,0,0,0,0,0,998,0,0,0,12,6,2,8,0,0,0,1,10,19933,6,1,0,0,3,1,64,135,0,0,0,0,0,0,0,0,0,0,6,0,0,0,1,2,50,1,1,2,1,0,0,1,99,1,1,9,13,0,0,6170
100025_2016,10,100025,1,2,4,20,2,16,10,12,6,1,0,10,1,6,441,6441,20,2007,2A4GP64LX7R2,2,A,4,G,P,6,4,L,X,7,R,2,0,0,0,000000000,00000000000,0,0,0,1,0,0,0,0,0,0,0,998,0,0,0,1,6,2,12,0,0,0,1,10,19930,6,1,0,0,3,3,69,145,0,0,0,0,0,0,0,0,0,0,51,0,0,0,1,2,50,1,1,2,1,0,0,1,62,1,1,2,64,1,0,6171
100025_2016,10,100025,2,2,5,20,2,16,10,12,6,1,0,10,1,49,422,49422,15,2006,5TDBT44A76S2,5,T,D,B,T,4,4,A,7,6,S,2,0,0,0,000000000,00000000000,0,0,0,1,0,0,0,0,0,0,0,998,0,0,0,1,6,2,12,0,0,0,1,10,19962,6,1,0,0,3,3,74,240,0,0,0,1,0,2,2012,2,2012,0,0,0,0,0,1,2,50,1,1,2,1,0,0,1,62,6,1,2,65,0,0,6172
100026_2016,10,100026,1,3,2,11,4,19,47,12,6,1,0,34,2,35,47,35047,4,2000,1N4DL01D7YC1,1,N,4,D,L,0,1,D,7,Y,C,1,0,0,0,000000000,00000000000,0,0,0,1,0,0,0,0,0,0,0,998,0,0,0,9,6,2,12,0,0,0,1,10,19720,1,1,0,0,2,0,71,150,0,1,0,0,0,5,2015,5,2015,0,0,0,0,0,2,4,50,1,1,2,1,3,8,1,64,1,1,1,65,1,0,6173
100026_2016,10,100026,2,3,1,11,4,19,47,12,6,1,0,10,2,20,22,20022,4,2009,1G1AT58H2971,1,G,1,A,T,5,8,H,2,9,7,1,0,0,0,000000000,00000000000,0,0,0,1,0,0,0,0,0,0,0,998,0,0,0,63,2,5,12,0,0,0,1,10,19977,6,1,0,0,3,0,64,115,0,0,0,0,0,0,0,0,0,0,0,0,0,0,2,4,50,1,1,2,1,3,8,1,60,1,1,1,98,0,0,6174
100026_2016,10,100026,3,3,1,11,4,19,47,12,6,1,0,24,1,20,481,20481,31,1999,1GCEK19V2XE2,1,G,C,E,K,1,9,V,2,X,E,2,0,0,0,000000000,00000000000,0,0,0,1,0,0,0,0,0,0,0,998,0,0,0,12,6,2,12,0,0,0,1,24,21901,6,1,6,0,3,0,72,160,0,0,0,0,0,0,0,0,0,0,84,0,0,0,2,4,50,1,1,2,1,3,8,1,50,8,1,6,64,0,1,6175
100027_2016,10,100027,1,1,5,16,5,19,34,8,0,1,0,10,1,35,443,35443,20,1998,4N2ZN1119WD8,4,N,2,Z,N,1,1,1,9,W,D,8,0,0,0,000000000,00000000000,0,0,0,1,0,0,0,0,0,0,0,998,0,0,0,82,4,3,8,0,0,0,1,10,19803,6,1,0,0,3,0,67,145,1,0,0,1,0,2,2015,2,2015,0,0,0,0,0,3,3,55,1,1,1,1,0,0,1,80,99,1,1,13,0,0,6176
100028_2016,10,100028,1,1,1,27,4,0,31,39,0,1,0,42,2,12,401,12401,14,2003,1FMZU73K93ZB,1,F,M,Z,U,7,3,K,9,3,Z,B,0,0,0,000000000,00000000000,0,0,0,1,0,0,0,0,0,0,0,998,0,1,2,11,6,2,39,0,0,0,1,10,19720,1,1,0,0,2,0,69,162,2,2,1,1,5,10,2011,12,2015,3,36,0,0,0,3,6,45,1,1,2,1,97,8,1,13,6,1,4,6,1,1,6177
100029_2016,10,100029,1,2,1,25,5,7,47,12,2,1,0,42,1,49,402,49402,14,2011,2T3DF4DV8BW1,2,T,3,D,F,4,D,V,8,B,W,1,0,0,0,000000000,00000000000,0,0,0,1,0,0,0,0,0,0,0,998,0,0,0,12,6,2,12,0,0,0,1,42,19317,6,1,0,0,3,0,70,999,0,0,0,0,0,0,0,0,0,0,0,0,0,0,1,2,35,8,3,2,1,0,0,1,62,1,1,1,51,1,0,6178
100029_2016,10,100029,2,2,1,25,5,7,47,12,2,1,0,10,1,2,404,2404,14,2010,1J4PR4GK8AC1,1,J,4,P,R,4,G,K,8,A,C,1,0,0,0,000000000,00000000000,0,0,0,1,0,0,0,0,0,0,0,50,0,0,0,12,6,2,12,0,0,0,1,10,19707,6,1,0,0,3,0,74,190,0,0,0,1,0,2,2012,2,2012,0,50,0,0,0,1,2,35,8,3,2,1,0,0,1,10,7,1,2,50,0,0,6179
100030_2016,10,100030,1,2,1,7,1,15,3,12,2,1,0,10,2,12,402,12402,14,2004,1FMCU93124DA,1,F,M,C,U,9,3,1,2,4,D,A,0,0,0,000000000,00000000000,0,0,0,1,0,0,0,0,0,0,0,998,0,0,0,12,6,2,12,0,0,0,1,10,19975,1,1,0,0,2,0,66,189,0,0,0,0,0,0,0,0,0,0,0,0,0,0,1,2,50,3,8,2,1,0,0,14,10,1,1,2,50,1,0,6180
100030_2016,10,100030,2,2,1,7,1,15,3,12,2,1,0,24,3,86,881,86881,63,2016,1M2AX13CXGM0,1,M,2,A,X,1,3,C,X,G,M,0,0,0,24,0962089,240962089,3,2,7,1,0,0,0,0,0,0,0,998,0,0,0,12,6,2,12,42,0,0,1,10,19940,6,1,6,0,3,0,69,232,0,0,0,0,0,0,0,0,0,0,0,0,0,0,1,2,50,2,8,2,1,0,0,14,62,9,1,1,51,0,0,6181
100031_2016,10,100031,1,2,1,2,4,21,32,12,6,1,0,10,1,12,17,12017,4,2001,1FAFP55261G2,1,F,A,F,P,5,5,2,6,1,G,2,0,0,0,000000000,00000000000,0,0,0,1,0,0,0,0,0,0,0,998,0,0,0,82,6,2,12,0,0,0,1,10,19904,6,1,0,0,3,0,76,189,3,0,0,2,0,5,2012,9,2014,4,0,0,0,0,1,2,40,3,8,8,2,0,0,14,11,1,4,6,64,1,1,6182
100031_2016,10,100031,2,2,1,2,4,21,32,12,6,1,0,10,2,12,37,12037,5,2003,3FAFP37393R1,3,F,A,F,P,3,7,3,9,3,R,1,0,0,0,000000000,00000000000,0,0,0,1,0,0,0,0,0,0,0,998,0,0,0,12,6,2,12,0,0,1,1,10,19953,6,1,0,0,3,0,69,150,0,0,0,0,0,0,0,0,0,0,0,0,0,0,1,2,40,2,8,8,2,0,0,14,62,1,1,1,65,0,0,6183
100032_2016,10,100032,1,1,1,2,7,2,38,9,0,1,0,10,1,20,37,20037,4,2002,1G1NE52J12M7,1,G,1,N,E,5,2,J,1,2,M,7,0,0,0,000000000,00000000000,0,0,0,1,0,0,0,0,0,0,0,998,0,0,0,12,4,3,9,0,0,0,1,10,19901,6,1,0,0,3,0,73,270,0,0,0,1,1,10,2011,12,2015,0,0,0,0,0,2,3,55,8,8,2,1,3,3,1,83,1,1,1,13,0,0,6184
100033_2016,10,100033,1,2,4,30,7,13,20,12,6,1,0,10,3,98,883,98883,78,2016,4P1BCAGF9GA0,4,P,1,B,C,A,G,F,9,G,A,0,1,1,88,888888888,88888888888,3,19,98,1,0,0,0,0,0,7,5,998,7,0,0,12,4,5,12,0,0,0,1,10,19805,6,1,0,0,3,0,69,190,0,0,0,0,0,0,0,0,0,0,0,0,0,0,1,4,25,8,8,2,1,3,3,1,66,16,1,1,88,0,0,6185
100033_2016,10,100033,2,2,1,30,7,13,20,12,6,1,0,99,9,76,703,76703,80,2014,9C6CG28Y0E00,9,C,6,C,G,2,8,Y,0,E,0,0,0,0,0,000000000,00000000000,0,0,0,1,0,0,0,0,0,0,0,25,0,0,0,61,6,2,12,0,0,0,1,10,19805,1,1,0,0,2,0,71,150,1,0,0,0,4,2,2013,1,2016,2,0,0,0,0,4,2,25,8,8,2,1,3,3,1,66,1,1,2,89,1,0,6186
100034_2016,10,100034,1,1,1,12,7,11,44,8,0,1,0,10,3,7,442,7442,20,2006,1D4GP24R76B5,1,D,4,G,P,2,4,R,7,6,B,5,0,0,0,000000000,00000000000,0,0,0,1,0,0,0,0,0,1,0,998,0,0,0,12,6,2,8,0,0,0,1,10,19709,6,1,6,1,3,3,65,131,0,0,0,1,1,12,2013,4,2015,0,0,0,0,0,2,5,45,1,1,2,1,2,3,1,80,1,1,1,13,0,0,6187
100035_2016,10,100035,1,1,4,28,5,22,57,14,0,1,0,42,1,35,402,35402,14,2008,5N1AN08W78C5,5,N,1,A,N,0,8,W,7,8,C,5,0,0,0,000000000,00000000000,0,0,0,1,0,0,0,0,0,0,0,998,0,0,0,12,6,2,14,0,0,0,1,42,17552,6,1,0,0,3,0,71,999,0,0,0,0,0,0,0,0,0,0,29,0,0,0,1,2,35,1,1,2,1,0,0,1,13,1,1,4,11,0,1,6188
100036_2016,10,100036,1,1,1,20,7,0,40,26,0,1,0,42,1,12,402,12402,14,2005,1FMYU94175KC,1,F,M,Y,U,9,4,1,7,5,K,C,0,0,0,000000000,00000000000,0,0,0,1,0,0,0,0,0,0,0,998,0,0,0,81,6,2,26,0,0,0,1,42,19135,6,1,0,0,3,0,72,999,0,0,0,2,1,10,2012,9,2014,0,99,99,99,99,3,2,65,1,1,1,1,97,8,1,13,1,1,4,1,1,0,6189
100037_2016,10,100037,1,1,1,18,4,22,6,32,0,1,0,10,1,69,54,69054,3,2004,WMWRE33474TD,W,M,W,R,E,3,3,4,7,4,T,D,0,0,0,000000000,00000000000,0,0,0,1,0,0,0,0,0,0,0,998,0,0,0,12,6,2,32,0,0,1,1,10,19956,6,1,0,0,3,0,69,190,0,0,0,0,0,0,0,0,0,3,28,0,0,0,1,2,50,3,1,2,1,0,0,14,13,1,1,5,1,1,1,6190
100038_2016,10,100038,1,1,1,28,2,21,28,8,0,1,1,99,9,99,999,99999,99,9999,999999999999,9,9,9,9,9,9,9,9,9,9,9,9,9,0,0,000000000,00000000000,0,0,0,1,0,0,0,0,99,99,9,999,0,0,0,12,9,9,8,99,99,0,1,99,99999,9,9,99,9,9,9,999,999,99,99,99,99,99,99,9999,99,9999,9,99,99,99,99,1,2,35,8,8,2,1,0,0,1,80,99,1,2,13,0,0,6191
100039_2016,10,100039,1,1,1,10,2,4,33,8,0,1,0,10,1,55,33,55033,4,2002,KMHWF25S02A5,K,M,H,W,F,2,5,S,0,2,A,5,0,0,0,000000000,00000000000,0,0,0,1,0,0,0,0,0,0,0,998,0,0,0,12,2,5,8,0,0,0,1,10,19810,6,1,0,0,3,1,69,200,0,0,0,1,0,12,2012,12,2012,0,0,0,0,0,5,5,45,8,1,2,2,0,0,1,80,1,1,1,13,0,0,6192
100040_2016,10,100040,1,2,1,21,8,5,34,12,6,1,1,10,2,2,422,2422,15,2014,1C4RJFDJ8EC1,1,C,4,R,J,F,D,J,8,E,C,1,0,0,0,000000000,00000000000,0,0,0,1,0,0,0,0,0,0,0,998,0,0,0,12,6,2,12,0,0,0,1,10,19802,6,1,0,0,3,0,69,170,0,1,0,1,0,5,2013,5,2013,5,39,36,0,0,1,2,25,8,8,8,1,2,3,1,65,99,1,1,83,0,0,6193
100040_2016,10,100040,2,2,1,21,8,5,34,12,6,1,0,10,2,55,37,55037,2,2003,KMHHN65F63U0,K,M,H,H,N,6,5,F,6,3,U,0,0,0,0,000000000,00000000000,0,0,0,1,0,0,0,0,0,0,0,998,0,0,0,9,6,2,12,0,0,0,1,10,19805,1,1,0,0,2,0,75,200,0,0,0,0,0,0,0,0,0,0,0,0,0,0,4,2,25,8,8,8,1,2,3,11,66,1,1,1,82,1,0,6194
100041_2016,10,100041,1,1,2,4,6,19,10,34,0,1,0,10,2,7,472,7472,31,2002,1B7FL16X62S6,1,B,7,F,L,1,6,X,6,2,S,6,0,0,0,000000000,00000000000,0,0,0,1,0,0,0,0,0,0,0,998,0,1,1,99,6,2,42,0,0,0,1,10,19734,6,1,0,0,3,0,74,150,0,0,0,0,0,0,0,0,0,0,0,0,0,0,1,2,40,1,1,2,1,0,0,1,13,1,1,4,1,1,0,6195
100042_2016,10,100042,1,1,1,21,7,0,1,5,0,1,0,10,1,76,705,76705,80,2006,JYARJ12E86A0,J,Y,A,R,J,1,2,E,8,6,A,0,0,0,0,000000000,00000000000,0,0,0,1,0,0,0,0,0,0,0,998,0,0,0,0,6,2,5,0,0,0,1,10,19962,6,1,6,1,3,3,72,175,0,0,0,6,1,12,2012,6,2015,2,39,0,0,0,1,2,50,8,8,2,1,20,3,1,14,1,1,4,0,1,1,6196
100043_2016,10,100043,1,3,1,28,5,16,51,5,0,1,0,10,1,72,706,72706,80,2002,1HD1BJY142Y0,1,H,D,1,B,J,Y,1,4,2,Y,0,0,0,0,000000000,00000000000,0,0,0,1,0,0,0,0,0,0,0,998,0,0,0,0,0,3,5,0,0,0,1,10,19720,6,1,6,1,3,0,68,195,1,0,0,0,0,2,2012,2,2012,0,38,39,0,0,1,2,50,8,8,2,1,20,3,1,17,7,1,2,0,1,1,6197
100043_2016,10,100043,2,3,1,28,5,16,51,5,0,1,0,10,1,72,706,72706,80,2001,1HD1DDV181Y6,1,H,D,1,D,D,V,1,8,1,Y,6,0,0,0,000000000,00000000000,0,0,0,1,0,0,0,0,0,0,0,998,0,0,0,61,6,2,12,0,0,0,1,10,19720,6,1,6,1,3,0,76,340,0,0,0,0,2,10,2013,3,2014,0,38,39,0,0,1,2,50,8,8,2,1,20,3,1,17,6,1,2,98,0,1,6198
100043_2016,10,100043,3,3,1,28,5,16,51,5,0,1,0,10,1,72,706,72706,80,1999,1HD1BTL11XY0,1,H,D,1,B,T,L,1,1,X,Y,0,0,0,0,000000000,00000000000,0,0,0,1,0,0,0,0,0,0,0,998,0,0,0,12,6,2,12,0,0,0,1,10,19977,6,1,0,2,2,0,73,170,2,0,0,3,6,4,2014,5,2016,0,0,0,0,0,1,2,50,8,8,2,1,0,0,1,63,1,1,1,98,0,0,6199
100044_2016,10,100044,2,1,1,14,6,11,35,14,0,1,0,10,1,49,403,49403,14,2006,JTEEW21A5600,J,T,E,E,W,2,1,A,5,6,0,0,0,0,0,000000000,00000000000,0,0,0,1,0,0,0,0,0,0,0,998,0,0,0,12,6,2,14,0,0,0,1,10,19953,6,1,0,0,3,3,71,174,0,0,0,0,0,0,0,0,0,0,29,0,0,0,1,2,50,8,8,2,1,97,8,1,13,1,1,4,11,0,0,6200
100045_2016,10,100045,1,2,2,19,4,7,3,12,6,1,0,10,1,49,32,49032,4,2010,2T1BU4EE5AC3,2,T,1,B,U,4,E,E,5,A,C,3,0,0,0,000000000,00000000000,0,0,0,1,0,0,0,0,0,0,0,6,0,0,0,9,6,2,12,0,0,0,1,10,19963,6,1,0,0,3,0,71,215,0,0,0,0,0,0,0,0,0,0,39,38,0,0,1,2,55,8,8,2,1,20,3,4,17,1,1,2,89,1,0,6201
100045_2016,10,100045,2,2,2,19,4,7,3,12,6,1,0,10,1,13,13,13013,4,2013,3LN6L2G97DR8,3,L,N,6,L,2,G,9,7,D,R,8,0,0,0,000000000,00000000000,0,0,0,1,0,0,0,0,0,0,0,998,0,0,0,12,6,2,12,0,0,0,1,10,19962,6,1,0,0,3,0,67,155,0,0,0,2,0,12,2013,6,2015,0,0,0,0,0,2,2,55,8,8,2,1,0,0,1,66,1,1,1,88,0,0,6202
100046_2016,10,100046,1,1,1,22,3,21,41,42,0,1,0,10,2,37,441,37441,20,1995,JHMRA1844SC0,J,H,M,R,A,1,8,4,4,S,C,0,0,0,0,000000000,00000000000,0,0,0,1,0,0,0,0,0,0,0,998,0,2,6,1,6,2,42,0,0,0,1,10,19956,1,1,0,0,2,0,70,165,0,0,0,0,2,6,2013,1,2014,0,28,0,0,0,1,2,50,8,8,8,1,0,0,1,12,1,1,4,6,1,0,6203
100047_2016,10,100047,1,2,1,17,4,13,24,12,2,1,0,36,3,49,32,49032,4,2014,5YFBURHE8EP1,5,Y,F,B,U,R,H,E,8,E,P,1,0,0,0,000000000,00000000000,0,0,0,1,0,0,0,0,0,0,0,61,0,0,0,12,6,2,12,0,0,0,1,10,19943,6,1,6,0,3,0,72,210,0,0,0,1,0,12,2015,12,2015,0,51,0,0,0,1,2,50,1,8,2,1,0,0,1,10,1,1,2,50,0,0,6204
100047_2016,10,100047,2,2,2,17,4,13,24,12,2,1,0,24,1,37,31,37031,4,2011,19XFA1F57BE0,1,9,X,F,A,1,F,5,7,B,E,0,0,0,0,000000000,00000000000,0,0,0,1,0,0,0,0,0,0,0,998,0,0,0,12,6,2,12,0,0,0,1,24,21619,6,1,0,0,3,0,65,190,0,0,0,1,1,10,2015,4,2016,0,0,0,0,0,1,2,50,1,8,2,1,0,0,1,62,1,1,1,51,1,0,6205
100048_2016,10,100048,1,1,1,7,6,13,54,53,0,1,0,10,1,52,401,52401,14,2002,JA4MT41R62J0,J,A,4,M,T,4,1,R,6,2,J,0,0,0,0,000000000,00000000000,0,0,0,1,0,0,0,0,0,0,0,998,0,0,0,1,6,2,8,0,0,0,1,10,19968,6,1,0,0,3,3,75,210,1,0,0,2,5,11,2012,5,2016,0,27,0,0,0,2,2,55,8,8,2,1,0,0,15,13,1,1,4,1,0,0,6206
100049_2016,10,100049,1,2,1,1,7,20,14,12,6,1,0,10,1,34,706,34706,80,2014,WB1053402EZL,W,B,1,0,5,3,4,0,2,E,Z,L,0,0,0,000000000,00000000000,0,0,0,1,0,0,0,0,0,0,0,998,0,0,0,12,6,2,12,0,0,0,1,10,19701,6,1,6,1,3,0,71,195,0,0,0,1,0,10,2015,10,2015,2,33,0,0,0,1,2,40,1,1,2,1,0,0,6,65,1,1,1,83,1,1,6207
100049_2016,10,100049,2,2,1,1,7,20,14,12,6,1,0,10,1,49,44,49044,1,2004,4T1FA38P14U0,4,T,1,F,A,3,8,P,1,4,U,0,0,0,0,000000000,00000000000,0,0,0,1,0,0,0,0,0,0,0,998,0,0,0,8,6,2,12,0,0,0,1,10,19701,6,1,0,0,3,1,65,149,0,0,0,0,0,0,0,0,0,0,38,39,0,0,1,2,40,1,1,2,1,20,3,11,15,1,1,2,82,0,0,6208
100050_2016,10,100050,1,1,3,7,5,1,4,42,0,1,0,92,0,12,481,12481,31,2004,1FTPX04544KC,1,F,T,P,X,0,4,5,4,4,K,C,0,0,0,000000000,00000000000,0,0,0,1,0,0,0,0,0,0,0,998,0,0,0,61,6,2,42,0,0,0,1,10,19938,2,1,0,0,2,0,70,180,0,0,0,0,0,0,0,0,0,3,0,0,0,0,1,2,40,3,8,2,2,40,3,14,12,1,1,4,6,1,1,6209
100051_2016,10,100051,1,1,1,2,9,1,23,8,0,1,1,99,9,99,999,99999,99,9999,999999999999,9,9,9,9,9,9,9,9,9,9,9,9,9,0,99,999999999,99999999999,9,99,99,1,0,0,0,0,99,99,9,998,0,0,0,99,9,9,8,99,99,0,1,99,99999,9,9,99,9,9,9,999,999,99,99,99,99,99,99,9999,99,9999,9,99,99,99,99,5,5,25,8,8,2,1,0,0,1,80,99,1,9,13,0,0,6210
100052_2016,10,100052,1,1,2,7,9,7,28,8,0,1,0,10,1,42,43,42043,4,2004,WDBNG75J94A3,W,D,B,N,G,7,5,J,9,4,A,3,0,0,0,000000000,00000000000,0,0,0,1,0,0,0,0,0,0,0,998,0,0,0,12,2,3,8,0,0,0,1,10,19808,6,1,0,0,3,3,67,160,0,0,0,0,0,0,0,0,0,0,0,0,0,0,1,2,25,8,8,2,1,3,3,1,80,1,1,1,13,0,0,6211
100053_2016,10,100053,1,1,3,18,6,5,20,42,0,1,0,10,2,7,20,7020,4,2005,1B3ES56C05D1,1,B,3,E,S,5,6,C,0,5,D,1,0,0,0,000000000,00000000000,0,0,0,1,0,0,0,0,0,0,0,998,0,0,0,11,6,2,42,0,0,0,1,10,19963,6,1,0,0,3,3,66,125,0,0,0,0,0,0,0,0,0,3,0,0,0,0,1,2,50,2,8,2,1,0,0,14,12,1,1,4,6,2,1,6212
100054_2016,10,100054,1,1,1,8,7,23,59,1,0,1,0,24,2,12,401,12401,14,1996,1FMDU32X7TZA,1,F,M,D,U,3,2,X,7,T,Z,A,0,0,0,000000000,00000000000,0,0,0,1,0,0,0,0,0,0,0,998,0,2,1,0,6,2,1,0,0,0,1,24,21655,6,1,0,0,3,0,71,160,0,1,0,0,0,1,2015,1,2015,5,6,36,37,0,2,4,55,8,8,2,1,0,0,15,11,1,3,2,98,1,1,6213
100055_2016,10,100055,1,2,2,2,4,14,14,12,6,1,0,42,2,35,39,35039,4,1997,JN1CA21D5VT8,J,N,1,C,A,2,1,D,5,V,T,8,0,0,0,000000000,00000000000,0,0,0,1,0,0,0,0,0,0,0,998,0,0,0,12,6,2,12,0,0,0,1,10,19702,0,0,0,0,0,0,999,999,99,99,99,99,99,99,9999,99,9999,0,0,0,0,0,2,4,50,1,1,2,1,0,0,1,64,1,1,1,98,0,0,6214
100055_2016,10,100055,2,2,2,2,4,14,14,12,6,1,0,42,1,19,20,19020,6,2007,1GYEE6377701,1,G,Y,E,E,6,3,7,7,7,0,1,0,0,0,000000000,00000000000,0,0,0,1,0,0,0,0,0,0,0,998,0,0,0,81,6,2,12,0,0,0,1,42,19145,6,1,6,0,3,0,70,999,0,0,0,0,0,0,0,0,0,0,38,39,0,0,2,4,50,1,1,2,1,20,3,12,51,1,1,2,98,1,0,6215