st_case_year,STATE,ST_CASE,VEH_NO,VE_FORMS,NUMOCCS,DAY,MONTH,HOUR,MINUTE,HARM_EV,MAN_COLL,UNITTYPE,HIT_RUN,REG_STAT,OWNER,MAKE,MODEL,MAK_MOD,BODY_TYP,MOD_YEAR,VIN,VIN_1,VIN_2,VIN_3,VIN_4,VIN_5,VIN_6,VIN_7,VIN_8,VIN_9,VIN_10,VIN_11,VIN_12,TOW_VEH,J_KNIFE,MCARR_I1,MCARR_I2,MCARR_ID,GVWR,V_CONFIG,CARGO_BT,HAZ_INV,HAZ_PLAC,HAZ_ID,HAZ_CNO,HAZ_REL,BUS_USE,SPEC_USE,EMER_USE,TRAV_SP,UNDERIDE,ROLLOVER,ROLINLOC,IMPACT1,DEFORMED,TOWED,M_HARM,VEH_SC1,VEH_SC2,FIRE_EXP,DR_PRES,L_STATE,DR_ZIP,L_STATUS,L_TYPE,CDL_STAT,L_ENDORS,L_COMPL,L_RESTRI,DR_HGT,DR_WGT,PREV_ACC,PREV_SUS,PREV_DWI,PREV_SPD,PREV_OTH,FIRST_MO,FIRST_YR,LAST_MO,LAST_YR,SPEEDREL,DR_SF1,DR_SF2,DR_SF3,DR_SF4,VTRAFWAY,VNUM_LAN,VSPD_LIM,VALIGN,VPROFILE,VPAVETYP,VSURCOND,VTRAFCON,VTCONT_F,P_CRASH1,P_CRASH2,P_CRASH3,PCRASH4,PCRASH5,ACC_TYPE,DEATHS,DR_DRINK,idno
100056_2016,10,100056,1,1,2,6,8,21,33,8,0,1,0,10,2,55,33,55033,4,2014,5NPEB4AC9EH8,5,N,P,E,B,4,A,C,9,E,H,8,0,0,0,000000000,00000000000,0,0,0,1,0,0,0,0,0,0,0,998,0,0,0,12,4,3,8,0,0,0,1,10,19701,6,1,0,0,3,0,66,115,0,0,0,0,0,0,0,0,0,0,0,0,0,0,2,2,50,8,1,2,1,2,3,1,80,1,1,1,13,0,0,6216
100057_2016,10,100057,1,1,2,6,8,15,41,1,0,1,0,10,2,12,402,12402,14,2001,1FMCU04151KB,1,F,M,C,U,0,4,1,5,1,K,B,0,0,0,000000000,00000000000,0,0,0,1,0,0,0,0,0,0,0,998,0,1,3,0,6,2,1,0,0,0,1,10,19904,1,1,0,0,2,0,67,170,1,0,0,0,0,6,2016,6,2016,0,80,0,0,0,2,2,65,8,8,2,1,0,0,1,1,1,1,4,6,1,0,6217
100058_2016,10,100058,1,2,1,30,6,4,40,12,2,1,0,10,1,12,3,12003,1,2004,1FAFP44624F1,1,F,A,F,P,4,4,6,2,4,F,1,0,0,0,000000000,00000000000,0,0,0,1,0,0,0,0,0,0,0,998,1,0,0,12,6,2,12,0,0,0,1,10,19966,6,1,0,0,3,0,72,154,0,0,0,4,0,9,2014,3,2016,0,51,0,0,0,1,2,50,1,1,2,1,0,0,1,10,1,1,2,50,1,1,6218
100058_2016,10,100058,2,2,1,30,6,4,40,12,2,1,0,24,3,38,882,38882,61,2013,54DC4W1B8DS8,5,4,D,C,4,W,1,B,8,D,S,8,0,0,24,2447442,242447442,2,1,1,1,0,0,0,0,0,0,0,998,0,0,0,12,6,2,12,0,0,0,1,24,21804,6,1,0,0,3,0,70,157,0,0,0,0,0,0,0,0,0,0,0,0,0,0,1,2,50,1,1,2,1,0,0,1,62,7,1,1,51,0,0,6219
100059_2016,10,100059,1,2,2,30,7,1,40,12,1,1,0,51,4,12,481,12481,31,2014,1FT7W2B63EEB,1,F,T,7,W,2,B,6,3,E,E,B,0,0,0,000000000,00000000000,0,0,0,1,0,0,0,0,0,0,0,998,0,0,0,12,6,2,12,0,0,0,1,6,90723,1,1,0,0,2,0,70,150,0,3,2,0,0,7,2012,6,2013,3,36,91,0,0,2,2,55,8,8,2,1,0,0,1,51,1,1,2,24,0,1,6220
100059_2016,10,100059,2,2,2,30,7,1,40,12,1,1,0,24,2,42,401,42401,14,1998,4JGAB54E3WA0,4,J,G,A,B,5,4,E,3,W,A,0,0,0,0,000000000,00000000000,0,0,0,1,0,0,0,0,0,0,0,998,0,1,6,6,6,2,2,0,0,1,1,24,21801,6,1,0,0,3,0,74,250,0,1,0,0,0,7,2015,7,2015,0,0,0,0,0,2,2,55,8,8,2,1,0,0,1,53,1,1,1,25,1,0,6221
100060_2016,10,100060,1,1,2,26,10,21,16,8,0,1,0,10,1,63,38,63038,5,2014,KNAFX4A65E51,K,N,A,F,X,4,A,6,5,E,5,1,0,0,0,000000000,00000000000,0,0,0,1,0,0,0,0,0,0,0,27,0,0,0,12,2,3,8,0,0,0,1,10,19901,6,1,0,0,3,0,76,220,1,0,0,0,0,9,2016,9,2016,0,0,0,0,0,3,3,35,8,8,2,1,2,3,1,80,16,1,1,13,0,0,6222
100061_2016,10,100061,1,1,1,7,8,21,37,8,0,1,0,10,2,7,26,7026,4,2014,1C3CDZAB4EN2,1,C,3,C,D,Z,A,B,4,E,N,2,0,0,0,000000000,00000000000,0,0,0,1,0,0,0,0,0,0,0,998,0,0,0,12,6,2,8,0,0,0,1,10,19711,1,1,0,0,2,3,75,200,0,1,0,0,1,1,2012,4,2016,0,0,0,0,0,3,3,45,1,1,2,1,2,3,1,80,1,1,1,13,0,1,6223
100062_2016,10,100062,1,2,1,2,9,19,52,8,0,1,0,36,1,49,32,49032,4,2004,JTDBR32E9420,J,T,D,B,R,3,2,E,9,4,2,0,0,0,0,000000000,00000000000,0,0,0,1,0,0,0,0,0,0,0,998,0,0,0,12,6,2,8,0,0,0,1,36,12563,6,1,0,0,3,0,999,999,1,0,0,0,0,11,2014,11,2014,0,0,0,0,0,2,4,65,1,1,2,1,0,0,1,80,16,1,1,13,0,0,6224
100062_2016,10,100062,2,2,2,2,9,19,52,8,0,1,0,10,1,14,401,14401,14,2010,4M2EN4HE2AUJ,4,M,2,E,N,4,H,E,2,A,U,J,0,0,0,000000000,00000000000,0,0,0,1,0,0,0,0,0,0,0,998,0,0,0,12,6,2,12,0,0,0,1,10,19702,1,1,0,0,2,3,71,250,0,0,0,1,0,7,2016,7,2016,0,0,0,0,0,2,4,65,1,1,2,1,0,0,1,50,1,1,1,98,0,0,6225
100063_2016,10,100063,1,1,1,29,9,14,55,53,0,1,0,10,3,20,481,20481,31,2005,1GCHC24U95E1,1,G,C,H,C,2,4,U,9,5,E,1,0,0,0,000000000,00000000000,0,0,0,1,0,0,0,0,0,0,0,70,0,0,0,5,6,2,42,0,0,0,1,10,19953,6,1,0,0,3,0,68,195,0,0,0,0,0,0,0,0,0,4,6,27,0,0,1,2,50,3,8,2,2,0,0,14,10,1,4,4,7,1,1,6226
100064_2016,10,100064,1,2,2,18,6,18,22,12,6,1,0,51,1,2,422,2422,15,2015,1C4RJFBG2FC1,1,C,4,R,J,F,B,G,2,F,C,1,0,0,0,000000000,00000000000,0,0,0,1,0,0,0,0,0,0,0,55,0,0,0,3,6,2,12,0,0,0,1,51,22101,6,1,0,0,3,0,72,180,0,0,0,1,0,1,2014,1,2014,0,39,0,0,0,1,2,50,8,8,2,1,20,3,1,17,1,1,1,87,1,0,6227
100064_2016,10,100064,2,2,1,18,6,18,22,12,6,1,0,10,1,12,481,12481,31,2008,1FTSW21R28EB,1,F,T,S,W,2,1,R,2,8,E,B,0,0,0,000000000,00000000000,0,0,0,1,0,0,0,0,0,0,0,998,0,0,0,12,6,2,12,0,0,0,1,10,19901,6,1,0,0,3,3,67,195,0,0,0,0,3,8,2013,6,2015,0,0,0,0,0,1,2,50,8,8,2,1,0,0,1,66,1,1,1,86,0,0,6228
100065_2016,10,100065,1,2,2,2,4,14,27,12,1,1,0,10,2,63,402,63402,14,2009,KNDJD7352958,K,N,D,J,D,7,3,5,2,9,5,8,0,0,0,000000000,00000000000,0,0,0,1,0,0,0,0,0,0,0,998,0,0,0,6,2,5,12,0,0,0,1,10,19962,6,1,0,0,3,3,75,259,0,0,0,0,0,0,0,0,0,0,0,0,0,0,2,3,45,8,8,2,2,0,0,2,18,99,1,1,29,1,0,6229
100065_2016,10,100065,2,2,1,2,4,14,27,12,1,1,0,10,2,12,481,12481,31,2005,1FTPX14545NB,1,F,T,P,X,1,4,5,4,5,N,B,0,0,0,000000000,00000000000,0,0,0,1,0,0,0,0,0,0,0,998,0,0,0,12,2,5,12,0,0,0,1,10,19971,6,1,0,0,3,0,73,152,0,0,0,0,0,0,0,0,0,0,0,0,0,0,2,3,45,8,8,2,2,0,0,1,78,6,1,2,28,0,0,6230
100066_2016,10,100066,1,2,1,3,6,13,25,12,6,1,0,42,1,13,13,13013,4,2007,3LNHM26T87R6,3,L,N,H,M,2,6,T,8,7,R,6,0,0,0,000000000,00000000000,0,0,0,1,0,0,0,0,0,0,0,998,0,0,0,10,6,2,12,0,0,0,1,42,19464,6,1,0,0,3,3,67,999,0,0,0,0,0,0,0,0,0,0,38,0,0,0,1,2,50,8,8,2,1,20,3,4,17,1,1,1,89,0,0,6231
100066_2016,10,100066,2,2,1,3,6,13,25,12,6,1,0,10,1,73,705,73705,80,2007,JKAEXEA167A0,J,K,A,E,X,E,A,1,6,7,A,0,0,0,0,000000000,00000000000,0,0,0,1,0,0,0,0,0,0,0,998,0,0,0,12,6,2,12,0,0,0,1,10,19904,6,1,6,1,3,0,73,195,0,0,0,3,0,5,2014,3,2016,3,0,0,0,0,2,2,55,8,8,2,1,0,0,1,67,1,1,1,88,1,0,6232
100067_2016,10,100067,1,1,1,13,8,17,34,34,0,1,0,10,1,53,705,53705,80,2005,JS1GN79A7521,J,S,1,G,N,7,9,A,7,5,2,1,0,0,0,000000000,00000000000,0,0,0,1,0,0,0,0,0,0,0,998,0,0,0,12,6,2,35,0,0,0,1,10,19943,6,1,6,1,3,3,73,185,0,0,0,1,0,3,2016,3,2016,5,0,0,0,0,1,2,50,3,8,2,1,0,0,14,13,99,1,4,1,1,1,6233
100068_2016,10,100068,1,2,1,23,7,0,43,12,6,1,0,10,1,12,401,12401,14,2005,1FMZU73E15UB,1,F,M,Z,U,7,3,E,1,5,U,B,0,0,0,000000000,00000000000,0,0,0,1,0,0,0,0,0,0,0,998,0,0,0,81,6,2,12,0,0,0,1,10,19701,6,1,0,0,3,0,67,145,0,0,0,1,1,7,2013,6,2014,0,38,39,0,0,2,2,50,1,1,8,1,20,3,11,15,99,1,2,68,0,1,6234
100068_2016,10,100068,2,2,1,23,7,0,43,12,6,1,0,10,1,41,50,41050,4,2015,JM1GJ1U5XF12,J,M,1,G,J,1,U,5,X,F,1,2,0,0,0,000000000,00000000000,0,0,0,1,0,0,0,0,0,0,0,116,0,0,0,12,6,2,12,0,0,0,1,10,19713,6,1,0,0,3,0,68,150,0,0,0,1,0,3,2016,3,2016,3,36,0,0,0,2,2,50,1,1,8,1,0,0,3,64,1,1,1,69,1,1,6235
100069_2016,10,100069,1,1,2,7,8,20,0,1,0,1,0,10,1,37,706,37706,80,2007,1HFSC52637A4,1,H,F,S,C,5,2,6,3,7,A,4,0,0,0,000000000,00000000000,0,0,0,1,0,0,0,0,0,0,0,998,0,0,0,0,6,2,1,0,0,0,1,10,19904,6,1,6,1,3,0,74,250,0,0,0,0,0,0,0,0,0,0,80,0,0,0,2,2,65,3,8,1,1,0,0,14,1,99,1,2,98,1,1,6236
100070_2016,10,100070,1,2,4,27,8,21,43,12,1,1,0,24,1,2,405,2405,14,2003,1J4GL58K13W5,1,J,4,G,L,5,8,K,1,3,W,5,0,0,0,000000000,00000000000,0,0,0,1,0,0,0,0,0,0,0,998,0,0,0,6,4,3,12,0,0,0,1,24,21651,6,1,0,0,3,0,68,200,0,0,0,0,0,0,0,0,0,0,0,0,0,0,1,2,50,8,8,2,1,0,0,1,53,99,1,1,25,0,0,6237
100070_2016,10,100070,2,2,1,27,8,21,43,12,1,1,0,24,2,72,706,72706,80,2007,1HD1GX4137K3,1,H,D,1,G,X,4,1,3,7,K,3,0,0,0,000000000,00000000000,0,0,0,1,0,0,0,0,0,0,0,88,0,0,0,12,4,3,12,0,0,0,1,24,21651,6,1,0,0,3,0,69,225,0,0,0,0,0,0,0,0,0,5,6,36,0,0,1,2,50,8,8,2,1,0,0,6,51,1,1,2,24,1,1,6238
100071_2016,10,100071,1,2,1,16,9,17,18,12,6,1,0,12,3,49,40,49040,4,2016,4T1BF1FK3GU1,4,T,1,B,F,1,F,K,3,G,U,1,0,0,0,000000000,00000000000,0,0,0,1,0,0,0,0,0,0,0,0,0,0,0,1,6,2,12,0,0,0,1,10,19803,6,1,0,0,3,3,65,165,0,0,0,1,0,3,2012,3,2012,0,38,0,0,0,1,2,50,1,1,8,1,0,0,5,51,99,1,2,64,0,0,6239
100071_2016,10,100071,2,2,1,16,9,17,18,12,6,1,0,24,1,34,706,34706,80,2015,WB1061200FZZ,W,B,1,0,6,1,2,0,0,F,Z,Z,0,0,0,000000000,00000000000,0,0,0,1,0,0,0,0,0,0,0,998,0,0,0,12,6,2,12,0,0,0,1,10,19709,6,1,6,1,3,0,73,230,0,0,0,0,0,0,0,0,0,0,0,0,0,0,1,2,50,1,1,8,1,0,0,1,72,7,1,1,65,1,0,6240
100072_2016,10,100072,1,1,1,16,9,19,38,8,0,1,0,24,1,20,9,20009,2,2012,2G1FA1E32C91,2,G,1,F,A,1,E,3,2,C,9,1,0,0,0,000000000,00000000000,0,0,0,1,0,0,0,0,0,0,0,998,0,0,0,12,4,5,8,0,0,0,1,24,19702,6,1,0,0,3,0,68,135,0,0,0,0,1,7,2016,7,2016,0,0,0,0,0,2,2,50,8,8,8,1,2,3,1,80,98,1,1,13,0,0,6241
100073_2016,10,100073,1,1,1,19,10,18,0,34,0,1,0,10,1,50,706,50706,80,2012,SMTE05BF9CJ5,S,M,T,E,0,5,B,F,9,C,J,5,0,0,0,000000000,00000000000,0,0,0,1,0,0,0,0,0,0,0,998,0,0,0,12,6,2,34,0,0,0,1,10,19901,6,1,6,1,3,0,76,250,2,0,0,0,2,12,2015,5,2016,5,27,0,0,0,1,2,50,3,8,2,1,0,0,14,12,99,1,4,6,1,0,6242
100074_2016,10,100074,1,1,1,2,12,16,19,8,0,1,0,10,1,7,482,7482,31,2002,1D7HU16N92J1,1,D,7,H,U,1,6,N,9,2,J,1,0,0,0,000000000,00000000000,0,0,0,1,0,0,0,0,0,0,0,26,0,0,0,12,2,3,8,0,0,0,1,10,19720,6,1,0,0,3,0,72,265,0,0,0,0,0,0,0,0,0,0,0,0,0,0,4,2,25,1,1,2,1,0,0,1,80,99,1,1,13,0,0,6243
100075_2016,10,100075,1,1,1,9,9,21,22,8,0,1,0,10,1,6,52,6052,6,2004,3C8FY68B94T3,3,C,8,F,Y,6,8,B,9,4,T,3,0,0,0,000000000,00000000000,0,0,0,1,0,0,0,0,0,0,0,998,0,0,0,9,2,5,8,0,0,0,1,10,19973,6,1,6,0,3,3,74,185,0,0,0,0,0,0,0,0,0,0,0,0,0,0,2,2,50,1,1,8,1,0,0,1,82,99,1,1,13,0,0,6244
100076_2016,10,100076,1,1,1,12,9,20,28,8,0,1,0,10,1,37,32,37032,4,2012,1HGCP2F34CA1,1,H,G,C,P,2,F,3,4,C,A,1,0,0,0,000000000,00000000000,0,0,0,1,0,0,0,0,0,0,0,45,0,0,0,12,6,2,8,0,0,0,1,10,19934,6,1,0,0,3,0,70,200,0,0,0,1,0,12,2015,12,2015,0,0,0,0,0,2,2,55,8,8,2,1,0,0,1,80,99,1,1,13,0,0,6245
100077_2016,10,100077,1,1,1,13,10,1,15,32,0,1,0,10,2,20,9,20009,2,2000,2G1FP22KXY21,2,G,1,F,P,2,2,K,X,Y,2,1,0,0,0,000000000,00000000000,0,0,0,1,0,0,0,0,0,0,0,66,0,0,0,12,6,2,32,0,0,0,1,10,19720,6,1,0,0,3,0,66,250,0,0,0,0,0,0,0,0,0,0,27,30,0,0,6,1,65,8,8,2,1,0,0,16,12,16,1,4,6,1,1,6246
100078_2016,10,100078,1,2,1,9,11,10,41,12,2,1,0,42,3,87,898,87898,78,1997,1NP5XBTX6VD4,1,N,P,5,X,B,T,X,6,V,D,4,0,0,42,995052,42995052,3,2,4,1,0,0,0,0,0,0,0,998,0,0,0,12,6,2,12,0,0,0,1,42,19516,6,1,6,0,3,0,72,999,0,0,0,0,0,0,0,0,0,0,0,0,0,0,1,2,50,1,2,2,2,0,0,1,62,7,1,1,51,0,0,6247
100078_2016,10,100078,2,2,1,9,11,10,41,12,2,1,0,42,3,35,49,35049,6,2016,5N1AZ2MH9GN1,5,N,1,A,Z,2,M,H,9,G,N,1,0,0,0,000000000,00000000000,0,0,0,1,0,0,0,0,0,0,0,998,0,0,0,12,6,2,12,0,0,1,1,42,19390,6,1,0,0,9,3,64,999,0,0,0,0,0,0,0,0,0,0,6,28,51,0,1,2,50,1,2,2,2,0,0,1,10,99,1,2,50,1,0,6248
100079_2016,10,100079,1,5,2,26,5,13,49,12,2,1,0,10,1,51,47,51047,4,2001,YV1RS58D1120,Y,V,1,R,S,5,8,D,1,1,2,0,0,0,0,000000000,00000000000,0,0,0,1,0,0,0,0,0,0,0,998,0,0,0,12,6,2,12,0,0,1,1,10,19805,6,1,0,0,3,0,60,190,0,0,0,0,1,4,2013,4,2013,0,28,0,0,0,2,2,65,2,8,1,1,0,0,14,9,99,4,2,50,1,0,6249
100079_2016,10,100079,2,5,1,26,5,13,49,12,2,1,0,13,1,2,403,2403,14,2016,1C4BJWDG6GL1,1,C,4,B,J,W,D,G,6,G,L,1,0,0,0,000000000,00000000000,0,0,0,1,0,0,0,0,0,0,0,998,0,1,5,12,6,2,2,0,0,1,1,13,30701,6,1,0,0,3,0,72,170,98,0,0,0,0,0,0,0,0,0,0,0,0,0,2,2,65,3,8,1,1,0,0,14,64,7,1,2,51,0,0,6250
100079_2016,10,100079,3,5,4,26,5,13,49,12,2,1,0,10,2,37,421,37421,15,2015,5FNYF4H51FB0,5,F,N,Y,F,4,H,5,1,F,B,0,0,0,0,000000000,00000000000,0,0,0,1,0,0,0,0,0,0,0,998,0,0,0,6,4,5,12,0,0,0,1,10,19709,6,1,0,0,3,0,71,200,0,0,0,0,0,0,0,0,0,0,0,0,0,0,2,2,65,3,8,1,1,0,0,14,90,98,1,1,98,0,0,6251
100079_2016,10,100079,4,5,1,26,5,13,49,12,2,1,0,10,1,23,402,23402,14,2011,2CTALMEC2B64,2,C,T,A,L,M,E,C,2,B,6,4,0,0,0,000000000,00000000000,0,0,0,1,0,0,0,0,0,0,0,998,0,0,0,12,6,2,12,0,0,0,1,10,19709,6,1,0,0,3,0,67,200,0,0,0,3,0,7,2013,12,2015,0,0,0,0,0,2,2,65,3,8,1,1,0,0,14,51,99,1,1,98,0,0,6252
100079_2016,10,100079,5,5,1,26,5,13,49,12,2,1,0,10,1,20,481,20481,31,2009,1GCEC24C59Z2,1,G,C,E,C,2,4,C,5,9,Z,2,1,1,0,000000000,00000000000,0,0,0,1,0,0,0,0,0,0,0,998,0,0,0,12,6,2,12,0,0,0,1,10,19977,6,1,0,0,3,0,60,130,0,0,0,0,0,0,0,0,0,0,0,0,0,0,2,2,65,3,8,1,1,0,0,14,64,98,1,1,98,0,0,6253
100080_2016,10,100080,1,1,2,11,10,10,37,34,0,1,0,24,1,19,20,19020,6,2010,3GYFNAEYXAS5,3,G,Y,F,N,A,E,Y,X,A,S,5,0,0,0,000000000,00000000000,0,0,0,1,0,0,0,0,0,0,0,998,0,0,0,98,6,2,32,0,0,0,1,24,20905,6,1,0,0,3,0,66,170,0,0,0,0,0,0,0,0,0,0,0,0,0,0,3,5,65,1,1,2,1,0,0,15,13,99,1,4,1,1,0,6254
100081_2016,10,100081,1,2,1,24,5,10,42,12,6,1,0,10,1,53,705,53705,80,1999,JS1GN78A1X21,J,S,1,G,N,7,8,A,1,X,2,1,0,0,0,000000000,00000000000,0,0,0,1,0,0,0,0,0,0,0,18,0,0,0,11,6,2,12,0,0,0,1,10,19802,6,1,0,0,3,0,66,170,0,0,0,4,0,5,2014,5,2015,0,0,0,0,0,2,3,50,8,1,8,1,1,3,1,66,98,9,1,89,1,0,6255
100081_2016,10,100081,2,2,1,24,5,10,42,12,6,1,0,10,2,7,472,7472,30,2004,1D7HL38K24S6,1,D,7,H,L,3,8,K,2,4,S,6,0,0,0,000000000,00000000000,0,0,0,1,0,0,0,0,0,0,0,998,7,1,1,12,6,2,12,0,0,0,1,10,19720,2,7,0,0,2,0,70,203,0,0,0,0,0,0,0,0,0,0,39,0,0,0,2,2,35,8,8,2,1,2,3,1,17,99,1,2,88,0,0,6256
100082_2016,10,100082,1,3,3,1,7,15,30,12,6,1,0,10,1,37,31,37031,4,2002,2HGES16652H5,2,H,G,E,S,1,6,6,5,2,H,5,0,0,0,000000000,00000000000,0,0,0,1,0,0,0,0,0,0,0,998,0,0,0,11,6,2,12,0,0,0,1,10,19734,6,1,0,0,3,3,72,195,0,0,0,0,0,0,0,0,0,0,0,0,0,0,2,3,55,1,1,2,1,3,3,11,66,99,1,1,82,1,0,6257
100082_2016,10,100082,2,3,1,1,7,15,30,12,6,1,0,42,1,2,404,2404,14,2004,1J4GW48S74C3,1,J,4,G,W,4,8,S,7,4,C,3,0,0,0,000000000,00000000000,0,0,0,1,0,0,0,0,0,0,0,998,0,0,0,12,6,2,12,0,0,0,1,42,19522,6,1,0,0,3,0,68,999,0,0,0,0,0,0,0,0,0,0,39,0,0,0,2,2,55,1,1,2,1,3,3,1,17,99,1,1,83,0,0,6258
100082_2016,10,100082,3,3,1,1,7,15,30,12,6,1,0,10,1,6,18,6018,4,2013,1C3CCBCG5DN7,1,C,3,C,C,B,C,G,5,D,N,7,0,0,0,000000000,00000000000,0,0,0,1,0,0,0,0,0,0,0,0,0,0,0,6,2,8,12,0,0,0,1,34,8021,6,1,0,0,3,3,73,999,0,0,0,0,0,0,0,0,0,0,0,0,0,0,2,3,55,1,1,2,1,3,3,5,64,99,9,1,98,0,0,6259
100083_2016,10,100083,1,1,2,10,11,19,47,30,0,1,0,34,3,7,29,7029,4,2016,1C3CDFBB7GD7,1,C,3,C,D,F,B,B,7,G,D,7,0,0,0,000000000,00000000000,0,0,0,1,0,0,0,0,0,0,0,74,0,0,0,12,6,2,30,0,0,0,1,36,10304,6,1,0,0,3,3,74,999,1,2,0,0,1,10,2012,9,2015,3,28,6,53,0,1,2,50,3,8,2,1,0,0,14,13,6,4,4,1,1,0,6260
100084_2016,10,100084,1,1,1,29,11,22,33,42,0,1,0,10,1,37,32,37032,4,1999,1HGCG5552XA0,1,H,G,C,G,5,5,5,2,X,A,0,0,0,0,000000000,00000000000,0,0,0,1,0,0,0,0,0,0,0,998,0,0,0,61,6,2,42,0,0,0,1,10,19901,6,1,0,0,3,0,71,145,0,0,0,1,0,3,2016,3,2016,0,99,99,99,99,3,2,55,1,2,2,2,0,0,1,13,99,3,4,1,1,1,6261
100085_2016,10,100085,1,1,1,18,8,21,6,14,0,1,0,10,1,99,709,99709,80,2002,5CDM5B5172G0,5,C,D,M,5,B,5,1,7,2,G,0,0,0,0,000000000,00000000000,0,0,0,1,0,0,0,0,0,0,0,998,0,0,0,12,6,2,14,0,0,0,1,10,19701,6,8,0,0,2,3,69,180,0,0,0,0,0,0,0,0,0,0,28,0,0,0,1,2,40,1,1,2,1,0,0,1,11,99,1,4,11,1,1,6262
100086_2016,10,100086,1,1,1,13,10,20,1,30,0,1,0,24,1,20,9,20009,2,1994,2G1FP22P8R21,2,G,1,F,P,2,2,P,8,R,2,1,0,0,0,000000000,00000000000,0,0,0,1,0,0,0,0,0,0,0,68,0,0,0,12,6,2,30,0,0,0,1,24,21640,6,1,0,0,3,0,71,175,0,1,0,1,1,8,2015,10,2015,3,0,0,0,0,1,2,50,2,8,2,1,0,0,14,12,99,3,4,2,1,0,6263
100087_2016,10,100087,1,1,1,30,10,4,56,26,0,1,0,10,1,49,32,49032,4,2013,2T1BU4EE3DC9,2,T,1,B,U,4,E,E,3,D,C,9,0,0,0,000000000,00000000000,0,0,0,1,0,0,0,0,0,0,0,72,0,0,0,12,6,2,42,0,0,0,1,10,19805,6,1,0,0,3,0,68,221,1,0,0,2,0,2,2014,5,2016,0,28,0,0,0,2,2,55,2,6,2,1,0,0,14,10,99,1,4,6,1,0,6264
100088_2016,10,100088,1,1,1,14,11,20,17,8,0,1,0,10,1,32,42,32042,4,2014,WAUFGAFC9EN1,W,A,U,F,G,A,F,C,9,E,N,1,0,0,0,000000000,00000000000,0,0,0,1,0,0,0,0,0,0,0,45,0,0,0,12,6,2,8,0,0,0,1,10,19806,6,1,0,0,3,3,70,210,0,0,0,0,0,0,0,0,0,0,0,0,0,0,2,3,50,1,1,2,1,0,0,1,80,99,1,1,13,0,0,6265
100089_2016,10,100089,1,1,1,27,12,8,35,35,0,1,0,10,1,49,40,49040,4,2009,4T1BE46K29U8,4,T,1,B,E,4,6,K,2,9,U,8,0,0,0,000000000,00000000000,0,0,0,1,0,0,0,0,0,0,0,62,0,0,0,12,6,2,52,0,0,0,1,10,19946,6,1,0,0,3,0,72,195,0,0,0,0,0,0,0,0,0,4,0,0,0,0,1,2,50,3,8,2,2,0,0,14,6,99,9,4,7,1,0,6266
100090_2016,10,100090,1,1,1,3,12,1,39,8,0,1,0,10,3,20,421,20421,15,2015,1GNLC2EC2FR6,1,G,N,L,C,2,E,C,2,F,R,6,0,0,0,000000000,00000000000,0,0,0,1,0,0,0,0,0,0,0,47,0,0,0,12,6,2,8,0,0,0,1,10,19952,6,1,0,0,3,0,71,210,0,0,0,0,0,0,0,0,0,0,0,0,0,0,1,2,50,8,8,2,1,0,0,1,80,99,1,1,13,0,0,6267
100091_2016,10,100091,1,2,1,31,10,6,41,24,0,1,0,10,1,13,13,13013,4,2013,3LN6L2JK4DR8,3,L,N,6,L,2,J,K,4,D,R,8,0,0,0,000000000,00000000000,0,0,0,1,0,0,0,0,0,0,0,998,0,0,0,7,4,5,12,0,0,0,1,10,19801,6,1,0,0,3,0,71,190,0,0,0,1,0,6,2015,6,2015,0,0,0,0,0,3,2,45,8,8,2,1,0,0,1,64,99,1,1,98,0,0,6268
100091_2016,10,100091,2,2,1,31,10,6,41,24,0,1,0,34,1,73,706,73706,80,2013,JKAZXCJ15DA0,J,K,A,Z,X,C,J,1,5,D,A,0,0,0,0,000000000,00000000000,0,0,0,1,0,0,0,0,0,0,0,998,0,0,0,12,4,3,24,0,0,0,1,10,19805,6,1,6,1,3,0,73,230,0,0,0,0,0,0,0,0,0,3,36,0,0,0,3,2,45,8,8,2,1,0,0,6,51,6,1,4,8,1,0,6269
100092_2016,10,100092,1,1,1,23,9,16,9,42,0,1,0,10,1,20,471,20471,30,1987,1GCBS14E0H22,1,G,C,B,S,1,4,E,0,H,2,2,0,0,0,000000000,00000000000,0,0,0,1,0,0,0,0,0,0,0,998,0,0,0,12,6,2,42,0,0,0,1,10,19962,6,1,0,0,3,3,74,205,0,0,0,2,0,11,2012,8,2013,0,0,0,0,0,1,2,50,1,8,8,1,0,0,1,13,99,2,4,1,1,0,6270
100093_2016,10,100093,1,1,2,5,6,21,21,35,0,1,0,24,1,35,47,35047,4,2009,1N4AL21E69N4,1,N,4,A,L,2,1,E,6,9,N,4,0,0,0,000000000,00000000000,0,0,0,1,0,0,0,0,0,0,0,998,0,0,0,98,6,2,30,0,0,0,1,24,21853,6,1,0,0,3,0,66,164,0,0,0,0,0,0,0,0,0,3,36,0,0,0,1,2,50,3,8,2,1,0,0,14,6,99,2,4,2,1,1,6271