st_case_year,STATE,ST_CASE,VEH_NO,VE_FORMS,NUMOCCS,DAY,MONTH,HOUR,MINUTE,HARM_EV,MAN_COLL,UNITTYPE,HIT_RUN,REG_STAT,OWNER,MAKE,MODEL,MAK_MOD,BODY_TYP,MOD_YEAR,VIN,VIN_1,VIN_2,VIN_3,VIN_4,VIN_5,VIN_6,VIN_7,VIN_8,VIN_9,VIN_10,VIN_11,VIN_12,TOW_VEH,J_KNIFE,MCARR_I1,MCARR_I2,MCARR_ID,GVWR,V_CONFIG,CARGO_BT,HAZ_INV,HAZ_PLAC,HAZ_ID,HAZ_CNO,HAZ_REL,BUS_USE,SPEC_USE,EMER_USE,TRAV_SP,UNDERIDE,ROLLOVER,ROLINLOC,IMPACT1,DEFORMED,TOWED,M_HARM,VEH_SC1,VEH_SC2,FIRE_EXP,DR_PRES,L_STATE,DR_ZIP,L_STATUS,L_TYPE,CDL_STAT,L_ENDORS,L_COMPL,L_RESTRI,DR_HGT,DR_WGT,PREV_ACC,PREV_SUS,PREV_DWI,PREV_SPD,PREV_OTH,FIRST_MO,FIRST_YR,LAST_MO,LAST_YR,SPEEDREL,DR_SF1,DR_SF2,DR_SF3,DR_SF4,VTRAFWAY,VNUM_LAN,VSPD_LIM,VALIGN,VPROFILE,VPAVETYP,VSURCOND,VTRAFCON,VTCONT_F,P_CRASH1,P_CRASH2,P_CRASH3,PCRASH4,PCRASH5,ACC_TYPE,DEATHS,DR_DRINK,idno
110017_2016,11,110017,1,2,1,15,9,18,59,33,0,1,0,24,5,76,705,76705,80,2001,JYARJ04EX1A0,J,Y,A,R,J,0,4,E,X,1,A,0,0,0,0,000000000,00000000000,0,0,0,1,0,0,0,0,0,0,0,999,0,0,0,12,6,2,5,99,99,0,1,11,20020,6,1,0,0,2,0,69,184,99,99,99,99,99,99,9999,99,9999,3,36,0,0,0,1,2,25,3,1,2,1,0,0,14,99,99,9,4,1,1,0,6329
110017_2016,11,110017,2,2,1,15,9,18,59,33,0,1,0,11,3,98,907,98907,51,2012,1VHHD3V51C67,1,V,H,H,D,3,V,5,1,C,6,7,0,0,36,845,36845,3,21,22,1,0,0,0,0,4,3,0,998,0,0,0,10,2,5,54,0,0,0,1,24,20748,6,1,6,1,3,0,999,999,99,99,99,99,99,99,9999,99,9999,0,0,0,0,0,1,2,25,2,1,2,1,0,0,14,98,99,1,1,98,0,0,6330
110018_2016,11,110018,1,1,1,27,9,1,50,33,0,1,0,11,2,55,33,55033,4,2012,5NPEB4ACXCH3,5,N,P,E,B,4,A,C,X,C,H,3,0,0,0,000000000,00000000000,0,0,0,1,0,0,0,0,0,0,0,998,0,0,0,12,6,2,39,0,0,1,1,24,20782,6,1,0,0,3,1,68,265,0,0,0,0,0,0,0,0,0,4,99,99,99,99,1,2,30,1,1,2,2,0,0,1,13,1,9,4,1,1,0,6331
110019_2016,11,110019,1,1,1,8,4,1,28,8,0,1,0,11,1,35,47,35047,4,2009,1N4AL21E29N5,1,N,4,A,L,2,1,E,2,9,N,5,0,0,0,000000000,00000000000,0,0,0,1,0,0,0,0,0,0,0,998,0,0,0,12,2,3,8,0,0,0,1,11,20006,6,1,0,0,3,0,64,120,0,0,0,0,0,0,0,0,0,0,0,0,0,0,4,1,25,1,1,2,1,0,0,1,80,1,1,1,13,0,1,6332
110020_2016,11,110020,1,1,2,2,10,3,5,8,0,1,0,11,1,7,24,7024,4,2008,2B3KA43G18H2,2,B,3,K,A,4,3,G,1,8,H,2,0,0,0,000000000,00000000000,0,0,0,1,0,0,0,0,0,0,0,998,0,0,0,12,2,3,8,0,0,0,1,11,20010,6,1,6,0,3,0,999,190,0,0,0,0,0,0,0,0,0,0,0,0,0,0,1,4,25,1,6,2,1,0,0,1,80,16,1,1,13,0,1,6333
110021_2016,11,110021,1,2,2,12,10,22,8,12,6,1,0,0,0,18,7,18007,4,1995,1G4AG55M3S64,1,G,4,A,G,5,5,M,3,S,6,4,0,0,0,000000000,00000000000,0,0,0,1,0,0,0,0,0,0,0,58,0,0,0,12,6,2,12,0,0,1,1,11,20019,6,1,0,0,3,0,67,156,0,0,0,0,0,0,0,0,0,3,39,27,8,0,2,2,35,1,1,2,1,2,3,1,17,16,1,2,88,1,0,6334
110021_2016,11,110021,2,2,1,12,10,22,8,12,6,1,0,11,3,98,983,98983,52,2014,1N9420829EA1,1,N,9,4,2,0,8,2,9,E,A,1,0,0,36,845,36845,3,21,22,1,0,0,0,0,6,3,0,998,0,0,0,8,4,3,12,0,0,0,1,24,20774,6,1,6,9,3,0,75,210,0,0,0,0,0,0,0,0,0,0,0,0,0,0,1,2,25,1,1,2,1,2,3,1,55,1,1,1,89,0,0,6335
110022_2016,11,110022,1,1,1,26,10,0,14,8,0,1,0,4,4,23,999,23999,49,2012,1GDY72BAXC19,1,G,D,Y,7,2,B,A,X,C,1,9,0,0,0,000000000,00000000000,0,0,0,1,0,0,0,0,0,0,0,998,0,0,0,12,0,3,8,0,0,0,1,24,21234,6,1,0,0,3,0,999,999,99,99,99,99,99,99,9999,99,9999,0,0,0,0,0,1,6,30,1,1,2,1,1,3,1,80,1,1,1,13,0,0,6336
110023_2016,11,110023,1,3,2,29,10,15,19,12,1,1,1,51,2,6,51,6051,4,2017,2C3LA43R38H2,2,C,3,L,A,4,3,R,3,8,H,2,0,0,0,000000000,00000000000,0,0,0,1,0,0,0,0,0,0,0,98,0,1,1,12,6,2,1,99,99,0,1,11,20002,6,1,0,0,3,9,72,190,99,99,99,99,99,99,9999,99,9999,3,8,0,0,0,1,2,25,1,1,2,1,0,0,3,6,1,1,1,24,0,0,6337
110023_2016,11,110023,2,3,3,29,10,15,19,12,1,1,0,24,1,37,31,37031,4,1998,2HGEJ6675WH6,2,H,G,E,J,6,6,7,5,W,H,6,0,0,0,000000000,00000000000,0,0,0,1,0,0,0,0,0,0,0,998,0,0,0,6,6,2,12,0,0,0,1,24,20710,6,1,0,0,3,0,63,230,99,99,99,99,99,99,9999,99,9999,0,0,0,0,0,1,2,25,1,1,2,1,0,0,1,53,1,1,1,27,1,0,6338
110023_2016,11,110023,3,3,1,29,10,15,19,12,1,1,0,24,1,12,473,12473,30,2003,1FMZU63K53UB,1,F,M,Z,U,6,3,K,5,3,U,B,0,0,0,000000000,00000000000,0,0,0,1,0,0,0,0,0,0,0,998,0,0,0,12,6,2,12,0,0,0,1,24,20742,6,1,0,0,3,0,69,163,99,99,99,99,99,99,9999,99,9999,0,0,0,0,0,1,2,25,1,1,2,1,0,0,1,54,1,1,1,98,0,0,6339
110024_2016,11,110024,1,1,3,9,7,22,46,3,0,1,0,11,4,55,33,55033,4,2008,5NPET46C68H4,5,N,P,E,T,4,6,C,6,8,H,4,0,0,0,000000000,00000000000,0,0,0,1,0,0,0,0,0,99,0,999,0,0,0,0,6,2,3,99,99,0,1,11,20019,6,1,0,0,3,9,999,999,99,99,99,99,99,99,9999,99,9999,9,99,99,99,99,1,2,99,1,1,2,1,0,0,99,99,99,9,9,0,2,0,6340
110025_2016,11,110025,1,4,1,23,12,19,22,12,1,1,1,51,5,59,35,59035,4,2008,JTHCK2626820,J,T,H,C,K,2,6,2,6,8,2,0,0,0,0,000000000,00000000000,0,0,0,1,0,0,0,0,0,0,0,998,0,0,0,12,4,3,12,0,0,0,1,11,20019,0,0,0,0,0,0,72,187,0,0,0,0,0,0,0,0,0,3,37,0,0,0,2,3,35,1,6,2,1,0,0,1,6,1,1,3,24,0,0,6341
110025_2016,11,110025,2,4,1,23,12,19,22,12,1,1,0,11,1,35,47,35047,4,2006,1N4AL11D76C1,1,N,4,A,L,1,1,D,7,6,C,1,0,0,0,000000000,00000000000,0,0,0,1,0,0,0,0,0,0,0,998,0,0,0,6,6,2,42,0,0,0,1,11,20019,6,1,0,0,3,0,999,999,99,99,99,99,99,99,9999,99,9999,0,0,0,0,0,2,3,35,1,6,2,1,0,0,1,98,99,1,1,27,1,0,6342
110025_2016,11,110025,3,4,1,23,12,19,22,12,1,1,0,11,1,37,39,37039,5,2012,JHMGE8H53CC0,J,H,M,G,E,8,H,5,3,C,C,0,0,0,0,000000000,00000000000,0,0,0,1,0,0,0,0,0,0,0,998,0,0,0,6,6,2,12,0,0,0,1,11,20012,6,1,0,0,3,0,62,170,0,0,0,0,0,0,0,0,0,0,0,0,0,0,2,3,35,1,6,2,1,0,0,1,53,99,1,1,98,0,0,6343
110025_2016,11,110025,4,4,3,23,12,19,22,12,1,1,0,51,1,12,422,12422,15,2005,1FMPU16545LA,1,F,M,P,U,1,6,5,4,5,L,A,0,0,0,000000000,00000000000,0,0,0,1,0,0,0,0,0,0,0,998,0,0,0,6,6,2,12,0,0,0,1,51,22406,6,1,0,0,3,0,999,999,99,99,99,99,99,99,9999,99,9999,0,0,0,0,0,2,3,35,1,6,2,1,0,0,1,53,1,1,1,98,0,0,6344
110026_2016,11,110026,1,1,1,27,12,6,22,8,0,1,1,99,9,99,499,99499,15,9999,999999999999,9,9,9,9,9,9,9,9,9,9,9,9,0,0,0,000000000,00000000000,0,0,0,1,0,0,0,0,0,0,0,999,0,0,0,12,9,5,8,0,0,0,1,99,99999,9,9,99,9,9,9,999,999,99,99,99,99,99,99,9999,99,9999,9,99,99,99,99,1,2,25,1,1,2,2,0,0,1,80,1,1,9,13,0,0,6345
240001_2016,24,240001,1,2,1,14,1,17,23,12,6,1,0,24,2,37,705,37705,80,2007,JH2RD06007K5,J,H,2,R,D,0,6,0,0,7,K,5,0,0,0,000000000,00000000000,0,0,0,1,0,0,0,0,0,0,0,998,0,0,0,12,6,2,12,0,0,0,1,24,21037,6,1,0,0,3,0,65,195,0,0,0,0,1,7,2014,7,2014,0,99,99,99,99,1,2,25,1,1,2,1,0,0,2,66,99,1,1,86,1,1,6346
240001_2016,24,240001,2,2,1,14,1,17,23,12,6,1,0,24,2,3,431,3431,16,2005,5GRGN22U45H1,5,G,R,G,N,2,2,U,4,5,H,1,0,0,0,000000000,00000000000,0,0,0,1,0,0,0,0,0,0,0,998,0,0,0,4,4,3,12,0,0,0,1,24,21037,6,2,0,0,3,0,67,115,0,0,0,0,0,0,0,0,0,0,99,99,99,99,1,2,25,1,1,2,1,20,3,3,17,99,1,1,87,0,0,6347
240002_2016,24,240002,1,1,1,21,2,13,39,8,0,1,0,24,1,2,403,2403,14,2014,1C4AJWAG6EL3,1,C,4,A,J,W,A,G,6,E,L,3,0,0,0,000000000,00000000000,0,0,0,1,0,0,0,0,0,0,0,998,0,0,0,11,4,3,8,0,0,0,1,24,21061,6,1,0,0,3,0,66,200,0,0,0,0,0,0,0,0,0,0,0,0,0,0,3,3,45,1,6,2,2,0,0,1,80,99,1,1,13,0,0,6348
240003_2016,24,240003,1,1,2,4,1,19,12,8,0,1,0,24,1,49,32,49032,4,2007,2T1BR30E67C7,2,T,1,B,R,3,0,E,6,7,C,7,0,0,0,000000000,00000000000,0,0,0,1,0,0,0,0,0,0,0,998,0,0,0,11,4,3,8,0,0,0,1,24,21108,6,1,0,0,3,0,71,190,0,0,0,0,0,0,0,0,0,0,0,0,0,0,1,2,30,1,6,2,1,0,0,1,80,99,1,1,13,0,0,6349
240004_2016,24,240004,1,3,1,14,2,16,26,12,2,1,0,24,1,49,40,49040,4,2002,4T1BF30KX2U0,4,T,1,B,F,3,0,K,X,2,U,0,0,0,0,000000000,00000000000,0,0,0,1,0,0,0,0,0,0,0,998,0,0,0,12,6,2,12,0,0,0,1,24,20714,6,1,0,0,3,0,66,120,0,0,0,0,0,0,0,0,0,0,28,51,0,0,1,2,50,1,6,2,1,98,3,1,10,99,1,4,50,0,0,6350
240004_2016,24,240004,2,3,2,14,2,16,26,12,2,1,0,24,1,37,31,37031,4,2011,19XFA1F59BE0,1,9,X,F,A,1,F,5,9,B,E,0,0,0,0,000000000,00000000000,0,0,0,1,0,0,0,0,0,0,0,998,0,1,1,12,6,2,12,0,0,0,1,24,20619,6,1,0,0,3,0,67,155,0,0,0,0,0,0,0,0,0,0,0,0,0,0,1,2,50,1,6,2,1,98,3,1,62,6,9,4,51,2,0,6351
240004_2016,24,240004,3,3,1,14,2,16,26,12,2,1,0,12,2,12,16,12016,4,2008,2FAFP71V38X1,2,F,A,F,P,7,1,V,3,8,X,1,0,0,0,000000000,00000000000,0,0,0,1,0,0,0,0,0,0,0,998,0,0,0,12,6,2,12,0,0,0,1,10,19947,6,1,0,0,3,0,75,165,0,0,0,0,0,0,0,0,0,0,0,0,0,0,1,2,50,1,6,2,1,98,3,1,64,99,1,1,98,0,0,6352
240005_2016,24,240005,1,1,2,1,2,0,48,48,0,1,0,24,2,59,403,59403,14,2012,2T2BK1BA6CC1,2,T,2,B,K,1,B,A,6,C,C,1,0,0,0,000000000,00000000000,0,0,0,1,0,0,0,0,0,0,0,998,0,1,5,14,6,2,48,0,0,0,1,24,21131,6,1,0,0,3,0,73,200,0,0,0,0,0,0,0,0,0,3,6,0,0,0,1,2,30,2,5,2,2,0,0,14,6,99,9,4,7,1,1,6353
240006_2016,24,240006,1,1,1,1,2,5,50,8,0,1,0,24,2,37,421,37421,15,2003,2HKYF18523H5,2,H,K,Y,F,1,8,5,2,3,H,5,0,0,0,000000000,00000000000,0,0,0,1,0,0,0,0,0,0,0,998,0,0,0,12,4,5,8,0,0,0,1,24,21227,6,1,0,0,3,0,61,110,0,0,0,0,0,0,0,0,0,0,0,0,0,0,1,4,40,1,1,2,2,0,0,1,80,99,1,1,13,0,0,6354
240007_2016,24,240007,1,3,2,18,1,2,52,12,2,1,0,24,1,12,422,12422,15,2002,1FMFU18L12LA,1,F,M,F,U,1,8,L,1,2,L,A,0,0,0,000000000,00000000000,0,0,0,1,0,0,0,0,0,0,0,998,0,0,0,12,6,2,12,0,0,1,1,24,20743,6,1,0,0,3,0,68,180,0,0,0,0,0,0,0,0,0,0,28,0,0,0,1,2,35,1,6,2,1,0,0,1,10,99,1,2,50,0,1,6355
240007_2016,24,240007,2,3,1,18,1,2,52,12,2,1,0,24,2,24,1,24001,4,2001,1G8ZF52841Z2,1,G,8,Z,F,5,2,8,4,1,Z,2,0,0,0,000000000,00000000000,0,0,0,1,0,0,0,0,0,0,0,998,0,1,1,12,6,2,12,0,0,0,1,24,20743,6,1,0,0,3,0,70,180,0,1,0,0,0,10,2014,10,2014,0,0,0,0,0,1,2,35,1,6,2,1,0,0,1,62,99,1,1,51,1,0,6356
240007_2016,24,240007,3,3,1,18,1,2,52,12,2,1,0,12,1,49,401,49401,14,2006,JTEZU14R2600,J,T,E,Z,U,1,4,R,2,6,0,0,0,0,0,000000000,00000000000,0,0,0,1,0,0,0,0,0,0,0,998,0,0,0,3,4,3,12,0,0,0,1,12,20743,6,1,0,0,3,0,70,999,0,0,0,0,1,11,2011,11,2011,0,0,0,0,0,1,2,35,1,6,2,1,0,0,1,62,6,1,3,98,0,0,6357
240008_2016,24,240008,1,1,1,3,2,20,43,8,0,1,0,24,1,7,442,7442,20,2010,2D4RN4DEXAR3,2,D,4,R,N,4,D,E,X,A,R,3,0,0,0,000000000,00000000000,0,0,0,1,0,0,0,0,0,0,0,998,0,0,0,12,4,3,8,0,0,0,1,24,20748,6,1,0,0,3,0,71,250,0,0,0,0,0,0,0,0,0,0,0,0,0,0,1,4,35,1,1,2,2,0,0,1,80,99,1,1,13,0,0,6358
240009_2016,24,240009,1,2,1,19,1,7,30,12,7,1,0,24,2,7,482,7482,31,2005,1D7HU18D45J5,1,D,7,H,U,1,8,D,4,5,J,5,0,0,0,000000000,00000000000,0,0,0,1,0,0,0,0,0,0,0,998,0,0,0,11,6,2,31,0,0,0,1,24,20772,6,1,0,0,3,0,71,165,0,0,0,2,0,2,2014,10,2015,4,27,38,0,0,3,2,55,1,1,2,4,0,0,16,59,99,1,1,47,1,0,6359
240009_2016,24,240009,2,2,1,19,1,7,30,12,7,1,1,99,9,99,999,99999,99,9999,999999999999,9,9,9,9,9,9,9,9,9,9,9,9,0,0,0,000000000,00000000000,0,0,0,1,0,0,0,0,0,99,9,998,0,0,0,4,2,5,12,0,0,0,1,99,99999,9,9,99,9,9,9,999,999,99,99,99,99,99,99,9999,99,9999,0,0,0,0,0,3,2,55,1,1,2,4,0,0,1,63,99,1,1,45,0,0,6360
240010_2016,24,240010,1,1,2,25,2,14,59,30,0,1,0,24,2,7,20,7020,4,1997,1B3ES27C3VD1,1,B,3,E,S,2,7,C,3,V,D,1,0,0,0,000000000,00000000000,0,0,0,1,0,0,0,0,0,0,0,998,0,0,0,2,6,2,42,0,0,0,1,24,20721,6,1,0,0,3,0,69,160,0,0,0,0,0,0,0,0,0,3,6,36,0,0,1,2,30,3,1,2,1,0,0,14,6,99,9,4,2,1,1,6361
240011_2016,24,240011,1,1,1,5,1,7,50,8,0,1,0,24,3,92,989,92989,52,2008,15GGD2715811,1,5,G,G,D,2,7,1,5,8,1,1,0,0,88,888888888,88888888888,2,21,22,1,0,0,0,0,6,3,0,998,0,0,0,12,0,3,8,0,0,0,1,24,20886,6,1,6,0,3,0,70,220,0,0,0,0,0,0,0,0,0,0,0,0,0,0,1,2,25,1,1,2,1,3,3,11,80,99,1,1,13,0,0,6362
240012_2016,24,240012,1,2,1,3,1,15,9,12,6,1,0,24,1,76,705,76705,80,2004,JYARJ06E24A0,J,Y,A,R,J,0,6,E,2,4,A,0,0,0,0,000000000,00000000000,0,0,0,1,0,0,0,0,0,0,0,998,0,0,0,12,6,2,12,0,0,0,1,24,20905,6,1,0,0,3,0,70,190,0,0,0,0,0,0,0,0,0,0,0,0,0,0,2,2,40,1,6,2,1,0,0,1,51,99,1,1,73,1,0,6363
240012_2016,24,240012,2,2,3,3,1,15,9,12,6,1,0,24,1,37,31,37031,4,2014,19XFB2F57EE2,1,9,X,F,B,2,F,5,7,E,E,2,0,0,0,000000000,00000000000,0,0,0,1,0,0,0,0,0,0,0,998,0,0,0,8,6,2,12,0,0,0,1,24,20868,6,1,0,0,3,0,69,250,0,0,0,0,0,0,0,0,0,0,0,0,0,0,2,2,40,1,6,2,1,0,0,11,15,99,1,1,72,0,0,6364
240013_2016,24,240013,1,2,4,27,2,18,55,12,6,1,0,24,1,20,26,20026,5,2016,1G1RD6S55GU1,1,G,1,R,D,6,S,5,5,G,U,1,0,0,0,000000000,00000000000,0,0,0,1,0,0,0,0,0,0,0,998,0,0,0,3,6,2,12,0,0,0,1,24,20817,6,1,0,0,3,0,71,150,0,0,0,0,0,0,0,0,0,0,0,0,0,0,3,2,45,1,1,2,1,0,0,11,15,99,1,1,68,3,0,6365
240013_2016,24,240013,2,2,1,27,2,18,55,12,6,1,0,24,2,34,48,34048,2,2016,WBA1J7C50GV3,W,B,A,1,J,7,C,5,0,G,V,3,0,0,0,000000000,00000000000,0,0,0,1,0,0,0,0,0,0,0,998,0,0,0,12,6,2,12,0,0,0,1,24,20854,6,1,0,0,3,3,72,198,0,0,0,0,0,0,0,0,0,0,0,0,0,0,3,2,45,1,1,2,1,0,0,99,62,99,1,1,69,0,0,6366
240014_2016,24,240014,1,1,1,20,1,13,8,32,0,1,0,51,2,35,51,35051,6,2012,JN8AS5MV9CW3,J,N,8,A,S,5,M,V,9,C,W,3,0,0,0,000000000,00000000000,0,0,0,1,0,0,0,0,0,0,0,998,0,1,5,11,6,2,42,0,0,0,1,51,22611,6,1,0,0,3,0,64,175,0,0,0,0,0,0,0,0,0,0,0,0,0,0,3,3,70,3,5,2,1,0,0,1,8,6,9,4,7,1,0,6367
240015_2016,24,240015,1,1,1,19,2,22,20,8,0,1,0,24,2,20,39,20039,4,2008,KL1TD56698B0,K,L,1,T,D,5,6,6,9,8,B,0,0,0,0,000000000,00000000000,0,0,0,1,0,0,0,0,0,0,0,50,0,0,0,12,2,5,8,0,0,0,1,24,21034,6,1,0,0,3,0,65,160,0,0,0,0,0,0,0,0,0,0,0,0,0,0,1,2,50,1,1,2,1,0,0,1,80,99,1,1,13,0,0,6368
240016_2016,24,240016,1,1,1,15,2,17,45,30,0,1,0,24,1,18,7,18007,4,2005,2G4WS55J1511,2,G,4,W,S,5,5,J,1,5,1,1,0,0,0,000000000,00000000000,0,0,0,1,0,0,0,0,0,0,0,998,0,0,0,10,6,2,30,0,0,0,1,24,21015,6,1,0,0,3,0,73,210,0,0,0,0,0,0,0,0,0,4,6,87,0,0,1,2,50,1,1,2,10,0,0,1,6,99,3,4,2,1,0,6369
240017_2016,24,240017,1,2,1,13,2,20,59,12,2,1,0,12,2,63,38,63038,4,2015,KNAFX4A65F52,K,N,A,F,X,4,A,6,5,F,5,2,0,0,0,000000000,00000000000,0,0,0,1,0,0,0,0,0,0,0,998,0,0,0,12,6,2,12,0,0,0,1,24,20744,6,1,0,0,3,0,64,185,0,0,0,0,1,1,2015,1,2015,0,41,6,0,0,3,3,55,1,1,2,1,0,0,1,54,99,1,2,52,1,1,6370
240017_2016,24,240017,2,2,1,13,2,20,59,12,2,1,0,24,1,20,421,20421,15,2003,1GNEK13Z13R1,1,G,N,E,K,1,3,Z,1,3,R,1,0,0,0,000000000,00000000000,0,0,0,1,0,0,0,0,0,0,0,998,0,0,0,12,6,2,12,0,0,0,1,24,20735,6,1,0,0,3,0,74,174,0,0,0,0,0,0,0,0,0,0,0,0,0,0,3,3,55,1,1,2,1,0,0,1,54,99,1,1,52,0,0,6371
240018_2016,24,240018,1,2,1,19,2,4,8,12,6,1,0,17,2,84,881,84881,66,2009,2HSCTAPR69C1,2,H,S,C,T,A,P,R,6,9,C,1,1,1,57,02145070,5702145070,3,6,1,1,0,0,0,0,0,0,0,998,0,0,0,12,6,2,12,0,0,1,1,12,34748,6,1,6,0,3,0,67,999,0,0,0,0,0,0,0,0,0,0,38,6,0,0,1,2,45,1,1,2,1,4,3,1,17,99,1,1,86,0,0,6372
240018_2016,24,240018,2,2,1,19,2,4,8,12,6,1,0,24,1,49,472,49472,30,1998,4TAVL52N5WZ0,4,T,A,V,L,5,2,N,5,W,Z,0,0,0,0,000000000,00000000000,0,0,0,1,0,0,0,0,0,0,0,998,0,0,0,1,6,2,12,0,0,1,1,24,21157,6,1,0,0,3,0,69,175,0,0,0,0,0,0,0,0,0,0,0,0,0,0,1,2,50,1,1,2,1,4,3,1,66,99,1,1,87,1,0,6373
240019_2016,24,240019,1,1,4,20,2,15,44,24,0,1,0,24,2,21,21,21021,4,2001,1G3NF52E61C1,1,G,3,N,F,5,2,E,6,1,C,1,0,0,0,000000000,00000000000,0,0,0,1,0,0,0,0,0,0,0,998,0,0,0,12,6,2,24,0,0,0,1,24,21502,6,1,0,0,3,0,70,185,0,1,0,0,1,3,2014,4,2014,0,28,6,41,0,1,2,25,2,6,2,1,0,0,1,11,99,1,4,1,1,1,6374
240020_2016,24,240020,1,1,1,1,3,18,20,42,0,1,0,10,2,20,16,20016,4,1999,1GCFG15W1X11,1,G,C,F,G,1,5,W,1,X,1,1,0,0,0,000000000,00000000000,0,0,0,1,0,0,0,0,0,0,0,998,0,0,0,12,6,2,42,0,0,0,1,24,21643,1,1,0,0,2,0,70,220,0,1,0,0,0,4,2013,4,2013,0,28,6,0,0,1,2,40,2,1,2,1,0,0,14,12,99,1,4,6,1,0,6375
240021_2016,24,240021,1,1,3,16,1,14,30,34,0,1,0,24,1,14,401,14401,14,2004,4M2ZU86K54UJ,4,M,2,Z,U,8,6,K,5,4,U,J,0,0,0,000000000,00000000000,0,0,0,1,0,0,0,0,0,0,0,998,0,1,3,11,6,2,1,0,0,0,1,24,21539,6,1,0,0,3,0,70,250,0,0,0,0,0,0,0,0,0,4,87,0,0,0,3,2,70,3,6,2,4,0,0,1,6,99,5,4,7,1,0,6376
240022_2016,24,240022,1,2,4,11,2,12,28,12,2,1,0,51,2,55,35,55035,4,2008,KMHDU46DX8U5,K,M,H,D,U,4,6,D,X,8,U,5,0,0,0,000000000,00000000000,0,0,0,1,0,0,0,0,0,0,0,998,0,0,0,12,6,2,12,0,0,0,1,51,22802,6,1,0,0,3,0,67,135,0,0,0,0,0,0,0,0,0,4,28,87,0,0,1,2,45,2,6,2,3,0,0,14,6,99,9,2,50,2,0,6377
240022_2016,24,240022,2,2,1,11,2,12,28,12,2,1,0,24,2,86,881,86881,63,2001,1M2P288C91M0,1,M,2,P,2,8,8,C,9,1,M,0,0,0,24,1260755,241260755,3,1,4,1,0,0,0,0,0,0,0,998,0,0,0,12,4,5,12,0,0,0,1,24,21520,6,1,6,0,3,0,72,180,0,0,0,0,0,0,0,0,0,0,0,0,0,0,1,2,45,2,6,2,3,0,0,1,62,99,1,1,51,0,0,6378
240023_2016,24,240023,1,1,1,28,2,14,23,24,0,1,0,51,2,72,706,72706,80,2015,1HD1KHM18FB6,1,H,D,1,K,H,M,1,8,F,B,6,0,0,0,000000000,00000000000,0,0,0,1,0,0,0,0,0,0,0,998,0,0,0,12,6,2,24,0,0,0,1,48,78154,6,1,0,0,3,0,70,247,0,0,0,0,0,0,0,0,0,4,6,0,0,0,3,2,50,2,1,2,1,0,0,1,6,99,9,4,7,1,0,6379
240024_2016,24,240024,1,1,1,26,1,19,47,24,0,1,0,24,1,54,35,54035,4,2012,19UUA8F7XCA0,1,9,U,U,A,8,F,7,X,C,A,0,0,0,0,000000000,00000000000,0,0,0,1,0,0,0,0,0,0,0,998,0,0,0,12,6,2,24,0,0,0,1,24,20817,6,1,0,0,3,0,77,260,0,0,0,0,0,0,0,0,0,0,6,0,0,0,6,2,55,2,1,2,2,0,0,14,12,99,1,4,6,1,0,6380
240025_2016,24,240025,1,2,1,19,2,4,43,39,11,1,0,24,3,82,881,82881,66,2012,1FUBC4DV2CHB,1,F,U,B,C,4,D,V,2,C,H,B,1,3,57,966390,57966390,3,6,1,1,0,0,0,0,0,0,0,998,0,1,5,1,6,2,39,0,0,0,1,24,21227,6,1,6,0,3,0,69,195,0,0,0,0,1,6,2015,6,2015,0,58,0,0,0,3,4,55,1,1,2,1,0,0,1,11,99,9,4,1,1,0,6381
240025_2016,24,240025,2,2,1,19,2,4,43,39,11,1,0,27,1,82,881,82881,66,2007,1FUJA6CK37LX,1,F,U,J,A,6,C,K,3,7,L,X,1,1,57,2540499,572540499,3,6,1,1,0,0,0,0,0,0,0,998,0,0,0,12,6,2,73,0,0,0,1,27,55404,6,1,6,0,3,0,75,190,0,0,0,0,0,0,0,0,0,0,0,0,0,0,3,4,55,1,1,2,1,0,0,1,98,99,1,1,98,0,0,6382
240026_2016,24,240026,1,1,1,7,2,7,27,24,0,1,0,24,2,63,34,63034,4,2004,KNAGD1262452,K,N,A,G,D,1,2,6,2,4,5,2,0,0,0,000000000,00000000000,0,0,0,1,0,0,0,0,0,0,0,998,0,1,3,3,6,2,24,0,0,0,1,24,21093,6,1,0,0,3,0,62,115,0,0,0,0,0,0,0,0,0,4,6,0,0,0,3,2,65,1,1,2,1,0,0,1,12,99,1,4,6,1,0,6383
240027_2016,24,240027,1,1,1,22,2,11,5,33,0,1,0,24,1,59,34,59034,4,2015,JTHCE1BL1FA0,J,T,H,C,E,1,B,L,1,F,A,0,0,0,0,000000000,00000000000,0,0,0,1,0,0,0,0,0,0,0,998,0,0,0,12,6,2,25,0,0,0,1,24,21113,6,1,0,0,3,0,65,130,0,0,0,0,0,0,0,0,0,0,58,6,0,0,6,1,25,2,6,2,1,0,0,14,11,99,1,4,1,1,0,6384