st_case_year,STATE,ST_CASE,VEH_NO,VE_FORMS,NUMOCCS,DAY,MONTH,HOUR,MINUTE,HARM_EV,MAN_COLL,UNITTYPE,HIT_RUN,REG_STAT,OWNER,MAKE,MODEL,MAK_MOD,BODY_TYP,MOD_YEAR,VIN,VIN_1,VIN_2,VIN_3,VIN_4,VIN_5,VIN_6,VIN_7,VIN_8,VIN_9,VIN_10,VIN_11,VIN_12,TOW_VEH,J_KNIFE,MCARR_I1,MCARR_I2,MCARR_ID,GVWR,V_CONFIG,CARGO_BT,HAZ_INV,HAZ_PLAC,HAZ_ID,HAZ_CNO,HAZ_REL,BUS_USE,SPEC_USE,EMER_USE,TRAV_SP,UNDERIDE,ROLLOVER,ROLINLOC,IMPACT1,DEFORMED,TOWED,M_HARM,VEH_SC1,VEH_SC2,FIRE_EXP,DR_PRES,L_STATE,DR_ZIP,L_STATUS,L_TYPE,CDL_STAT,L_ENDORS,L_COMPL,L_RESTRI,DR_HGT,DR_WGT,PREV_ACC,PREV_SUS,PREV_DWI,PREV_SPD,PREV_OTH,FIRST_MO,FIRST_YR,LAST_MO,LAST_YR,SPEEDREL,DR_SF1,DR_SF2,DR_SF3,DR_SF4,VTRAFWAY,VNUM_LAN,VSPD_LIM,VALIGN,VPROFILE,VPAVETYP,VSURCOND,VTRAFCON,VTCONT_F,P_CRASH1,P_CRASH2,P_CRASH3,PCRASH4,PCRASH5,ACC_TYPE,DEATHS,DR_DRINK,idno
240028_2016,24,240028,1,2,1,20,2,16,0,12,2,1,0,24,2,20,403,20403,14,2004,1GNET16S6461,1,G,N,E,T,1,6,S,6,4,6,1,0,0,0,000000000,00000000000,0,0,0,1,0,0,0,0,0,0,0,998,0,0,0,12,6,2,12,0,0,0,1,24,21158,6,1,0,0,3,0,66,150,0,0,0,0,0,0,0,0,0,0,28,51,0,0,1,2,50,2,1,2,1,0,0,2,10,99,1,2,50,0,1,6385
240028_2016,24,240028,2,2,3,20,2,16,0,12,2,1,0,24,1,48,401,48401,14,2010,JF2SH6BC5AH9,J,F,2,S,H,6,B,C,5,A,H,9,0,0,0,000000000,00000000000,0,0,0,1,0,0,0,0,0,0,0,998,0,0,0,12,6,2,12,0,0,1,1,24,20904,6,1,0,0,3,0,65,155,0,0,0,0,0,0,0,0,0,0,0,0,0,0,1,2,50,3,1,2,1,0,0,2,62,99,1,1,51,2,0,6386
240029_2016,24,240029,1,1,2,4,2,22,46,42,0,1,0,24,1,12,481,12481,31,2004,1FTNW21PX4EA,1,F,T,N,W,2,1,P,X,4,E,A,0,0,0,000000000,00000000000,0,0,0,1,0,0,0,0,0,0,0,998,0,0,0,12,6,2,42,0,0,0,1,24,21520,6,1,0,0,3,0,71,230,0,0,0,0,0,0,0,0,0,0,0,0,0,0,1,2,45,1,5,2,4,0,0,1,9,99,9,4,7,1,1,6387
240030_2016,24,240030,1,2,1,10,2,12,50,12,2,1,0,24,5,62,421,62421,15,2006,SALMF13476A2,S,A,L,M,F,1,3,4,7,6,A,2,0,0,0,000000000,00000000000,0,0,0,1,0,0,0,0,0,0,0,998,0,0,0,12,6,2,12,0,0,0,1,24,21218,6,1,0,0,2,0,74,215,0,0,0,0,0,0,0,0,0,4,28,36,0,0,1,2,45,1,1,2,1,0,0,1,10,99,1,2,50,0,0,6388
240030_2016,24,240030,2,2,1,10,2,12,50,12,2,1,0,24,1,54,35,54035,4,1997,JH4UA3647VC0,J,H,4,U,A,3,6,4,7,V,C,0,0,0,0,000000000,00000000000,0,0,0,1,0,0,0,0,0,0,0,998,0,0,0,12,6,2,12,0,0,0,1,24,21017,6,1,0,0,3,0,70,175,0,0,0,0,0,0,0,0,0,0,0,0,0,0,1,2,45,1,1,2,1,0,0,1,62,99,1,1,51,1,0,6389
240031_2016,24,240031,1,1,1,21,2,18,56,8,0,1,0,24,1,48,45,48045,4,2011,4S4BRDLC0B23,4,S,4,B,R,D,L,C,0,B,2,3,0,0,0,000000000,00000000000,0,0,0,1,0,0,0,0,0,0,0,998,0,0,0,12,4,3,8,0,0,0,1,24,20901,6,1,0,0,3,0,62,150,0,0,0,0,0,0,0,0,0,0,0,0,0,0,3,4,55,1,1,2,2,0,0,1,80,99,1,1,13,0,0,6390
240032_2016,24,240032,1,2,2,5,2,11,24,12,6,1,0,10,2,42,461,42461,21,2015,WD3PF1CC1FP1,W,D,3,P,F,1,C,C,1,F,P,1,0,0,0,000000000,00000000000,0,0,0,1,0,0,0,0,0,98,0,998,0,0,0,12,6,2,12,0,0,0,1,10,19975,6,1,0,0,3,0,69,210,0,0,0,0,0,0,0,0,0,0,39,38,0,0,1,2,55,3,1,2,2,3,3,1,17,99,1,1,83,2,1,6391
240032_2016,24,240032,2,2,1,5,2,11,24,12,6,1,0,10,3,87,881,87881,66,2013,1XPHD49X3DD1,1,X,P,H,D,4,9,X,3,D,D,1,1,1,57,931372,57931372,3,6,2,2,2,1075,2,2,0,0,0,998,0,0,0,8,4,5,12,0,0,0,1,10,19943,6,1,6,1,3,0,66,190,0,0,0,0,0,0,0,0,0,0,0,0,0,0,1,2,50,3,1,2,2,3,3,11,66,99,1,1,82,0,0,6392
240033_2016,24,240033,1,3,2,9,1,10,5,12,1,1,0,24,2,7,27,7027,6,2010,3D4PG5FV8AT1,3,D,4,P,G,5,F,V,8,A,T,1,0,0,0,000000000,00000000000,0,0,0,1,0,0,0,0,0,0,0,998,0,0,0,12,6,2,12,0,0,0,1,24,21040,6,1,0,0,3,0,64,264,0,0,0,0,0,0,0,0,0,4,13,0,0,0,3,2,55,1,1,2,2,3,3,3,50,99,1,1,20,0,0,6393
240033_2016,24,240033,2,3,1,9,1,10,5,12,1,1,0,24,1,36,401,36401,14,2014,ZFBCFAAH1EZ0,Z,F,B,C,F,A,A,H,1,E,Z,0,0,0,0,000000000,00000000000,0,0,0,1,0,0,0,0,0,0,0,0,0,0,0,6,6,2,12,0,0,0,1,24,21009,6,1,0,0,3,0,65,145,0,0,0,0,0,0,0,0,0,0,0,0,0,0,3,2,55,1,1,2,2,3,3,5,53,99,1,1,21,1,0,6394
240033_2016,24,240033,3,3,5,9,1,10,5,12,1,1,0,24,1,49,422,49422,15,2001,5TDBT44A31S0,5,T,D,B,T,4,4,A,3,1,S,0,0,0,0,000000000,00000000000,0,0,0,1,0,0,0,0,0,0,0,0,0,0,0,12,6,2,12,0,0,0,1,24,21040,6,1,0,0,3,0,63,130,0,0,0,0,0,0,0,0,0,0,0,0,0,0,3,2,55,1,1,2,2,3,3,5,62,99,1,1,98,0,0,6395
240034_2016,24,240034,1,1,1,7,1,0,4,18,0,1,0,24,2,7,29,7029,4,2013,1C3CDFBA3DD1,1,C,3,C,D,F,B,A,3,D,D,1,0,0,0,000000000,00000000000,0,0,0,1,0,0,0,0,0,0,0,998,0,0,0,12,6,2,18,0,0,0,1,24,21801,0,0,0,0,0,0,999,999,0,0,0,0,0,0,0,0,0,3,39,0,0,0,1,2,50,1,1,2,1,20,3,1,14,99,1,4,14,1,1,6396
240035_2016,24,240035,1,1,2,13,2,21,41,8,0,1,0,24,2,12,25,12025,6,2013,2FMGK5C80DBD,2,F,M,G,K,5,C,8,0,D,B,D,0,0,0,000000000,00000000000,0,0,0,1,0,0,0,0,0,0,0,998,0,0,0,12,6,2,8,0,0,0,1,24,21601,6,1,0,0,3,0,63,135,0,0,0,0,0,0,0,0,0,0,0,0,0,0,3,2,55,1,5,2,1,0,0,1,80,99,1,1,13,0,0,6397
240036_2016,24,240036,1,1,1,18,1,18,16,8,0,1,0,24,2,20,36,20036,2,2003,2G1WX12K8392,2,G,1,W,X,1,2,K,8,3,9,2,0,0,0,000000000,00000000000,0,0,0,1,0,0,0,0,0,0,0,998,0,0,0,12,6,2,8,0,0,0,1,24,21911,6,1,0,0,3,0,70,190,0,0,0,0,1,10,2015,10,2015,0,0,0,0,0,3,2,55,1,1,2,1,0,0,1,80,99,1,1,13,0,0,6398
240037_2016,24,240037,1,1,1,28,2,18,46,1,0,1,0,24,1,12,3,12003,2,2002,1FAFP42XX2F1,1,F,A,F,P,4,2,X,X,2,F,1,0,0,0,000000000,00000000000,0,0,0,1,0,0,0,0,0,0,0,998,0,2,9,0,6,2,1,0,0,0,1,24,21787,6,1,0,0,3,0,71,200,0,1,0,1,0,7,2014,5,2015,3,36,28,0,0,1,2,55,1,1,2,1,0,0,1,12,99,1,4,6,1,0,6399
240038_2016,24,240038,1,1,1,3,1,20,44,52,0,1,0,24,1,32,42,32042,4,2014,WAUFMAFC3EN0,W,A,U,F,M,A,F,C,3,E,N,0,0,0,0,000000000,00000000000,0,0,0,1,0,0,0,0,0,0,0,998,0,0,0,10,6,2,52,0,0,0,1,24,21217,6,1,0,0,3,0,74,205,0,0,0,0,0,0,0,0,0,3,0,0,0,0,3,2,65,2,1,2,1,0,0,1,12,99,1,4,6,1,1,6400
240039_2016,24,240039,1,1,1,21,1,0,26,8,0,1,1,24,1,20,481,20481,31,2015,1GC1KVEGXFF5,1,G,C,1,K,V,E,G,X,F,F,5,0,0,0,000000000,00000000000,0,0,0,1,0,0,0,0,0,98,0,998,0,0,0,12,0,3,8,0,0,0,1,24,20720,6,1,0,0,3,0,74,240,0,0,0,3,0,6,2015,6,2015,0,99,99,99,99,1,2,40,1,1,2,4,0,0,1,80,99,9,9,13,0,0,6401
240040_2016,24,240040,1,2,1,13,1,4,53,12,1,1,0,24,2,12,444,12444,20,2010,NM0LS7BN6AT0,N,M,0,L,S,7,B,N,6,A,T,0,0,0,0,000000000,00000000000,0,0,0,1,0,0,0,0,0,0,0,998,0,1,3,6,6,2,1,0,0,0,1,24,20905,6,1,0,0,3,0,66,175,0,0,0,1,0,6,2015,6,2015,0,0,0,0,0,3,5,55,1,1,2,1,0,0,15,11,99,1,1,32,1,0,6402
240040_2016,24,240040,2,2,1,13,1,4,53,12,1,1,0,24,2,49,402,49402,14,2014,2T3RFREV2EW1,2,T,3,R,F,R,E,V,2,E,W,1,0,0,0,000000000,00000000000,0,0,0,1,0,0,0,0,0,0,0,998,0,0,0,12,6,2,12,0,0,0,1,24,20902,6,1,0,0,3,0,65,140,0,0,0,0,0,0,0,0,0,0,0,0,0,0,3,5,55,1,1,2,1,0,0,1,60,99,1,1,32,0,0,6403
240041_2016,24,240041,1,1,4,4,1,12,46,42,0,1,0,24,2,6,441,6441,20,2013,2C4RC1BG0DR5,2,C,4,R,C,1,B,G,0,D,R,5,0,0,0,000000000,00000000000,0,0,0,1,0,0,0,0,0,0,0,998,0,0,0,12,6,2,42,0,0,0,1,24,21617,6,1,0,0,3,0,68,115,0,0,0,0,0,0,0,0,0,0,28,6,0,0,1,2,50,1,1,2,1,0,0,1,12,99,1,4,6,1,1,6404
240042_2016,24,240042,1,2,1,16,1,9,45,31,0,1,0,51,2,12,442,12442,20,1998,2FMDA51U9WBA,2,F,M,D,A,5,1,U,9,W,B,A,0,0,0,000000000,00000000000,0,0,0,1,0,0,0,0,0,0,0,998,0,0,0,12,6,2,12,0,0,0,1,24,20659,1,1,0,0,2,0,73,280,0,1,0,0,0,3,2014,3,2014,0,6,0,0,0,1,2,55,1,1,2,2,0,0,1,9,99,9,4,2,1,0,6405
240042_2016,24,240042,2,2,2,16,1,9,45,31,0,1,0,51,1,12,880,12880,67,1995,1FDLF47F0SEA,1,F,D,L,F,4,7,F,0,S,E,A,0,0,57,157951,57157951,2,1,97,1,0,0,0,0,0,0,0,998,0,0,0,12,6,2,12,0,0,0,1,51,22520,6,1,6,0,3,0,71,215,0,0,0,0,0,0,0,0,0,0,0,0,0,0,1,2,55,1,1,2,2,0,0,1,62,99,1,1,98,0,0,6406
240043_2016,24,240043,1,1,1,21,2,2,21,24,0,1,0,24,3,82,881,82881,66,2014,3AKJGBDV7ESF,3,A,K,J,G,B,D,V,7,E,S,F,1,1,57,065287,57065287,3,6,1,1,0,0,0,0,0,0,0,76,0,1,5,12,4,3,1,0,0,0,1,24,21804,6,1,6,0,3,0,74,205,0,0,0,0,0,0,0,0,0,3,58,6,0,0,3,3,55,1,1,2,1,0,0,1,6,6,9,4,7,1,0,6407
240044_2016,24,240044,1,9,1,14,1,10,34,12,6,1,0,24,3,20,481,20481,31,2006,1GCHK29D56E2,1,G,C,H,K,2,9,D,5,6,E,2,0,0,0,000000000,00000000000,0,0,0,1,0,0,0,0,0,0,0,998,0,0,0,12,6,2,12,0,0,0,1,24,20724,6,1,0,0,3,0,70,150,0,3,0,0,0,1,2014,1,2015,0,6,39,36,0,3,3,98,1,1,2,1,3,3,1,17,99,1,1,86,0,0,6408
240044_2016,24,240044,2,9,1,14,1,10,34,12,6,1,0,24,2,23,481,23481,31,2005,2GTEK13T5511,2,G,T,E,K,1,3,T,5,5,1,1,0,0,0,000000000,00000000000,0,0,0,1,0,0,0,0,0,0,0,998,0,0,0,2,6,2,12,0,0,0,1,24,20716,6,1,0,0,3,0,66,186,0,0,0,0,0,0,0,0,0,0,0,0,0,0,3,3,55,1,1,2,1,3,3,1,66,99,1,1,87,1,0,6409
240044_2016,24,240044,3,9,2,14,1,10,34,12,6,1,0,24,1,59,402,59402,14,2005,JTJBT20X3500,J,T,J,B,T,2,0,X,3,5,0,0,0,0,0,000000000,00000000000,0,0,0,1,0,0,0,0,0,0,0,998,0,0,0,3,6,2,12,0,0,0,1,24,20774,6,1,0,0,3,0,66,125,0,0,0,0,0,0,0,0,0,0,0,0,0,0,3,3,55,1,1,2,1,3,3,1,66,99,1,1,98,0,0,6410
240044_2016,24,240044,4,9,1,14,1,10,34,12,6,1,0,24,2,12,17,12017,4,2003,1FAFP55U23A1,1,F,A,F,P,5,5,U,2,3,A,1,0,0,0,000000000,00000000000,0,0,0,1,0,0,0,0,0,0,0,0,0,0,0,12,6,2,12,0,0,0,1,24,20770,6,1,0,0,3,0,61,138,0,0,0,0,0,0,0,0,0,0,0,0,0,0,3,3,55,1,1,2,1,3,3,5,62,99,1,1,98,0,0,6411
240044_2016,24,240044,5,9,1,14,1,10,34,12,6,1,0,24,1,52,34,52034,4,2001,4A3AA46G91E0,4,A,3,A,A,4,6,G,9,1,E,0,0,0,0,000000000,00000000000,0,0,0,1,0,0,0,0,0,0,0,0,0,0,0,12,6,2,12,0,0,0,1,24,20721,6,1,0,0,3,0,62,148,0,0,0,0,0,0,0,0,0,0,0,0,0,0,3,3,55,1,1,2,1,3,3,5,60,99,1,1,98,0,0,6412
240044_2016,24,240044,6,9,1,14,1,10,34,12,6,1,0,24,2,37,32,37032,4,2015,1HGCR2F89FA0,1,H,G,C,R,2,F,8,9,F,A,0,0,0,0,000000000,00000000000,0,0,0,1,0,0,0,0,0,0,0,0,0,0,0,12,6,2,12,0,0,0,1,24,20770,6,1,0,0,3,0,63,160,0,0,0,0,0,0,0,0,0,0,0,0,0,0,3,3,55,1,1,2,1,3,3,5,62,99,1,1,98,0,0,6413
240044_2016,24,240044,7,9,1,14,1,10,34,12,6,1,0,24,1,37,31,37031,2,2011,2HGFG1B89BH5,2,H,G,F,G,1,B,8,9,B,H,5,0,0,0,000000000,00000000000,0,0,0,1,0,0,0,0,0,0,0,0,0,0,0,12,6,2,12,0,0,0,1,24,20774,6,1,0,0,3,0,66,158,0,0,0,0,0,0,0,0,0,0,0,0,0,0,3,3,55,1,1,2,1,3,3,5,62,99,1,1,98,0,0,6414
240044_2016,24,240044,8,9,1,14,1,10,34,12,6,1,0,24,1,34,34,34034,1,2011,WBADX7C52BE5,W,B,A,D,X,7,C,5,2,B,E,5,0,0,0,000000000,00000000000,0,0,0,1,0,0,0,0,0,0,0,0,0,0,0,12,0,5,12,0,0,0,1,24,20772,6,1,0,0,3,0,66,190,0,0,0,0,1,12,2014,12,2014,0,0,0,0,0,3,3,55,1,1,2,1,3,3,5,62,99,1,1,98,0,0,6415
240044_2016,24,240044,9,9,1,14,1,10,34,12,6,1,0,24,1,14,6,14006,4,2004,2MHHM75W54X6,2,M,H,H,M,7,5,W,5,4,X,6,0,0,0,000000000,00000000000,0,0,0,1,0,0,0,0,0,0,0,0,0,0,0,12,4,5,12,0,0,0,1,24,20744,6,1,0,0,3,0,75,180,0,0,0,0,0,0,0,0,0,0,0,0,0,0,3,3,55,1,1,2,1,3,3,5,62,99,1,1,98,0,0,6416
240045_2016,24,240045,1,1,2,19,2,18,19,24,0,1,0,24,2,49,32,49032,4,2005,1NXBR30E85Z4,1,N,X,B,R,3,0,E,8,5,Z,4,0,0,0,000000000,00000000000,0,0,0,1,0,0,0,0,0,0,0,998,0,1,5,12,6,2,1,0,0,0,1,24,21043,9,9,99,9,9,9,999,999,99,99,99,99,99,99,9999,99,9999,4,58,0,0,0,3,5,55,2,1,2,1,0,0,3,12,99,9,4,6,1,0,6417
240046_2016,24,240046,1,4,1,6,2,20,59,12,6,1,0,51,1,49,43,49043,4,2014,4T1BK1EB8EU0,4,T,1,B,K,1,E,B,8,E,U,0,0,0,0,000000000,00000000000,0,0,0,1,0,0,0,0,0,0,0,998,0,0,0,12,6,2,12,0,0,0,1,51,23321,6,1,0,0,3,0,75,214,0,0,0,1,0,4,2015,4,2015,0,6,38,39,0,3,3,45,1,1,2,1,3,3,1,17,99,1,1,86,0,0,6418
240046_2016,24,240046,2,4,2,6,2,20,59,12,6,1,0,24,2,12,37,12037,4,2010,1FAHP3FN1AW2,1,F,A,H,P,3,F,N,1,A,W,2,0,0,0,000000000,00000000000,0,0,0,1,0,0,0,0,0,0,0,998,0,0,0,2,6,2,12,0,0,0,1,24,20646,6,1,0,0,3,0,74,240,0,0,0,0,0,0,0,0,0,0,0,0,0,0,3,3,35,1,1,2,1,3,3,1,66,99,1,1,87,1,0,6419
240046_2016,24,240046,3,4,1,6,2,20,59,12,6,1,0,24,1,37,32,37032,4,2011,1HGCP3F81BA0,1,H,G,C,P,3,F,8,1,B,A,0,0,0,0,000000000,00000000000,0,0,0,1,0,0,0,0,0,0,0,0,0,0,0,12,6,2,12,0,0,0,1,24,20622,6,1,0,0,3,0,67,160,0,0,0,0,0,0,0,0,0,0,0,0,0,0,3,3,35,1,1,2,1,3,3,5,62,99,1,3,98,0,0,6420
240046_2016,24,240046,4,4,1,6,2,20,59,12,6,1,0,24,1,22,32,22032,6,2003,5Y2SM62853Z4,5,Y,2,S,M,6,2,8,5,3,Z,4,0,0,0,000000000,00000000000,0,0,0,1,0,0,0,0,0,0,0,0,0,0,0,12,2,5,12,0,0,0,1,24,20640,6,1,0,0,3,0,65,165,0,0,0,0,0,0,0,0,0,0,0,0,0,0,3,3,35,1,1,2,1,3,3,5,62,99,1,1,98,0,0,6421
240047_2016,24,240047,1,1,1,1,2,15,41,42,0,1,0,24,1,7,26,7026,4,2012,1C3CDZAB6CN2,1,C,3,C,D,Z,A,B,6,C,N,2,0,0,0,000000000,00000000000,0,0,0,1,0,0,0,0,0,0,0,998,0,1,5,9,6,2,42,0,0,0,1,24,20743,6,1,0,0,3,0,61,157,0,0,0,0,0,0,0,0,0,0,87,0,0,0,3,3,55,1,6,2,2,0,0,1,6,99,3,4,2,1,0,6422
240048_2016,24,240048,1,1,1,10,3,23,29,59,0,1,0,24,2,58,421,58421,15,2011,JN8AZ2NC1B93,J,N,8,A,Z,2,N,C,1,B,9,3,0,0,0,000000000,00000000000,0,0,0,1,0,0,0,0,0,0,0,998,0,0,0,12,6,2,59,0,0,0,1,24,20613,6,1,0,0,3,0,71,150,0,0,0,1,0,1,2015,1,2015,0,0,0,0,0,3,3,55,1,1,2,1,3,3,1,13,99,1,4,4,1,0,6423
240049_2016,24,240049,1,2,2,14,1,21,57,24,0,1,0,24,2,12,37,12037,4,2007,1FAFP31N37W3,1,F,A,F,P,3,1,N,3,7,W,3,0,0,0,000000000,00000000000,0,0,0,1,0,0,0,0,0,0,0,998,0,0,0,12,6,2,12,0,0,0,1,24,21539,6,1,0,0,3,0,67,150,0,0,0,0,0,0,0,0,0,0,0,0,0,0,2,2,35,1,4,2,2,0,0,1,13,99,1,4,1,1,1,6424
240049_2016,24,240049,2,2,1,14,1,21,57,24,0,1,0,54,1,12,481,12481,31,2013,1FT7X2B64DEA,1,F,T,7,X,2,B,6,4,D,E,A,0,0,0,000000000,00000000000,0,0,0,1,0,0,0,0,0,0,0,998,0,0,0,12,6,2,12,0,0,0,1,54,26743,6,1,0,0,3,0,68,217,0,0,0,0,0,0,0,0,0,0,0,0,0,0,2,2,35,1,4,2,2,0,0,1,64,99,1,1,98,0,0,6425
240050_2016,24,240050,1,1,1,25,1,10,20,8,0,1,0,24,1,63,402,63402,14,2016,5XYPGDA3XGG0,5,X,Y,P,G,D,A,3,X,G,G,0,0,0,0,000000000,00000000000,0,0,0,1,0,0,0,0,0,0,0,998,0,0,0,8,0,8,8,0,0,0,1,24,21791,6,1,0,0,3,0,61,135,0,1,0,0,0,1,2014,1,2014,0,0,0,0,0,1,2,25,1,1,2,3,0,0,3,80,99,1,1,13,0,0,6426
240051_2016,24,240051,1,2,1,1,1,0,57,12,1,1,0,0,0,37,739,37739,90,2002,JH3TE19052K7,J,H,3,T,E,1,9,0,5,2,K,7,0,0,0,000000000,00000000000,0,0,0,1,0,0,0,0,0,0,0,998,0,0,0,12,6,2,12,0,0,0,1,24,21060,1,1,0,0,1,0,68,240,0,2,0,0,0,12,2015,12,2015,0,26,0,0,0,1,2,25,1,1,2,1,0,0,99,59,99,1,1,33,1,1,6427
240051_2016,24,240051,2,2,1,1,1,0,57,12,1,1,0,0,0,76,734,76734,90,2012,JY4AM14Y9CC0,J,Y,4,A,M,1,4,Y,9,C,C,0,0,0,0,000000000,00000000000,0,0,0,1,0,0,0,0,0,0,0,998,0,0,0,6,6,2,12,0,0,0,1,24,21122,1,1,0,0,1,0,70,220,0,1,0,0,0,12,2015,12,2015,0,0,0,0,0,1,2,25,1,1,2,1,0,0,99,59,99,1,1,33,1,1,6428
240052_2016,24,240052,1,1,1,3,1,17,48,9,0,1,1,99,9,99,999,99999,99,9999,999999999999,9,9,9,9,9,9,9,9,9,9,9,9,0,0,0,000000000,00000000000,0,0,0,1,0,0,0,0,0,0,0,998,0,0,0,98,9,5,9,0,0,0,1,99,99999,9,9,99,9,9,9,999,999,99,99,99,99,99,99,9999,99,9999,0,99,99,99,99,3,4,55,1,1,2,1,0,0,1,83,99,1,1,13,0,0,6429
240053_2016,24,240053,1,1,1,26,2,22,34,32,0,1,0,24,2,35,49,35049,6,2012,JN8AZ1MWXCW2,J,N,8,A,Z,1,M,W,X,C,W,2,0,0,0,000000000,00000000000,0,0,0,1,0,0,0,0,0,0,0,998,0,1,3,12,6,2,1,0,0,0,1,24,20601,6,1,0,0,3,0,71,165,0,0,0,2,0,5,2014,6,2015,0,0,0,0,0,3,2,55,1,1,2,1,0,0,1,12,99,1,4,6,1,0,6430
240054_2016,24,240054,1,1,1,12,2,15,47,8,0,1,0,24,3,12,481,12481,31,2004,1FTSF30LX4EC,1,F,T,S,F,3,0,L,X,4,E,C,0,0,0,000000000,00000000000,0,0,0,1,0,0,0,0,0,0,0,998,0,0,0,2,4,5,8,0,0,0,1,24,21228,6,1,0,0,3,0,70,170,0,0,0,2,0,7,2014,7,2014,0,0,0,0,0,1,2,25,1,1,2,1,0,0,1,81,99,1,1,13,0,0,6431
240055_2016,24,240055,1,2,1,4,3,7,55,8,0,1,0,24,1,12,17,12017,4,2005,1FAHP53265A2,1,F,A,H,P,5,3,2,6,5,A,2,0,0,0,000000000,00000000000,0,0,0,1,0,0,0,0,0,0,0,998,0,0,0,12,4,3,8,0,0,0,1,24,20853,6,1,0,0,3,0,69,150,0,0,0,0,0,0,0,0,0,0,99,99,99,99,3,2,40,2,5,2,2,0,0,2,80,99,1,1,13,0,0,6432
240055_2016,24,240055,2,2,1,4,3,7,55,8,0,1,0,24,1,37,421,37421,15,2005,2HKYF18745H5,2,H,K,Y,F,1,8,7,4,5,H,5,0,0,0,000000000,00000000000,0,0,0,1,0,0,0,0,0,0,0,998,0,0,0,12,2,3,8,0,0,0,1,24,20904,6,1,0,0,3,0,64,135,0,0,0,0,1,2,2016,2,2016,0,0,0,0,0,3,2,40,2,5,2,2,0,0,1,51,6,9,2,98,0,0,6433
240056_2016,24,240056,1,4,1,10,3,16,28,12,1,1,0,24,2,37,705,37705,80,2007,JH2PC40047M0,J,H,2,P,C,4,0,0,4,7,M,0,0,0,0,000000000,00000000000,0,0,0,1,0,0,0,0,0,0,0,998,0,0,0,12,6,2,12,0,0,0,1,24,20670,6,1,0,0,3,0,75,180,0,0,0,1,0,6,2014,6,2014,3,37,36,39,0,3,4,55,1,1,2,1,50,3,1,51,99,1,1,24,1,0,6434
240056_2016,24,240056,2,4,1,10,3,16,28,12,1,1,0,24,2,49,402,49402,14,2010,JTMDF4DV4AD0,J,T,M,D,F,4,D,V,4,A,D,0,0,0,0,000000000,00000000000,0,0,0,1,0,0,0,0,0,0,0,998,0,0,0,6,4,5,12,0,0,0,1,24,20657,6,1,0,0,3,0,61,150,0,0,0,1,0,12,2014,12,2014,0,0,0,0,0,3,4,55,1,1,2,1,50,3,1,53,99,1,1,25,0,0,6435
240056_2016,24,240056,3,4,1,10,3,16,28,12,1,1,0,24,3,12,481,12481,31,2014,1FTMF1CF9EKE,1,F,T,M,F,1,C,F,9,E,K,E,0,0,0,000000000,00000000000,0,0,0,1,0,0,0,0,0,0,0,0,0,0,0,6,4,5,12,0,0,0,1,24,20657,6,1,0,0,3,0,75,250,0,0,0,0,0,0,0,0,0,0,0,0,0,0,3,4,55,1,1,2,1,50,3,5,62,99,1,1,98,0,0,6436
240056_2016,24,240056,4,4,1,10,3,16,28,12,1,1,0,24,1,12,461,12461,21,2005,1FTWW31Y45EB,1,F,T,W,W,3,1,Y,4,5,E,B,0,0,0,000000000,00000000000,0,0,0,1,0,0,0,0,0,0,0,0,0,0,0,10,2,5,12,0,0,0,1,24,20657,6,1,0,0,3,0,74,180,0,0,0,0,0,0,0,0,0,0,0,0,0,0,3,4,55,1,1,2,1,50,3,5,62,99,1,1,98,0,0,6437
240057_2016,24,240057,1,2,1,28,2,17,15,12,2,1,0,24,1,72,706,72706,80,2000,1HD1BJY10YY0,1,H,D,1,B,J,Y,1,0,Y,Y,0,0,0,0,000000000,00000000000,0,0,0,1,0,0,0,0,0,0,0,998,0,0,0,12,6,2,12,0,0,0,1,24,20611,6,1,0,0,3,0,68,180,0,0,0,0,0,0,0,0,0,0,51,0,0,0,1,2,30,2,5,2,1,0,0,14,10,99,1,2,50,1,1,6438
240057_2016,24,240057,2,2,4,28,2,17,15,12,2,1,0,24,1,12,422,12422,15,2003,1FMRU17W03LA,1,F,M,R,U,1,7,W,0,3,L,A,0,0,0,000000000,00000000000,0,0,0,1,0,0,0,0,0,0,0,998,0,0,0,12,4,3,12,0,0,0,1,24,20603,6,1,0,0,3,9,65,198,0,0,0,0,0,0,0,0,0,0,0,0,0,0,1,2,30,3,5,2,1,0,0,14,62,99,1,1,51,0,0,6439
240058_2016,24,240058,1,2,2,4,3,9,54,12,6,1,0,24,2,54,37,54037,2,1998,19UYA225XWL0,1,9,U,Y,A,2,2,5,X,W,L,0,0,0,0,000000000,00000000000,0,0,0,1,0,0,0,0,0,0,0,998,0,0,0,9,6,2,12,0,0,0,1,24,20659,6,1,0,0,3,3,73,240,0,0,0,0,0,0,0,0,0,0,38,6,0,0,0,0,0,0,0,0,0,0,0,11,15,99,1,1,82,1,0,6440
240058_2016,24,240058,2,2,1,4,3,9,54,12,6,1,0,24,1,35,402,35402,14,2000,5N1ED28T1YC5,5,N,1,E,D,2,8,T,1,Y,C,5,0,0,0,000000000,00000000000,0,0,0,1,0,0,0,0,0,0,0,998,0,0,0,12,6,2,12,0,0,0,1,24,20613,6,1,0,0,3,0,63,150,0,0,0,0,0,0,0,0,0,0,0,0,0,0,1,2,50,1,1,2,2,0,0,1,72,99,1,1,83,0,0,6441