st_case_year,STATE,ST_CASE,VEH_NO,VE_FORMS,NUMOCCS,DAY,MONTH,HOUR,MINUTE,HARM_EV,MAN_COLL,UNITTYPE,HIT_RUN,REG_STAT,OWNER,MAKE,MODEL,MAK_MOD,BODY_TYP,MOD_YEAR,VIN,VIN_1,VIN_2,VIN_3,VIN_4,VIN_5,VIN_6,VIN_7,VIN_8,VIN_9,VIN_10,VIN_11,VIN_12,TOW_VEH,J_KNIFE,MCARR_I1,MCARR_I2,MCARR_ID,GVWR,V_CONFIG,CARGO_BT,HAZ_INV,HAZ_PLAC,HAZ_ID,HAZ_CNO,HAZ_REL,BUS_USE,SPEC_USE,EMER_USE,TRAV_SP,UNDERIDE,ROLLOVER,ROLINLOC,IMPACT1,DEFORMED,TOWED,M_HARM,VEH_SC1,VEH_SC2,FIRE_EXP,DR_PRES,L_STATE,DR_ZIP,L_STATUS,L_TYPE,CDL_STAT,L_ENDORS,L_COMPL,L_RESTRI,DR_HGT,DR_WGT,PREV_ACC,PREV_SUS,PREV_DWI,PREV_SPD,PREV_OTH,FIRST_MO,FIRST_YR,LAST_MO,LAST_YR,SPEEDREL,DR_SF1,DR_SF2,DR_SF3,DR_SF4,VTRAFWAY,VNUM_LAN,VSPD_LIM,VALIGN,VPROFILE,VPAVETYP,VSURCOND,VTRAFCON,VTCONT_F,P_CRASH1,P_CRASH2,P_CRASH3,PCRASH4,PCRASH5,ACC_TYPE,DEATHS,DR_DRINK,idno
240140_2016,24,240140,2,2,6,12,5,20,21,12,6,1,0,24,2,12,423,12423,16,2001,1FMNU43S01EC,1,F,M,N,U,4,3,S,0,1,E,C,0,0,0,000000000,00000000000,0,0,0,1,0,0,0,0,0,0,0,998,0,0,0,10,6,2,12,0,0,0,1,24,20646,6,1,0,0,3,0,61,160,0,1,0,0,0,5,2015,5,2015,0,0,0,0,0,3,3,55,1,1,2,1,0,0,1,64,99,1,1,66,0,0,6556
240141_2016,24,240141,1,1,3,7,6,23,34,42,0,1,0,24,2,12,481,12481,31,1989,1FTHF26H4KNB,1,F,T,H,F,2,6,H,4,K,N,B,0,0,0,000000000,00000000000,0,0,0,1,0,0,0,0,0,0,0,998,0,0,0,12,6,2,42,0,0,0,1,24,20841,6,1,0,0,3,0,72,170,0,0,0,1,0,2,2016,2,2016,0,0,0,0,0,1,2,40,2,6,2,1,0,0,14,12,99,1,4,6,3,0,6557
240142_2016,24,240142,1,1,1,9,6,21,38,9,0,1,0,24,1,48,45,48045,4,2008,4S3BL6167872,4,S,3,B,L,6,1,6,7,8,7,2,0,0,0,000000000,00000000000,0,0,0,1,0,0,0,0,0,0,0,998,0,0,0,12,4,3,9,0,0,0,1,24,21742,6,1,0,0,3,0,68,200,0,0,0,0,0,0,0,0,0,0,0,0,0,0,4,2,45,1,1,2,1,0,0,3,80,99,1,1,13,0,0,6558
240143_2016,24,240143,1,1,1,23,5,13,50,1,0,1,0,24,1,53,734,53734,90,2007,5SAAN43A9771,5,S,A,A,N,4,3,A,9,7,7,1,0,0,0,000000000,00000000000,0,0,0,1,0,0,0,0,0,0,0,998,0,2,1,0,2,3,1,0,0,0,1,24,21539,6,1,0,0,3,0,76,300,0,0,0,1,0,10,2014,10,2014,0,0,0,0,0,1,2,35,8,1,2,1,0,0,11,9,99,9,1,98,1,0,6559
240144_2016,24,240144,1,1,1,11,6,22,13,38,0,1,0,24,2,53,706,53706,80,2006,JS1GW71A6621,J,S,1,G,W,7,1,A,6,6,2,1,0,0,0,000000000,00000000000,0,0,0,1,0,0,0,0,0,0,0,998,0,0,0,12,6,2,38,0,0,0,1,24,20662,6,1,0,0,3,0,73,195,0,0,0,0,0,0,0,0,0,0,6,0,0,0,1,2,45,3,6,2,1,0,0,1,9,99,9,4,2,1,0,6560
240145_2016,24,240145,1,1,3,12,6,1,33,42,0,1,0,10,2,55,402,55402,14,2007,KM8JN12D27U4,K,M,8,J,N,1,2,D,2,7,U,4,0,0,0,000000000,00000000000,0,0,0,1,0,0,0,0,0,0,0,998,0,0,0,12,6,2,42,0,0,0,1,10,19709,6,1,0,0,3,0,71,210,0,0,0,0,0,0,0,0,0,0,6,0,0,0,1,2,40,1,1,2,1,0,0,1,10,99,1,4,6,1,1,6561
240146_2016,24,240146,1,2,2,12,6,20,24,12,7,1,0,24,1,76,706,76706,80,2003,JYARN10Y73A0,J,Y,A,R,N,1,0,Y,7,3,A,0,0,0,0,000000000,00000000000,0,0,0,1,0,0,0,0,0,0,0,998,0,0,0,2,6,2,12,0,0,0,1,24,21144,6,1,0,0,3,0,74,225,0,0,0,1,0,5,2015,5,2015,3,36,35,51,0,1,2,35,1,6,2,1,0,0,6,61,99,1,1,73,1,1,6562
240146_2016,24,240146,2,2,1,12,6,20,24,12,7,1,0,24,1,20,25,20025,4,2013,1G1PA5SHXD72,1,G,1,P,A,5,S,H,X,D,7,2,0,0,0,000000000,00000000000,0,0,0,1,0,0,0,0,0,0,0,998,0,0,0,10,4,3,12,0,0,0,1,24,21108,6,1,0,0,3,0,74,180,0,0,0,0,0,0,0,0,0,0,0,0,0,0,1,2,35,1,6,2,1,0,0,11,15,99,1,1,72,0,0,6563
240147_2016,24,240147,1,3,1,15,3,20,23,8,0,1,1,24,2,42,48,42048,4,2002,WDBJF83J92X0,W,D,B,J,F,8,3,J,9,2,X,0,0,0,0,000000000,00000000000,0,0,0,1,0,0,0,0,0,0,0,998,0,0,0,12,6,2,8,0,0,0,1,24,21207,6,1,0,0,3,0,70,190,0,0,0,0,0,0,0,0,0,3,6,28,0,0,5,4,35,1,6,2,1,0,0,3,81,99,1,1,13,0,0,6564
240147_2016,24,240147,2,3,1,15,3,20,23,8,0,1,0,24,2,37,32,37032,4,2014,1HGCR3F85EA0,1,H,G,C,R,3,F,8,5,E,A,0,0,0,0,000000000,00000000000,0,0,0,1,0,0,0,0,0,0,0,998,0,0,0,11,6,2,12,0,0,0,1,24,21239,6,1,0,0,3,0,62,157,0,0,0,0,0,0,0,0,0,0,0,0,0,0,5,4,35,1,6,2,1,0,0,1,63,99,1,1,98,0,0,6565
240147_2016,24,240147,3,3,9,15,3,20,23,8,0,1,0,24,2,98,988,98988,52,2004,5FYD4FS144B0,5,F,Y,D,4,F,S,1,4,4,B,0,0,0,88,888888888,88888888888,3,21,22,1,0,0,0,0,6,3,0,998,0,0,0,12,6,2,12,0,0,0,1,24,21230,6,1,6,0,3,0,67,175,0,0,0,0,0,0,0,0,0,0,0,0,0,0,5,4,35,1,6,2,1,0,0,1,63,99,1,1,98,0,0,6566
240148_2016,24,240148,1,4,1,16,5,19,37,12,2,1,0,24,2,54,35,54035,4,2002,19UUA56832A0,1,9,U,U,A,5,6,8,3,2,A,0,0,0,0,000000000,00000000000,0,0,0,1,0,0,0,0,0,0,0,998,0,0,0,12,6,2,12,0,0,0,1,24,20602,1,1,0,0,2,0,76,178,0,1,0,0,1,11,2015,4,2016,0,27,35,36,0,2,2,40,1,1,2,1,0,0,15,10,99,9,2,50,1,0,6567
240148_2016,24,240148,2,4,4,16,5,19,37,12,2,1,0,24,1,20,481,20481,31,2005,1GCEC19X95Z1,1,G,C,E,C,1,9,X,9,5,Z,1,0,0,0,000000000,00000000000,0,0,0,1,0,0,0,0,0,0,0,998,0,0,0,12,6,2,12,0,0,0,1,24,20706,6,1,6,0,3,0,67,205,0,0,0,0,0,0,0,0,0,0,0,0,0,0,2,2,40,1,1,2,1,0,0,1,62,99,1,1,51,0,0,6568
240148_2016,24,240148,3,4,1,16,5,19,37,12,2,1,0,24,1,49,40,49040,4,2014,4T1BF1FK8EU3,4,T,1,B,F,1,F,K,8,E,U,3,0,0,0,000000000,00000000000,0,0,0,1,0,0,0,0,0,0,0,998,0,0,0,12,2,5,12,0,0,0,1,24,20748,6,1,0,0,3,0,73,175,0,1,0,0,0,2,2014,2,2014,0,0,0,0,0,2,2,40,1,1,2,1,0,0,1,62,99,1,1,98,0,0,6569
240148_2016,24,240148,4,4,1,16,5,19,37,12,2,1,0,24,1,49,422,49422,15,2004,5TDBT44A44S2,5,T,D,B,T,4,4,A,4,4,S,2,0,0,0,000000000,00000000000,0,0,0,1,0,0,0,0,0,0,0,998,0,0,0,19,2,5,18,0,0,0,1,24,20735,6,1,0,0,3,0,74,212,0,0,0,0,0,0,0,0,0,0,0,0,0,0,2,2,40,1,1,2,1,0,0,1,98,99,1,1,98,0,0,6570
240149_2016,24,240149,1,2,5,30,5,2,21,12,6,1,0,24,2,6,441,6441,20,2012,2C4RC1CG3CR1,2,C,4,R,C,1,C,G,3,C,R,1,0,0,0,000000000,00000000000,0,0,0,1,0,0,0,0,0,0,0,998,0,0,0,9,6,2,12,0,0,0,1,24,20706,6,1,0,0,3,0,65,160,0,0,0,0,0,0,0,0,0,0,38,6,39,0,1,2,25,1,1,2,2,20,3,4,19,99,1,1,89,1,0,6571
240149_2016,24,240149,2,2,4,30,5,2,21,12,6,1,0,33,2,12,461,12461,21,1985,1FTDE14F9FHB,1,F,T,D,E,1,4,F,9,F,H,B,1,1,0,000000000,00000000000,0,0,0,1,0,0,0,0,0,0,0,998,0,0,0,12,6,2,12,0,0,0,1,37,28205,6,1,0,0,3,0,68,999,0,0,0,0,0,0,0,0,0,0,0,0,0,0,1,2,50,1,1,2,2,0,0,1,68,99,1,1,88,0,0,6572
240150_2016,24,240150,1,1,1,16,4,13,15,43,0,1,0,24,1,53,706,53706,80,2006,JS1GW71A3621,J,S,1,G,W,7,1,A,3,6,2,1,0,0,0,000000000,00000000000,0,0,0,1,0,0,0,0,0,0,0,998,0,0,0,12,6,2,43,0,0,0,1,24,21224,6,1,0,0,3,0,76,380,0,1,0,1,0,4,2015,7,2015,4,0,0,0,0,4,3,30,2,5,2,1,0,0,1,6,99,9,4,7,1,0,6573
240151_2016,24,240151,1,1,1,17,5,18,22,30,0,1,0,10,1,2,404,2404,14,2016,1C4PJMBS3GW2,1,C,4,P,J,M,B,S,3,G,W,2,0,0,0,000000000,00000000000,0,0,0,1,0,0,0,0,0,0,0,998,0,0,0,12,6,2,30,0,0,0,1,10,19702,6,1,0,0,3,0,66,155,0,0,0,0,0,0,0,0,0,0,36,0,0,0,1,2,35,2,1,2,1,0,0,1,12,99,1,4,6,1,1,6574
240152_2016,24,240152,1,2,1,14,6,22,53,8,0,1,0,24,1,6,18,6018,4,2015,1C3CCCAB4FN6,1,C,3,C,C,C,A,B,4,F,N,6,0,0,0,000000000,00000000000,0,0,0,1,0,0,0,0,0,0,0,998,0,0,0,12,4,3,8,0,0,0,1,24,21215,6,1,0,0,3,0,71,205,3,0,0,0,4,6,2013,1,2016,0,0,0,0,0,3,4,70,3,1,2,1,0,0,1,80,99,1,1,13,0,0,6575
240152_2016,24,240152,2,2,2,14,6,22,53,8,0,1,0,24,1,2,404,2404,14,2011,1J4RR4GG3BC6,1,J,4,R,R,4,G,G,3,B,C,6,0,0,0,000000000,00000000000,0,0,0,1,0,0,0,0,0,0,0,998,0,0,0,12,4,5,8,0,0,0,1,24,21133,6,1,0,0,3,0,72,231,0,0,0,0,0,0,0,0,0,0,0,0,0,0,3,4,70,3,1,2,1,0,0,1,80,99,1,1,98,0,0,6576
240153_2016,24,240153,1,1,1,4,3,9,46,14,0,1,0,24,1,35,47,35047,4,1993,1N4BU31F5PC1,1,N,4,B,U,3,1,F,5,P,C,1,0,0,0,000000000,00000000000,0,0,0,1,0,0,0,0,0,0,0,998,0,0,0,12,6,2,14,0,0,0,1,24,20640,6,1,0,0,3,0,67,170,0,0,0,0,1,1,2014,1,2014,0,6,41,0,0,1,2,50,2,1,2,2,0,0,1,13,99,1,4,1,1,0,6577
240154_2016,24,240154,1,2,2,14,5,19,30,12,2,1,0,10,2,20,37,20037,4,2009,1G1ZJ57B79F1,1,G,1,Z,J,5,7,B,7,9,F,1,0,0,0,000000000,00000000000,0,0,0,1,0,0,0,0,0,0,0,998,0,0,0,12,6,2,12,0,0,0,1,10,19805,6,1,0,0,3,0,68,160,0,4,0,0,0,3,2013,3,2016,0,33,0,0,0,1,2,40,3,6,2,2,0,0,6,54,99,1,1,52,1,1,6578
240154_2016,24,240154,2,2,3,14,5,19,30,12,2,1,0,10,1,20,481,20481,31,2015,1GCVKRECXFZ3,1,G,C,V,K,R,E,C,X,F,Z,3,0,0,0,000000000,00000000000,0,0,0,1,0,0,0,0,0,0,0,998,0,0,0,12,6,8,12,0,0,0,1,10,19802,6,1,0,0,3,0,69,260,0,0,0,0,0,0,0,0,0,0,0,0,0,0,1,2,40,2,6,2,2,0,0,14,54,99,1,1,52,0,0,6579
240155_2016,24,240155,1,2,1,7,6,23,9,12,1,1,0,24,1,37,705,37705,80,2013,MLHPC4412D50,M,L,H,P,C,4,4,1,2,D,5,0,0,0,0,000000000,00000000000,0,0,0,1,0,0,0,0,0,0,0,998,0,0,0,12,6,2,12,0,0,0,1,24,20601,6,1,0,0,3,0,66,220,0,0,0,0,0,0,0,0,0,4,54,26,6,0,3,3,55,1,1,2,1,3,3,3,50,99,1,1,32,1,0,6580
240155_2016,24,240155,2,2,0,7,6,23,9,12,1,1,0,24,6,49,472,49472,30,1999,4TAWM72N3XZ5,4,T,A,W,M,7,2,N,3,X,Z,5,0,0,0,000000000,00000000000,0,0,0,1,0,0,0,0,0,0,0,0,0,0,0,6,4,3,12,0,0,0,0,0,99997,7,6,97,7,6,7,998,997,998,998,998,998,998,98,9998,98,9998,8,0,0,0,0,3,3,55,1,1,2,1,3,3,0,53,0,0,0,32,0,0,6581
240156_2016,24,240156,1,1,4,17,6,22,39,42,0,1,0,24,1,12,3,12003,2,2007,1ZVFT82H9753,1,Z,V,F,T,8,2,H,9,7,5,3,0,0,0,000000000,00000000000,0,0,0,1,0,0,0,0,0,0,0,998,0,0,0,3,6,2,42,0,0,0,1,24,21037,6,1,0,0,3,0,64,93,0,0,0,0,0,0,0,0,0,3,28,0,0,0,1,2,40,2,4,2,1,0,0,1,6,7,3,4,2,1,1,6582
240157_2016,24,240157,1,1,3,25,3,17,50,42,0,1,0,24,1,49,40,49040,4,2009,4T1BE46K49U3,4,T,1,B,E,4,6,K,4,9,U,3,0,0,0,000000000,00000000000,0,0,0,1,0,0,0,0,0,0,0,998,0,0,0,12,6,2,42,0,0,0,1,24,20613,6,1,0,0,3,0,61,155,0,0,0,0,0,0,0,0,0,0,58,0,0,0,1,2,40,1,1,2,1,0,0,1,9,99,9,4,2,1,0,6583
240158_2016,24,240158,1,2,1,2,3,14,48,12,6,1,0,24,1,20,2,20002,4,2012,2G1WC5E39C11,2,G,1,W,C,5,E,3,9,C,1,1,0,0,0,000000000,00000000000,0,0,0,1,0,0,0,0,0,0,0,998,0,0,0,12,6,2,12,0,0,0,1,24,21217,6,1,0,0,3,0,73,205,0,0,0,0,0,0,0,0,0,0,0,0,0,0,3,3,45,1,1,2,1,0,0,1,62,99,1,1,69,0,0,6584
240158_2016,24,240158,2,2,1,2,3,14,48,12,6,1,0,24,1,12,13,12013,4,1993,3FAPP13J5PR1,3,F,A,P,P,1,3,J,5,P,R,1,0,0,0,000000000,00000000000,0,0,0,1,0,0,0,0,0,0,0,998,0,0,0,1,6,2,12,0,0,0,1,24,21208,6,1,0,0,3,0,60,140,0,0,0,0,0,0,0,0,0,0,38,0,0,0,3,3,45,1,1,2,1,0,0,11,15,99,1,1,68,1,0,6585
240159_2016,24,240159,1,1,1,24,3,6,2,34,0,1,0,24,2,63,401,63401,14,2008,KNDJF7248875,K,N,D,J,F,7,2,4,8,8,7,5,0,0,0,000000000,00000000000,0,0,0,1,0,0,0,0,0,0,0,998,0,1,5,1,6,2,30,0,0,0,1,24,21840,2,1,0,0,2,0,64,134,0,1,0,0,1,6,2015,7,2015,0,6,0,0,0,1,2,50,1,1,2,1,0,0,1,13,99,1,4,4,1,1,6586
240160_2016,24,240160,1,1,1,21,3,10,40,8,0,1,0,24,2,87,881,87881,63,2000,1NP5LB0X1YN5,1,N,P,5,L,B,0,X,1,Y,N,5,0,0,57,00937785,5700937785,3,1,4,1,0,0,0,0,0,0,0,998,0,0,0,12,2,5,8,0,0,0,1,24,21144,6,1,6,0,3,0,67,215,0,0,0,0,0,0,0,0,0,0,0,0,0,0,3,2,35,2,6,2,1,0,0,1,81,1,1,1,13,0,0,6587
240161_2016,24,240161,1,1,1,4,4,22,38,14,0,1,0,24,2,37,402,37402,14,2013,5J6RM4H77DL0,5,J,6,R,M,4,H,7,7,D,L,0,0,0,0,000000000,00000000000,0,0,0,1,0,0,0,0,0,0,0,998,0,0,0,12,6,2,14,0,0,0,1,24,20772,6,1,0,0,3,0,60,175,0,0,0,1,0,3,2015,3,2015,0,6,0,0,0,1,2,30,1,6,2,1,98,3,1,50,99,1,1,98,1,1,6588
240162_2016,24,240162,1,1,1,16,4,19,45,14,0,1,0,21,3,20,870,20870,61,2011,1GB3G3CG2B11,1,G,B,3,G,3,C,G,2,B,1,1,0,0,57,2116716,572116716,2,1,1,1,0,0,0,0,0,0,0,998,0,0,0,12,6,2,14,0,0,0,1,24,21075,6,1,0,0,3,0,71,160,0,0,0,0,0,0,0,0,0,0,6,0,0,0,3,1,25,1,1,2,1,0,0,1,12,99,1,4,11,1,0,6589
240163_2016,24,240163,1,1,1,16,4,13,25,42,0,1,0,24,2,49,40,49040,4,1999,4T1BG22K5XU6,4,T,1,B,G,2,2,K,5,X,U,6,0,0,0,000000000,00000000000,0,0,0,1,0,0,0,0,0,0,0,998,0,0,0,12,6,2,42,0,0,0,1,24,21060,6,1,0,0,3,0,68,200,0,0,0,0,0,0,0,0,0,4,6,0,0,0,1,2,30,3,1,2,1,0,0,99,13,99,1,4,1,1,0,6590
240164_2016,24,240164,1,1,1,11,4,11,55,42,0,1,0,24,2,49,32,49032,4,2006,2T1BR32E66C5,2,T,1,B,R,3,2,E,6,6,C,5,0,0,0,000000000,00000000000,0,0,0,1,0,0,0,0,0,0,0,998,0,1,5,12,6,2,42,0,0,0,1,24,20774,6,1,0,0,3,3,69,140,0,0,0,2,0,8,2014,2,2015,0,0,0,0,0,3,3,65,1,1,2,1,0,0,15,13,99,9,4,2,1,0,6591
240165_2016,24,240165,1,1,1,21,4,21,10,31,0,1,0,10,2,20,481,20481,31,2005,1GCEK19VX5Z1,1,G,C,E,K,1,9,V,X,5,Z,1,0,0,0,000000000,00000000000,0,0,0,1,0,0,0,0,0,0,0,998,0,1,5,12,6,2,1,0,0,0,1,10,19973,1,1,0,0,2,0,72,170,0,0,0,0,0,0,0,0,0,3,36,58,0,0,2,2,55,1,1,2,1,0,0,1,11,99,1,4,1,1,1,6592
240166_2016,24,240166,1,2,1,22,4,1,54,12,6,1,0,51,3,82,881,82881,66,2007,1FUJA6CK07LW,1,F,U,J,A,6,C,K,0,7,L,W,1,1,77,777777777,77777777777,3,6,1,1,0,0,0,0,0,0,0,998,0,0,0,12,6,2,12,0,0,0,1,51,23462,6,1,6,0,3,0,69,160,0,0,0,0,0,0,0,0,0,0,0,0,0,0,3,4,55,1,1,2,98,0,0,2,64,99,1,1,48,0,0,6593
240166_2016,24,240166,2,2,1,22,4,1,54,12,6,1,0,24,1,19,22,19022,4,2007,1G6KD57Y47U1,1,G,6,K,D,5,7,Y,4,7,U,1,0,0,0,000000000,00000000000,0,0,0,1,0,0,0,0,0,0,0,998,0,0,0,10,6,2,12,0,0,0,1,24,20748,6,1,0,0,3,0,68,165,0,0,0,0,1,3,2016,3,2016,0,28,38,6,0,3,4,55,1,1,2,98,0,0,8,10,99,1,7,48,1,1,6594
240167_2016,24,240167,1,1,1,3,4,19,15,24,0,1,0,24,2,72,706,72706,80,1998,1HD1GEL16WY3,1,H,D,1,G,E,L,1,6,W,Y,3,0,0,0,000000000,00000000000,0,0,0,1,0,0,0,0,0,0,0,998,0,0,0,11,6,2,24,0,0,0,1,24,21043,6,1,0,0,3,0,68,165,0,0,0,0,0,0,0,0,0,4,6,0,0,0,1,2,25,2,6,2,1,0,0,14,12,99,1,4,6,1,1,6595
240168_2016,24,240168,1,1,1,9,5,9,11,42,0,1,0,42,1,20,403,20403,14,2006,1GNDT13S4621,1,G,N,D,T,1,3,S,4,6,2,1,0,0,0,000000000,00000000000,0,0,0,1,0,0,0,0,0,0,0,998,0,0,0,12,6,2,42,0,0,1,1,42,17267,6,1,0,0,3,0,62,999,0,0,0,0,0,0,0,0,0,0,99,99,99,99,3,2,70,1,1,2,1,0,0,1,12,99,1,4,6,1,0,6596
240169_2016,24,240169,1,2,1,19,5,2,39,12,1,1,0,24,1,49,51,49051,4,2008,JTDJT9233851,J,T,D,J,T,9,2,3,3,8,5,1,0,0,0,000000000,00000000000,0,0,0,1,0,0,0,0,0,0,0,0,0,0,0,6,6,2,12,0,0,0,1,24,20886,6,1,0,0,3,0,67,145,0,0,0,0,0,0,0,0,0,0,54,80,0,0,3,2,55,1,1,2,1,0,0,5,53,1,1,1,21,1,0,6597
240169_2016,24,240169,2,2,1,19,5,2,39,12,1,1,0,24,1,37,32,37032,4,2011,1HGCP2F83BA1,1,H,G,C,P,2,F,8,3,B,A,1,0,0,0,000000000,00000000000,0,0,0,1,0,0,0,0,0,0,0,998,0,0,0,12,6,2,12,0,0,0,1,24,21703,6,1,0,0,3,0,66,132,0,1,0,0,0,8,2014,8,2014,4,6,0,0,0,3,2,55,1,5,2,1,0,0,1,50,99,1,1,20,0,0,6598
240170_2016,24,240170,1,1,1,3,5,1,11,8,0,1,0,24,3,20,421,20421,15,2013,1GNLC2E03DR1,1,G,N,L,C,2,E,0,3,D,R,1,0,0,0,000000000,00000000000,0,0,0,1,0,0,0,0,0,5,2,998,0,0,0,12,4,3,8,0,0,0,1,24,21842,6,1,0,0,3,0,64,110,0,0,0,0,0,0,0,0,0,0,0,0,0,0,3,4,40,1,1,2,2,3,3,1,80,99,1,1,13,0,0,6599
240171_2016,24,240171,1,1,4,16,3,23,15,30,0,1,0,24,2,34,34,34034,4,2007,WBAVA33587PG,W,B,A,V,A,3,3,5,8,7,P,G,0,0,0,000000000,00000000000,0,0,0,1,0,0,0,0,0,0,0,998,0,0,0,12,6,2,30,0,0,0,1,24,21214,0,0,0,0,0,0,999,999,0,0,0,0,0,0,0,0,0,3,37,36,39,0,3,3,30,1,1,2,1,3,3,1,6,99,9,4,2,2,0,6600
240172_2016,24,240172,1,1,4,29,5,0,27,5,0,1,0,24,2,12,481,12481,31,2003,1FTRW08LX3KB,1,F,T,R,W,0,8,L,X,3,K,B,0,0,0,000000000,00000000000,0,0,0,1,0,0,0,0,0,0,0,998,0,0,0,0,0,3,5,0,0,0,1,24,21617,6,1,0,0,3,0,64,140,0,0,0,0,0,0,0,0,0,0,0,0,0,0,1,2,35,1,1,2,1,0,0,3,98,99,1,1,0,1,0,6601
240173_2016,24,240173,1,3,1,2,6,22,56,24,0,1,0,24,1,23,421,23421,15,2001,3GKEC16T11G1,3,G,K,E,C,1,6,T,1,1,G,1,0,0,0,000000000,00000000000,0,0,0,1,0,0,0,0,0,0,0,998,0,0,0,12,6,2,12,0,0,0,1,24,20781,6,1,0,0,3,0,75,380,0,3,0,0,3,4,2014,12,2015,0,51,0,0,0,3,2,55,1,1,2,1,0,0,1,12,99,1,4,6,0,1,6602
240173_2016,24,240173,2,3,1,2,6,22,56,24,0,1,0,24,1,19,20,19020,6,2014,3GYFNEE34ES5,3,G,Y,F,N,E,E,3,4,E,S,5,0,0,0,000000000,00000000000,0,0,0,1,0,0,0,0,0,0,0,998,0,0,0,12,6,2,12,0,0,0,1,24,20706,6,1,0,0,3,0,60,145,0,0,0,0,0,0,0,0,0,0,0,0,0,0,3,2,55,1,1,2,1,0,0,1,64,99,1,1,98,1,0,6603
240173_2016,24,240173,3,3,1,2,6,22,56,24,0,1,0,11,1,20,39,20039,4,2009,KL1TD66E89B6,K,L,1,T,D,6,6,E,8,9,B,6,0,0,0,000000000,00000000000,0,0,0,1,0,0,0,0,0,0,0,998,0,0,0,12,6,2,12,0,0,0,1,11,20011,6,1,0,0,3,0,999,999,99,99,99,99,99,99,9999,99,9999,0,0,0,0,0,3,2,55,1,1,2,1,0,0,1,60,99,1,1,98,0,0,6604
240174_2016,24,240174,1,2,3,1,6,11,43,12,6,1,0,24,2,49,47,49047,6,2005,2T1KR32EX5C4,2,T,1,K,R,3,2,E,X,5,C,4,0,0,0,000000000,00000000000,0,0,0,1,0,0,0,0,0,0,0,998,0,0,0,2,6,2,12,0,0,0,1,24,21639,6,1,0,0,3,0,62,150,0,0,0,0,0,0,0,0,0,0,83,53,0,0,1,2,50,1,1,2,1,0,0,1,87,7,4,6,64,3,0,6605
240174_2016,24,240174,2,2,1,1,6,11,43,12,6,1,0,24,2,85,881,85881,66,2008,1XKWD49X88J2,1,X,K,W,D,4,9,X,8,8,J,2,1,1,57,1945515,571945515,3,6,1,1,0,0,0,0,0,0,0,998,0,0,0,12,6,2,12,0,0,0,1,24,21678,6,1,6,0,3,0,71,175,0,0,0,0,1,5,2015,5,2015,0,0,0,0,0,1,2,50,1,1,2,1,0,0,1,62,99,1,1,65,0,0,6606
240175_2016,24,240175,1,1,3,6,6,7,23,9,0,1,0,24,2,87,881,87881,63,2015,2NP3LJ0X5FM2,2,N,P,3,L,J,0,X,5,F,M,2,0,0,57,653767,57653767,3,2,7,1,0,0,0,0,0,0,0,998,0,0,0,4,0,3,9,0,0,0,1,24,20903,6,1,6,0,3,0,71,210,0,0,0,0,0,0,0,0,0,0,38,0,0,0,1,2,25,1,1,2,1,0,0,10,83,99,1,1,13,0,0,6607
240176_2016,24,240176,1,2,1,31,5,22,2,12,6,1,0,24,2,20,2,20002,4,2007,2G1WS58R4793,2,G,1,W,S,5,8,R,4,7,9,3,0,0,0,000000000,00000000000,0,0,0,1,0,0,0,0,0,0,0,998,0,0,0,1,6,2,12,0,0,0,1,24,20784,1,1,0,0,2,0,67,170,0,2,0,0,0,9,2015,5,2016,3,0,0,0,0,3,2,40,1,6,2,1,0,0,3,6,99,9,4,64,1,0,6608
240176_2016,24,240176,2,2,1,31,5,22,2,12,6,1,0,24,1,49,32,49032,4,2015,2T1BURHE3FC4,2,T,1,B,U,R,H,E,3,F,C,4,0,0,0,000000000,00000000000,0,0,0,1,0,0,0,0,0,0,0,998,0,0,0,12,6,2,12,0,0,0,1,24,20879,6,1,0,0,3,0,70,140,0,0,0,0,0,0,0,0,0,0,0,0,0,0,3,2,40,1,6,2,1,0,0,1,64,99,1,1,65,1,0,6609
240177_2016,24,240177,1,3,1,11,6,13,1,12,1,1,0,24,2,72,706,72706,80,1993,1HD1BML15PY0,1,H,D,1,B,M,L,1,5,P,Y,0,0,0,0,000000000,00000000000,0,0,0,1,0,0,0,0,0,0,0,998,0,0,0,12,6,2,12,0,0,0,1,24,21015,2,1,0,0,2,0,71,210,0,2,0,0,1,6,2015,3,2016,4,6,26,0,0,1,2,50,1,1,2,1,0,0,1,50,99,1,1,20,1,0,6610
240177_2016,24,240177,2,3,1,11,6,13,1,12,1,1,0,42,1,37,402,37402,14,2014,2HKRM4H3XEH6,2,H,K,R,M,4,H,3,X,E,H,6,0,0,0,000000000,00000000000,0,0,0,1,0,0,0,0,0,0,0,0,0,0,0,6,4,3,12,0,0,0,1,42,17361,6,1,0,0,3,0,70,999,0,0,0,0,0,0,0,0,0,0,0,0,0,0,1,2,50,1,1,2,1,0,0,5,53,99,1,1,21,0,0,6611
240177_2016,24,240177,3,3,2,11,6,13,1,12,1,1,0,24,1,7,482,7482,31,2016,3C6RR7KT0GG1,3,C,6,R,R,7,K,T,0,G,G,1,1,1,88,888888888,88888888888,1,4,0,1,0,0,0,0,0,0,0,998,0,0,0,19,4,3,18,0,0,0,1,24,21917,6,1,0,0,3,0,73,245,0,0,0,0,0,0,0,0,0,0,0,0,0,0,1,2,50,1,1,2,1,0,0,1,90,99,1,1,98,0,0,6612