st_case_year,STATE,ST_CASE,VEH_NO,VE_FORMS,NUMOCCS,DAY,MONTH,HOUR,MINUTE,HARM_EV,MAN_COLL,UNITTYPE,HIT_RUN,REG_STAT,OWNER,MAKE,MODEL,MAK_MOD,BODY_TYP,MOD_YEAR,VIN,VIN_1,VIN_2,VIN_3,VIN_4,VIN_5,VIN_6,VIN_7,VIN_8,VIN_9,VIN_10,VIN_11,VIN_12,TOW_VEH,J_KNIFE,MCARR_I1,MCARR_I2,MCARR_ID,GVWR,V_CONFIG,CARGO_BT,HAZ_INV,HAZ_PLAC,HAZ_ID,HAZ_CNO,HAZ_REL,BUS_USE,SPEC_USE,EMER_USE,TRAV_SP,UNDERIDE,ROLLOVER,ROLINLOC,IMPACT1,DEFORMED,TOWED,M_HARM,VEH_SC1,VEH_SC2,FIRE_EXP,DR_PRES,L_STATE,DR_ZIP,L_STATUS,L_TYPE,CDL_STAT,L_ENDORS,L_COMPL,L_RESTRI,DR_HGT,DR_WGT,PREV_ACC,PREV_SUS,PREV_DWI,PREV_SPD,PREV_OTH,FIRST_MO,FIRST_YR,LAST_MO,LAST_YR,SPEEDREL,DR_SF1,DR_SF2,DR_SF3,DR_SF4,VTRAFWAY,VNUM_LAN,VSPD_LIM,VALIGN,VPROFILE,VPAVETYP,VSURCOND,VTRAFCON,VTCONT_F,P_CRASH1,P_CRASH2,P_CRASH3,PCRASH4,PCRASH5,ACC_TYPE,DEATHS,DR_DRINK,idno
240178_2016,24,240178,1,1,1,3,6,19,14,42,0,1,0,24,1,12,422,12422,15,2004,1FMRU15W34LA,1,F,M,R,U,1,5,W,3,4,L,A,0,0,0,000000000,00000000000,0,0,0,1,0,0,0,0,0,0,0,998,0,1,5,5,6,2,42,0,0,0,1,24,20601,6,1,0,0,3,0,74,208,0,0,0,0,0,0,0,0,0,0,58,0,0,0,1,2,45,2,5,2,2,0,0,14,9,99,3,4,7,1,1,6613
240179_2016,24,240179,1,1,1,19,6,22,37,8,0,1,0,24,2,37,32,37032,4,2001,1HGCG55671A0,1,H,G,C,G,5,5,6,7,1,A,0,0,0,0,000000000,00000000000,0,0,0,1,0,0,0,0,0,0,0,998,0,0,0,12,4,3,8,0,0,0,1,24,20901,6,1,0,0,3,0,66,160,0,2,0,0,0,2,2014,2,2014,0,0,0,0,0,3,3,35,1,1,2,1,0,0,1,80,99,1,1,13,0,0,6614
240180_2016,24,240180,1,2,1,23,6,13,23,12,6,1,0,24,1,19,3,19003,4,1997,1G6KF5497VU2,1,G,6,K,F,5,4,9,7,V,U,2,0,0,0,000000000,00000000000,0,0,0,1,0,0,0,0,0,0,0,998,0,0,0,3,6,2,12,0,0,0,1,24,21788,6,1,0,0,3,0,67,148,0,0,0,0,0,0,0,0,0,0,38,0,0,0,8,2,98,8,8,2,1,21,3,3,17,99,1,1,87,1,0,6615
240180_2016,24,240180,2,2,4,23,6,13,23,12,6,1,0,17,1,7,442,7442,20,2015,2C4RDGBG3FR6,2,C,4,R,D,G,B,G,3,F,R,6,0,0,0,000000000,00000000000,0,0,0,1,0,0,0,0,0,0,0,998,0,0,0,12,6,2,12,0,0,0,1,17,60073,6,1,6,0,3,0,67,155,0,0,0,0,0,0,0,0,0,0,0,0,0,0,3,2,55,1,1,2,1,0,0,1,66,99,1,1,86,0,0,6616
240181_2016,24,240181,1,3,1,14,3,21,11,12,2,1,0,24,2,63,38,63038,4,2010,KNAFU4A25A50,K,N,A,F,U,4,A,2,5,A,5,0,0,0,0,000000000,00000000000,0,0,0,1,0,0,0,0,0,0,0,998,0,0,0,12,6,2,12,0,0,0,1,24,21014,6,1,0,0,3,0,67,140,0,0,0,0,1,9,2014,9,2014,0,28,51,58,36,1,4,50,1,1,2,2,0,0,1,10,99,1,2,50,1,0,6617
240181_2016,24,240181,2,3,1,14,3,21,11,12,2,1,0,24,1,63,38,63038,4,2015,KNAFX4A66F54,K,N,A,F,X,4,A,6,6,F,5,4,0,0,0,000000000,00000000000,0,0,0,1,0,0,0,0,0,0,0,998,0,0,0,12,6,2,12,0,0,0,1,24,21030,6,1,0,0,3,0,58,100,0,0,0,0,0,0,0,0,0,0,0,0,0,0,1,4,50,1,1,2,2,0,0,1,62,99,1,1,51,0,0,6618
240181_2016,24,240181,3,3,2,14,3,21,11,12,2,1,0,24,1,37,441,37441,20,2008,5FNRL38718B0,5,F,N,R,L,3,8,7,1,8,B,0,0,0,0,000000000,00000000000,0,0,0,1,0,0,0,0,0,0,0,998,0,0,0,12,6,2,12,0,0,0,1,24,21128,6,1,0,0,3,0,65,140,0,0,0,0,0,0,0,0,0,0,0,0,0,0,1,4,50,1,1,2,2,0,0,1,62,99,1,1,98,0,0,6619
240182_2016,24,240182,1,3,1,17,6,13,13,12,6,1,0,24,2,20,481,20481,31,2003,2GCEK19V0313,2,G,C,E,K,1,9,V,0,3,1,3,0,0,0,000000000,00000000000,0,0,0,1,0,0,0,0,0,0,0,998,0,0,0,1,6,2,12,0,0,0,1,24,21102,6,1,0,0,3,0,60,190,0,0,0,0,0,0,0,0,0,0,6,38,0,0,3,2,30,1,5,2,1,20,3,11,15,99,1,1,68,0,0,6620
240182_2016,24,240182,2,3,1,17,6,13,13,12,6,1,0,24,2,76,706,76706,80,1983,JYA26H002DA0,J,Y,A,2,6,H,0,0,2,D,A,0,0,0,0,000000000,00000000000,0,0,0,1,0,0,0,0,0,0,0,998,0,0,0,12,6,2,12,0,0,0,1,24,21784,2,1,0,0,2,0,68,170,0,0,0,0,0,0,0,0,0,0,0,0,0,0,3,2,30,1,5,2,1,20,3,1,62,99,1,1,69,1,0,6621
240182_2016,24,240182,3,3,2,17,6,13,13,12,6,1,0,24,1,37,31,37031,4,2007,1HGFA16517L0,1,H,G,F,A,1,6,5,1,7,L,0,0,0,0,000000000,00000000000,0,0,0,1,0,0,0,0,0,0,0,0,0,0,0,11,4,5,12,0,0,0,1,24,21784,6,1,0,0,3,0,68,200,0,0,0,0,0,0,0,0,0,0,0,0,0,0,3,2,30,1,3,2,1,20,3,5,62,99,1,1,98,0,0,6622
240183_2016,24,240183,1,1,1,9,6,3,3,42,0,1,0,24,2,37,31,37031,4,1999,2HGEJ6612XH5,2,H,G,E,J,6,6,1,2,X,H,5,0,0,0,000000000,00000000000,0,0,0,1,0,0,0,0,0,0,0,998,0,0,0,12,6,2,42,0,0,0,1,24,21863,6,1,0,0,3,0,67,165,0,0,0,1,0,12,2015,12,2015,0,6,0,0,0,1,2,50,3,1,2,1,0,0,14,11,99,1,4,1,1,1,6623
240184_2016,24,240184,1,1,1,27,6,3,56,42,0,1,0,24,2,20,421,20421,15,2010,1GNUKCE0XAR1,1,G,N,U,K,C,E,0,X,A,R,1,0,0,0,000000000,00000000000,0,0,0,1,0,0,0,0,0,0,0,998,0,0,0,1,6,2,42,0,0,0,1,24,21154,6,1,0,0,3,0,64,130,0,0,0,0,0,0,0,0,0,0,0,0,0,0,1,2,25,1,6,2,1,0,0,1,99,99,9,4,99,1,1,6624
240185_2016,24,240185,1,2,1,23,6,4,30,12,6,1,0,42,1,72,706,72706,80,1995,1HD1DPL15SY5,1,H,D,1,D,P,L,1,5,S,Y,5,0,0,0,000000000,00000000000,0,0,0,1,0,0,0,0,0,0,0,998,0,0,0,12,6,2,12,0,0,0,1,42,17225,6,1,0,0,3,0,71,999,0,0,0,0,0,0,0,0,0,0,35,0,0,0,1,2,40,1,1,2,1,0,0,6,61,99,1,1,98,1,0,6625
240185_2016,24,240185,2,2,1,23,6,4,30,12,6,1,0,24,1,23,401,23401,14,2002,1GKDT13S7223,1,G,K,D,T,1,3,S,7,2,2,3,0,0,0,000000000,00000000000,0,0,0,1,0,0,0,0,0,0,0,998,0,0,0,10,4,3,12,0,0,0,1,24,21795,6,1,0,0,3,0,67,240,0,0,0,0,0,0,0,0,0,0,0,0,0,0,1,2,40,1,1,2,1,0,0,12,21,99,9,1,98,0,0,6626
240186_2016,24,240186,1,3,1,27,4,15,32,12,6,1,0,24,2,24,5,24005,4,2002,1G8JS54F42Y5,1,G,8,J,S,5,4,F,4,2,Y,5,0,0,0,000000000,00000000000,0,0,0,1,0,0,0,0,0,0,0,998,0,0,0,12,6,2,12,0,0,0,1,24,21791,6,1,0,0,3,0,71,172,0,2,0,2,0,6,2015,4,2016,4,6,0,0,0,1,2,45,1,1,2,2,3,3,1,50,99,1,1,48,0,0,6627
240186_2016,24,240186,2,3,1,27,4,15,32,12,6,1,0,24,2,49,32,49032,4,2014,2T1BURHE5EC1,2,T,1,B,U,R,H,E,5,E,C,1,0,0,0,000000000,00000000000,0,0,0,1,0,0,0,0,0,0,0,0,0,0,0,7,6,2,12,0,0,0,1,24,21157,6,1,0,0,3,0,63,130,0,0,0,0,0,0,0,0,0,0,0,0,0,0,1,2,45,1,1,2,2,3,3,5,53,99,1,1,48,0,0,6628
240186_2016,24,240186,3,3,1,27,4,15,32,12,6,1,0,24,2,7,29,7029,4,2016,1C3CDFBB1GD6,1,C,3,C,D,F,B,B,1,G,D,6,0,0,0,000000000,00000000000,0,0,0,1,0,0,0,0,0,0,0,998,0,0,0,12,6,2,12,0,0,0,1,24,21158,6,1,0,0,3,0,65,235,0,0,0,0,0,0,0,0,0,0,0,0,0,0,1,2,45,1,1,2,2,3,3,1,62,99,1,1,98,1,0,6629
240187_2016,24,240187,1,2,3,30,5,14,22,12,2,1,0,24,2,55,36,55036,4,2013,KMHCT4AE7DU4,K,M,H,C,T,4,A,E,7,D,U,4,0,0,0,000000000,00000000000,0,0,0,1,0,0,0,0,0,0,0,998,0,0,0,12,6,2,12,0,0,0,1,24,20659,6,1,0,0,3,0,63,101,0,0,0,0,0,0,0,0,0,0,28,0,0,0,1,2,30,1,1,2,2,0,0,2,10,99,1,2,50,1,0,6630
240187_2016,24,240187,2,2,2,30,5,14,22,12,2,1,0,24,2,49,442,49442,20,2010,5TDYK4CC3AS3,5,T,D,Y,K,4,C,C,3,A,S,3,0,0,0,000000000,00000000000,0,0,0,1,0,0,0,0,0,0,0,998,0,0,0,12,6,2,12,0,0,0,1,24,20659,6,1,0,0,3,0,66,160,0,0,0,0,0,0,0,0,0,0,0,0,0,0,1,2,30,1,1,2,2,0,0,1,62,99,1,1,51,0,0,6631
240189_2016,24,240189,1,1,1,13,2,5,36,33,0,1,0,24,1,49,43,49043,4,2006,4T1BK36B46U1,4,T,1,B,K,3,6,B,4,6,U,1,0,0,0,000000000,00000000000,0,0,0,1,0,0,0,0,0,0,0,998,0,0,0,12,6,2,59,0,0,0,1,24,21133,6,1,0,0,3,0,71,230,0,0,0,0,0,0,0,0,0,0,13,51,0,0,1,4,35,1,6,2,2,0,0,1,12,99,1,4,6,1,0,6632
240190_2016,24,240190,1,2,1,29,5,9,44,12,2,1,0,24,1,41,51,41051,4,2012,JM1BL1M61C15,J,M,1,B,L,1,M,6,1,C,1,5,0,0,0,000000000,00000000000,0,0,0,1,0,0,0,0,0,0,0,998,0,0,0,12,6,2,12,0,0,0,1,24,21015,6,1,0,0,3,0,65,160,0,0,0,0,0,0,0,0,0,0,6,38,0,0,1,2,45,1,1,2,1,3,3,11,15,99,1,1,68,0,0,6633
240190_2016,24,240190,2,2,1,29,5,9,44,12,2,1,0,24,1,72,706,72706,80,2003,1HD1GLV183K3,1,H,D,1,G,L,V,1,8,3,K,3,0,0,0,000000000,00000000000,0,0,0,1,0,0,0,0,0,0,0,998,0,0,0,12,6,2,12,0,0,0,1,24,21047,6,1,0,0,3,0,70,230,0,0,0,0,0,0,0,0,0,0,0,0,0,0,1,2,45,1,1,2,1,3,3,1,62,99,1,1,69,1,0,6634
240191_2016,24,240191,1,1,1,6,7,13,31,1,0,1,0,24,2,12,398,12398,2,1929,000000000000,0,0,0,0,0,0,0,0,0,0,0,0,0,0,0,000000000,00000000000,0,0,0,1,0,0,0,0,0,0,0,998,0,2,5,0,6,2,1,0,0,0,1,24,21531,6,1,0,0,3,0,66,160,0,0,0,0,0,0,0,0,0,0,99,99,99,99,1,2,50,1,1,2,1,0,0,3,12,99,1,4,6,1,1,6635
240192_2016,24,240192,1,1,1,11,6,5,6,35,0,1,0,51,1,37,441,37441,20,2002,2HKRL189X2H5,2,H,K,R,L,1,8,9,X,2,H,5,0,0,0,000000000,00000000000,0,0,0,1,0,0,0,0,0,0,0,998,0,1,5,6,6,2,1,0,0,0,1,24,21901,6,1,0,0,3,0,70,162,0,2,0,1,0,8,2013,4,2015,3,58,0,0,0,1,2,35,1,6,2,1,0,0,1,6,6,9,4,7,1,1,6636
240193_2016,24,240193,1,1,2,13,6,15,22,1,0,1,0,24,2,20,470,20470,28,1998,1GCHG35R8W10,1,G,C,H,G,3,5,R,8,W,1,0,0,0,0,000000000,00000000000,0,0,0,1,0,0,0,0,0,0,0,998,0,2,1,0,6,2,1,0,0,0,1,42,15905,6,1,0,0,3,0,71,999,0,0,0,0,0,0,0,0,0,0,58,0,0,0,3,3,70,2,4,2,1,0,0,1,12,99,1,6,98,1,0,6637
240194_2016,24,240194,1,3,1,18,6,1,45,12,6,1,0,37,1,37,31,37031,4,1999,2HGEJ6674XH5,2,H,G,E,J,6,6,7,4,X,H,5,0,0,0,000000000,00000000000,0,0,0,1,0,0,0,0,0,0,0,998,0,0,0,5,6,2,12,0,0,0,1,37,28348,6,1,0,0,3,0,64,999,0,0,0,0,0,0,0,0,0,0,6,27,36,0,3,4,55,2,1,2,1,0,0,15,11,99,1,2,46,1,0,6638
240194_2016,24,240194,2,3,1,18,6,1,45,12,6,1,0,18,2,84,881,84881,66,2015,1HSDJAPR8FH0,1,H,S,D,J,A,P,R,8,F,H,0,2,1,77,777777777,77777777777,3,7,1,1,0,0,0,0,0,0,0,998,0,0,0,12,6,2,12,0,0,0,1,51,23833,6,1,6,0,3,1,70,190,0,0,0,0,0,0,0,0,0,0,0,0,0,0,3,4,55,2,1,2,1,0,0,1,60,99,1,1,45,0,0,6639
240194_2016,24,240194,3,3,1,18,6,1,45,12,6,1,0,24,1,54,41,54041,4,2013,19VDE1F30DE0,1,9,V,D,E,1,F,3,0,D,E,0,0,0,0,000000000,00000000000,0,0,0,1,0,0,0,0,0,0,0,998,0,0,0,10,2,5,54,0,0,0,1,24,20832,6,1,0,0,3,0,65,125,0,0,0,0,0,0,0,0,0,0,0,0,0,0,3,4,55,2,1,2,1,0,0,1,98,99,1,1,98,0,0,6640
240195_2016,24,240195,1,7,1,16,6,13,53,12,1,1,0,24,2,86,881,86881,63,2001,1M2K185C31M0,1,M,2,K,1,8,5,C,3,1,M,0,0,0,57,1016619,571016619,3,2,7,1,0,0,0,0,0,0,0,998,0,0,0,12,6,2,12,0,0,0,1,24,21009,6,1,6,0,3,0,69,130,0,0,0,0,0,0,0,0,0,4,0,0,0,0,3,3,45,1,1,2,1,3,3,1,50,99,1,1,20,0,0,6641
240195_2016,24,240195,2,7,1,16,6,13,53,12,1,1,0,24,1,37,32,37032,4,2014,1HGCR2F5XEA1,1,H,G,C,R,2,F,5,X,E,A,1,0,0,0,000000000,00000000000,0,0,0,1,0,0,0,0,0,0,0,0,0,0,0,6,6,2,12,0,0,0,1,24,21012,6,1,0,0,3,0,63,175,0,0,0,1,0,12,2014,12,2014,0,0,0,0,0,3,3,45,1,1,2,1,3,3,5,53,99,1,1,21,1,0,6642
240195_2016,24,240195,3,7,1,16,6,13,53,12,1,1,0,24,1,34,35,34035,4,2008,WBANW13548CZ,W,B,A,N,W,1,3,5,4,8,C,Z,0,0,0,000000000,00000000000,0,0,0,1,0,0,0,0,0,0,0,0,0,0,0,6,6,2,12,0,0,0,1,24,21146,6,1,0,0,3,0,66,120,0,0,0,0,0,0,0,0,0,0,0,0,0,0,3,3,45,1,1,2,1,3,3,5,53,99,1,1,98,0,0,6643
240195_2016,24,240195,4,7,2,16,6,13,53,12,1,1,0,42,1,37,31,37031,4,2008,JHLRE48368C0,J,H,L,R,E,4,8,3,6,8,C,0,0,0,0,000000000,00000000000,0,0,0,1,0,0,0,0,0,0,0,0,0,0,0,6,6,2,12,0,0,0,1,42,15216,6,1,0,0,3,0,66,999,0,0,0,0,0,0,0,0,0,0,0,0,0,0,3,3,45,1,1,2,1,3,3,5,53,99,1,1,98,0,0,6644
240195_2016,24,240195,5,7,2,16,6,13,53,12,1,1,0,24,2,20,444,20444,20,2007,1GNDV33127D2,1,G,N,D,V,3,3,1,2,7,D,2,0,0,0,000000000,00000000000,0,0,0,1,0,0,0,0,0,0,0,0,0,0,0,9,6,2,12,0,0,0,1,24,21122,6,1,0,0,3,0,67,215,0,0,0,0,0,0,0,0,0,0,0,0,0,0,3,3,45,1,1,2,1,3,3,5,53,99,1,1,98,0,0,6645
240195_2016,24,240195,6,7,1,16,6,13,53,12,1,1,0,24,1,34,35,34035,4,2008,WBANV93588CZ,W,B,A,N,V,9,3,5,8,8,C,Z,0,0,0,000000000,00000000000,0,0,0,1,0,0,0,0,0,0,0,0,0,0,0,6,6,2,12,0,0,0,1,24,21146,6,1,0,0,3,0,68,200,0,0,0,0,0,0,0,0,0,0,0,0,0,0,3,3,45,1,1,2,1,3,3,5,53,99,1,1,98,0,0,6646
240195_2016,24,240195,7,7,2,16,6,13,53,12,1,1,0,24,1,37,31,37031,4,2000,2HGEJ6613YH6,2,H,G,E,J,6,6,1,3,Y,H,6,0,0,0,000000000,00000000000,0,0,0,1,0,0,0,0,0,0,0,0,0,0,0,6,4,3,12,0,0,0,1,24,21638,6,1,0,0,3,0,65,140,0,0,0,0,1,10,2013,10,2013,0,0,0,0,0,3,3,45,1,1,2,1,3,3,5,53,99,1,1,98,0,0,6647
240196_2016,24,240196,1,1,1,17,6,6,55,1,0,1,0,24,2,49,40,49040,4,2009,4T1BE46K69U9,4,T,1,B,E,4,6,K,6,9,U,9,0,0,0,000000000,00000000000,0,0,0,1,0,0,0,0,0,0,0,998,0,2,5,0,6,2,1,0,0,0,1,24,20853,6,1,0,0,3,0,61,135,0,0,0,0,0,0,0,0,0,0,0,0,0,0,3,3,45,1,1,2,1,0,0,99,13,99,9,4,5,1,0,6648
240197_2016,24,240197,1,1,2,5,6,4,51,30,0,1,0,24,2,58,403,58403,14,2014,5N1AL0MM2EC5,5,N,1,A,L,0,M,M,2,E,C,5,0,0,0,000000000,00000000000,0,0,0,1,0,0,0,0,0,0,0,998,0,1,5,5,6,2,30,0,0,0,1,24,21043,0,0,0,0,0,0,58,77,0,0,0,0,0,0,0,0,0,3,0,0,0,0,1,2,30,3,5,2,2,0,0,1,11,99,1,4,1,1,0,6649
240198_2016,24,240198,1,3,1,6,7,12,11,12,1,1,0,42,2,23,881,23881,66,2015,1GT522C83FZ1,1,G,T,5,2,2,C,8,3,F,Z,1,1,1,57,379524,57379524,3,6,1,1,0,0,0,0,0,0,0,998,0,0,0,12,6,2,12,0,0,0,1,42,19454,6,1,3,0,2,2,70,999,0,0,0,0,0,0,0,0,0,0,6,74,0,0,3,4,55,1,5,2,1,0,0,3,50,98,9,1,20,0,0,6650
240198_2016,24,240198,2,3,3,6,7,12,11,12,1,1,0,25,2,49,40,49040,4,2005,4T1BE32K45U0,4,T,1,B,E,3,2,K,4,5,U,0,0,0,0,000000000,00000000000,0,0,0,1,0,0,0,0,0,0,0,0,0,0,0,6,6,2,12,0,0,0,1,25,2720,6,1,0,0,3,0,62,999,0,0,0,0,0,0,0,0,0,0,0,0,0,0,3,4,55,1,5,2,1,0,0,2,53,99,1,1,21,1,0,6651
240198_2016,24,240198,3,3,4,6,7,12,11,12,1,1,0,24,1,51,401,51401,14,2008,YV4CZ9828814,Y,V,4,C,Z,9,8,2,8,8,1,4,0,0,0,000000000,00000000000,0,0,0,1,0,0,0,0,0,0,0,998,0,0,0,6,2,5,12,0,0,0,1,24,20774,6,1,0,0,3,0,72,225,0,0,0,0,0,0,0,0,0,0,0,0,0,0,3,4,55,1,5,2,1,0,0,2,53,99,1,1,98,0,0,6652
240199_2016,24,240199,1,2,1,11,7,15,18,12,2,1,0,24,2,12,3,12003,2,2014,1ZVBP8AMXE52,1,Z,V,B,P,8,A,M,X,E,5,2,0,0,0,000000000,00000000000,0,0,0,1,0,0,0,0,0,0,0,998,0,0,0,12,6,2,12,0,0,0,1,24,20657,6,1,0,0,3,0,71,175,0,1,0,0,0,11,2015,11,2015,0,38,6,0,0,1,2,98,1,1,2,1,20,3,11,15,99,1,1,82,0,0,6653
240199_2016,24,240199,2,2,2,11,7,15,18,12,2,1,0,24,2,72,706,72706,80,2008,1HD1KB4358Y6,1,H,D,1,K,B,4,3,5,8,Y,6,0,0,0,000000000,00000000000,0,0,0,1,0,0,0,0,0,0,0,998,0,0,0,12,6,2,12,0,0,0,1,24,20657,6,1,6,0,3,0,69,222,0,0,0,0,0,0,0,0,0,0,0,0,0,0,1,2,45,1,1,2,1,0,0,98,67,16,9,1,83,1,0,6654
240200_2016,24,240200,1,1,1,10,1,19,30,8,0,1,1,99,9,99,999,99999,99,9999,999999999999,9,9,9,9,9,9,9,9,9,9,9,9,0,0,0,000000000,00000000000,0,0,0,1,0,0,0,0,0,0,0,998,0,0,0,12,9,5,8,0,0,0,1,99,99999,9,9,99,9,9,9,999,999,99,99,99,99,99,99,9999,99,9999,0,0,0,0,0,3,2,50,1,1,2,1,0,0,99,80,99,9,1,13,0,0,6655
240201_2016,24,240201,1,2,1,24,5,15,8,12,6,1,0,24,2,98,701,98701,88,2012,L5YACBPA0C11,L,5,Y,A,C,B,P,A,0,C,1,1,0,0,0,000000000,00000000000,0,0,0,1,0,0,0,0,0,0,0,998,0,0,0,3,6,2,12,0,0,0,1,24,21222,6,1,0,0,3,0,73,210,0,0,0,0,0,0,0,0,0,0,58,28,0,0,1,2,30,3,6,2,1,0,0,1,10,99,1,2,64,1,0,6656
240201_2016,24,240201,2,2,2,24,5,15,8,12,6,1,0,24,2,12,17,12017,4,2007,1FAFP53UX7A1,1,F,A,F,P,5,3,U,X,7,A,1,0,0,0,000000000,00000000000,0,0,0,1,0,0,0,0,0,0,0,998,0,0,0,12,6,2,12,0,0,0,1,24,21205,6,1,0,0,3,0,74,205,0,0,0,0,0,0,0,0,0,0,0,0,0,0,1,2,30,3,6,2,1,0,0,2,62,16,9,1,65,0,0,6657
240202_2016,24,240202,1,2,1,9,6,17,20,12,2,1,0,24,2,20,2,20002,4,2008,2G1WB55K8891,2,G,1,W,B,5,5,K,8,8,9,1,0,0,0,000000000,00000000000,0,0,0,1,0,0,0,0,0,0,0,998,0,0,0,12,6,2,12,0,0,0,1,24,21228,6,1,0,0,3,0,67,172,0,0,0,0,0,0,0,0,0,0,28,0,0,0,1,2,35,1,1,2,1,0,0,1,10,99,1,2,50,1,0,6658
240202_2016,24,240202,2,2,1,9,6,17,20,12,2,1,0,24,2,12,402,12402,14,2001,1FMYU03161KC,1,F,M,Y,U,0,3,1,6,1,K,C,0,0,0,000000000,00000000000,0,0,0,1,0,0,0,0,0,0,0,998,0,0,0,12,6,2,12,0,0,0,1,24,21045,6,1,0,0,3,0,68,190,0,0,0,0,0,0,0,0,0,0,12,0,0,0,1,2,35,1,1,2,1,0,0,1,62,99,1,1,51,0,0,6659
240203_2016,24,240203,1,1,2,29,6,19,52,9,0,1,0,24,2,37,31,37031,4,2015,19XFB2F54FE2,1,9,X,F,B,2,F,5,4,F,E,2,0,0,0,000000000,00000000000,0,0,0,1,0,0,0,0,0,0,0,998,0,0,0,12,6,2,9,0,0,0,1,24,21863,6,1,0,0,3,0,58,102,0,0,0,0,0,0,0,0,0,0,0,0,0,0,1,2,50,1,1,2,1,0,0,1,83,99,1,1,13,0,0,6660
240204_2016,24,240204,1,2,1,13,7,16,14,12,2,1,0,24,2,12,481,12481,31,2004,1FTNX21P74EA,1,F,T,N,X,2,1,P,7,4,E,A,0,0,0,000000000,00000000000,0,0,0,1,0,0,0,0,0,0,0,998,0,0,0,12,6,2,12,0,0,0,1,24,21013,6,2,0,0,3,0,75,203,0,0,0,0,0,0,0,0,0,4,6,28,51,0,1,2,45,1,1,2,2,0,0,1,10,99,1,2,50,0,0,6661
240204_2016,24,240204,2,2,1,13,7,16,14,12,2,1,0,24,2,12,870,12870,61,2013,1FDWE3FL7DDA,1,F,D,W,E,3,F,L,7,D,D,A,0,0,57,1181972,571181972,2,1,1,1,0,0,0,0,0,0,0,998,0,0,0,12,6,2,12,0,0,1,1,24,21221,6,1,6,0,3,0,69,230,0,0,0,0,0,0,0,0,0,0,0,0,0,0,1,2,45,1,1,2,2,0,0,3,62,99,1,1,51,1,0,6662
240205_2016,24,240205,1,1,1,12,7,5,24,34,0,1,0,17,2,51,881,51881,66,2006,4V4NC9GH16N4,4,V,4,N,C,9,G,H,1,6,N,4,1,1,57,2788074,572788074,3,6,1,1,0,0,0,0,0,0,0,998,0,1,5,1,6,2,1,0,0,0,1,21,40212,6,1,6,0,3,0,68,185,0,0,0,0,0,0,0,0,0,0,0,0,0,0,3,2,70,3,6,2,1,0,0,98,13,99,1,4,1,1,0,6663
240206_2016,24,240206,1,2,1,8,7,4,40,12,1,1,0,9,2,82,881,82881,66,1997,1FUPCSZB9VL7,1,F,U,P,C,S,Z,B,9,V,L,7,1,1,57,2390409,572390409,3,6,1,1,0,0,0,0,0,0,0,998,0,0,0,6,4,3,12,0,0,0,1,9,6614,6,1,6,0,3,0,73,999,98,0,0,0,0,0,0,0,0,0,6,27,0,0,3,3,65,1,1,2,1,0,0,15,11,99,1,2,32,0,0,6664
240206_2016,24,240206,2,2,1,8,7,4,40,12,1,1,0,34,2,82,881,82881,66,2013,1FUJC5DVXDHF,1,F,U,J,C,5,D,V,X,D,H,F,1,1,57,380226,57380226,3,6,1,1,0,0,0,0,0,0,0,998,0,0,0,12,6,2,12,0,0,0,1,34,8302,6,1,6,0,3,0,71,141,0,0,0,0,0,0,0,0,0,0,0,0,0,0,3,3,65,1,1,2,1,0,0,2,60,16,1,1,32,1,0,6665
240207_2016,24,240207,1,1,1,24,6,12,30,8,0,1,0,24,1,19,421,19421,15,2010,1GYUKCEF9AR1,1,G,Y,U,K,C,E,F,9,A,R,1,0,0,0,000000000,00000000000,0,0,0,1,0,0,0,0,0,0,0,998,0,0,0,12,2,8,8,0,0,0,1,24,20744,6,1,0,0,3,0,72,180,0,0,0,0,0,0,0,0,0,0,6,38,0,0,3,2,35,1,1,2,1,2,3,11,80,99,1,1,13,0,0,6666
240208_2016,24,240208,1,1,1,14,7,19,5,59,0,1,0,34,1,34,706,34706,80,1984,WB1043503E61,W,B,1,0,4,3,5,0,3,E,6,1,0,0,0,000000000,00000000000,0,0,0,1,0,0,0,0,0,0,0,998,0,0,0,12,6,2,59,0,0,0,1,34,7871,6,1,0,0,3,0,71,999,0,0,0,0,0,0,0,0,0,4,6,0,0,0,1,2,35,3,6,2,1,0,0,1,13,99,1,4,1,1,0,6667
240209_2016,24,240209,1,2,1,6,7,4,54,12,2,1,0,24,1,37,31,37031,4,2011,19XFA1F50BE0,1,9,X,F,A,1,F,5,0,B,E,0,0,0,0,000000000,00000000000,0,0,0,1,0,0,0,0,0,0,0,998,0,0,0,12,6,2,12,0,0,0,1,24,20814,6,1,0,0,3,0,72,220,0,0,0,0,0,0,0,0,0,0,28,0,0,0,1,2,30,1,1,2,1,0,0,1,10,99,1,2,50,1,0,6668
240209_2016,24,240209,2,2,1,6,7,4,54,12,2,1,0,24,1,37,421,37421,15,2004,2HKYF18434H5,2,H,K,Y,F,1,8,4,3,4,H,5,0,0,0,000000000,00000000000,0,0,0,1,0,0,0,0,0,0,0,998,0,0,0,12,6,2,12,0,0,0,1,24,20902,6,1,0,0,3,0,63,140,0,0,0,0,0,0,0,0,0,0,0,0,0,0,1,2,30,1,1,2,1,0,0,1,62,99,1,1,51,0,0,6669