st_case_year,STATE,ST_CASE,VEH_NO,VE_FORMS,NUMOCCS,DAY,MONTH,HOUR,MINUTE,HARM_EV,MAN_COLL,UNITTYPE,HIT_RUN,REG_STAT,OWNER,MAKE,MODEL,MAK_MOD,BODY_TYP,MOD_YEAR,VIN,VIN_1,VIN_2,VIN_3,VIN_4,VIN_5,VIN_6,VIN_7,VIN_8,VIN_9,VIN_10,VIN_11,VIN_12,TOW_VEH,J_KNIFE,MCARR_I1,MCARR_I2,MCARR_ID,GVWR,V_CONFIG,CARGO_BT,HAZ_INV,HAZ_PLAC,HAZ_ID,HAZ_CNO,HAZ_REL,BUS_USE,SPEC_USE,EMER_USE,TRAV_SP,UNDERIDE,ROLLOVER,ROLINLOC,IMPACT1,DEFORMED,TOWED,M_HARM,VEH_SC1,VEH_SC2,FIRE_EXP,DR_PRES,L_STATE,DR_ZIP,L_STATUS,L_TYPE,CDL_STAT,L_ENDORS,L_COMPL,L_RESTRI,DR_HGT,DR_WGT,PREV_ACC,PREV_SUS,PREV_DWI,PREV_SPD,PREV_OTH,FIRST_MO,FIRST_YR,LAST_MO,LAST_YR,SPEEDREL,DR_SF1,DR_SF2,DR_SF3,DR_SF4,VTRAFWAY,VNUM_LAN,VSPD_LIM,VALIGN,VPROFILE,VPAVETYP,VSURCOND,VTRAFCON,VTCONT_F,P_CRASH1,P_CRASH2,P_CRASH3,PCRASH4,PCRASH5,ACC_TYPE,DEATHS,DR_DRINK,idno
240289_2016,24,240289,1,4,2,30,9,2,1,12,1,1,0,18,3,82,881,82881,66,2016,3AKJGLDR0GSG,3,A,K,J,G,L,D,R,0,G,S,G,1,2,57,054283,57054283,3,6,1,2,1,8888,1,2,0,0,0,998,0,0,0,6,6,2,12,0,0,0,1,6,91764,6,1,6,0,3,0,63,150,0,0,0,0,0,0,0,0,0,4,6,87,0,0,3,2,70,2,6,2,2,0,0,1,98,99,9,1,33,0,0,6784
240289_2016,24,240289,2,4,1,30,9,2,1,12,1,1,0,24,1,20,23,20023,6,2008,3GNCA13D08S6,3,G,N,C,A,1,3,D,0,8,S,6,0,0,0,000000000,00000000000,0,0,0,1,0,0,0,0,0,0,0,998,0,0,0,12,6,2,12,0,0,0,1,24,21502,6,1,0,0,3,0,67,142,0,0,0,0,0,0,0,0,0,0,59,0,0,0,3,2,70,2,6,2,2,0,0,1,50,6,9,2,33,1,0,6785
240289_2016,24,240289,3,4,1,30,9,2,1,12,1,1,0,42,3,82,881,82881,66,2016,1FUJGEBG4GLH,1,F,U,J,G,E,B,G,4,G,L,H,1,1,57,612151,57612151,3,6,1,2,1,8888,1,2,0,0,0,998,0,0,0,12,6,2,12,0,0,0,1,42,15672,6,1,6,0,3,0,72,999,0,0,0,1,0,9,2015,9,2015,0,0,0,0,0,3,2,70,2,6,2,2,0,0,1,50,99,9,1,98,0,0,6786
240289_2016,24,240289,4,4,1,30,9,2,1,12,1,1,0,12,1,82,850,82850,73,2005,4UZACHCY95CV,4,U,Z,A,C,H,C,Y,9,5,C,V,6,0,0,000000000,00000000000,0,0,0,1,0,0,0,0,0,0,0,998,0,0,0,12,4,5,12,0,0,0,1,12,33919,6,1,0,0,3,3,71,999,0,0,0,0,3,8,2012,9,2016,0,0,0,0,0,3,2,70,2,6,2,2,0,0,1,50,99,9,1,98,0,0,6787
240290_2016,24,240290,1,2,1,25,9,18,22,12,6,1,0,24,1,55,33,55033,4,2011,5NPEB4ACXBH2,5,N,P,E,B,4,A,C,X,B,H,2,0,0,0,000000000,00000000000,0,0,0,1,0,0,0,0,0,0,0,998,0,0,0,9,6,2,12,0,0,0,1,24,20747,6,1,0,0,3,0,65,110,0,0,0,0,0,0,0,0,0,0,0,0,0,0,2,3,35,3,6,2,1,20,3,3,17,99,1,1,89,1,0,6788
240290_2016,24,240290,2,2,1,25,9,18,22,12,6,1,0,24,1,12,401,12401,14,2002,1FMZU73E42UA,1,F,M,Z,U,7,3,E,4,2,U,A,0,0,0,000000000,00000000000,0,0,0,1,0,0,0,0,0,0,0,998,0,0,0,12,6,2,12,0,0,0,1,24,20906,6,1,0,0,3,0,68,158,0,0,0,0,0,0,0,0,0,0,0,0,0,0,2,3,35,3,6,2,1,20,3,1,66,99,1,1,88,0,0,6789
240291_2016,24,240291,1,1,1,8,6,13,20,9,0,1,0,24,2,37,441,37441,20,2001,2HKRL18641H5,2,H,K,R,L,1,8,6,4,1,H,5,0,0,0,000000000,00000000000,0,0,0,1,0,0,0,0,0,0,0,998,0,0,0,12,4,3,9,0,0,0,1,24,21216,6,1,0,0,3,0,73,270,0,0,0,0,0,0,0,0,0,0,0,0,0,0,1,2,30,1,1,2,1,3,3,1,80,99,1,1,13,0,0,6790
240292_2016,24,240292,1,1,1,21,9,14,26,8,0,1,0,24,2,35,47,35047,4,2016,1N4BL3AP5GC1,1,N,4,B,L,3,A,P,5,G,C,1,0,0,0,000000000,00000000000,0,0,0,1,0,0,0,0,0,0,0,998,0,0,0,12,4,3,8,0,0,0,1,24,20744,6,1,0,0,3,0,68,125,0,0,0,0,0,0,0,0,0,0,39,0,0,0,3,6,30,1,6,2,1,98,3,1,84,99,1,1,13,0,0,6791
240293_2016,24,240293,1,1,1,1,10,20,9,53,0,1,0,8,2,55,33,55033,4,2015,5NPDH4AE7FH6,5,N,P,D,H,4,A,E,7,F,H,6,0,0,0,000000000,00000000000,0,0,0,1,0,0,0,0,0,0,0,998,0,0,0,12,6,2,42,0,0,0,1,24,21853,6,1,0,0,3,0,67,210,0,0,0,2,0,12,2014,12,2014,3,6,0,0,0,1,2,50,2,1,2,2,0,0,1,12,99,1,4,6,1,1,6792
240294_2016,24,240294,1,1,1,4,10,19,36,8,0,1,0,24,2,12,481,12481,31,2000,1FTRX17W1YNB,1,F,T,R,X,1,7,W,1,Y,N,B,0,0,0,000000000,00000000000,0,0,0,1,0,0,0,0,0,0,0,998,0,0,0,12,2,5,8,0,0,0,1,24,20707,6,1,0,0,3,0,71,185,0,0,0,0,1,10,2015,10,2015,0,0,0,0,0,2,3,45,1,6,2,1,0,0,1,80,99,1,1,13,0,1,6793
240295_2016,24,240295,1,2,1,6,10,9,2,12,6,1,0,10,1,73,706,73706,80,2005,JKAZXCC115A0,J,K,A,Z,X,C,C,1,1,5,A,0,0,0,0,000000000,00000000000,0,0,0,1,0,0,0,0,0,0,0,998,0,0,0,12,6,2,12,0,0,0,1,24,21921,6,1,0,0,3,0,70,165,0,0,0,0,1,5,2014,5,2014,0,28,0,0,0,1,2,40,1,1,2,1,0,0,1,61,99,1,1,73,1,0,6794
240295_2016,24,240295,2,2,1,6,10,9,2,12,6,1,0,10,3,86,881,86881,63,2010,1M2AX13C6AM0,1,M,2,A,X,1,3,C,6,A,M,0,0,0,57,231232,57231232,3,2,7,2,1,8888,88,1,0,0,0,998,0,0,0,8,0,3,12,0,0,0,1,10,19713,6,1,6,0,3,0,74,275,0,0,0,0,0,0,0,0,0,0,0,0,0,0,1,2,40,1,1,2,1,0,0,11,15,99,1,1,72,0,0,6795
240296_2016,24,240296,1,2,1,30,8,14,52,12,6,1,0,24,1,20,23,20023,6,2011,3GNBABFW2BS5,3,G,N,B,A,B,F,W,2,B,S,5,0,0,0,000000000,00000000000,0,0,0,1,0,0,0,0,0,0,0,998,0,0,0,2,6,2,12,0,0,0,1,24,21220,6,1,0,0,3,0,65,190,0,0,0,0,0,0,0,0,0,0,6,38,0,0,1,2,30,1,1,2,1,0,0,11,15,99,1,1,68,1,0,6796
240296_2016,24,240296,2,2,1,30,8,14,52,12,6,1,0,24,1,7,29,7029,4,2013,1C3CDFBA0DD1,1,C,3,C,D,F,B,A,0,D,D,1,0,0,0,000000000,00000000000,0,0,0,1,0,0,0,0,0,0,0,998,0,0,0,12,6,2,12,0,0,0,1,24,21220,6,1,0,0,3,0,63,120,0,0,0,0,0,0,0,0,0,0,0,0,0,0,1,2,30,1,1,2,1,0,0,1,62,99,1,1,69,0,0,6797
240297_2016,24,240297,1,1,1,4,9,10,36,14,0,1,0,24,2,6,441,6441,20,2001,2C8GP54L41R2,2,C,8,G,P,5,4,L,4,1,R,2,0,0,0,000000000,00000000000,0,0,0,1,0,0,0,0,0,0,0,998,0,0,0,12,6,2,14,0,0,0,1,24,21113,1,1,0,0,2,0,68,175,0,1,0,0,1,7,2015,7,2016,4,13,28,0,0,2,2,25,1,1,2,1,0,0,1,11,1,1,2,11,1,0,6798
240298_2016,24,240298,1,2,1,24,9,16,37,12,6,1,0,24,2,49,401,49401,14,2015,JTEBU5JR8F52,J,T,E,B,U,5,J,R,8,F,5,2,0,0,0,000000000,00000000000,0,0,0,1,0,0,0,0,0,0,0,998,0,0,0,12,6,2,12,0,0,0,1,24,21215,6,1,0,0,3,0,66,190,0,0,0,0,1,1,2014,1,2014,0,0,0,0,0,1,2,30,1,1,2,1,0,0,2,62,99,1,1,65,0,0,6799
240298_2016,24,240298,2,2,6,24,9,16,37,12,6,1,0,24,2,54,35,54035,4,2000,19UUA5664YA0,1,9,U,U,A,5,6,6,4,Y,A,0,0,0,0,000000000,00000000000,0,0,0,1,0,0,0,0,0,0,0,998,0,0,0,8,6,2,12,0,0,0,1,24,21223,6,7,0,0,3,2,71,210,0,0,0,0,0,0,0,0,0,3,28,74,0,0,1,2,30,1,1,2,1,0,0,98,9,99,9,2,64,1,1,6800
240299_2016,24,240299,1,2,1,3,10,8,40,12,2,1,0,24,1,55,401,55401,14,2017,KM8SNDHF8HU1,K,M,8,S,N,D,H,F,8,H,U,1,0,0,0,000000000,00000000000,0,0,0,1,0,0,0,0,0,0,0,998,0,0,0,12,6,2,12,0,0,0,1,24,21617,6,1,0,0,3,0,64,127,0,0,0,0,1,10,2016,10,2016,0,38,48,6,0,1,2,50,1,6,2,1,0,0,11,15,99,1,1,68,0,0,6801
240299_2016,24,240299,2,2,4,3,10,8,40,12,2,1,0,24,2,12,402,12402,14,2016,1FMCU0G71GUB,1,F,M,C,U,0,G,7,1,G,U,B,0,0,0,000000000,00000000000,0,0,0,1,0,0,0,0,0,0,0,998,0,0,0,12,6,2,12,0,0,0,1,24,21623,6,1,0,0,3,0,60,95,0,0,0,0,0,0,0,0,0,0,0,0,0,0,1,2,50,1,6,2,1,0,0,1,62,99,1,1,69,1,0,6802
240300_2016,24,240300,1,2,1,8,10,2,19,12,6,1,0,24,1,20,37,20037,4,2013,1G11D5SR7DF1,1,G,1,1,D,5,S,R,7,D,F,1,0,0,0,000000000,00000000000,0,0,0,1,0,0,0,0,0,0,0,998,0,0,0,12,6,2,12,0,0,1,1,24,20602,6,1,0,0,3,0,65,160,0,0,0,0,0,0,0,0,0,0,48,38,0,0,3,2,35,1,1,2,1,0,0,11,15,99,1,1,68,1,0,6803
240300_2016,24,240300,2,2,1,8,10,2,19,12,6,1,0,24,2,20,27,20027,4,2012,6G1MK5R28CL6,6,G,1,M,K,5,R,2,8,C,L,6,0,0,0,000000000,00000000000,0,0,0,1,0,0,0,0,0,5,2,998,0,0,0,11,6,2,12,0,0,1,1,24,20646,6,1,0,0,3,0,62,129,0,0,0,0,0,0,0,0,0,0,0,0,0,0,3,2,35,1,1,2,1,0,0,1,62,99,1,1,69,0,0,6804
240301_2016,24,240301,1,1,1,2,10,16,55,42,0,1,0,24,2,20,473,20473,30,2006,1GCCS1486682,1,G,C,C,S,1,4,8,6,6,8,2,0,0,0,000000000,00000000000,0,0,0,1,0,0,0,0,0,0,0,998,0,0,0,12,6,2,42,0,0,0,1,24,21814,6,1,0,0,3,0,69,185,0,0,0,0,1,8,2014,8,2014,3,36,0,0,0,1,2,50,1,1,2,1,0,0,1,9,99,9,4,7,1,1,6805
240302_2016,24,240302,1,1,1,11,10,5,55,8,0,1,0,24,1,12,23,12023,4,2011,3FAHP0HA2BR2,3,F,A,H,P,0,H,A,2,B,R,2,0,0,0,000000000,00000000000,0,0,0,1,0,0,0,0,0,0,0,998,0,0,0,12,6,2,8,0,0,0,1,24,20685,6,1,0,0,3,0,72,230,0,1,0,0,0,2,2014,2,2014,0,86,0,0,0,1,2,30,1,3,2,1,0,0,3,81,99,1,1,13,0,0,6806
240303_2016,24,240303,1,1,1,22,6,7,22,1,0,1,1,24,1,72,706,72706,80,2006,1HD1FCW116Y7,1,H,D,1,F,C,W,1,1,6,Y,7,0,0,0,000000000,00000000000,0,0,0,1,0,0,0,0,0,0,0,998,0,0,0,0,4,5,1,0,0,0,1,24,20732,6,1,0,0,3,0,72,290,0,0,0,1,0,1,2015,1,2015,0,84,0,0,0,3,2,50,1,1,2,1,0,0,1,61,9,9,1,98,1,0,6807
240304_2016,24,240304,1,7,1,29,6,16,48,12,1,1,0,18,2,82,881,82881,66,2016,3AKJGEBG3GSH,3,A,K,J,G,E,B,G,3,G,S,H,2,1,57,120964,57120964,3,7,1,1,0,0,0,0,0,0,0,998,0,0,0,12,6,2,12,0,0,0,1,54,25422,6,1,6,1,3,0,71,230,0,0,0,0,1,4,2015,4,2015,4,6,26,0,0,3,3,60,1,1,2,1,0,0,1,50,99,1,1,20,0,0,6808
240304_2016,24,240304,2,7,2,29,6,16,48,12,1,1,0,24,2,41,50,41050,4,2008,1YVHP80C785M,1,Y,V,H,P,8,0,C,7,8,5,M,0,0,0,000000000,00000000000,0,0,0,1,0,0,0,0,0,0,0,0,0,0,0,6,6,2,12,0,0,0,1,24,21740,6,1,0,0,3,0,75,180,0,1,0,2,0,5,2013,6,2013,0,0,0,0,0,3,3,60,1,1,2,1,0,0,2,53,99,1,1,21,1,0,6809
240304_2016,24,240304,3,7,1,29,6,16,48,12,1,1,0,24,2,20,481,20481,31,2016,3GCUKREC6GG1,3,G,C,U,K,R,E,C,6,G,G,1,0,0,0,000000000,00000000000,0,0,0,1,0,0,0,0,0,0,0,0,0,0,0,6,6,2,12,0,0,0,1,24,21750,6,1,0,0,3,0,75,280,0,0,0,0,0,0,0,0,0,0,0,0,0,0,3,3,60,1,1,2,1,0,0,5,53,99,1,1,98,0,0,6810
240304_2016,24,240304,4,7,1,29,6,16,48,12,1,1,0,42,1,55,401,55401,14,2004,KM8SC73D04U8,K,M,8,S,C,7,3,D,0,4,U,8,0,0,0,000000000,00000000000,0,0,0,1,0,0,0,0,0,0,0,0,0,0,0,6,6,2,12,0,0,0,1,42,17257,6,1,0,0,3,0,69,999,0,0,0,0,0,0,0,0,0,0,0,0,0,0,3,3,60,1,1,2,1,0,0,5,53,99,1,1,98,0,0,6811
240304_2016,24,240304,5,7,2,29,6,16,48,12,1,1,0,42,2,20,9,20009,2,2015,2G1FF1E32F91,2,G,1,F,F,1,E,3,2,F,9,1,0,0,0,000000000,00000000000,0,0,0,1,0,0,0,0,0,0,0,998,0,0,0,6,6,2,12,0,0,0,1,42,18330,6,1,0,0,3,0,66,999,0,0,0,0,0,0,0,0,0,0,0,0,0,0,3,3,60,1,1,2,1,0,0,2,60,99,1,1,98,0,0,6812
240304_2016,24,240304,6,7,1,29,6,16,48,12,1,1,0,24,2,20,2,20002,4,2008,2G1WB55K4891,2,G,1,W,B,5,5,K,4,8,9,1,0,0,0,000000000,00000000000,0,0,0,1,0,0,0,0,0,5,0,0,0,0,0,6,6,2,12,0,0,0,1,24,21740,6,1,0,0,3,0,72,225,0,0,0,0,0,0,0,0,0,0,0,0,0,0,3,3,60,1,1,2,1,0,0,5,53,99,1,1,98,0,0,6813
240304_2016,24,240304,7,7,1,29,6,16,48,12,1,1,0,24,1,35,51,35051,6,2012,JN8AS5MT5CW6,J,N,8,A,S,5,M,T,5,C,W,6,0,0,0,000000000,00000000000,0,0,0,1,0,0,0,0,0,0,0,998,0,0,0,6,4,5,12,0,0,0,1,24,21740,6,1,0,0,3,0,65,148,0,0,0,0,0,0,0,0,0,0,0,0,0,0,3,3,60,1,1,2,1,0,0,2,62,99,1,1,98,0,0,6814
240305_2016,24,240305,1,1,2,3,9,2,17,8,0,1,0,24,1,12,3,12003,2,2013,1ZVBP8CF7D52,1,Z,V,B,P,8,C,F,7,D,5,2,0,0,0,000000000,00000000000,0,0,0,1,0,0,0,0,0,0,0,998,0,0,0,12,4,3,8,0,0,0,1,24,21042,6,1,0,0,3,0,72,185,0,0,0,1,0,5,2015,5,2015,0,0,0,0,0,3,3,55,3,1,2,1,0,0,1,80,99,1,1,13,0,0,6815
240306_2016,24,240306,1,1,2,10,9,3,0,42,0,1,0,24,2,20,25,20025,4,2014,1G1PC5SB2E74,1,G,1,P,C,5,S,B,2,E,7,4,0,0,0,000000000,00000000000,0,0,0,1,0,0,0,0,0,0,0,998,0,0,0,12,6,2,42,0,0,0,1,24,21787,6,1,0,0,3,0,70,190,0,0,0,0,0,0,0,0,0,3,0,0,0,0,1,2,30,3,1,2,1,0,0,1,13,99,1,4,1,1,1,6816
240307_2016,24,240307,1,2,1,5,10,15,14,12,2,1,0,24,1,37,705,37705,80,2014,JH2RC5340EK7,J,H,2,R,C,5,3,4,0,E,K,7,0,0,0,000000000,00000000000,0,0,0,1,0,0,0,0,0,0,0,998,0,0,0,12,6,2,12,0,0,0,1,24,21502,6,1,0,0,3,0,71,174,0,1,0,0,0,12,2015,12,2015,0,28,0,0,0,2,2,25,2,1,2,1,0,0,1,10,99,1,2,50,1,0,6817
240307_2016,24,240307,2,2,1,5,10,15,14,12,2,1,0,24,2,82,881,82881,64,2014,1FVACWDT0EHF,1,F,V,A,C,W,D,T,0,E,H,F,0,0,88,888888888,88888888888,3,2,3,1,0,0,0,0,0,0,0,998,0,0,0,12,4,8,12,0,0,0,1,24,21532,6,1,6,0,3,0,68,200,0,0,0,0,0,0,0,0,0,0,0,0,0,0,2,2,25,2,1,2,1,0,0,14,62,99,1,1,51,0,0,6818
240308_2016,24,240308,1,1,1,3,9,15,25,14,0,1,0,24,2,73,705,73705,80,1992,JKAEXVA1XNA0,J,K,A,E,X,V,A,1,X,N,A,0,0,0,0,000000000,00000000000,0,0,0,1,0,0,0,0,0,0,0,998,0,0,0,1,6,2,14,0,0,0,1,24,20613,2,1,2,0,2,2,69,186,0,1,0,0,0,9,2013,9,2013,0,6,74,0,0,1,2,25,1,1,2,1,0,0,1,11,99,1,2,11,1,0,6819
240309_2016,24,240309,1,2,2,28,5,1,5,12,6,1,0,24,2,55,35,55035,4,2013,5NPDH4AE5DH3,5,N,P,D,H,4,A,E,5,D,H,3,0,0,0,000000000,00000000000,0,0,0,1,0,0,0,0,0,0,0,998,0,0,0,12,6,2,12,0,0,0,1,24,21207,6,1,0,0,3,0,70,180,0,0,0,0,1,2,2014,2,2014,0,0,0,0,0,2,2,25,1,1,2,1,3,3,1,66,99,1,1,88,0,0,6820
240309_2016,24,240309,2,2,1,28,5,1,5,12,6,1,0,24,2,98,709,98709,81,9999,999999999999,9,9,9,9,9,9,9,9,9,9,9,9,0,0,0,000000000,00000000000,0,0,0,1,0,0,0,0,0,0,0,998,0,0,0,11,6,2,12,0,0,0,1,24,21215,6,1,0,0,3,0,71,240,0,0,0,0,0,0,0,0,0,0,6,39,0,0,1,2,25,1,1,2,1,3,3,1,17,99,1,1,89,1,0,6821
240310_2016,24,240310,1,1,1,12,9,7,30,9,0,1,0,24,1,49,46,49046,4,2010,JTDKN3DU7A00,J,T,D,K,N,3,D,U,7,A,0,0,0,0,0,000000000,00000000000,0,0,0,1,0,0,0,0,0,0,0,998,0,0,0,12,4,3,9,0,0,0,1,24,20910,6,1,0,0,3,0,68,170,0,0,0,0,0,0,0,0,0,0,38,0,0,0,1,4,35,1,1,2,1,3,3,3,83,99,1,1,13,0,0,6822
240311_2016,24,240311,1,1,1,21,9,13,49,35,0,1,0,24,1,41,402,41402,14,2004,4F2CZ04114KM,4,F,2,C,Z,0,4,1,1,4,K,M,0,0,0,000000000,00000000000,0,0,0,1,0,0,0,0,0,0,0,998,0,1,5,12,6,2,1,0,0,0,1,24,21651,6,1,0,0,3,0,64,115,0,0,0,0,0,0,0,0,0,0,0,0,0,0,1,2,55,3,1,2,1,0,0,14,13,99,1,4,1,1,1,6823
240312_2016,24,240312,1,1,1,14,7,4,7,8,0,1,0,24,2,12,481,12481,31,2012,1FTEX1EM6CKD,1,F,T,E,X,1,E,M,6,C,K,D,0,0,0,000000000,00000000000,0,0,0,1,0,0,0,0,0,0,0,998,0,0,0,14,0,5,8,0,0,0,1,24,21078,6,1,0,0,3,0,69,276,0,0,0,0,0,0,0,0,0,0,0,0,0,0,1,2,40,1,1,2,1,0,0,1,80,99,1,1,13,0,0,6824
240313_2016,24,240313,1,3,1,24,7,2,58,12,1,1,0,24,1,54,35,54035,4,2008,19UUA66228A0,1,9,U,U,A,6,6,2,2,8,A,0,0,0,0,000000000,00000000000,0,0,0,1,0,0,0,0,0,0,0,998,0,0,0,12,6,2,12,0,0,0,1,24,20723,6,1,0,0,3,0,69,165,0,0,0,0,0,0,0,0,0,0,28,0,0,0,3,4,65,1,1,2,1,0,0,1,13,99,1,4,98,0,1,6825
240313_2016,24,240313,2,3,1,24,7,2,58,12,1,1,0,24,6,63,37,63037,6,2014,KNDJN2A28E70,K,N,D,J,N,2,A,2,8,E,7,0,0,0,0,000000000,00000000000,0,0,0,1,0,0,0,0,0,0,0,0,0,1,6,6,6,2,12,0,0,0,0,0,99997,7,6,97,7,6,7,998,997,998,998,998,998,998,98,9998,98,9998,8,0,0,0,0,3,4,65,1,1,2,1,0,0,0,60,0,0,0,98,0,0,6826
240313_2016,24,240313,3,3,1,24,7,2,58,12,1,1,0,24,1,37,441,37441,20,2016,5FNRL5H69GB0,5,F,N,R,L,5,H,6,9,G,B,0,0,0,0,000000000,00000000000,0,0,0,1,0,0,0,0,0,0,0,998,0,0,0,12,6,2,12,0,0,0,1,24,20904,6,1,0,0,3,0,68,152,0,0,0,0,0,0,0,0,0,0,0,0,0,0,3,4,65,1,1,2,1,0,0,1,64,99,1,1,98,0,1,6827
240314_2016,24,240314,1,2,1,23,7,14,54,12,2,1,0,24,2,37,31,37031,4,2002,2HGES26752H5,2,H,G,E,S,2,6,7,5,2,H,5,0,0,0,000000000,00000000000,0,0,0,1,0,0,0,0,0,0,0,998,0,0,0,12,6,2,12,0,0,0,1,24,21850,6,1,0,0,3,0,68,165,0,0,0,0,0,0,0,0,0,0,28,0,0,0,1,2,50,1,1,2,1,0,0,1,11,99,1,2,50,1,0,6828
240314_2016,24,240314,2,2,3,23,7,14,54,12,2,1,0,24,2,63,441,63441,20,2015,KNDMC5C10F60,K,N,D,M,C,5,C,1,0,F,6,0,0,0,0,000000000,00000000000,0,0,0,1,0,0,0,0,0,0,0,998,0,0,0,12,6,2,12,0,0,0,1,24,21841,6,1,0,0,3,0,68,120,0,0,0,0,0,0,0,0,0,0,0,0,0,0,1,2,50,1,1,2,1,0,0,1,62,99,1,1,51,0,0,6829
240315_2016,24,240315,1,2,1,29,7,1,56,12,1,1,0,36,2,82,881,82881,66,2015,1FUJGLBG3FLG,1,F,U,J,G,L,B,G,3,F,L,G,1,1,77,777777777,77777777777,3,6,1,1,0,0,0,0,0,0,0,998,0,0,0,12,6,2,12,0,0,0,1,36,12859,6,1,6,0,3,0,72,999,0,0,0,0,0,0,0,0,0,0,99,99,99,99,3,4,55,1,1,2,2,0,0,2,50,1,1,1,32,0,0,6830
240315_2016,24,240315,2,2,1,29,7,1,56,12,1,1,0,24,3,12,16,12016,4,2004,2FAFP71W74X1,2,F,A,F,P,7,1,W,7,4,X,1,0,0,0,000000000,00000000000,0,0,0,1,0,0,0,0,0,1,0,0,0,0,0,6,6,2,12,0,0,0,1,51,22306,6,1,0,0,3,0,66,135,0,0,0,0,0,0,0,0,0,0,54,0,0,0,3,4,55,1,1,2,2,0,0,5,51,99,1,1,32,1,0,6831
240316_2016,24,240316,1,1,1,3,7,23,25,34,0,1,0,24,1,72,706,72706,80,2006,1HD1FVW166Y6,1,H,D,1,F,V,W,1,6,6,Y,6,0,0,0,000000000,00000000000,0,0,0,1,0,0,0,0,0,0,0,998,0,0,0,12,6,2,34,0,0,0,1,24,21643,6,1,0,0,3,0,74,305,0,0,0,0,0,0,0,0,0,0,6,0,0,0,1,2,40,3,6,2,1,0,0,14,13,99,1,4,1,1,1,6832
240317_2016,24,240317,1,3,2,16,10,16,40,12,6,1,0,34,2,98,706,98706,80,2014,2BXNABC13EV0,2,B,X,N,A,B,C,1,3,E,V,0,0,0,0,000000000,00000000000,0,0,0,1,0,0,0,0,0,0,0,998,0,0,0,11,6,2,1,0,0,0,1,34,8360,6,1,0,0,3,0,65,161,0,0,0,0,0,0,0,0,0,4,6,0,0,0,3,3,65,2,1,2,1,0,0,2,10,99,9,2,45,2,0,6833
240317_2016,24,240317,2,3,1,16,10,16,40,12,6,1,0,34,1,98,706,98706,80,2010,2BXJADA17AV0,2,B,X,J,A,D,A,1,7,A,V,0,0,0,0,000000000,00000000000,0,0,0,1,0,0,0,0,0,0,0,998,0,0,0,1,4,5,12,0,0,0,1,34,8302,6,1,0,0,3,0,72,181,0,0,0,0,0,0,0,0,0,0,0,0,0,0,3,3,65,2,1,2,1,0,0,2,61,99,1,1,44,0,0,6834
240317_2016,24,240317,3,3,1,16,10,16,40,12,6,1,0,34,1,98,706,98706,80,2008,2BXJAUA198V0,2,B,X,J,A,U,A,1,9,8,V,0,0,0,0,000000000,00000000000,0,0,0,1,0,0,0,0,0,0,0,998,0,0,0,5,6,2,12,0,0,0,1,34,8012,6,1,0,0,3,0,71,220,0,0,0,0,0,0,0,0,0,0,0,0,0,0,3,3,65,2,1,2,1,0,0,2,52,99,1,1,98,0,0,6835
240318_2016,24,240318,1,1,1,30,9,23,14,8,0,1,0,24,1,24,401,24401,14,2002,5GZCZ23D92S8,5,G,Z,C,Z,2,3,D,9,2,S,8,0,0,0,000000000,00000000000,0,0,0,1,0,0,0,0,0,0,0,998,0,0,0,12,6,2,8,0,0,0,1,24,21228,6,1,0,0,3,0,69,182,0,0,0,0,0,0,0,0,0,0,0,0,0,0,2,3,45,1,5,2,2,0,0,1,85,99,1,1,13,0,0,6836
240319_2016,24,240319,1,2,2,1,10,15,21,12,2,1,0,24,1,7,29,7029,4,2013,1C3CDFCH0DD3,1,C,3,C,D,F,C,H,0,D,D,3,0,0,0,000000000,00000000000,0,0,0,1,0,0,0,0,0,0,0,998,0,0,0,12,6,2,12,0,0,0,1,24,21617,6,1,0,0,3,0,65,107,0,0,0,2,1,12,2015,6,2016,4,6,28,0,0,3,2,55,1,1,2,2,0,0,1,10,99,1,2,50,2,0,6837
240319_2016,24,240319,2,2,2,1,10,15,21,12,2,1,0,24,1,20,28,20028,5,2013,1G1JC6SG9D42,1,G,1,J,C,6,S,G,9,D,4,2,0,0,0,000000000,00000000000,0,0,0,1,0,0,0,0,0,0,0,998,0,0,0,12,6,2,12,0,0,0,1,24,21113,6,1,0,0,3,0,75,145,0,0,0,0,0,0,0,0,0,0,0,0,0,0,3,2,55,1,1,2,2,0,0,1,62,99,1,1,51,1,0,6838
240320_2016,24,240320,1,2,1,2,9,22,53,12,6,1,0,24,2,76,706,76706,80,2003,JYARN10E53A0,J,Y,A,R,N,1,0,E,5,3,A,0,0,0,0,000000000,00000000000,0,0,0,1,0,0,0,0,0,0,0,998,0,0,0,12,6,2,12,0,0,0,1,24,21216,1,1,0,0,2,0,66,150,0,1,0,0,0,11,2015,11,2015,0,39,6,35,0,4,2,30,1,1,2,1,3,3,6,66,11,1,1,88,1,0,6839
240320_2016,24,240320,2,2,1,2,9,22,53,12,6,1,0,24,1,12,17,12017,6,1997,1FALP57U3VG1,1,F,A,L,P,5,7,U,3,V,G,1,0,0,0,000000000,00000000000,0,0,0,1,0,0,0,0,0,0,0,998,0,0,0,11,6,2,12,0,0,0,1,24,21212,6,1,0,0,3,0,72,224,0,0,0,0,0,0,0,0,0,0,0,0,0,0,4,1,30,1,1,2,1,3,3,1,17,99,1,1,89,0,0,6840