st_case_year,STATE,ST_CASE,VEH_NO,VE_FORMS,NUMOCCS,DAY,MONTH,HOUR,MINUTE,HARM_EV,MAN_COLL,UNITTYPE,HIT_RUN,REG_STAT,OWNER,MAKE,MODEL,MAK_MOD,BODY_TYP,MOD_YEAR,VIN,VIN_1,VIN_2,VIN_3,VIN_4,VIN_5,VIN_6,VIN_7,VIN_8,VIN_9,VIN_10,VIN_11,VIN_12,TOW_VEH,J_KNIFE,MCARR_I1,MCARR_I2,MCARR_ID,GVWR,V_CONFIG,CARGO_BT,HAZ_INV,HAZ_PLAC,HAZ_ID,HAZ_CNO,HAZ_REL,BUS_USE,SPEC_USE,EMER_USE,TRAV_SP,UNDERIDE,ROLLOVER,ROLINLOC,IMPACT1,DEFORMED,TOWED,M_HARM,VEH_SC1,VEH_SC2,FIRE_EXP,DR_PRES,L_STATE,DR_ZIP,L_STATUS,L_TYPE,CDL_STAT,L_ENDORS,L_COMPL,L_RESTRI,DR_HGT,DR_WGT,PREV_ACC,PREV_SUS,PREV_DWI,PREV_SPD,PREV_OTH,FIRST_MO,FIRST_YR,LAST_MO,LAST_YR,SPEEDREL,DR_SF1,DR_SF2,DR_SF3,DR_SF4,VTRAFWAY,VNUM_LAN,VSPD_LIM,VALIGN,VPROFILE,VPAVETYP,VSURCOND,VTRAFCON,VTCONT_F,P_CRASH1,P_CRASH2,P_CRASH3,PCRASH4,PCRASH5,ACC_TYPE,DEATHS,DR_DRINK,idno
240435_2016,24,240435,1,1,1,24,12,11,45,24,0,1,0,24,2,37,31,37031,4,2008,1HGFA15538L0,1,H,G,F,A,1,5,5,3,8,L,0,0,0,0,000000000,00000000000,0,0,0,1,0,0,0,0,0,0,0,998,0,1,6,12,6,2,1,0,0,0,1,24,21668,1,1,0,0,2,2,72,200,0,2,0,1,0,5,2015,10,2016,4,6,36,74,0,6,1,25,2,6,2,2,0,0,14,12,99,1,4,6,1,1,7011
240436_2016,24,240436,1,1,1,6,12,17,41,8,0,1,0,24,1,49,32,49032,4,2013,2T1BU4EE9DC9,2,T,1,B,U,4,E,E,9,D,C,9,0,0,0,000000000,00000000000,0,0,0,1,0,0,0,0,0,0,0,998,0,0,0,12,2,3,8,0,0,0,1,24,20853,6,1,0,0,3,0,65,135,0,0,0,0,0,0,0,0,0,0,99,99,99,99,1,2,30,1,1,2,2,0,0,1,80,99,1,1,13,0,0,7012
240437_2016,24,240437,1,1,1,23,12,20,15,8,0,1,0,24,1,42,403,42403,14,2011,WDCGG8HB8BF5,W,D,C,G,G,8,H,B,8,B,F,5,0,0,0,000000000,00000000000,0,0,0,1,0,0,0,0,0,0,0,998,0,0,0,12,4,5,8,0,0,0,1,24,20657,6,1,0,0,3,0,69,150,0,0,0,0,0,0,0,0,0,0,0,0,0,0,1,2,25,1,1,2,1,0,0,3,81,1,1,1,13,0,0,7013
240438_2016,24,240438,1,1,1,26,11,0,13,53,0,1,0,24,2,20,481,20481,31,2010,1GC3KVBG8AF1,1,G,C,3,K,V,B,G,8,A,F,1,0,0,0,000000000,00000000000,0,0,0,1,0,0,0,0,0,0,0,998,0,2,5,1,4,3,1,0,0,0,1,24,21702,6,1,6,0,3,0,65,195,0,0,0,2,0,6,2014,7,2016,0,51,0,0,0,1,2,40,3,1,2,1,0,0,1,12,99,9,4,3,1,1,7014
240439_2016,24,240439,1,2,1,10,9,18,9,12,6,1,0,24,1,20,4,20004,2,2005,1G1YY34UX551,1,G,1,Y,Y,3,4,U,X,5,5,1,0,0,0,000000000,00000000000,0,0,0,1,0,0,0,0,0,0,0,998,0,0,0,9,6,2,12,0,0,0,1,24,21113,6,1,0,0,3,0,72,225,0,0,0,0,0,0,0,0,0,0,38,48,0,0,2,2,40,1,1,2,1,0,0,12,21,99,1,1,98,1,0,7015
240439_2016,24,240439,2,2,1,10,9,18,9,12,6,1,0,24,1,20,403,20403,14,2004,1GNDS13S2424,1,G,N,D,S,1,3,S,2,4,2,4,0,0,0,000000000,00000000000,0,0,0,1,0,0,0,0,0,0,0,998,0,0,0,12,6,2,12,0,0,0,1,24,21113,6,1,0,0,3,0,61,162,0,0,0,0,0,0,0,0,0,0,0,0,0,0,2,2,40,1,1,2,1,0,0,1,64,99,1,1,98,0,0,7016
240440_2016,24,240440,1,1,1,17,12,4,45,25,0,1,0,24,3,87,881,87881,66,2016,1XPXDP9X1GD3,1,X,P,X,D,P,9,X,1,G,D,3,1,1,57,336632,57336632,3,6,2,2,2,1207,3,2,0,0,0,998,0,1,5,12,6,2,25,0,0,1,1,24,21223,6,1,6,1,3,0,66,145,0,0,0,1,0,8,2015,8,2015,0,99,99,99,99,3,4,55,2,1,2,4,0,0,2,98,8,9,4,6,1,0,7017
240441_2016,24,240441,1,2,1,27,12,8,48,12,2,1,0,24,2,20,23,20023,6,2010,3GNBAADB6AS5,3,G,N,B,A,A,D,B,6,A,S,5,0,0,0,000000000,00000000000,0,0,0,1,0,0,0,0,0,0,0,998,0,0,0,12,6,2,12,0,0,0,1,24,21158,6,1,0,0,3,0,71,330,0,0,0,0,0,0,0,0,0,0,28,0,0,0,1,2,55,1,1,2,2,0,0,1,10,99,9,2,50,1,0,7018
240441_2016,24,240441,2,2,1,27,12,8,48,12,2,1,0,24,1,37,441,37441,20,2009,5FNRL38749B0,5,F,N,R,L,3,8,7,4,9,B,0,0,0,0,000000000,00000000000,0,0,0,1,0,0,0,0,0,0,0,998,0,0,0,12,6,2,12,0,0,0,1,24,21158,6,1,0,0,3,0,62,130,0,0,0,0,0,0,0,0,0,0,0,0,0,0,1,2,55,1,1,2,2,0,0,1,62,99,1,1,51,0,0,7019
240442_2016,24,240442,1,1,2,22,12,2,30,1,0,1,0,51,1,20,403,20403,14,2003,1GNDT13S3321,1,G,N,D,T,1,3,S,3,3,2,1,0,0,0,000000000,00000000000,0,0,0,1,0,0,0,0,0,0,0,998,0,1,9,0,6,2,1,0,0,0,1,51,23395,6,1,0,0,3,0,69,160,0,0,0,0,0,0,0,0,0,3,6,28,0,0,2,2,40,3,1,2,1,0,0,14,6,99,9,4,7,1,1,7020
240443_2016,24,240443,1,1,1,17,12,10,45,42,0,1,0,24,2,2,405,2405,14,2003,1J8GL58K13W5,1,J,8,G,L,5,8,K,1,3,W,5,0,0,0,000000000,00000000000,0,0,0,1,0,0,0,0,0,0,0,998,0,0,0,12,6,2,42,0,0,0,1,24,21842,6,1,0,0,3,0,66,120,0,1,0,0,0,8,2016,8,2016,4,87,0,0,0,3,2,55,1,1,2,2,0,0,1,5,99,9,4,2,1,0,7021
240444_2016,24,240444,1,2,1,26,8,0,54,12,6,1,0,24,1,7,482,7482,31,2014,1C6RR7LM0ES4,1,C,6,R,R,7,L,M,0,E,S,4,1,1,0,000000000,00000000000,0,0,0,1,0,0,0,0,0,0,0,998,0,0,0,11,0,5,12,0,0,0,1,24,21102,6,1,0,0,3,0,70,999,0,0,0,1,0,5,2014,5,2014,0,99,99,99,99,1,2,40,1,5,2,1,0,0,13,20,1,1,1,92,0,0,7022
240444_2016,24,240444,2,2,1,26,8,0,54,12,6,1,0,42,1,37,31,37031,2,2000,1HGEJ8146YL0,1,H,G,E,J,8,1,4,6,Y,L,0,0,0,0,000000000,00000000000,0,0,0,1,0,0,0,0,0,0,0,998,0,0,0,12,6,2,12,0,0,0,1,42,17340,6,1,0,0,3,0,64,999,0,0,0,0,0,0,0,0,0,0,0,0,0,0,1,2,45,1,5,2,1,0,0,1,56,1,1,1,93,1,1,7023
240445_2016,24,240445,1,1,2,10,9,23,26,42,0,1,0,24,2,49,32,49032,4,2013,2T1BU4EE8DC1,2,T,1,B,U,4,E,E,8,D,C,1,0,0,0,000000000,00000000000,0,0,0,1,0,0,0,0,0,0,0,998,0,0,0,7,6,2,42,0,0,0,1,24,20708,6,1,0,0,3,0,69,135,0,0,0,1,1,1,2015,4,2015,3,6,0,0,0,1,2,40,2,1,2,1,0,0,14,12,99,1,4,6,1,1,7024
240446_2016,24,240446,1,3,2,16,12,19,56,12,6,1,0,24,2,37,31,37031,4,2015,19XFB2F98FE2,1,9,X,F,B,2,F,9,8,F,E,2,0,0,0,000000000,00000000000,0,0,0,1,0,0,0,0,0,0,0,998,0,0,0,3,6,2,12,0,0,0,1,48,77550,6,1,0,0,3,0,72,250,0,0,0,0,0,0,0,0,0,0,38,0,0,0,2,2,55,1,1,2,1,4,3,11,15,99,1,1,68,2,1,7025
240446_2016,24,240446,2,3,1,16,12,19,56,12,6,1,0,51,1,42,998,42998,49,2016,WDAPF4CC7GP1,W,D,A,P,F,4,C,C,7,G,P,1,0,0,0,000000000,00000000000,0,0,0,1,0,0,0,0,0,0,0,998,0,0,0,12,6,2,12,0,0,0,1,51,23005,6,1,0,0,3,0,72,180,0,0,0,0,0,0,0,0,0,0,0,0,0,0,2,2,55,1,1,2,1,4,3,1,62,99,1,1,69,0,0,7026
240446_2016,24,240446,3,3,4,16,12,19,56,12,6,1,0,51,2,51,881,51881,66,2000,4V4ND3RJ2YN2,4,V,4,N,D,3,R,J,2,Y,N,2,1,1,57,076235,57076235,3,6,1,1,0,0,0,0,0,0,0,0,0,0,0,12,6,2,12,0,0,0,1,51,23453,6,1,6,0,3,0,73,220,0,0,0,0,0,0,0,0,0,0,0,0,0,0,2,2,55,1,1,2,1,4,3,5,62,99,1,1,98,0,0,7027
240447_2016,24,240447,1,1,2,19,12,17,20,42,0,1,0,24,2,49,442,49442,20,2006,5TDZA23C56S4,5,T,D,Z,A,2,3,C,5,6,S,4,0,0,0,000000000,00000000000,0,0,0,1,0,0,0,0,0,0,0,998,0,0,0,12,6,2,42,0,0,0,1,24,20784,6,1,0,0,3,0,63,125,0,0,0,0,0,0,0,0,0,0,0,0,0,0,4,3,35,1,6,2,1,0,0,1,13,1,1,4,1,1,0,7028
240448_2016,24,240448,1,2,1,16,12,17,14,12,6,1,0,24,2,12,471,12471,30,2002,1FTYR10D62TA,1,F,T,Y,R,1,0,D,6,2,T,A,0,0,0,000000000,00000000000,0,0,0,1,0,0,0,0,0,0,0,998,0,0,0,11,6,2,12,0,0,0,1,24,21874,6,1,0,0,3,0,72,170,0,0,0,0,0,0,0,0,0,0,39,38,6,0,8,2,98,1,1,2,1,20,3,3,17,99,1,1,89,1,0,7029
240448_2016,24,240448,2,2,1,16,12,17,14,12,6,1,0,10,2,84,881,84881,66,2006,1HSHXSBR96J2,1,H,S,H,X,S,B,R,9,6,J,2,1,1,57,179855,57179855,3,6,1,1,0,0,0,0,0,0,0,998,0,0,0,12,6,2,12,0,0,0,1,10,19973,6,1,6,0,3,0,69,151,0,0,0,0,0,0,0,0,0,0,0,0,0,0,3,2,55,1,1,2,1,0,0,1,66,99,1,1,88,0,0,7030
240449_2016,24,240449,1,2,3,26,12,4,39,12,1,1,0,42,2,55,35,55035,4,2012,5NPDH4AE7CH1,5,N,P,D,H,4,A,E,7,C,H,1,0,0,0,000000000,00000000000,0,0,0,1,0,0,0,0,0,0,0,0,0,0,0,6,6,2,12,0,0,0,1,42,15009,6,1,0,0,3,0,999,999,99,99,99,99,99,99,9999,99,9999,0,54,0,0,0,3,4,65,1,6,2,1,0,0,5,53,1,1,1,21,1,1,7031
240449_2016,24,240449,2,2,2,26,12,4,39,12,1,1,0,44,2,7,442,7442,20,2014,2C4RDGBG8ER1,2,C,4,R,D,G,B,G,8,E,R,1,0,0,0,000000000,00000000000,0,0,0,1,0,0,0,0,0,0,0,998,0,0,0,12,6,2,12,0,0,0,1,9,6359,6,1,0,0,3,0,69,180,98,0,0,0,0,0,0,0,0,0,0,0,0,0,3,4,65,1,6,2,1,0,0,1,50,8,1,1,20,0,0,7032
240450_2016,24,240450,1,3,1,25,12,20,41,12,7,1,0,24,1,49,40,49040,4,2000,2T1CG28PXYC3,2,T,1,C,G,2,8,P,X,Y,C,3,0,0,0,000000000,00000000000,0,0,0,1,0,0,0,0,0,0,0,998,0,0,0,1,6,2,12,0,0,0,1,24,21211,6,1,0,0,3,0,67,175,0,0,0,0,0,0,0,0,0,0,13,0,0,0,3,3,60,1,1,2,1,0,0,1,11,99,1,2,44,1,0,7033
240450_2016,24,240450,2,3,1,25,12,20,41,12,7,1,0,42,1,20,431,20431,16,1999,3GNFK16R2XG2,3,G,N,F,K,1,6,R,2,X,G,2,0,0,0,000000000,00000000000,0,0,0,1,0,0,0,0,0,0,0,998,0,0,0,8,2,5,12,0,0,0,1,42,17401,6,1,0,0,3,0,999,999,99,99,99,99,99,99,9999,99,9999,0,0,0,0,0,3,3,60,1,1,2,1,0,0,2,62,99,1,1,45,0,0,7034
240450_2016,24,240450,3,3,1,25,12,20,41,12,7,1,0,24,1,2,422,2422,15,2014,1C4BJWDG6EL1,1,C,4,B,J,W,D,G,6,E,L,1,0,0,0,000000000,00000000000,0,0,0,1,0,0,0,0,0,0,0,998,0,0,0,6,6,2,12,0,0,0,1,24,21032,6,1,0,0,3,0,69,189,0,0,0,0,0,0,0,0,0,0,0,0,0,0,3,3,60,1,1,2,1,0,0,2,62,99,1,1,98,0,0,7035
240451_2016,24,240451,1,1,3,27,12,5,6,34,0,1,0,11,2,20,421,20421,15,2002,1GNEK13Z92J3,1,G,N,E,K,1,3,Z,9,2,J,3,0,0,0,000000000,00000000000,0,0,0,1,0,0,0,0,0,0,0,998,0,1,5,12,6,2,1,0,0,0,1,11,20032,6,1,0,0,3,0,999,999,99,99,99,99,99,99,9999,99,9999,4,6,0,0,0,1,2,35,3,1,2,2,0,0,14,12,1,1,4,6,1,0,7036
240453_2016,24,240453,1,2,1,24,9,10,32,12,8,1,0,24,1,12,37,12037,5,2013,1FADP3N28DL3,1,F,A,D,P,3,N,2,8,D,L,3,0,0,0,000000000,00000000000,0,0,0,1,0,0,0,0,0,0,0,998,0,0,0,1,6,2,8,0,0,0,1,24,21042,6,1,0,0,3,0,69,167,0,0,0,0,0,0,0,0,0,0,28,0,0,0,1,2,25,1,6,2,1,0,0,1,54,99,1,1,66,0,1,7037
240453_2016,24,240453,2,2,2,24,9,10,32,12,8,1,0,24,1,35,402,35402,14,2011,5N1AN0NW8BC5,5,N,1,A,N,0,N,W,8,B,C,5,0,0,0,000000000,00000000000,0,0,0,1,0,0,0,0,0,0,0,998,0,0,0,4,6,2,12,0,0,0,1,24,21224,6,1,0,0,3,0,75,220,0,0,0,0,0,0,0,0,0,0,0,0,0,0,1,2,25,1,6,2,1,0,0,1,54,6,1,1,66,0,0,7038
240454_2016,24,240454,1,2,1,20,8,17,35,12,1,1,0,24,5,53,704,53704,83,2015,JS1SK44AXF21,J,S,1,S,K,4,4,A,X,F,2,1,0,0,0,000000000,00000000000,0,0,0,1,0,0,0,0,0,0,0,998,0,0,0,12,6,2,12,0,0,0,1,24,21213,0,0,0,0,0,0,74,185,0,0,0,0,0,0,0,0,0,0,36,0,0,0,1,2,30,1,6,2,1,0,0,1,70,99,1,1,98,1,1,7039
240454_2016,24,240454,2,2,6,20,8,17,35,12,1,1,0,24,2,30,443,30443,20,2009,2V8HW54X09R6,2,V,8,H,W,5,4,X,0,9,R,6,0,0,0,000000000,00000000000,0,0,0,1,0,0,0,0,0,0,0,998,0,0,0,6,4,5,12,0,0,0,1,24,21213,6,1,0,0,3,0,68,160,0,0,0,0,0,0,0,0,0,0,0,0,0,0,1,2,30,1,6,2,1,0,0,12,21,99,1,1,98,0,0,7040
240455_2016,24,240455,1,1,4,19,12,19,15,8,0,1,0,24,2,55,35,55035,4,2016,5NPDH4AEXGH7,5,N,P,D,H,4,A,E,X,G,H,7,0,0,0,000000000,00000000000,0,0,0,1,0,0,0,0,0,0,0,998,0,0,0,12,6,2,8,0,0,0,1,24,21228,6,1,0,0,3,0,73,150,0,0,0,0,0,0,0,0,0,0,0,0,0,0,1,4,40,1,5,2,1,0,0,15,80,99,1,1,13,0,0,7041
240456_2016,24,240456,1,2,1,4,9,1,14,12,6,1,0,24,2,12,3,12003,2,2014,1ZVBP8JZ7E52,1,Z,V,B,P,8,J,Z,7,E,5,2,0,0,0,000000000,00000000000,0,0,0,1,0,0,0,0,0,0,0,85,0,0,0,12,6,2,12,0,0,0,1,24,20716,6,1,6,0,3,0,68,175,0,0,0,0,0,0,0,0,0,3,6,38,39,0,3,2,45,1,1,2,1,3,3,1,17,99,1,1,86,0,1,7042
240456_2016,24,240456,2,2,2,4,9,1,14,12,6,1,0,24,2,58,32,58032,4,1997,JNKBY31D9VM0,J,N,K,B,Y,3,1,D,9,V,M,0,0,0,0,000000000,00000000000,0,0,0,1,0,0,0,0,0,0,0,998,0,0,0,3,6,2,12,0,0,0,1,24,20747,6,1,0,0,3,0,74,295,0,0,0,0,0,0,0,0,0,0,0,0,0,0,3,2,45,1,1,2,1,3,3,4,66,99,1,1,87,2,1,7043
240457_2016,24,240457,1,1,1,17,8,23,13,8,0,1,0,24,2,62,421,62421,15,2011,SALSK2D4XBA2,S,A,L,S,K,2,D,4,X,B,A,2,0,0,0,000000000,00000000000,0,0,0,1,0,0,0,0,0,0,0,998,0,0,0,12,2,3,8,0,0,0,1,24,21201,1,1,1,0,2,2,70,165,0,1,0,0,0,2,2016,2,2016,0,74,0,0,0,3,3,30,1,1,2,2,0,0,1,80,99,1,1,13,0,0,7044
240458_2016,24,240458,1,1,1,28,9,20,49,8,0,1,0,11,1,20,481,20481,31,1999,1GCEK19T4XE2,1,G,C,E,K,1,9,T,4,X,E,2,0,0,0,000000000,00000000000,0,0,0,1,0,0,0,0,0,0,0,998,0,0,0,12,4,3,8,0,0,0,1,11,20018,6,1,0,9,9,9,999,999,99,99,99,99,99,99,9999,99,9999,0,0,0,0,0,2,2,35,1,1,2,2,0,0,1,80,99,1,1,13,0,0,7045
240459_2016,24,240459,1,2,1,3,11,13,45,12,6,1,0,24,1,6,51,6051,4,2000,2C3HE66G6YH3,2,C,3,H,E,6,6,G,6,Y,H,3,0,0,0,000000000,00000000000,0,0,0,1,0,0,0,0,0,0,0,998,0,0,0,2,6,2,12,0,0,0,1,24,20711,6,1,0,0,3,0,64,240,0,0,0,0,0,0,0,0,0,0,38,0,0,0,3,2,55,1,1,2,1,0,0,11,15,99,1,1,68,1,0,7046
240459_2016,24,240459,2,2,1,3,11,13,45,12,6,1,0,24,2,12,481,12481,31,2005,1FTPX12515NB,1,F,T,P,X,1,2,5,1,5,N,B,0,0,0,000000000,00000000000,0,0,0,1,0,0,0,0,0,0,0,998,0,0,0,12,6,2,12,0,0,0,1,24,20685,6,1,0,0,3,0,72,185,0,0,0,0,0,0,0,0,0,0,0,0,0,0,3,2,55,1,1,2,1,0,0,1,62,99,1,1,69,0,0,7047
240460_2016,24,240460,1,1,1,23,10,1,15,9,0,1,0,11,2,7,21,7021,6,2008,2D4FV47T18H1,2,D,4,F,V,4,7,T,1,8,H,1,0,0,0,000000000,00000000000,0,0,0,1,0,0,0,0,0,0,0,998,0,0,0,12,6,2,9,0,0,0,1,11,20020,6,1,99,9,9,9,999,999,99,99,99,99,99,99,9999,99,9999,0,0,0,0,0,3,4,50,1,1,2,1,0,0,1,84,99,1,1,13,0,0,7048
240461_2016,24,240461,1,5,1,31,10,12,30,12,1,1,0,24,2,12,498,12498,48,2015,1FDSF8PM5FKA,1,F,D,S,F,8,P,M,5,F,K,A,0,0,0,000000000,00000000000,0,0,0,1,0,0,0,0,0,0,0,998,0,1,1,12,6,2,12,0,0,0,1,24,20659,6,1,0,0,3,0,75,155,0,0,0,0,0,0,0,0,0,0,0,0,0,0,3,2,55,1,1,2,98,0,0,3,51,99,1,1,24,0,0,7049
240461_2016,24,240461,2,5,1,31,10,12,30,12,1,1,0,24,1,49,40,49040,4,2008,4T1BE46K88U7,4,T,1,B,E,4,6,K,8,8,U,7,0,0,0,000000000,00000000000,0,0,0,1,0,0,0,0,0,0,0,998,0,0,0,6,6,2,12,0,0,1,1,24,20623,6,1,0,0,3,0,64,185,0,0,0,0,0,0,0,0,0,0,0,0,0,0,3,2,55,1,1,2,98,0,0,2,53,99,9,1,25,1,0,7050
240461_2016,24,240461,3,5,1,31,10,12,30,12,1,1,0,24,4,82,870,82870,61,2007,WDPPF4456793,W,D,P,P,F,4,4,5,6,7,9,3,0,0,77,777777777,77777777777,2,2,98,1,0,0,0,0,0,0,0,998,0,0,0,11,6,2,12,0,0,0,1,24,20622,6,1,0,0,3,0,72,185,0,0,0,0,0,0,0,0,0,0,0,0,0,0,3,2,55,1,1,2,98,0,0,2,53,99,1,1,98,0,0,7051
240461_2016,24,240461,4,5,1,31,10,12,30,12,1,1,0,24,1,55,33,55033,4,2015,5NPE24AF4FH2,5,N,P,E,2,4,A,F,4,F,H,2,0,0,0,000000000,00000000000,0,0,0,1,0,0,0,0,0,0,0,998,0,0,0,6,6,2,12,0,0,0,1,24,21144,6,1,0,0,3,0,64,160,0,0,0,0,0,0,0,0,0,0,0,0,0,0,3,2,55,1,1,2,98,0,0,2,53,99,1,1,98,0,0,7052
240461_2016,24,240461,5,5,1,31,10,12,30,12,1,1,0,24,1,55,33,55033,4,2006,SALSF25476A9,S,A,L,S,F,2,5,4,7,6,A,9,0,0,0,000000000,00000000000,0,0,0,1,0,0,0,0,0,0,0,998,0,0,0,6,4,5,12,0,0,0,1,24,20613,6,1,0,0,3,0,64,160,0,0,0,0,0,0,0,0,0,0,0,0,0,0,3,2,55,1,1,2,98,0,0,1,53,99,1,1,98,0,0,7053
240462_2016,24,240462,1,1,1,2,9,19,36,42,0,1,0,51,1,20,481,20481,31,2011,1GCRKSEAXBZ2,1,G,C,R,K,S,E,A,X,B,Z,2,0,0,0,000000000,00000000000,0,0,0,1,0,0,0,0,0,0,0,998,0,1,5,12,6,2,42,0,0,0,1,51,22003,6,1,0,0,3,0,70,150,0,0,0,0,0,0,0,0,0,0,0,0,0,0,1,2,40,1,6,2,1,0,0,1,11,99,1,4,1,1,0,7054
240463_2016,24,240463,1,2,1,24,10,99,99,12,2,1,0,24,2,20,16,20016,2,2000,1G1JC124XY71,1,G,1,J,C,1,2,4,X,Y,7,1,0,0,0,000000000,00000000000,0,0,0,1,0,0,0,0,0,0,0,998,0,0,0,12,6,2,12,0,0,0,1,24,20754,6,1,0,0,3,0,65,150,0,1,0,0,1,1,2014,12,2015,4,28,0,0,0,1,2,35,3,6,2,1,0,0,14,10,99,1,1,50,1,0,7055
240463_2016,24,240463,2,2,1,24,10,99,99,12,2,1,0,24,2,86,881,86881,63,2007,1M2AG11C27M0,1,M,2,A,G,1,1,C,2,7,M,0,0,0,77,777777777,77777777777,3,2,97,1,0,0,0,0,0,0,0,998,0,0,0,12,6,2,12,0,0,0,1,24,21032,6,1,6,0,3,0,70,217,0,0,0,0,0,0,0,0,0,0,0,0,0,0,1,2,35,2,6,2,1,0,0,14,62,99,1,1,51,0,0,7056
240464_2016,24,240464,1,2,1,18,11,8,49,12,1,1,0,51,2,49,40,49040,4,2011,4T1BB3EK9BU1,4,T,1,B,B,3,E,K,9,B,U,1,0,0,0,000000000,00000000000,0,0,0,1,0,0,0,0,0,0,0,998,0,0,0,12,6,2,12,0,0,0,1,51,22201,6,1,0,0,3,0,72,195,0,0,0,0,0,0,0,0,0,0,6,0,0,0,3,3,65,3,1,2,1,0,0,1,51,99,1,1,32,0,0,7057
240464_2016,24,240464,2,2,1,18,11,8,49,12,1,1,0,10,2,38,890,38890,61,2008,JALB4W167874,J,A,L,B,4,W,1,6,7,8,7,4,0,0,77,777777777,77777777777,2,1,1,1,0,0,0,0,0,0,0,998,0,0,0,6,6,2,12,0,0,0,1,10,19805,6,1,6,0,3,0,73,144,0,0,0,0,0,0,0,0,0,0,0,0,0,0,3,3,65,3,1,2,1,0,0,1,53,99,1,1,32,1,0,7058
240465_2016,24,240465,1,1,1,21,10,22,0,30,0,1,0,24,1,37,31,37031,2,1995,2HGEH236XSH5,2,H,G,E,H,2,3,6,X,S,H,5,0,0,0,000000000,00000000000,0,0,0,1,0,0,0,0,0,0,0,998,0,0,0,12,6,2,30,0,0,0,1,24,21230,6,1,0,0,3,0,68,165,0,0,0,0,0,0,0,0,0,0,6,0,0,0,3,3,30,1,1,2,1,0,0,1,13,7,9,4,5,1,0,7059
240466_2016,24,240466,1,3,1,27,12,11,21,12,6,1,0,24,2,37,39,37039,5,2016,JHMGK5H52GX0,J,H,M,G,K,5,H,5,2,G,X,0,0,0,0,000000000,00000000000,0,0,0,1,0,0,0,0,0,0,0,998,0,0,0,1,6,2,12,0,0,0,1,24,20904,6,1,0,0,3,0,63,140,0,0,0,0,0,0,0,0,0,0,99,99,99,99,2,6,45,1,1,2,1,3,3,11,15,99,1,1,68,1,0,7060
240466_2016,24,240466,2,3,1,27,12,11,21,12,6,1,0,24,2,12,461,12461,21,2014,1FTNE2EW3EDA,1,F,T,N,E,2,E,W,3,E,D,A,0,0,0,000000000,00000000000,0,0,0,1,0,0,0,0,0,0,0,998,0,0,0,12,6,2,12,0,0,0,1,11,20018,6,1,0,0,3,0,999,999,99,99,99,99,99,99,9999,99,9999,0,99,99,99,99,2,6,45,1,1,2,1,3,3,1,62,7,9,2,69,0,0,7061
240466_2016,24,240466,3,3,1,27,12,11,21,12,6,1,0,24,2,49,40,49040,4,2012,4T1BF1FK5CU5,4,T,1,B,F,1,F,K,5,C,U,5,0,0,0,000000000,00000000000,0,0,0,1,0,0,0,0,0,1,0,0,0,0,0,12,6,2,12,0,0,0,1,24,20904,6,1,0,0,3,0,70,170,0,0,0,0,0,0,0,0,0,0,0,0,0,0,8,8,25,1,1,2,1,3,3,5,66,99,1,1,98,0,0,7062
240467_2016,24,240467,1,1,1,5,11,22,44,8,0,1,0,24,2,20,422,20422,15,2008,3GNFK16328G2,3,G,N,F,K,1,6,3,2,8,G,2,0,0,0,000000000,00000000000,0,0,0,1,0,0,0,0,0,0,0,998,0,0,0,12,4,5,8,0,0,0,1,37,27607,6,1,0,0,3,0,70,999,0,0,0,0,0,0,0,0,0,0,0,0,0,0,3,3,35,1,1,2,1,0,0,1,80,99,1,1,13,0,0,7063
240468_2016,24,240468,1,2,1,12,10,19,25,12,7,1,0,24,1,12,481,12481,31,2004,1FTNX21L14ED,1,F,T,N,X,2,1,L,1,4,E,D,0,0,0,000000000,00000000000,0,0,0,1,0,0,0,0,0,0,0,998,0,0,0,1,6,2,24,0,0,0,1,24,21113,6,1,0,0,3,0,69,210,0,0,0,0,0,0,0,0,0,0,27,0,0,0,3,3,65,1,6,2,1,0,0,15,11,99,1,1,46,1,0,7064
240468_2016,24,240468,2,2,1,12,10,19,25,12,7,1,0,24,1,37,402,37402,14,2011,3CZRE3H32BG7,3,C,Z,R,E,3,H,3,2,B,G,7,0,0,0,000000000,00000000000,0,0,0,1,0,0,0,0,0,0,0,998,0,0,0,10,4,5,12,0,0,0,1,24,20733,6,1,0,0,3,0,65,145,0,0,0,0,0,0,0,0,0,0,0,0,0,0,3,3,65,1,6,2,1,0,0,1,62,99,1,1,45,0,0,7065
240469_2016,24,240469,1,1,1,21,11,8,37,42,0,1,0,24,1,20,421,20421,15,1996,1GNEK13R2TJ3,1,G,N,E,K,1,3,R,2,T,J,3,0,0,0,000000000,00000000000,0,0,0,1,0,0,0,0,0,0,0,998,0,0,0,12,6,2,42,0,0,0,1,24,20744,6,1,0,0,3,0,78,225,0,0,0,0,1,4,2016,4,2016,0,0,0,0,0,1,2,25,2,1,2,1,0,0,14,12,99,1,4,6,1,0,7066
240470_2016,24,240470,1,2,3,24,11,18,29,12,6,1,0,24,1,20,404,20404,14,2005,2CNDL13FX561,2,C,N,D,L,1,3,F,X,5,6,1,0,0,0,000000000,00000000000,0,0,0,1,0,0,0,0,0,0,0,998,0,0,0,3,6,2,12,0,0,0,1,24,20659,6,1,0,0,3,0,66,180,0,0,0,0,1,4,2016,4,2016,0,38,0,0,0,2,2,45,1,1,2,1,3,3,11,15,99,1,1,68,1,0,7067