st_case_year,STATE,ST_CASE,VEH_NO,VE_FORMS,NUMOCCS,DAY,MONTH,HOUR,MINUTE,HARM_EV,MAN_COLL,UNITTYPE,HIT_RUN,REG_STAT,OWNER,MAKE,MODEL,MAK_MOD,BODY_TYP,MOD_YEAR,VIN,VIN_1,VIN_2,VIN_3,VIN_4,VIN_5,VIN_6,VIN_7,VIN_8,VIN_9,VIN_10,VIN_11,VIN_12,TOW_VEH,J_KNIFE,MCARR_I1,MCARR_I2,MCARR_ID,GVWR,V_CONFIG,CARGO_BT,HAZ_INV,HAZ_PLAC,HAZ_ID,HAZ_CNO,HAZ_REL,BUS_USE,SPEC_USE,EMER_USE,TRAV_SP,UNDERIDE,ROLLOVER,ROLINLOC,IMPACT1,DEFORMED,TOWED,M_HARM,VEH_SC1,VEH_SC2,FIRE_EXP,DR_PRES,L_STATE,DR_ZIP,L_STATUS,L_TYPE,CDL_STAT,L_ENDORS,L_COMPL,L_RESTRI,DR_HGT,DR_WGT,PREV_ACC,PREV_SUS,PREV_DWI,PREV_SPD,PREV_OTH,FIRST_MO,FIRST_YR,LAST_MO,LAST_YR,SPEEDREL,DR_SF1,DR_SF2,DR_SF3,DR_SF4,VTRAFWAY,VNUM_LAN,VSPD_LIM,VALIGN,VPROFILE,VPAVETYP,VSURCOND,VTRAFCON,VTCONT_F,P_CRASH1,P_CRASH2,P_CRASH3,PCRASH4,PCRASH5,ACC_TYPE,DEATHS,DR_DRINK,idno
100097_2014,10,100097,2,2,1,8,11,19,49,8,0,1,0,10,1,34,37,34037,4,1997,WBAGF8327VDL,W,B,A,G,F,8,3,2,7,V,D,L,0,0,0,000000000,00000000000,0,0,0,1,0,0,0,0,0,0,0,998,0,0,0,12,2,5,8,0,0,0,1,10,19904,6,1,0,0,3,0,70,195,0,0,0,0,0,0,0,0,0,0,0,0,0,0,2,2,55,8,8,2,1,0,0,1,80,1,1,1,98,0,0,7239
100098_2014,10,100098,1,2,2,2,9,11,4,12,6,1,0,10,1,63,441,63441,20,2014,KNDMG4C78E65,K,N,D,M,G,4,C,7,8,E,6,5,0,0,0,000000000,00000000000,0,0,0,1,0,0,0,0,0,0,0,998,0,0,0,2,4,3,12,0,0,0,1,10,19966,6,1,0,0,3,0,70,225,0,0,0,0,0,0,0,0,0,0,0,0,0,0,1,2,50,8,8,2,1,0,0,11,55,1,1,2,68,1,0,7240
100098_2014,10,100098,2,2,1,2,9,11,4,12,6,1,0,10,3,20,481,20481,31,2003,1GCEC19T23E2,1,G,C,E,C,1,9,T,2,3,E,2,0,0,0,000000000,00000000000,0,0,0,1,0,0,0,0,0,0,0,998,0,0,0,12,6,2,12,0,0,0,1,10,19960,6,1,6,0,3,3,68,200,0,0,0,1,0,3,2014,3,2014,0,0,0,0,0,1,2,50,8,8,2,1,0,0,1,55,1,1,1,69,0,0,7241
100099_2014,10,100099,1,1,2,21,7,19,8,30,0,1,0,10,3,20,881,20881,62,2001,1GBJ6H1C51J5,1,G,B,J,6,H,1,C,5,1,J,5,0,0,10,1377532,101377532,2,1,3,1,0,0,0,0,0,0,0,72,0,0,0,2,6,2,30,0,0,0,1,10,19901,3,1,0,0,2,0,71,230,0,1,0,1,0,3,2012,4,2012,3,0,0,0,0,1,2,50,2,8,2,1,0,0,14,13,1,1,4,1,2,1,7242
100100_2014,10,100100,1,1,4,1,10,15,53,32,0,1,0,10,2,6,54,6054,6,2006,2A4GM684X6R6,2,A,4,G,M,6,8,4,X,6,R,6,0,0,0,000000000,00000000000,0,0,0,1,0,0,0,0,0,0,0,84,0,0,0,12,6,2,32,0,0,0,1,10,19941,6,7,0,0,3,0,66,168,0,0,0,0,0,0,0,0,0,3,58,0,0,0,1,2,50,1,1,2,1,0,0,1,9,1,7,4,2,1,0,7243
100101_2014,10,100101,1,2,2,23,11,1,17,12,6,1,0,13,4,35,47,35047,4,2013,1N4AL2EP7DC2,1,N,4,A,L,2,E,P,7,D,C,2,0,0,0,000000000,00000000000,0,0,0,1,0,0,0,0,0,0,0,998,0,0,0,3,6,2,12,0,0,0,1,10,19804,6,1,0,0,3,3,66,180,0,0,0,0,0,0,0,0,0,0,0,0,0,0,2,2,50,1,8,2,1,2,3,11,66,1,1,1,68,1,0,7244
100101_2014,10,100101,2,2,1,23,11,1,17,12,6,1,0,10,2,35,401,35401,14,2007,5N1AR18W47C6,5,N,1,A,R,1,8,W,4,7,C,6,0,0,0,000000000,00000000000,0,0,0,1,0,0,0,0,0,0,0,998,0,0,0,12,6,2,12,0,0,0,1,10,19701,6,1,0,0,3,0,68,150,0,0,0,0,0,0,0,0,0,3,39,0,0,0,2,2,50,1,8,2,1,2,3,1,17,1,1,1,69,0,1,7245
100102_2014,10,100102,1,1,3,3,12,17,6,8,0,1,0,10,2,12,481,12481,31,1997,1FTHX26F4VEA,1,F,T,H,X,2,6,F,4,V,E,A,0,0,0,000000000,00000000000,0,0,0,1,0,0,0,0,0,0,0,998,0,0,0,12,0,5,8,0,0,0,1,10,19901,6,1,0,0,3,0,71,200,0,0,0,1,0,4,2014,4,2014,0,86,0,0,0,1,2,25,8,8,2,1,0,0,2,80,2,1,1,13,0,0,7246
100103_2014,10,100103,1,2,1,11,12,20,46,8,0,1,0,10,1,18,7,18007,4,2002,2G4WS52J9211,2,G,4,W,S,5,2,J,9,2,1,1,0,0,0,000000000,00000000000,0,0,0,1,0,0,0,0,0,0,0,998,0,0,0,12,6,2,8,0,0,0,1,10,19701,6,1,6,0,3,0,64,126,1,1,0,0,1,9,2012,11,2014,0,0,0,0,0,3,3,45,1,1,2,1,0,0,1,80,1,1,1,13,0,0,7247
100103_2014,10,100103,2,2,1,11,12,20,46,8,0,1,0,10,1,37,32,37032,4,2006,1HGCM564X6A0,1,H,G,C,M,5,6,4,X,6,A,0,0,0,0,000000000,00000000000,0,0,0,1,0,0,0,0,0,0,0,998,0,0,0,12,4,5,8,0,0,0,1,10,19805,6,1,0,0,3,3,65,180,0,0,0,0,0,0,0,0,0,0,0,0,0,0,3,3,45,1,1,2,1,0,0,1,80,1,1,1,98,0,0,7248
100104_2014,10,100104,1,2,1,14,12,3,7,12,2,1,0,10,1,41,45,41045,1,1990,JM1NA3515L01,J,M,1,N,A,3,5,1,5,L,0,1,0,0,0,000000000,00000000000,0,0,0,1,0,0,0,0,0,0,0,998,0,0,0,12,6,2,12,0,0,0,1,10,19901,6,1,0,0,3,0,69,124,2,4,0,4,2,2,2012,9,2014,0,28,0,0,0,1,2,50,1,8,9,1,0,0,1,10,1,1,2,50,1,1,7249
100104_2014,10,100104,2,2,1,14,12,3,7,12,2,1,0,10,1,14,444,14444,20,2007,2MRDA22257BJ,2,M,R,D,A,2,2,2,5,7,B,J,0,0,0,000000000,00000000000,0,0,0,1,0,0,0,0,0,0,0,998,0,0,0,12,6,2,12,0,0,0,1,10,19953,6,1,0,0,3,0,67,237,0,0,0,1,0,6,2012,6,2012,0,0,0,0,0,1,2,50,1,8,2,1,0,0,1,54,1,1,1,51,0,0,7250
100105_2014,10,100105,1,1,2,22,12,18,55,8,0,1,0,10,2,24,1,24001,4,2001,1G8ZK52771Z2,1,G,8,Z,K,5,2,7,7,1,Z,2,0,0,0,000000000,00000000000,0,0,0,1,0,0,0,0,0,0,0,32,0,0,0,12,6,2,8,0,0,0,1,10,19977,6,1,0,0,3,0,68,128,0,0,0,0,0,0,0,0,0,0,0,0,0,0,1,2,25,1,8,2,2,0,0,1,80,2,1,1,13,0,0,7251
100106_2014,10,100106,1,1,1,19,12,19,18,9,0,1,0,10,1,20,16,20016,2,2003,1G1JH12F5372,1,G,1,J,H,1,2,F,5,3,7,2,0,0,0,000000000,00000000000,0,0,0,1,0,0,0,0,0,0,0,998,0,0,0,12,6,2,9,0,0,0,1,10,19960,1,1,0,0,2,0,69,129,0,1,0,0,0,3,2014,3,2014,0,0,0,0,0,2,2,40,8,8,2,1,0,0,1,83,8,1,3,13,0,0,7252
110001_2014,11,110001,1,1,1,5,1,1,45,24,0,1,0,51,1,45,31,45031,2,1999,WP0AA2991XS6,W,P,0,A,A,2,9,9,1,X,S,6,0,0,0,000000000,00000000000,0,0,0,1,0,0,0,0,0,0,0,998,0,1,1,1,6,2,1,0,0,0,1,51,22201,6,1,0,0,3,0,69,150,0,0,0,0,0,0,0,0,0,3,36,0,0,0,6,2,98,3,1,2,1,0,0,14,11,1,4,4,2,1,1,7253
110002_2014,11,110002,1,1,1,15,1,23,25,8,0,1,0,11,1,34,401,34401,14,2002,5UXFB33592LH,5,U,X,F,B,3,3,5,9,2,L,H,0,0,0,000000000,00000000000,0,0,0,1,0,0,0,0,0,0,0,998,0,0,0,12,6,2,8,0,0,0,1,11,20020,6,1,0,0,3,0,59,155,0,0,0,0,0,0,0,0,0,3,36,0,0,0,3,2,35,1,1,2,1,0,0,1,11,1,1,4,1,0,1,7254
110003_2014,11,110003,1,1,1,17,1,4,28,8,0,1,0,51,1,86,898,86898,63,2007,1M2K189C07M0,1,M,2,K,1,8,9,C,0,7,M,0,0,0,99,999999999,99999999999,3,2,7,1,0,0,0,0,0,0,0,998,0,0,0,12,0,5,8,0,0,0,1,51,22312,6,1,6,0,3,0,68,160,0,0,0,0,0,0,0,0,0,0,0,0,0,0,1,2,25,1,1,2,1,2,3,11,80,1,1,1,13,0,0,7255
110004_2014,11,110004,1,1,1,14,2,5,45,8,0,1,0,24,2,20,498,20498,31,2006,1GBHC24U16E1,1,G,B,H,C,2,4,U,1,6,E,1,0,0,0,000000000,00000000000,0,0,0,1,0,0,0,0,0,0,0,998,0,0,0,12,2,5,8,0,0,0,1,24,20634,6,1,0,0,3,0,67,215,0,0,0,0,0,0,0,0,0,0,0,0,0,0,3,2,25,1,1,2,3,0,0,1,80,8,1,1,13,0,0,7256
110005_2014,11,110005,1,1,1,2,3,7,42,30,0,1,0,11,2,51,45,51045,4,2005,YV1TS5928514,Y,V,1,T,S,5,9,2,8,5,1,4,0,0,0,000000000,00000000000,0,0,0,1,0,0,0,0,0,0,0,998,0,0,0,12,6,2,30,0,0,0,1,11,20017,1,1,0,0,2,0,68,150,0,0,0,0,0,0,0,0,0,3,37,0,0,0,1,2,25,1,1,2,1,2,3,10,13,7,3,4,2,1,1,7257
110006_2014,11,110006,1,1,1,7,3,2,54,26,0,1,0,51,1,34,402,34402,14,2006,WBXPA93416WG,W,B,X,P,A,9,3,4,1,6,W,G,0,0,0,000000000,00000000000,0,0,0,1,0,0,0,0,0,0,0,998,0,1,1,12,6,2,26,0,0,0,1,51,22102,6,1,0,0,3,0,68,175,0,0,0,0,0,0,0,0,0,3,40,0,0,0,1,2,25,1,1,2,1,2,3,1,17,1,1,1,12,1,1,7258
110007_2014,11,110007,1,1,1,12,3,23,53,8,0,1,0,24,1,19,421,19421,15,2004,1GYEK63NX4R2,1,G,Y,E,K,6,3,N,X,4,R,2,0,0,0,000000000,00000000000,0,0,0,1,0,0,0,0,0,0,0,998,0,0,0,12,2,3,8,0,0,0,1,24,20785,6,1,0,0,3,0,74,187,0,0,0,0,0,0,0,0,0,0,0,0,0,0,3,3,45,1,1,2,1,0,0,1,80,2,1,1,13,0,0,7259
110009_2014,11,110009,1,1,1,28,3,19,0,33,0,1,0,24,2,23,422,23422,15,2008,1GKFK63808J1,1,G,K,F,K,6,3,8,0,8,J,1,0,0,0,000000000,00000000000,0,0,0,1,0,0,0,0,0,0,0,998,0,0,0,14,6,2,21,0,0,0,1,11,20743,6,1,0,0,3,0,73,277,0,0,0,0,0,0,0,0,0,3,0,0,0,0,3,2,35,2,1,2,1,0,0,14,12,1,3,4,7,1,1,7260
110010_2014,11,110010,1,2,2,22,3,16,55,12,2,1,0,11,1,20,421,20421,15,1997,3GNEK18R5VG1,3,G,N,E,K,1,8,R,5,V,G,1,0,0,0,000000000,00000000000,0,0,0,1,0,0,0,0,0,0,0,998,0,0,0,12,6,2,12,0,0,0,1,11,20712,6,1,0,0,3,0,70,190,0,0,0,0,0,0,0,0,0,3,50,0,0,0,4,1,25,1,1,2,1,0,0,3,54,1,1,1,50,1,0,7261
110010_2014,11,110010,2,2,1,22,3,16,55,12,2,1,0,24,1,23,8,23008,6,2007,1GKER33767J1,1,G,K,E,R,3,3,7,6,7,J,1,0,0,0,000000000,00000000000,0,0,0,1,0,0,0,0,0,0,0,998,0,0,0,12,6,2,12,0,0,0,1,24,21113,6,1,0,0,3,0,68,185,0,0,0,0,0,0,0,0,0,3,0,0,0,0,4,1,25,1,1,2,1,0,0,1,54,1,1,1,51,1,0,7262
110011_2014,11,110011,1,1,1,4,7,16,54,8,0,1,0,11,2,20,2,20002,4,2011,2G1WG5EK0B11,2,G,1,W,G,5,E,K,0,B,1,1,0,0,0,000000000,00000000000,0,0,0,1,0,0,0,0,0,0,0,998,0,0,0,12,2,3,8,0,0,0,1,11,20020,6,1,0,0,3,0,67,185,0,0,0,0,0,0,0,0,0,0,0,0,0,0,1,2,25,2,1,2,1,0,0,14,80,1,1,1,13,0,0,7263
110012_2014,11,110012,1,1,1,24,6,17,36,8,0,1,0,24,2,93,983,93983,51,2007,1M86DMPA87P0,1,M,8,6,D,M,P,A,8,7,P,0,0,0,52,00016724,5200016724,3,21,22,1,0,0,0,0,5,3,0,998,0,0,0,4,0,5,8,0,0,0,1,24,20602,6,1,6,1,3,0,70,250,0,0,0,0,0,0,0,0,0,0,0,0,0,0,1,4,25,1,1,2,1,2,3,3,17,1,1,1,13,0,0,7264
110013_2014,11,110013,1,2,1,31,7,11,8,12,6,1,0,11,5,73,706,73706,80,2007,JKAEXEA197A0,J,K,A,E,X,E,A,1,9,7,A,0,0,0,0,000000000,00000000000,0,0,0,1,0,0,0,0,0,0,0,998,0,0,0,12,6,2,12,0,0,0,1,98,20020,0,0,0,0,0,0,66,135,0,0,0,0,0,0,0,0,0,3,99,99,99,99,1,2,25,1,1,2,1,2,3,1,62,3,1,1,69,1,0,7265
110013_2014,11,110013,2,2,2,31,7,11,8,12,6,1,0,11,2,35,401,35401,14,2013,5N1AR2MM7DC6,5,N,1,A,R,2,M,M,7,D,C,6,0,0,0,000000000,00000000000,0,0,0,1,0,0,0,0,0,0,0,998,0,0,0,81,6,2,12,0,0,0,1,11,20220,6,1,0,0,3,0,73,170,0,0,0,0,0,0,0,0,0,0,0,0,0,0,1,2,25,1,1,2,1,2,3,11,54,1,1,1,68,0,0,7266
110014_2014,11,110014,1,1,2,4,8,14,41,33,0,1,0,99,9,73,705,73705,80,2000,JKAKLEA17YA0,J,K,A,K,L,E,A,1,7,Y,A,0,0,0,0,000000000,00000000000,0,0,0,1,0,0,0,0,0,0,0,998,0,0,0,12,6,2,42,0,0,0,1,99,99999,9,9,99,0,9,9,74,240,99,99,99,99,99,99,9999,99,9999,3,6,0,0,0,1,2,25,3,1,2,1,0,0,14,13,1,1,4,1,1,0,7267
110015_2014,11,110015,1,2,1,6,8,3,51,12,1,1,0,11,1,58,37,58037,2,2007,JNKCV54E17M9,J,N,K,C,V,5,4,E,1,7,M,9,0,0,0,000000000,00000000000,0,0,0,1,0,0,0,0,0,0,0,998,0,0,0,12,6,2,12,0,0,0,1,11,20001,1,1,0,0,2,0,73,158,0,1,0,0,0,7,2014,7,2014,3,6,0,0,0,1,4,25,3,1,2,1,2,3,14,17,99,1,1,20,1,0,7268
110015_2014,11,110015,2,2,1,6,8,3,51,12,1,1,0,24,2,86,883,86883,63,2005,1M2K189C65M0,1,M,2,K,1,8,9,C,6,5,M,0,0,0,57,00962089,5700962089,3,1,7,1,0,0,0,0,0,0,0,0,0,0,0,6,2,3,12,0,0,0,1,24,20748,6,1,6,1,3,0,69,160,0,0,0,0,0,0,0,0,0,0,0,0,0,0,1,4,25,3,1,2,1,2,3,5,50,1,9,1,21,0,0,7269
110016_2014,11,110016,1,2,1,15,8,8,24,12,6,1,0,24,1,37,701,37701,81,2009,JH2AF60659K5,J,H,2,A,F,6,0,6,5,9,K,5,0,0,0,000000000,00000000000,0,0,0,1,0,0,0,0,0,0,0,998,0,0,0,12,6,2,12,0,0,0,1,24,20902,6,1,0,0,3,0,66,125,0,0,0,0,0,0,0,0,0,0,0,0,0,0,1,6,25,1,1,2,1,0,0,1,62,1,1,1,69,1,0,7270
110016_2014,11,110016,2,2,1,15,8,8,24,12,6,1,0,11,2,84,898,84898,62,2009,1HTMMAAM99H1,1,H,T,M,M,A,A,M,9,9,H,1,0,0,52,00899748,5200899748,2,1,3,1,0,0,0,0,0,0,0,998,0,0,0,83,0,5,12,0,0,0,1,11,20011,6,1,0,0,3,0,70,165,0,0,0,0,0,0,0,0,0,0,38,0,0,0,1,6,25,1,1,2,1,0,0,11,55,1,1,1,68,0,0,7271
110017_2014,11,110017,1,2,3,6,9,8,44,12,1,1,0,11,3,98,809,98809,63,2006,49HAAEBV46DW,4,9,H,A,A,E,B,V,4,6,D,W,0,0,99,999999999,99999999999,3,2,7,1,0,0,0,0,0,0,0,998,0,9,1,12,6,2,1,0,0,0,1,11,20020,6,1,6,0,3,0,999,999,99,99,99,99,99,99,9999,99,9999,0,0,0,0,0,3,3,50,1,1,2,1,0,0,1,61,9,1,2,24,0,0,7272
110017_2014,11,110017,2,2,3,6,9,8,44,12,1,1,0,24,2,52,34,52034,4,2009,4A3AB36F69E0,4,A,3,A,B,3,6,F,6,9,E,0,0,0,0,000000000,00000000000,0,0,0,1,0,0,0,0,0,0,0,998,0,0,0,6,6,2,42,0,0,0,1,24,20745,6,1,0,0,3,0,999,999,99,99,99,99,99,99,9999,99,9999,3,27,0,0,0,3,3,50,1,1,2,1,0,0,15,59,1,1,4,27,2,0,7273
110018_2014,11,110018,1,1,1,20,9,2,33,9,0,1,1,99,9,12,37,12037,4,9999,999999999999,9,9,9,9,9,9,9,9,9,9,9,9,0,0,0,000000000,00000000000,0,0,0,1,0,0,0,0,0,0,0,998,0,0,0,12,9,9,9,0,0,0,1,99,99999,9,9,99,9,9,9,999,999,99,99,99,99,99,99,9999,99,9999,9,99,99,99,99,1,2,25,1,1,2,1,20,3,1,83,99,1,9,13,0,0,7274
110019_2014,11,110019,1,1,3,27,11,19,54,8,0,1,0,11,1,18,3,18003,4,1999,1G4CU5217X46,1,G,4,C,U,5,2,1,7,X,4,6,0,0,0,000000000,00000000000,0,0,0,1,0,0,0,0,0,0,0,998,0,0,0,14,2,5,8,0,0,0,1,11,20032,6,1,0,0,3,0,999,999,0,0,0,0,0,0,0,0,0,0,0,0,0,0,1,4,25,1,1,2,1,0,0,1,80,1,1,1,13,0,0,7275
110020_2014,11,110020,1,1,1,14,9,3,17,8,0,1,1,99,9,99,999,99999,99,9999,999999999999,9,9,9,9,9,9,9,9,9,9,9,9,0,0,0,000000000,00000000000,0,0,0,1,0,0,0,0,0,0,0,998,0,0,0,12,9,5,8,99,99,0,1,99,99999,9,9,99,9,9,9,999,999,99,99,99,99,99,99,9999,99,9999,9,99,99,99,99,1,4,25,1,1,2,1,0,0,99,80,99,9,9,13,0,0,7276
110021_2014,11,110021,1,1,1,30,11,13,20,30,0,1,0,24,2,18,19,18019,4,9999,999999999999,9,9,9,9,9,9,9,9,9,9,9,9,0,0,0,000000000,00000000000,0,0,0,1,0,0,0,0,0,0,0,998,0,0,0,12,6,9,30,0,0,1,1,24,20743,6,1,0,0,3,0,999,999,99,99,99,99,99,99,9999,99,9999,0,99,99,99,99,1,2,25,1,1,2,1,20,3,1,13,1,1,5,1,1,0,7277
110022_2014,11,110022,1,1,1,19,11,8,43,8,0,1,0,51,1,12,461,12461,22,2007,1FDSE35L07DA,1,F,D,S,E,3,5,L,0,7,D,A,0,0,0,000000000,00000000000,0,0,0,1,0,0,0,0,0,0,0,998,0,0,0,12,2,5,8,0,0,0,1,24,20743,6,1,0,0,3,0,68,187,0,0,0,0,0,0,0,0,0,0,0,0,0,0,1,4,25,1,1,2,1,2,3,1,80,99,1,1,13,0,0,7278
240001_2014,24,240001,1,2,2,2,1,14,32,12,6,1,0,24,1,49,40,49040,4,2005,4T1BE30K05U0,4,T,1,B,E,3,0,K,0,5,U,0,0,0,0,000000000,00000000000,0,0,0,1,0,0,0,0,0,0,0,998,0,0,0,3,6,2,12,0,0,0,1,24,20688,6,1,0,0,3,0,82,160,0,0,0,0,0,0,0,0,0,0,39,0,0,0,2,2,45,1,1,2,1,3,3,11,15,1,1,1,68,2,0,7279
240001_2014,24,240001,2,2,1,2,1,14,32,12,6,1,0,24,3,84,883,84883,63,1995,1HTGGAHR5SH6,1,H,T,G,G,A,H,R,5,S,H,6,0,0,57,00776317,5700776317,3,1,4,1,0,0,0,0,0,0,0,998,0,0,0,12,4,3,12,0,0,0,1,24,20740,6,1,6,0,3,0,72,200,0,0,0,2,0,6,2012,1,2013,0,0,0,0,0,2,2,45,1,1,2,1,3,3,1,62,7,9,1,69,0,0,7280
240002_2014,24,240002,1,1,1,6,1,22,49,35,0,1,0,42,3,87,881,87881,66,2009,1XPHD49X19D7,1,X,P,H,D,4,9,X,1,9,D,7,1,1,57,243894,57243894,3,6,3,1,0,0,0,0,0,0,0,998,0,1,5,1,6,2,1,0,0,0,1,42,15084,6,1,6,0,3,0,70,999,0,0,0,0,0,0,0,0,0,0,77,0,0,0,3,2,65,3,6,2,1,0,0,1,9,99,5,4,2,1,0,7281
240003_2014,24,240003,1,1,1,12,1,18,52,34,0,1,0,24,3,12,481,12481,31,1999,1FTNX21F9XEE,1,F,T,N,X,2,1,F,9,X,E,E,0,0,0,000000000,00000000000,0,0,0,1,0,0,0,0,0,0,0,998,0,1,5,14,6,2,1,0,0,0,1,24,21015,6,1,0,0,3,0,72,140,0,5,0,0,0,8,2012,10,2013,3,36,0,0,0,1,2,50,1,6,2,1,0,0,1,13,99,9,4,1,1,1,7282
240004_2014,24,240004,1,2,2,11,1,4,15,12,2,1,0,24,2,54,421,54421,15,2004,2HNYD18634H5,2,H,N,Y,D,1,8,6,3,4,H,5,0,0,0,000000000,00000000000,0,0,0,1,0,0,0,0,0,0,0,998,0,0,0,12,6,2,12,0,0,0,1,96,0,0,0,0,0,0,0,999,999,99,99,99,99,99,99,9999,99,9999,0,51,0,0,0,3,2,55,1,2,2,1,0,0,1,54,1,1,1,52,1,1,7283
240004_2014,24,240004,2,2,1,11,1,4,15,12,2,1,0,24,3,98,806,98806,62,2011,5PVNE8JN7B4S,5,P,V,N,E,8,J,N,7,B,4,S,0,0,57,496997,57496997,2,2,3,1,0,0,0,0,0,0,0,998,0,0,0,12,6,2,12,0,0,0,1,24,20707,6,1,6,0,3,0,71,220,0,0,0,0,0,0,0,0,0,0,0,0,0,0,3,2,55,1,2,2,1,0,0,1,54,1,1,1,52,0,0,7284
240005_2014,24,240005,1,1,1,18,1,2,13,24,0,1,0,10,2,24,401,24401,14,2004,5GZCZ23D44S8,5,G,Z,C,Z,2,3,D,4,4,S,8,0,0,0,000000000,00000000000,0,0,0,1,0,0,0,0,0,0,0,998,0,0,0,1,6,2,30,0,0,0,1,10,19938,6,1,0,0,3,0,69,175,0,0,0,0,0,0,0,0,0,4,37,36,0,0,1,2,25,3,5,2,1,0,0,14,6,99,9,4,2,1,1,7285
240006_2014,24,240006,1,2,2,22,1,10,24,12,6,1,0,24,2,35,402,35402,14,2013,5N1AN0NW3DN8,5,N,1,A,N,0,N,W,3,D,N,8,0,0,0,000000000,00000000000,0,0,0,1,0,0,0,0,0,0,0,998,0,0,0,12,6,2,12,0,0,0,1,24,21918,6,1,0,0,3,0,66,105,0,0,0,0,0,0,0,0,0,0,39,0,0,0,3,8,40,1,1,2,1,29,3,1,17,1,1,1,88,0,0,7286
240006_2014,24,240006,2,2,1,22,1,10,24,12,6,1,0,24,1,23,401,23401,14,2004,1GKDT13S5422,1,G,K,D,T,1,3,S,5,4,2,2,0,0,0,000000000,00000000000,0,0,0,1,0,0,0,0,0,0,0,998,0,0,0,9,6,2,12,0,0,0,1,24,21001,6,1,0,0,3,0,67,185,0,0,0,0,0,0,0,0,0,0,0,0,0,0,3,8,40,1,1,2,1,29,3,1,66,1,1,1,89,1,0,7287
240007_2014,24,240007,1,2,1,4,1,4,16,12,1,1,0,51,1,54,35,54035,4,1996,JH4KA965XTC0,J,H,4,K,A,9,6,5,X,T,C,0,0,0,0,000000000,00000000000,0,0,0,1,0,0,0,0,0,0,0,998,0,0,0,12,6,2,42,0,0,0,1,51,22191,6,1,0,0,3,0,72,240,0,0,0,0,0,0,0,0,0,3,0,0,0,0,3,3,45,1,1,2,1,0,0,1,51,7,1,1,24,1,1,7288
240007_2014,24,240007,2,2,1,4,1,4,16,12,1,1,0,24,1,12,422,12422,15,1999,1FMRU17L1XLB,1,F,M,R,U,1,7,L,1,X,L,B,0,0,0,000000000,00000000000,0,0,0,1,0,0,0,0,0,0,0,998,0,0,0,6,4,5,12,0,0,0,1,24,20601,6,1,6,0,3,0,71,220,0,1,0,0,0,5,2013,5,2013,0,0,0,0,0,3,3,45,1,1,2,1,0,0,1,53,1,1,1,25,0,0,7289
240008_2014,24,240008,1,1,2,27,1,21,41,8,0,1,0,24,2,51,43,51043,6,1998,YV1LW5575W24,Y,V,1,L,W,5,5,7,5,W,2,4,0,0,0,000000000,00000000000,0,0,0,1,0,0,0,0,0,0,0,998,0,0,0,12,2,3,8,0,0,0,1,24,20772,6,1,0,0,3,2,66,225,0,1,1,0,0,2,2012,10,2013,0,74,0,0,0,2,2,55,1,1,2,1,0,0,1,80,1,1,1,13,0,0,7290
240010_2014,24,240010,1,1,1,9,1,14,59,35,0,1,0,24,1,2,404,2404,14,2004,1J4GW48S74C3,1,J,4,G,W,4,8,S,7,4,C,3,0,0,0,000000000,00000000000,0,0,0,1,0,0,0,0,0,0,0,998,0,0,0,12,6,2,35,0,0,0,1,24,21520,6,1,6,0,3,0,68,240,0,0,0,0,0,0,0,0,0,0,99,99,99,99,1,2,55,1,1,2,1,0,0,1,12,6,1,4,6,1,1,7291
240011_2014,24,240011,1,1,1,3,1,21,8,8,0,1,0,24,2,30,40,30040,4,1999,3VWSC29M8XM0,3,V,W,S,C,2,9,M,8,X,M,0,0,0,0,000000000,00000000000,0,0,0,1,0,0,0,0,0,0,0,998,0,0,0,12,6,2,8,0,0,0,1,24,21244,6,1,0,0,3,0,72,250,0,0,0,0,0,0,0,0,0,0,0,0,0,0,2,3,35,1,1,2,1,2,3,1,80,1,1,1,13,0,0,7292
240012_2014,24,240012,1,1,1,10,1,20,14,8,0,1,0,24,1,55,35,55035,4,2003,KMHDN45D23U6,K,M,H,D,N,4,5,D,2,3,U,6,0,0,0,000000000,00000000000,0,0,0,1,0,0,0,0,0,0,0,998,0,0,0,12,6,2,8,0,0,0,1,24,20772,6,1,0,0,3,0,63,132,0,0,0,1,0,11,2012,11,2012,0,0,0,0,0,4,3,55,1,1,2,2,0,0,1,80,1,1,1,13,0,0,7293
240013_2014,24,240013,1,2,2,15,1,9,1,12,6,1,0,24,1,34,34,34034,2,1990,WBAAA2312LAE,W,B,A,A,A,2,3,1,2,L,A,E,0,0,0,000000000,00000000000,0,0,0,1,0,0,0,0,0,0,0,998,0,0,0,1,6,2,12,0,0,0,1,24,21045,6,1,0,0,3,0,70,165,0,0,0,0,0,0,0,0,0,0,28,0,0,0,1,2,40,1,6,2,2,0,0,3,8,99,4,2,64,2,0,7294
240013_2014,24,240013,2,2,1,15,1,9,1,12,6,1,0,24,2,20,25,20025,4,2012,1G1PF5SC9C72,1,G,1,P,F,5,S,C,9,C,7,2,0,0,0,000000000,00000000000,0,0,0,1,0,0,0,0,0,0,0,998,0,0,0,12,6,2,12,0,0,0,1,24,21061,6,1,0,0,3,0,64,195,0,0,0,0,0,0,0,0,0,0,0,0,0,0,1,2,40,1,6,2,2,0,0,1,62,1,1,1,65,0,0,7295