st_case_year,STATE,ST_CASE,VEH_NO,VE_FORMS,NUMOCCS,DAY,MONTH,HOUR,MINUTE,HARM_EV,MAN_COLL,UNITTYPE,HIT_RUN,REG_STAT,OWNER,MAKE,MODEL,MAK_MOD,BODY_TYP,MOD_YEAR,VIN,VIN_1,VIN_2,VIN_3,VIN_4,VIN_5,VIN_6,VIN_7,VIN_8,VIN_9,VIN_10,VIN_11,VIN_12,TOW_VEH,J_KNIFE,MCARR_I1,MCARR_I2,MCARR_ID,GVWR,V_CONFIG,CARGO_BT,HAZ_INV,HAZ_PLAC,HAZ_ID,HAZ_CNO,HAZ_REL,BUS_USE,SPEC_USE,EMER_USE,TRAV_SP,UNDERIDE,ROLLOVER,ROLINLOC,IMPACT1,DEFORMED,TOWED,M_HARM,VEH_SC1,VEH_SC2,FIRE_EXP,DR_PRES,L_STATE,DR_ZIP,L_STATUS,L_TYPE,CDL_STAT,L_ENDORS,L_COMPL,L_RESTRI,DR_HGT,DR_WGT,PREV_ACC,PREV_SUS,PREV_DWI,PREV_SPD,PREV_OTH,FIRST_MO,FIRST_YR,LAST_MO,LAST_YR,SPEEDREL,DR_SF1,DR_SF2,DR_SF3,DR_SF4,VTRAFWAY,VNUM_LAN,VSPD_LIM,VALIGN,VPROFILE,VPAVETYP,VSURCOND,VTRAFCON,VTCONT_F,P_CRASH1,P_CRASH2,P_CRASH3,PCRASH4,PCRASH5,ACC_TYPE,DEATHS,DR_DRINK,idno
240054_2014,24,240054,1,1,1,7,3,4,30,8,0,1,0,24,1,20,481,20481,31,2006,1GCEK14V56E2,1,G,C,E,K,1,4,V,5,6,E,2,0,0,0,000000000,00000000000,0,0,0,1,0,0,0,0,0,0,0,998,0,0,0,11,4,5,8,0,0,0,1,24,21060,6,1,0,0,3,0,69,200,0,0,0,0,0,0,0,0,0,0,0,0,0,0,3,3,45,1,3,2,1,3,3,1,80,9,1,1,13,0,0,7353
240055_2014,24,240055,1,2,1,8,3,22,40,12,6,1,0,24,5,73,706,73706,80,2008,JKAZX4J168A0,J,K,A,Z,X,4,J,1,6,8,A,0,0,0,0,000000000,00000000000,0,0,0,1,0,0,0,0,0,0,0,998,0,0,0,12,6,2,12,0,0,0,1,24,20794,0,0,0,0,0,0,999,999,0,0,0,0,0,0,0,0,0,3,36,0,0,0,3,3,40,1,1,2,1,0,0,1,62,1,1,1,69,1,0,7354
240055_2014,24,240055,2,2,1,8,3,22,40,12,6,1,0,24,2,38,402,38402,14,2000,4S2DM58W0Y43,4,S,2,D,M,5,8,W,0,Y,4,3,0,0,0,000000000,00000000000,0,0,0,1,0,0,0,0,0,0,0,998,0,0,0,3,6,2,12,0,0,0,1,24,20723,6,1,0,0,3,0,69,185,0,0,0,0,0,0,0,0,0,0,0,0,0,0,3,3,40,1,1,2,1,0,0,11,15,1,1,1,68,0,0,7355
240056_2014,24,240056,1,3,1,11,3,11,22,12,1,1,0,54,1,12,481,12481,31,2010,1FTWW3BRXAEB,1,F,T,W,W,3,B,R,X,A,E,B,0,0,0,000000000,00000000000,0,0,0,1,0,0,0,0,0,0,0,998,0,0,0,12,6,2,12,0,0,1,1,54,25403,6,1,6,0,3,0,72,245,0,0,0,0,0,0,0,0,0,4,26,0,0,0,2,2,65,1,1,2,1,0,0,1,51,1,1,1,24,0,0,7356
240056_2014,24,240056,2,3,2,11,3,11,22,12,1,1,0,54,1,2,405,2405,14,2004,1J4GL48K04W2,1,J,4,G,L,4,8,K,0,4,W,2,0,0,0,000000000,00000000000,0,0,0,1,0,0,0,0,0,0,0,998,0,0,0,6,6,2,2,0,0,1,1,54,25419,6,1,6,0,3,0,66,190,0,0,0,0,0,0,0,0,0,0,0,0,0,0,2,2,65,1,1,2,1,0,0,1,53,1,1,1,25,2,0,7357
240056_2014,24,240056,3,3,1,11,3,11,22,12,1,1,0,24,1,20,401,20401,14,1994,1GNEK18K2RJ4,1,G,N,E,K,1,8,K,2,R,J,4,0,0,0,000000000,00000000000,0,0,0,1,0,0,0,0,0,0,0,998,0,0,0,6,4,3,12,0,0,0,1,24,21740,6,1,0,0,3,0,71,158,0,0,0,0,0,0,0,0,0,0,0,0,0,0,2,2,65,1,1,2,1,0,0,1,60,1,1,1,98,0,0,7358
240057_2014,24,240057,1,3,1,8,3,11,56,12,2,1,0,24,1,12,401,12401,14,2004,1FMZU73W44ZB,1,F,M,Z,U,7,3,W,4,4,Z,B,0,0,0,000000000,00000000000,0,0,0,1,0,0,0,0,0,0,0,998,0,0,0,12,6,2,12,0,0,0,1,24,21701,6,1,0,0,3,0,75,240,0,0,0,0,0,0,0,0,0,0,0,0,0,0,2,4,65,2,1,2,1,0,0,1,12,99,9,6,50,1,0,7359
240057_2014,24,240057,2,3,2,8,3,11,56,12,2,1,0,24,1,49,46,49046,4,2012,JTDKN3DU0C15,J,T,D,K,N,3,D,U,0,C,1,5,0,0,0,000000000,00000000000,0,0,0,1,0,0,0,0,0,0,0,998,0,0,0,12,6,2,24,0,0,0,1,24,21074,6,1,0,0,3,0,72,195,0,0,0,0,0,0,0,0,0,0,0,0,0,0,2,4,65,2,1,2,1,0,0,1,64,1,1,1,51,1,0,7360
240057_2014,24,240057,3,3,3,8,3,11,56,12,2,1,0,24,1,37,421,37421,15,2013,5FNYF4H4XDB0,5,F,N,Y,F,4,H,4,X,D,B,0,0,0,0,000000000,00000000000,0,0,0,1,0,0,0,0,0,0,0,998,0,0,0,12,6,2,24,0,0,0,1,24,21755,6,1,0,0,3,0,65,140,0,0,0,0,0,0,0,0,0,0,0,0,0,0,2,4,65,2,1,2,1,0,0,1,60,1,1,1,98,0,0,7361
240058_2014,24,240058,1,2,1,15,3,15,38,12,1,1,0,24,1,37,706,37706,80,2007,JH2SC57037M3,J,H,2,S,C,5,7,0,3,7,M,3,0,0,0,000000000,00000000000,0,0,0,1,0,0,0,0,0,0,0,998,0,0,0,12,6,2,12,0,0,0,1,24,20723,6,1,0,0,3,0,72,210,0,0,0,0,0,0,0,0,0,0,99,99,99,99,1,2,35,2,1,2,1,0,0,14,51,99,9,1,32,1,0,7362
240058_2014,24,240058,2,2,1,15,3,15,38,12,1,1,0,24,1,42,401,42401,14,2005,4JGAB75E95A5,4,J,G,A,B,7,5,E,9,5,A,5,0,0,0,000000000,00000000000,0,0,0,1,0,0,0,0,0,0,0,998,0,0,0,6,4,3,12,0,0,0,1,24,20852,6,1,0,0,3,0,65,119,0,0,0,0,0,0,0,0,0,0,0,0,0,0,1,2,35,2,1,2,1,0,0,10,53,1,1,1,32,0,0,7363
240059_2014,24,240059,1,1,1,18,3,4,12,8,0,1,1,99,9,99,999,99999,99,9999,999999999999,9,9,9,9,9,9,9,9,9,9,9,9,0,0,0,000000000,00000000000,0,0,0,1,0,0,0,0,0,0,0,998,0,0,0,99,9,5,8,0,0,0,1,99,99999,9,9,99,9,9,9,999,999,99,99,99,99,99,99,9999,99,9999,9,99,99,99,99,2,2,35,1,2,2,1,0,0,1,80,99,9,1,13,0,0,7364
240060_2014,24,240060,1,3,1,21,3,17,5,12,2,1,0,24,1,37,32,37032,4,2013,1HGCR2E36DA1,1,H,G,C,R,2,E,3,6,D,A,1,0,0,0,000000000,00000000000,0,0,0,1,0,0,0,0,0,0,0,998,0,0,0,12,6,2,12,0,0,0,1,24,21015,6,1,0,0,3,0,66,280,0,0,0,0,1,5,2013,5,2013,0,28,0,0,0,1,2,40,3,1,2,1,0,0,14,10,1,1,2,50,1,0,7365
240060_2014,24,240060,2,3,1,21,3,17,5,12,2,1,0,42,1,12,481,12481,31,1999,2FTPX28L0XCA,2,F,T,P,X,2,8,L,0,X,C,A,0,0,0,000000000,00000000000,0,0,0,1,0,0,0,0,0,0,0,998,0,0,0,12,6,2,12,0,0,0,1,42,17321,6,1,0,0,3,0,69,999,0,0,0,0,0,0,0,0,0,0,0,0,0,0,1,2,40,3,1,2,1,0,0,14,62,1,1,1,51,0,0,7366
240060_2014,24,240060,3,3,2,21,3,17,5,12,2,1,0,24,3,49,32,49032,4,2014,2T1BURHEXEC0,2,T,1,B,U,R,H,E,X,E,C,0,0,0,0,000000000,00000000000,0,0,0,1,0,0,0,0,0,0,0,998,0,0,0,12,6,2,12,0,0,0,1,24,21160,6,1,0,0,3,0,67,115,0,0,0,0,0,0,0,0,0,0,0,0,0,0,1,2,40,3,1,2,1,0,0,14,62,1,1,1,98,0,0,7367
240061_2014,24,240061,1,1,1,28,3,8,12,42,0,1,0,24,1,7,422,7422,15,2004,1D8HB58D84F1,1,D,8,H,B,5,8,D,8,4,F,1,0,0,0,000000000,00000000000,0,0,0,1,0,0,0,0,0,0,0,998,0,0,0,12,6,2,42,0,0,0,1,24,20721,6,1,0,0,3,0,68,200,0,0,0,0,0,0,0,0,0,0,0,0,0,0,3,2,55,1,1,2,1,0,0,1,12,1,1,4,6,1,0,7368
240062_2014,24,240062,1,2,1,23,3,20,33,12,2,1,0,42,1,22,2,22002,4,1996,1G2HX52K1TH2,1,G,2,H,X,5,2,K,1,T,H,2,0,0,0,000000000,00000000000,0,0,0,1,0,0,0,0,0,0,0,998,0,0,0,12,6,2,12,0,0,0,1,42,16240,6,1,0,0,3,0,72,999,0,0,0,0,0,0,0,0,0,0,51,39,0,0,3,2,65,1,1,2,1,0,0,1,54,1,1,1,52,1,1,7369
240062_2014,24,240062,2,2,3,23,3,20,33,12,2,1,0,51,3,20,481,20481,31,2014,3GCUKREC5EG2,3,G,C,U,K,R,E,C,5,E,G,2,0,0,0,000000000,00000000000,0,0,0,1,0,0,0,0,0,0,0,998,0,0,0,12,6,2,12,0,0,0,1,37,27344,6,1,0,0,3,0,69,999,0,0,0,0,0,0,0,0,0,0,0,0,0,0,3,2,65,1,1,2,1,0,0,1,54,99,9,1,52,0,0,7370
240063_2014,24,240063,1,1,1,25,3,17,40,35,0,1,0,24,3,98,890,98890,66,2006,2FWBA3CG46AV,2,F,W,B,A,3,C,G,4,6,A,V,1,3,57,00463514,5700463514,3,6,6,1,0,0,0,0,0,0,0,998,0,1,5,12,6,2,1,0,0,0,1,24,21050,6,1,6,0,3,0,70,170,0,0,0,0,0,0,0,0,0,4,0,0,0,0,6,1,35,2,6,2,3,0,0,14,6,1,9,4,7,1,0,7371
240064_2014,24,240064,1,1,1,26,3,4,46,33,0,1,0,24,1,7,472,7472,31,1994,1B7FL26X8RW1,1,B,7,F,L,2,6,X,8,R,W,1,0,0,0,000000000,00000000000,0,0,0,1,0,0,0,0,0,0,0,998,0,2,1,11,6,2,1,0,0,0,1,24,20721,6,1,0,0,3,0,68,200,0,0,0,0,0,0,0,0,0,0,87,0,0,0,3,3,50,1,1,2,4,0,0,1,5,99,5,4,7,1,0,7372
240065_2014,24,240065,1,2,1,27,3,15,2,12,2,1,0,24,1,12,13,12013,6,1993,3FAPP15J8PR2,3,F,A,P,P,1,5,J,8,P,R,2,0,0,0,000000000,00000000000,0,0,0,1,0,0,0,0,0,0,0,998,0,0,0,12,6,2,12,0,0,0,1,24,21920,6,1,0,0,3,0,71,170,0,3,0,1,0,8,2012,1,2014,0,28,0,0,0,1,2,50,1,5,2,1,0,0,1,10,1,1,2,50,1,0,7373
240065_2014,24,240065,2,2,1,27,3,15,2,12,2,1,0,10,1,6,52,6052,6,2008,3A8FY48B28T2,3,A,8,F,Y,4,8,B,2,8,T,2,0,0,0,000000000,00000000000,0,0,0,1,0,0,0,0,0,0,0,998,0,0,0,12,6,2,12,0,0,0,1,10,19711,6,1,6,0,3,0,71,200,0,0,0,0,0,0,0,0,0,0,0,0,0,0,1,2,50,1,5,2,1,0,0,1,62,1,1,1,51,0,0,7374
240066_2014,24,240066,1,1,3,29,3,4,3,42,0,1,0,24,1,52,46,52046,4,2011,JA32W8FV8BU0,J,A,3,2,W,8,F,V,8,B,U,0,0,0,0,000000000,00000000000,0,0,0,1,0,0,0,0,0,0,0,998,0,0,0,10,6,2,42,0,0,0,1,24,21206,6,1,0,0,3,0,71,220,0,0,0,0,0,0,0,0,0,3,0,0,0,0,1,2,30,2,1,2,2,0,0,14,6,1,3,4,7,1,1,7375
240067_2014,24,240067,1,6,1,18,3,15,14,12,1,1,0,24,3,86,890,86890,63,2005,1M2AG11C45M0,1,M,2,A,G,1,1,C,4,5,M,0,0,0,57,00528441,5700528441,3,2,5,1,0,0,0,0,0,0,0,998,0,0,0,12,6,2,12,0,0,0,1,24,21117,6,1,6,0,3,0,69,200,0,0,0,0,0,0,0,0,0,0,0,0,0,0,3,2,55,1,1,2,1,0,0,1,50,1,1,1,20,0,0,7376
240067_2014,24,240067,2,6,1,18,3,15,14,12,1,1,0,24,1,49,472,49472,30,2003,5TEVL52N03Z2,5,T,E,V,L,5,2,N,0,3,Z,2,0,0,0,000000000,00000000000,0,0,0,1,0,0,0,0,0,0,0,0,0,0,0,6,6,2,12,0,0,0,1,24,21122,6,1,0,0,3,0,71,140,0,0,0,0,0,0,0,0,0,0,0,0,0,0,3,2,55,1,1,2,1,0,0,5,53,1,1,1,21,1,0,7377
240067_2014,24,240067,3,6,1,18,3,15,14,12,1,1,0,24,2,12,422,12422,15,2004,1FMRU15W94LA,1,F,M,R,U,1,5,W,9,4,L,A,0,0,0,000000000,00000000000,0,0,0,1,0,0,0,0,0,0,0,0,0,0,0,6,6,2,12,0,0,0,1,24,21060,6,1,0,0,3,0,66,125,0,0,0,0,0,0,0,0,0,0,0,0,0,0,3,2,55,1,1,2,1,0,0,5,53,1,1,1,98,0,0,7378
240067_2014,24,240067,4,6,1,18,3,15,14,12,1,1,0,24,3,20,482,20482,31,2010,3GNVKGE06AG1,3,G,N,V,K,G,E,0,6,A,G,1,0,0,0,000000000,00000000000,0,0,0,1,0,0,0,0,0,0,0,0,0,0,0,6,6,2,12,0,0,0,1,24,21122,6,1,0,0,3,0,71,155,0,0,0,0,0,0,0,0,0,0,0,0,0,0,3,2,55,1,1,2,1,0,0,5,53,1,1,1,98,0,0,7379
240067_2014,24,240067,5,6,2,18,3,15,14,12,1,1,0,24,1,6,441,6441,20,2014,2C4RC1BGXER2,2,C,4,R,C,1,B,G,X,E,R,2,0,0,0,000000000,00000000000,0,0,0,1,0,0,0,0,0,0,0,0,0,0,0,6,6,2,12,0,0,0,1,24,21122,6,1,0,0,3,0,60,115,0,0,0,0,0,0,0,0,0,0,0,0,0,0,3,2,55,1,1,2,1,0,0,5,53,1,1,1,98,0,0,7380
240067_2014,24,240067,6,6,1,18,3,15,14,12,1,1,0,24,1,2,404,2404,14,1996,1J4FJ68S0TL1,1,J,4,F,J,6,8,S,0,T,L,1,0,0,0,000000000,00000000000,0,0,0,1,0,0,0,0,0,0,0,0,0,1,1,6,6,2,1,0,0,0,1,24,20794,1,1,0,0,2,2,64,155,0,1,0,0,2,9,2012,3,2014,0,74,0,0,0,3,2,55,1,1,2,1,0,0,5,53,1,1,1,98,0,0,7381
240068_2014,24,240068,1,2,1,31,3,11,16,12,1,1,0,24,3,87,890,87890,66,2005,1XPFDB0X55N8,1,X,P,F,D,B,0,X,5,5,N,8,1,1,57,273092,57273092,3,6,1,1,0,0,0,0,0,0,0,998,0,0,0,12,6,2,2,0,0,1,1,42,17314,6,1,6,0,3,0,68,999,0,0,0,0,0,0,0,0,0,0,26,0,0,0,3,4,65,1,1,2,1,0,0,1,61,1,1,1,32,1,0,7382
240068_2014,24,240068,2,2,1,31,3,11,16,12,1,1,0,24,3,87,890,87890,62,2006,1NPAL0EX46N8,1,N,P,A,L,0,E,X,4,6,N,8,0,0,57,273092,57273092,2,1,4,2,8,8888,88,8,0,0,0,998,0,0,0,6,6,2,12,0,0,0,1,24,21028,6,1,6,0,3,0,68,165,0,0,0,0,0,0,0,0,0,0,0,0,0,0,3,4,65,1,1,2,1,0,0,16,51,1,1,1,32,0,0,7383
240069_2014,24,240069,1,2,1,2,4,18,26,12,8,1,0,24,2,55,38,55038,4,2005,KMHFU45E95A3,K,M,H,F,U,4,5,E,9,5,A,3,0,0,0,000000000,00000000000,0,0,0,1,0,0,0,0,0,0,0,998,0,0,0,10,6,2,12,0,0,0,1,24,21863,6,1,0,0,3,0,67,138,0,0,0,0,0,0,0,0,0,3,28,0,0,0,1,2,50,3,1,2,1,0,0,14,10,99,9,2,64,1,1,7384
240069_2014,24,240069,2,2,3,2,4,18,26,12,8,1,0,24,2,20,24,20024,6,2011,1GNKVGED5BJ1,1,G,N,K,V,G,E,D,5,B,J,1,0,0,0,000000000,00000000000,0,0,0,1,0,0,0,0,0,0,0,998,0,0,0,11,6,2,12,0,0,0,1,24,21811,6,1,0,0,3,0,63,130,0,0,0,0,0,0,0,0,0,0,0,0,0,0,1,2,50,3,1,2,1,0,0,14,62,99,9,1,65,0,0,7385
240070_2014,24,240070,1,1,1,3,4,3,37,8,0,1,0,24,3,12,16,12016,4,2009,2FAHP71V59X1,2,F,A,H,P,7,1,V,5,9,X,1,0,0,0,000000000,00000000000,0,0,0,1,0,0,0,0,0,5,0,998,0,0,0,1,4,5,8,0,0,0,1,54,25404,6,1,0,0,3,0,68,170,0,0,0,0,0,0,0,0,0,0,0,0,0,0,3,4,45,1,1,2,1,0,0,1,80,1,1,1,13,0,0,7386
240071_2014,24,240071,1,1,1,7,4,1,40,41,0,1,0,24,1,52,37,52037,3,2004,4A3AE45G44E1,4,A,3,A,E,4,5,G,4,4,E,1,0,0,0,000000000,00000000000,0,0,0,1,0,0,0,0,0,0,0,998,0,0,0,12,6,2,42,0,0,0,1,24,21015,6,1,0,0,3,0,71,155,0,0,0,0,0,0,0,0,0,0,0,0,0,0,3,3,65,3,1,2,1,0,0,1,11,1,1,4,1,1,0,7387
240072_2014,24,240072,1,2,1,11,4,22,17,8,0,1,0,24,2,49,32,49032,4,2010,1NXBU4EE2AZ3,1,N,X,B,U,4,E,E,2,A,Z,3,0,0,0,000000000,00000000000,0,0,0,1,0,0,0,0,0,0,0,998,0,0,0,12,6,2,8,0,0,0,1,24,20616,6,1,0,0,3,0,63,150,0,0,0,0,0,0,0,0,0,0,0,0,0,0,3,2,30,1,1,2,1,3,3,1,80,1,1,1,13,0,0,7388
240072_2014,24,240072,2,2,1,11,4,22,17,8,0,1,0,24,3,2,404,2404,14,2010,1J4BA5H19AL2,1,J,4,B,A,5,H,1,9,A,L,2,0,0,0,000000000,00000000000,0,0,0,1,0,0,0,0,0,0,0,998,0,0,0,12,2,5,8,0,0,0,1,37,28269,1,1,2,0,2,2,72,999,0,1,0,0,1,7,2012,2,2013,0,74,0,0,0,3,2,30,1,1,2,1,3,3,1,80,1,1,1,98,0,0,7389
240073_2014,24,240073,1,3,1,11,4,14,21,12,2,1,0,24,3,84,884,84884,62,2010,1HTJTSKL1AH1,1,H,T,J,T,S,K,L,1,A,H,1,0,0,88,888888888,88888888888,2,2,8,1,0,0,0,0,0,0,0,998,0,0,0,12,4,3,12,0,0,0,1,24,21015,6,1,0,0,2,2,70,200,0,0,0,0,0,0,0,0,0,0,28,74,0,0,5,2,45,1,1,2,1,0,0,1,10,1,1,2,50,0,0,7390
240073_2014,24,240073,2,3,1,11,4,14,21,12,2,1,0,24,1,7,442,7442,20,1999,2B4FP2532XR2,2,B,4,F,P,2,5,3,2,X,R,2,0,0,0,000000000,00000000000,0,0,0,1,0,0,0,0,0,0,0,998,0,0,0,12,6,2,12,0,0,0,1,24,21001,6,1,0,0,3,0,67,175,0,0,0,0,0,0,0,0,0,0,0,0,0,0,5,2,45,1,1,2,1,0,0,1,62,1,1,1,51,1,0,7391
240073_2014,24,240073,3,3,1,11,4,14,21,12,2,1,0,24,2,2,405,2405,14,2003,1J4GL48K13W7,1,J,4,G,L,4,8,K,1,3,W,7,0,0,0,000000000,00000000000,0,0,0,1,0,0,0,0,0,0,0,998,0,0,0,1,6,2,12,0,0,0,1,47,37211,6,1,0,0,3,0,66,284,0,0,0,0,0,0,0,0,0,0,0,0,0,0,5,2,45,1,1,2,1,0,0,1,62,99,9,1,98,0,0,7392
240074_2014,24,240074,1,1,1,10,2,10,3,8,0,1,0,42,1,20,481,20481,31,2003,1GCGK13U33F2,1,G,C,G,K,1,3,U,3,3,F,2,0,0,0,000000000,00000000000,0,0,0,1,0,0,0,0,0,0,0,998,0,0,0,12,2,5,8,0,0,0,1,42,17352,6,1,0,0,3,0,66,999,0,0,0,0,0,0,0,0,0,9,39,0,0,0,3,2,25,1,1,2,1,20,3,11,80,1,1,1,13,0,0,7393
240075_2014,24,240075,1,1,1,20,3,16,10,8,0,1,0,24,1,35,39,35039,4,2006,1N4BA41E66C8,1,N,4,B,A,4,1,E,6,6,C,8,0,0,0,000000000,00000000000,0,0,0,1,0,0,0,0,0,0,0,998,0,0,0,12,6,2,8,0,0,0,1,24,21117,6,1,0,0,3,0,63,100,0,0,0,0,0,0,0,0,0,0,28,39,0,0,5,4,40,1,1,2,1,0,0,1,80,1,1,1,13,0,0,7394
240076_2014,24,240076,1,2,2,30,1,21,30,12,2,1,0,24,1,37,32,37032,4,2007,1HGCM55157A1,1,H,G,C,M,5,5,1,5,7,A,1,0,0,0,000000000,00000000000,0,0,0,1,0,0,0,0,0,0,0,998,0,0,0,12,6,2,12,0,0,0,1,24,21037,6,1,0,0,3,0,68,175,0,0,0,0,0,0,0,0,0,0,39,0,0,0,1,2,40,1,1,2,1,0,0,1,19,1,1,1,90,1,0,7395
240076_2014,24,240076,2,2,1,30,1,21,30,12,2,1,0,24,1,12,401,12401,14,2004,1FMZU73E74ZB,1,F,M,Z,U,7,3,E,7,4,Z,B,0,0,0,000000000,00000000000,0,0,0,1,0,0,0,0,0,0,0,998,0,0,0,12,6,2,12,0,0,0,1,24,20737,6,1,0,0,3,0,68,200,0,0,0,1,0,6,2012,6,2012,0,0,0,0,0,1,2,40,1,1,2,1,0,0,1,68,1,1,1,90,0,0,7396
240077_2014,24,240077,1,1,1,29,3,0,39,8,0,1,1,99,9,99,999,99999,99,9999,999999999999,9,9,9,9,9,9,9,9,9,9,9,9,0,0,0,000000000,00000000000,0,0,0,1,0,0,0,0,0,0,0,998,0,0,0,12,9,5,8,0,0,0,1,99,99999,9,9,99,9,9,9,999,999,99,99,99,99,99,99,9999,99,9999,9,99,99,99,99,5,4,30,1,1,2,1,0,0,1,80,99,9,9,13,0,0,7397
240078_2014,24,240078,1,1,1,21,3,10,15,8,0,1,0,24,1,37,402,37402,14,2013,5J6RM4H32DL0,5,J,6,R,M,4,H,3,2,D,L,0,0,0,0,000000000,00000000000,0,0,0,1,0,0,0,0,0,0,0,998,0,0,0,12,4,5,8,0,0,0,1,24,21212,6,1,0,0,3,0,63,150,0,0,0,0,0,0,0,0,0,0,39,0,0,0,1,2,30,1,1,2,1,50,3,1,80,1,1,1,13,0,0,7398
240079_2014,24,240079,1,2,1,5,3,20,45,12,2,1,0,24,2,18,2,18002,4,2003,1G4HR54K63U1,1,G,4,H,R,5,4,K,6,3,U,1,0,0,0,000000000,00000000000,0,0,0,1,0,0,0,0,0,0,0,998,0,0,0,12,6,2,12,0,0,0,1,11,20020,6,1,99,9,9,9,999,999,99,99,99,99,99,99,9999,99,9999,4,28,0,0,0,1,4,30,3,1,2,1,0,0,14,10,1,1,2,50,1,0,7399
240079_2014,24,240079,2,2,1,5,3,20,45,12,2,1,0,24,1,49,40,49040,4,2004,JTDBE32K8402,J,T,D,B,E,3,2,K,8,4,0,2,0,0,0,000000000,00000000000,0,0,0,1,0,0,0,0,0,0,0,998,0,0,0,12,6,2,12,0,0,0,1,24,20866,6,1,0,0,3,0,64,120,0,0,0,0,0,0,0,0,0,0,0,0,0,0,1,4,30,3,1,2,1,0,0,14,62,99,9,2,51,0,0,7400
240080_2014,24,240080,1,1,1,5,3,23,8,33,0,1,0,24,3,35,47,35047,4,2005,1N4AL11E95C3,1,N,4,A,L,1,1,E,9,5,C,3,0,0,0,000000000,00000000000,0,0,0,1,0,0,0,0,0,0,0,998,0,0,0,14,6,2,31,0,0,0,1,11,20018,3,1,0,0,2,0,999,999,99,99,99,99,99,99,9999,99,9999,4,0,0,0,0,1,2,25,1,1,2,1,0,0,1,10,4,4,4,7,1,1,7401
240081_2014,24,240081,1,1,1,3,1,23,56,8,0,1,0,24,1,32,42,32042,4,2004,WAULT64B14N0,W,A,U,L,T,6,4,B,1,4,N,0,0,0,0,000000000,00000000000,0,0,0,1,0,0,0,0,0,0,0,998,0,0,0,12,2,5,8,0,0,0,1,24,21740,6,1,0,0,3,3,72,170,0,0,0,0,0,0,0,0,0,0,0,0,0,0,4,2,25,1,1,2,1,9,8,1,80,1,1,1,13,0,0,7402
240082_2014,24,240082,1,2,2,18,3,1,21,12,6,1,0,24,3,52,46,52046,4,2008,JA3AU26U68U0,J,A,3,A,U,2,6,U,6,8,U,0,0,0,0,000000000,00000000000,0,0,0,1,0,0,0,0,0,0,0,998,0,0,0,12,6,2,12,0,0,0,1,24,20743,6,1,0,0,3,0,72,205,0,4,0,2,3,6,2012,1,2014,3,0,0,0,0,3,2,40,1,1,2,1,0,0,1,17,1,1,1,88,0,1,7403
240082_2014,24,240082,2,2,1,18,3,1,21,12,6,1,0,24,2,35,39,35039,4,2004,1N4BA41E24C8,1,N,4,B,A,4,1,E,2,4,C,8,0,0,0,000000000,00000000000,0,0,0,1,0,0,0,0,0,0,0,998,0,0,0,10,6,2,12,0,0,0,1,24,20706,3,1,0,0,2,2,69,150,0,1,0,0,0,10,2013,10,2013,0,74,0,0,0,3,2,40,1,1,2,1,97,8,99,66,1,1,1,89,1,1,7404
240083_2014,24,240083,1,1,1,20,1,20,9,8,0,1,0,10,1,7,482,7482,31,1995,1B7KF26C2SS3,1,B,7,K,F,2,6,C,2,S,S,3,0,0,0,000000000,00000000000,0,0,0,1,0,0,0,0,0,0,0,998,0,0,0,12,2,5,8,0,0,0,1,10,19941,6,1,0,0,3,0,72,168,0,3,0,2,0,2,2012,10,2013,0,0,0,0,0,1,2,35,1,1,2,1,0,0,12,80,1,1,1,13,0,0,7405
240084_2014,24,240084,1,1,1,11,4,8,25,42,0,1,0,24,2,41,55,41055,5,2013,JM1DE1KZ1D01,J,M,1,D,E,1,K,Z,1,D,0,1,0,0,0,000000000,00000000000,0,0,0,1,0,0,0,0,0,0,0,998,0,0,0,11,6,2,42,0,0,0,1,24,21643,6,1,0,0,3,0,69,220,0,0,0,0,0,0,0,0,0,0,0,0,0,0,1,2,50,2,1,2,1,0,0,1,12,99,9,4,10,1,0,7406
240085_2014,24,240085,1,2,4,6,4,22,11,12,6,1,0,24,2,55,36,55036,4,2013,KMHCT5AE7DU0,K,M,H,C,T,5,A,E,7,D,U,0,0,0,0,000000000,00000000000,0,0,0,1,0,0,0,0,0,0,0,998,0,0,0,7,6,2,12,0,0,0,1,24,20744,6,2,0,0,3,1,67,165,0,0,0,0,0,0,0,0,0,0,38,0,0,0,0,0,0,0,0,0,0,0,0,11,16,1,1,1,98,0,0,7407
240085_2014,24,240085,2,2,1,6,4,22,11,12,6,1,0,24,2,76,706,76706,80,2007,JYARN20EX7A0,J,Y,A,R,N,2,0,E,X,7,A,0,0,0,0,000000000,00000000000,0,0,0,1,0,0,0,0,0,0,0,998,0,0,0,12,6,2,12,0,0,0,1,24,20735,6,1,0,0,3,0,67,155,0,0,0,2,0,9,2012,11,2013,0,0,0,0,0,2,3,45,1,1,2,1,0,0,1,72,99,9,1,98,1,1,7408
240086_2014,24,240086,1,1,1,11,4,21,14,42,0,1,0,10,1,23,481,23481,31,2004,1GTEC14V24Z1,1,G,T,E,C,1,4,V,2,4,Z,1,0,0,0,000000000,00000000000,0,0,0,1,0,0,0,0,0,0,0,998,0,0,0,12,6,2,42,0,0,0,1,10,19975,6,1,0,0,3,0,71,191,0,0,0,1,0,4,2012,4,2012,4,0,0,0,0,1,2,40,3,1,2,1,0,0,14,13,1,1,4,5,1,1,7409