st_case_year,STATE,ST_CASE,VEH_NO,VE_FORMS,NUMOCCS,DAY,MONTH,HOUR,MINUTE,HARM_EV,MAN_COLL,UNITTYPE,HIT_RUN,REG_STAT,OWNER,MAKE,MODEL,MAK_MOD,BODY_TYP,MOD_YEAR,VIN,VIN_1,VIN_2,VIN_3,VIN_4,VIN_5,VIN_6,VIN_7,VIN_8,VIN_9,VIN_10,VIN_11,VIN_12,TOW_VEH,J_KNIFE,MCARR_I1,MCARR_I2,MCARR_ID,GVWR,V_CONFIG,CARGO_BT,HAZ_INV,HAZ_PLAC,HAZ_ID,HAZ_CNO,HAZ_REL,BUS_USE,SPEC_USE,EMER_USE,TRAV_SP,UNDERIDE,ROLLOVER,ROLINLOC,IMPACT1,DEFORMED,TOWED,M_HARM,VEH_SC1,VEH_SC2,FIRE_EXP,DR_PRES,L_STATE,DR_ZIP,L_STATUS,L_TYPE,CDL_STAT,L_ENDORS,L_COMPL,L_RESTRI,DR_HGT,DR_WGT,PREV_ACC,PREV_SUS,PREV_DWI,PREV_SPD,PREV_OTH,FIRST_MO,FIRST_YR,LAST_MO,LAST_YR,SPEEDREL,DR_SF1,DR_SF2,DR_SF3,DR_SF4,VTRAFWAY,VNUM_LAN,VSPD_LIM,VALIGN,VPROFILE,VPAVETYP,VSURCOND,VTRAFCON,VTCONT_F,P_CRASH1,P_CRASH2,P_CRASH3,PCRASH4,PCRASH5,ACC_TYPE,DEATHS,DR_DRINK,idno
240087_2014,24,240087,1,2,1,11,4,18,16,24,0,1,0,24,1,20,4,20004,2,1964,40837S101134,4,0,8,3,7,S,1,0,1,1,3,4,0,0,0,000000000,00000000000,0,0,0,1,0,0,0,0,0,0,0,998,0,0,0,1,6,2,12,0,0,0,1,24,21234,6,1,0,0,3,0,72,195,0,0,0,0,0,0,0,0,0,4,0,0,0,0,1,2,35,2,1,2,1,0,0,14,6,9,2,4,2,1,0,7410
240087_2014,24,240087,2,2,3,11,4,18,16,24,0,1,0,24,3,12,481,12481,31,1999,1FTNX21L9XEB,1,F,T,N,X,2,1,L,9,X,E,B,1,1,0,000000000,00000000000,0,0,0,1,0,0,0,0,0,0,0,998,0,0,0,12,6,2,12,0,0,0,1,24,21224,6,1,0,0,3,0,68,145,0,0,0,0,1,7,2012,7,2012,0,0,0,0,0,1,2,35,2,1,2,1,0,0,1,62,4,1,1,98,0,0,7411
240088_2014,24,240088,1,1,1,18,4,7,0,1,0,1,0,24,3,20,880,20880,67,2002,3GBKC34G42M1,3,G,B,K,C,3,4,G,4,2,M,1,0,0,57,339370,57339370,2,1,97,1,0,0,0,0,0,0,0,998,0,2,5,0,6,2,1,0,0,0,1,24,21009,6,1,0,0,3,0,69,190,0,0,0,0,0,0,0,0,0,0,0,0,0,0,1,2,50,3,1,2,1,0,0,1,11,1,9,4,5,1,0,7412
240089_2014,24,240089,1,1,2,16,4,21,55,8,0,1,0,24,1,22,22,22022,4,2009,1G2ZJ57KX942,1,G,2,Z,J,5,7,K,X,9,4,2,0,0,0,000000000,00000000000,0,0,0,1,0,0,0,0,0,0,0,998,0,0,0,12,6,2,8,0,0,0,1,24,21158,6,1,0,0,3,0,58,155,0,0,0,0,1,1,2014,1,2014,0,0,0,0,0,3,4,45,1,1,2,1,0,0,1,80,1,1,1,13,0,0,7413
240090_2014,24,240090,1,1,1,18,4,8,50,24,0,1,0,24,1,54,38,54038,3,2002,JH4DC54852C0,J,H,4,D,C,5,4,8,5,2,C,0,0,0,0,000000000,00000000000,0,0,0,1,0,0,0,0,0,0,0,998,0,1,5,12,6,2,42,0,0,0,1,24,20769,6,1,0,0,3,0,69,160,0,0,0,0,0,0,0,0,0,3,0,0,0,0,3,2,55,1,1,2,1,0,0,1,9,99,9,4,5,1,0,7414
240091_2014,24,240091,1,1,1,13,4,1,44,8,0,1,1,24,1,41,51,41051,4,2013,JM1BL1TG9D18,J,M,1,B,L,1,T,G,9,D,1,8,0,0,0,000000000,00000000000,0,0,0,1,0,0,0,0,0,0,0,998,0,0,0,12,6,2,8,0,0,0,1,24,21220,6,1,0,0,3,0,64,167,0,0,0,0,0,0,0,0,0,0,0,0,0,0,3,2,40,1,5,2,1,2,3,1,80,1,1,1,13,0,1,7415
240092_2014,24,240092,1,3,1,12,4,19,2,12,7,1,0,24,2,53,705,53705,80,2003,JS1GN7BA4321,J,S,1,G,N,7,B,A,4,3,2,1,0,0,0,000000000,00000000000,0,0,0,1,0,0,0,0,0,0,0,998,0,0,0,11,6,2,12,0,0,0,1,24,21224,6,1,0,0,3,0,67,140,0,0,0,1,2,5,2012,11,2013,3,27,36,0,0,3,6,65,2,1,2,1,0,0,15,10,1,1,2,47,1,1,7416
240092_2014,24,240092,2,3,1,12,4,19,2,12,7,1,0,24,1,30,402,30402,14,2012,WVGAV7AX9CW5,W,V,G,A,V,7,A,X,9,C,W,5,0,0,0,000000000,00000000000,0,0,0,1,0,0,0,0,0,0,0,998,0,0,0,2,4,8,12,0,0,0,1,24,20770,6,1,0,0,3,3,73,180,0,0,0,0,0,0,0,0,0,0,0,0,0,0,3,6,65,2,1,2,1,0,0,1,63,1,1,1,45,0,0,7417
240092_2014,24,240092,3,3,1,12,4,19,2,12,7,1,0,42,3,51,881,51881,66,2013,4V4NC9EH8DN1,4,V,4,N,C,9,E,H,8,D,N,1,1,1,57,01848462,5701848462,3,6,1,1,0,0,0,0,0,0,0,998,0,0,0,98,0,5,54,0,0,0,1,42,19030,6,1,6,0,3,0,72,999,0,0,0,1,0,9,2012,9,2012,0,0,0,0,0,3,6,65,2,1,2,1,0,0,1,98,1,1,1,98,0,0,7418
240093_2014,24,240093,1,2,1,19,4,0,14,12,2,1,0,24,2,7,482,7482,31,2002,3D7HU18Z32G1,3,D,7,H,U,1,8,Z,3,2,G,1,0,0,0,000000000,00000000000,0,0,0,1,0,0,0,0,0,0,0,998,0,0,0,12,6,2,12,0,0,0,1,24,21617,6,1,0,0,3,3,74,310,0,0,0,0,0,0,0,0,0,0,28,36,0,0,1,2,50,1,1,2,1,0,0,1,10,1,1,2,50,0,1,7419
240093_2014,24,240093,2,2,1,19,4,0,14,12,2,1,0,24,1,12,401,12401,14,1996,1FMDU35P3TZB,1,F,M,D,U,3,5,P,3,T,Z,B,0,0,0,000000000,00000000000,0,0,0,1,0,0,0,0,0,0,0,998,0,1,1,12,6,2,12,0,0,0,1,24,21625,6,1,0,0,3,0,71,190,0,0,0,0,1,3,2012,3,2012,0,0,0,0,0,1,2,50,1,1,2,1,0,0,1,62,1,1,1,51,1,1,7420
240094_2014,24,240094,1,2,1,20,4,12,4,12,6,1,0,24,1,12,471,12471,31,1989,1FTCR10AXKUA,1,F,T,C,R,1,0,A,X,K,U,A,0,0,0,000000000,00000000000,0,0,0,1,0,0,0,0,0,0,0,998,0,0,0,11,6,2,12,0,0,0,1,24,21783,6,1,0,0,3,0,66,165,0,0,0,0,0,0,0,0,0,0,38,0,0,0,9,8,98,8,8,8,1,0,0,1,17,1,1,1,89,1,0,7421
240094_2014,24,240094,2,2,3,20,4,12,4,12,6,1,0,24,1,12,401,12401,14,2001,1FMZU83P51UB,1,F,M,Z,U,8,3,P,5,1,U,B,0,0,0,000000000,00000000000,0,0,0,1,0,0,0,0,0,0,0,998,0,0,0,12,6,2,12,0,0,0,1,24,21788,6,1,0,0,3,0,64,180,0,1,0,1,1,3,2012,8,2012,0,0,0,0,0,3,3,55,1,6,2,1,0,0,1,66,1,1,1,88,0,0,7422
240095_2014,24,240095,1,1,1,17,4,4,4,30,0,1,0,24,1,22,16,22016,2,2002,1G2JB1240271,1,G,2,J,B,1,2,4,0,2,7,1,0,0,0,000000000,00000000000,0,0,0,1,0,0,0,0,0,0,0,998,0,1,5,12,6,2,30,0,0,0,1,24,20904,6,1,0,0,3,0,70,220,0,0,0,0,0,0,0,0,0,9,99,99,99,99,1,2,50,1,1,2,1,0,0,1,12,1,9,4,10,1,0,7423
240096_2014,24,240096,1,1,1,27,4,5,41,59,0,1,0,24,1,20,471,20471,30,1999,1GCCS1444X81,1,G,C,C,S,1,4,4,4,X,8,1,0,0,0,000000000,00000000000,0,0,0,1,0,0,0,0,0,0,0,998,0,1,1,12,6,2,1,0,0,0,1,24,21750,6,1,0,0,3,0,72,175,0,0,0,0,0,0,0,0,0,4,58,0,0,0,6,1,98,2,5,2,1,0,0,14,6,99,9,4,7,1,1,7424
240097_2014,24,240097,1,1,1,29,4,2,27,1,0,1,0,24,1,2,403,2403,14,2000,1J4GW58N1YC1,1,J,4,G,W,5,8,N,1,Y,C,1,0,0,0,000000000,00000000000,0,0,0,1,0,0,0,0,0,0,0,998,0,2,6,0,6,2,1,0,0,0,1,24,21740,6,1,0,0,3,0,74,255,0,0,0,0,0,0,0,0,0,4,0,0,0,0,1,2,35,1,1,2,1,0,0,1,12,1,1,4,6,1,1,7425
240098_2014,24,240098,1,1,2,28,4,21,20,42,0,1,0,24,2,35,43,35043,4,2004,3N1CB51D04L8,3,N,1,C,B,5,1,D,0,4,L,8,0,0,0,000000000,00000000000,0,0,0,1,0,0,0,0,0,0,0,998,0,0,0,11,6,2,42,0,0,0,1,24,21160,6,1,0,0,3,3,76,200,0,0,0,0,0,0,0,0,0,4,58,0,0,0,1,2,30,1,6,2,2,0,0,1,6,6,9,4,1,1,1,7426
240099_2014,24,240099,1,2,1,9,4,14,27,12,1,1,0,24,1,12,17,12017,4,2013,1FAHP2E87DG1,1,F,A,H,P,2,E,8,7,D,G,1,0,0,0,000000000,00000000000,0,0,0,1,0,0,0,0,0,0,0,998,0,0,0,12,6,2,12,0,0,0,1,24,20657,6,1,0,0,3,0,65,179,0,0,0,1,0,6,2012,6,2012,4,26,0,0,0,1,4,40,1,1,2,1,0,0,1,50,1,1,1,20,1,0,7427
240099_2014,24,240099,2,2,1,9,4,14,27,12,1,1,0,24,1,49,40,49040,4,2009,4T1BK46KX9U5,4,T,1,B,K,4,6,K,X,9,U,5,0,0,0,000000000,00000000000,0,0,0,1,0,0,0,0,0,0,0,0,0,0,0,6,6,2,12,0,0,0,1,24,20659,6,1,0,0,3,3,68,170,0,0,0,0,0,0,0,0,0,0,0,0,0,0,1,4,40,1,1,2,1,0,0,5,53,1,1,1,21,0,0,7428
240100_2014,24,240100,1,2,1,29,4,14,38,12,6,1,0,24,1,37,31,37031,4,2010,2HGFA1F34AH5,2,H,G,F,A,1,F,3,4,A,H,5,0,0,0,000000000,00000000000,0,0,0,1,0,0,0,0,0,0,0,998,0,0,0,10,6,2,12,0,0,0,1,24,21811,6,1,0,0,3,0,60,135,0,0,0,0,1,6,2012,6,2012,0,38,0,0,0,6,8,98,8,8,2,1,20,3,11,15,1,1,1,82,1,0,7429
240100_2014,24,240100,2,2,1,29,4,14,38,12,6,1,0,24,1,20,403,20403,14,2005,1GNDS13S9521,1,G,N,D,S,1,3,S,9,5,2,1,0,0,0,000000000,00000000000,0,0,0,1,0,0,0,0,0,0,0,998,0,0,0,12,6,2,12,0,0,0,1,24,21811,6,1,0,0,3,3,63,99,0,0,0,0,1,1,2014,1,2014,0,0,0,0,0,8,8,50,1,1,2,1,0,0,1,67,1,1,1,83,0,0,7430
240101_2014,24,240101,1,1,1,29,4,5,9,8,0,1,0,24,3,98,988,98988,52,2009,15GGD3018911,1,5,G,G,D,3,0,1,8,9,1,1,0,0,88,888888888,88888888888,3,21,22,1,0,0,0,0,6,3,0,998,0,0,0,12,4,3,8,0,0,0,1,24,20759,6,1,6,0,3,0,75,220,0,0,0,0,0,0,0,0,0,0,0,0,0,0,3,3,40,1,1,2,2,4,3,2,80,99,9,1,13,0,0,7431
240102_2014,24,240102,1,1,1,5,5,11,45,1,0,1,0,24,2,12,881,12881,61,2005,1FTWF31505EA,1,F,T,W,F,3,1,5,0,5,E,A,1,1,77,777777777,77777777777,2,4,97,1,0,0,0,0,0,0,0,998,0,2,1,0,6,2,24,0,0,0,1,24,20912,6,1,6,0,3,0,71,185,0,0,0,0,0,0,0,0,0,9,99,99,99,99,3,4,65,2,8,2,1,0,0,14,9,99,2,1,98,1,0,7432
240103_2014,24,240103,1,2,1,5,5,19,44,12,6,1,0,24,1,59,31,59031,4,1997,JT8BF22G5V50,J,T,8,B,F,2,2,G,5,V,5,0,0,0,0,000000000,00000000000,0,0,0,1,0,0,0,0,0,0,0,998,0,0,0,12,6,2,12,0,0,0,1,24,21903,6,1,0,0,3,0,61,150,0,0,0,0,0,0,0,0,0,0,58,27,0,0,3,3,55,1,1,2,1,0,0,15,11,6,9,2,46,1,0,7433
240103_2014,24,240103,2,2,3,5,5,19,44,12,6,1,0,24,1,22,20,22020,4,2005,1G2NE52E05M2,1,G,2,N,E,5,2,E,0,5,M,2,0,0,0,000000000,00000000000,0,0,0,1,0,0,0,0,0,0,0,998,0,0,0,9,6,2,12,0,0,0,1,24,21078,6,1,0,0,3,0,70,175,0,0,0,0,0,0,0,0,0,0,0,0,0,0,3,3,55,1,1,2,1,0,0,1,60,99,1,1,45,0,0,7434
240104_2014,24,240104,1,2,1,19,1,18,56,12,6,1,0,49,2,7,402,7402,14,1999,1B4HS28ZXXF5,1,B,4,H,S,2,8,Z,X,X,F,5,0,0,0,000000000,00000000000,0,0,0,1,0,0,0,0,0,0,0,998,0,0,0,12,6,2,12,0,0,0,1,49,84003,6,1,0,0,3,0,999,999,98,0,0,0,0,0,0,0,0,0,28,39,0,0,1,2,40,1,1,2,1,3,3,1,10,1,1,2,83,1,0,7435
240104_2014,24,240104,2,2,1,19,1,18,56,12,6,1,0,24,1,54,35,54035,4,2003,19UUA56973A0,1,9,U,U,A,5,6,9,7,3,A,0,0,0,0,000000000,00000000000,0,0,0,1,0,0,0,0,0,0,0,998,0,0,0,10,6,2,12,0,0,0,1,24,20878,6,1,0,0,3,0,75,140,0,0,0,0,1,10,2012,10,2012,0,0,0,0,0,1,2,40,1,1,2,1,3,3,11,66,1,1,1,82,1,0,7436
240105_2014,24,240105,1,2,1,11,4,15,50,12,2,1,0,24,1,6,441,6441,20,2005,2C4GP54L35R3,2,C,4,G,P,5,4,L,3,5,R,3,0,0,0,000000000,00000000000,0,0,0,1,0,0,0,0,0,0,0,998,0,0,0,12,6,2,12,0,0,0,1,24,21911,6,1,0,0,3,0,67,185,0,0,0,0,0,0,0,0,0,0,28,0,0,0,1,2,50,1,1,2,1,0,0,1,10,1,1,1,50,0,0,7437
240105_2014,24,240105,2,2,1,11,4,15,50,12,2,1,0,24,2,65,31,65031,2,2013,WMEEK3BA0DK5,W,M,E,E,K,3,B,A,0,D,K,5,0,0,0,000000000,00000000000,0,0,0,1,0,0,0,0,0,0,0,998,0,0,0,12,6,2,12,0,0,0,1,24,21917,6,1,0,0,3,0,74,250,0,0,0,0,1,12,2013,12,2013,0,0,0,0,0,1,2,50,1,1,2,1,0,0,1,62,6,1,1,51,1,0,7438
240106_2014,24,240106,1,1,3,12,4,23,58,8,0,1,0,24,3,63,34,63034,4,2013,5XXGM4A77DG2,5,X,X,G,M,4,A,7,7,D,G,2,0,0,0,000000000,00000000000,0,0,0,1,0,0,0,0,0,0,0,998,0,0,0,12,6,2,8,0,0,0,1,24,20903,6,1,0,0,3,0,73,200,0,1,0,0,0,3,2014,3,2014,0,0,0,0,0,3,3,35,1,2,2,1,0,0,6,80,1,1,1,13,0,0,7439
240107_2014,24,240107,1,1,2,25,4,22,12,8,0,1,0,42,1,6,43,6043,4,2008,1C3LC56R78N1,1,C,3,L,C,5,6,R,7,8,N,1,0,0,0,000000000,00000000000,0,0,0,1,0,0,0,0,0,0,0,998,0,0,0,6,2,5,8,0,0,0,1,42,16148,6,1,0,0,3,0,72,999,0,0,0,0,0,0,0,0,0,0,0,0,0,0,8,8,10,8,8,7,3,0,0,13,80,1,1,1,98,0,0,7440
240108_2014,24,240108,1,1,2,8,5,12,59,35,0,1,0,34,3,63,37,63037,6,2013,KNDJT2A64D75,K,N,D,J,T,2,A,6,4,D,7,5,0,0,0,000000000,00000000000,0,0,0,1,0,0,0,0,0,0,0,998,0,1,5,12,6,2,1,0,0,0,1,24,21502,6,1,0,0,3,0,69,250,0,0,0,0,1,2,2012,2,2012,4,0,0,0,0,3,2,65,1,1,2,1,0,0,1,50,7,9,4,1,1,0,7441
240109_2014,24,240109,1,2,1,8,5,21,23,12,2,1,0,24,1,20,25,20025,4,2011,1G1PC5SH1B72,1,G,1,P,C,5,S,H,1,B,7,2,0,0,0,000000000,00000000000,0,0,0,1,0,0,0,0,0,0,0,998,0,0,0,12,6,2,12,0,0,0,1,24,21784,6,1,0,0,3,0,68,190,0,0,0,1,0,1,2014,1,2014,0,28,0,0,0,1,2,50,1,1,2,1,0,0,1,10,1,1,2,50,0,0,7442
240109_2014,24,240109,2,2,1,8,5,21,23,12,2,1,0,24,1,52,37,52037,2,1998,4A3AK44Y2WE1,4,A,3,A,K,4,4,Y,2,W,E,1,0,0,0,000000000,00000000000,0,0,0,1,0,0,0,0,0,0,0,998,0,0,0,12,6,2,12,0,0,0,1,24,21157,6,1,0,0,3,0,70,248,0,0,0,0,0,0,0,0,0,0,0,0,0,0,1,2,50,1,1,2,1,0,0,1,62,1,1,1,51,1,0,7443
240110_2014,24,240110,1,2,2,9,5,23,53,12,6,1,0,24,1,37,705,37705,80,2005,JH2PC35085M6,J,H,2,P,C,3,5,0,8,5,M,6,0,0,0,000000000,00000000000,0,0,0,1,0,0,0,0,0,0,0,998,0,0,0,12,6,2,12,0,0,0,1,24,20743,6,1,0,0,3,0,70,174,0,0,0,0,0,0,0,0,0,0,36,0,0,0,3,4,55,1,1,2,1,0,0,1,51,1,1,1,48,1,0,7444
240110_2014,24,240110,2,2,1,9,5,23,53,12,6,1,0,24,2,37,31,37031,4,2013,19XFB4F31DE2,1,9,X,F,B,4,F,3,1,D,E,2,0,0,0,000000000,00000000000,0,0,0,1,0,0,0,0,0,0,0,998,0,0,0,5,6,2,12,0,0,0,1,24,20710,6,1,0,0,3,0,75,195,0,0,0,1,1,10,2013,4,2014,0,0,0,0,0,3,4,55,1,1,2,1,0,0,1,53,1,1,1,48,0,0,7445
240111_2014,24,240111,1,1,3,10,5,4,31,42,0,1,0,24,1,20,9,20009,2,1994,2G1FP22S0R21,2,G,1,F,P,2,2,S,0,R,2,1,0,0,0,000000000,00000000000,0,0,0,1,0,0,0,0,0,0,0,998,0,0,0,11,6,2,42,0,0,0,1,24,20747,6,7,0,0,3,0,68,193,0,0,0,0,0,0,0,0,0,4,27,58,0,0,2,2,55,2,5,2,1,0,0,14,12,6,2,4,6,2,1,7446
240112_2014,24,240112,1,1,1,10,5,20,31,8,0,1,0,24,1,14,6,14006,4,2001,2MEFM75W81X7,2,M,E,F,M,7,5,W,8,1,X,7,0,0,0,000000000,00000000000,0,0,0,1,0,0,0,0,0,0,0,998,0,0,0,12,6,2,8,0,0,0,1,24,20747,6,1,0,0,3,0,72,215,0,0,0,0,0,0,0,0,0,0,0,0,0,0,3,5,55,1,1,2,1,0,0,1,80,1,1,1,13,0,0,7447
240113_2014,24,240113,1,1,1,11,5,18,28,25,0,1,0,24,1,53,705,53705,80,2007,JS1GN7DA8721,J,S,1,G,N,7,D,A,8,7,2,1,0,0,0,000000000,00000000000,0,0,0,1,0,0,0,0,0,0,0,998,0,0,0,12,6,2,25,0,0,0,1,24,20743,6,1,0,0,3,0,63,170,0,0,0,0,1,3,2012,3,2012,0,0,0,0,0,6,2,98,3,6,2,1,0,0,14,13,1,9,4,5,1,1,7448
240114_2014,24,240114,1,2,1,12,5,16,32,12,6,1,0,10,1,73,705,73705,80,2004,JKBZXJB194A0,J,K,B,Z,X,J,B,1,9,4,A,0,0,0,0,000000000,00000000000,0,0,0,1,0,0,0,0,0,0,0,998,0,0,0,10,6,2,12,0,0,0,1,10,19956,6,1,0,0,3,0,69,158,0,7,0,4,0,2,2012,3,2014,3,36,0,0,0,3,2,55,1,1,2,1,21,3,1,62,1,1,1,69,1,0,7449
240114_2014,24,240114,2,2,1,12,5,16,32,12,6,1,0,24,1,21,2,21002,4,1983,1G3AN69Y7DM8,1,G,3,A,N,6,9,Y,7,D,M,8,0,0,0,000000000,00000000000,0,0,0,1,0,0,0,0,0,0,0,998,0,0,0,1,6,2,12,0,0,0,1,24,21804,6,1,0,0,3,0,66,150,0,0,0,0,1,3,2014,3,2014,0,38,0,0,0,3,2,55,1,1,2,1,21,3,11,15,1,1,1,68,0,0,7450
240115_2014,24,240115,1,1,3,13,5,15,49,42,0,1,0,51,2,51,47,51047,4,2012,YV1622FS8C21,Y,V,1,6,2,2,F,S,8,C,2,1,0,0,0,000000000,00000000000,0,0,0,1,0,0,0,0,0,0,0,998,0,0,0,8,6,2,42,0,0,0,1,48,79363,6,1,0,0,3,0,70,175,0,0,0,0,0,0,0,0,0,0,0,0,0,0,6,2,55,2,1,2,1,0,0,14,12,99,9,4,10,3,1,7451
240116_2014,24,240116,1,2,1,5,5,2,36,12,2,1,0,24,2,19,421,19421,15,2005,1GYEK63N65R2,1,G,Y,E,K,6,3,N,6,5,R,2,0,0,0,000000000,00000000000,0,0,0,1,0,0,0,0,0,0,0,998,0,0,0,12,6,2,12,0,0,0,1,24,20640,6,1,0,0,3,0,72,181,0,0,0,0,0,0,0,0,0,0,0,0,0,0,3,3,55,1,1,2,1,0,0,1,12,1,1,4,98,0,0,7452
240116_2014,24,240116,2,2,1,5,5,2,36,12,2,1,0,24,1,34,35,34035,4,2001,WBADT53421CE,W,B,A,D,T,5,3,4,2,1,C,E,0,0,0,000000000,00000000000,0,0,0,1,0,0,0,0,0,0,0,998,0,0,0,12,6,2,12,0,0,0,1,24,20664,6,1,0,0,3,0,71,190,0,0,0,2,1,6,2012,8,2013,0,0,0,0,0,3,3,55,1,1,2,1,0,0,1,64,1,1,1,98,1,1,7453
240117_2014,24,240117,1,3,1,16,5,20,26,12,6,1,0,51,1,42,42,42042,4,1995,WDBHA22E2SF2,W,D,B,H,A,2,2,E,2,S,F,2,0,0,0,000000000,00000000000,0,0,0,1,0,0,0,0,0,0,0,998,0,0,0,4,6,2,12,0,0,0,1,51,22312,6,1,0,0,3,0,62,115,0,0,0,1,2,8,2011,11,2012,0,99,99,99,99,1,2,55,1,1,2,1,0,0,11,15,1,1,1,68,0,0,7454
240117_2014,24,240117,2,3,1,16,5,20,26,12,6,1,0,24,1,37,706,37706,80,1997,JH2SC3304VM1,J,H,2,S,C,3,3,0,4,V,M,1,0,0,0,000000000,00000000000,0,0,0,1,0,0,0,0,0,0,0,998,0,0,0,12,6,2,12,0,0,0,1,24,20637,6,1,0,0,3,0,81,160,0,2,0,1,0,2,2013,1,2014,0,99,99,99,99,1,2,55,1,1,2,1,0,0,1,62,99,9,1,69,1,0,7455
240117_2014,24,240117,3,3,1,16,5,20,26,12,6,1,0,24,1,6,52,6052,6,2002,3C4FY48B92T3,3,C,4,F,Y,4,8,B,9,2,T,3,0,0,0,000000000,00000000000,0,0,0,1,0,0,0,0,0,0,0,0,0,0,0,13,2,5,54,0,0,0,1,24,20659,6,1,0,0,3,0,66,200,0,0,0,0,0,0,0,0,0,0,0,0,0,0,1,2,55,1,1,2,1,0,0,1,98,1,1,1,98,0,0,7456
240118_2014,24,240118,1,1,1,17,5,14,4,25,0,1,0,24,1,49,40,49040,4,2002,4T1BE30K62U5,4,T,1,B,E,3,0,K,6,2,U,5,0,0,0,000000000,00000000000,0,0,0,1,0,0,0,0,0,0,0,998,0,1,5,1,6,2,42,0,0,0,1,24,20814,6,1,0,0,3,0,71,172,0,0,0,0,0,0,0,0,0,0,0,0,0,0,3,4,55,1,1,2,1,0,0,1,13,1,1,4,1,1,0,7457
240119_2014,24,240119,2,1,1,16,5,21,29,8,0,1,0,24,2,7,442,7442,20,2003,1D4GP23R43B3,1,D,4,G,P,2,3,R,4,3,B,3,0,0,0,000000000,00000000000,0,0,0,1,0,0,0,0,0,0,0,998,0,0,0,12,4,3,8,0,0,0,1,24,20622,6,1,0,0,3,0,66,150,0,1,0,1,1,11,2012,3,2014,0,0,0,0,0,1,2,50,3,3,2,1,0,0,14,80,1,1,1,13,0,0,7458
240120_2014,24,240120,1,2,1,19,5,0,19,12,1,1,0,42,1,35,43,35043,4,2012,3N1AB6AP2CL7,3,N,1,A,B,6,A,P,2,C,L,7,0,0,0,000000000,00000000000,0,0,0,1,0,0,0,0,0,0,0,998,0,0,0,12,6,2,12,0,0,0,1,42,19086,6,1,0,0,3,0,69,999,0,0,0,0,0,0,0,0,0,0,26,27,39,0,3,3,65,1,1,2,98,98,3,15,13,1,1,4,98,1,1,7459
240120_2014,24,240120,2,2,2,19,5,0,19,12,1,1,0,24,3,12,881,12881,62,2005,3FRNF75R05V1,3,F,R,N,F,7,5,R,0,5,V,1,0,0,88,888888888,88888888888,2,1,1,1,0,0,0,0,0,0,0,998,0,0,0,6,4,8,12,39,0,0,1,24,21061,6,1,0,0,3,0,66,155,0,0,0,0,0,0,0,0,0,0,0,0,0,0,3,3,65,1,1,8,1,98,3,1,62,1,1,5,98,0,0,7460
240121_2014,24,240121,1,2,1,8,5,14,13,12,6,1,0,24,1,12,23,12023,4,2007,3FAHP01137R1,3,F,A,H,P,0,1,1,3,7,R,1,0,0,0,000000000,00000000000,0,0,0,1,0,0,0,0,0,0,0,998,0,0,0,9,6,2,12,0,0,0,1,24,20716,6,1,0,0,3,0,65,124,0,3,0,0,0,2,2012,12,2012,0,38,0,0,0,3,2,50,1,1,2,1,0,0,11,15,1,1,1,82,0,0,7461
240121_2014,24,240121,2,2,1,8,5,14,13,12,6,1,0,24,1,73,706,73706,80,2009,JKBZXNC139A0,J,K,B,Z,X,N,C,1,3,9,A,0,0,0,0,000000000,00000000000,0,0,0,1,0,0,0,0,0,0,0,998,0,0,0,12,6,2,12,0,0,0,1,24,20721,6,1,0,0,3,0,79,280,0,0,0,2,0,1,2012,1,2012,3,0,0,0,0,3,2,50,1,1,2,1,0,0,1,67,99,9,1,83,1,0,7462
240122_2014,24,240122,1,2,4,4,5,13,56,12,1,1,0,24,1,12,401,12401,14,2007,1FMEU64E77UA,1,F,M,E,U,6,4,E,7,7,U,A,0,0,0,000000000,00000000000,0,0,0,1,0,0,0,0,0,0,0,998,0,0,0,12,6,2,25,0,0,0,1,24,21221,6,1,0,0,3,0,67,185,0,0,0,0,0,0,0,0,0,3,26,0,0,0,6,2,55,3,5,2,1,0,0,1,51,1,1,1,24,1,0,7463
240122_2014,24,240122,2,2,2,4,5,13,56,12,1,1,0,24,1,49,472,49472,30,2009,5TETU62N29Z6,5,T,E,T,U,6,2,N,2,9,Z,6,0,0,0,000000000,00000000000,0,0,0,1,0,0,0,0,0,0,0,998,0,0,0,6,6,2,25,0,0,0,1,24,21224,6,1,0,0,3,0,77,235,0,0,0,0,1,3,2013,3,2013,0,0,0,0,0,6,2,55,3,5,2,1,0,0,1,53,1,1,1,25,0,0,7464
240123_2014,24,240123,1,1,2,16,5,3,29,24,0,1,0,24,1,59,31,59031,4,2001,JT8BF28G9151,J,T,8,B,F,2,8,G,9,1,5,1,0,0,0,000000000,00000000000,0,0,0,1,0,0,0,0,0,0,0,998,0,0,0,1,6,2,24,0,0,0,1,24,21617,6,1,0,0,3,2,67,178,0,0,0,0,1,2,2014,2,2014,4,74,0,0,0,3,3,55,1,1,2,2,0,0,1,12,1,9,4,6,1,1,7465
240124_2014,24,240124,1,2,1,23,5,19,54,12,7,1,0,24,1,53,706,53706,80,2007,JS1GT77A4721,J,S,1,G,T,7,7,A,4,7,2,1,0,0,0,000000000,00000000000,0,0,0,1,0,0,0,0,0,0,0,998,0,0,0,2,6,2,25,0,0,0,1,24,21239,6,1,0,0,3,0,70,180,0,0,0,0,0,0,0,0,0,4,28,0,0,0,3,4,55,3,5,2,1,0,0,6,11,99,9,2,46,1,0,7466