st_case_year,STATE,ST_CASE,VEH_NO,VE_FORMS,NUMOCCS,DAY,MONTH,HOUR,MINUTE,HARM_EV,MAN_COLL,UNITTYPE,HIT_RUN,REG_STAT,OWNER,MAKE,MODEL,MAK_MOD,BODY_TYP,MOD_YEAR,VIN,VIN_1,VIN_2,VIN_3,VIN_4,VIN_5,VIN_6,VIN_7,VIN_8,VIN_9,VIN_10,VIN_11,VIN_12,TOW_VEH,J_KNIFE,MCARR_I1,MCARR_I2,MCARR_ID,GVWR,V_CONFIG,CARGO_BT,HAZ_INV,HAZ_PLAC,HAZ_ID,HAZ_CNO,HAZ_REL,BUS_USE,SPEC_USE,EMER_USE,TRAV_SP,UNDERIDE,ROLLOVER,ROLINLOC,IMPACT1,DEFORMED,TOWED,M_HARM,VEH_SC1,VEH_SC2,FIRE_EXP,DR_PRES,L_STATE,DR_ZIP,L_STATUS,L_TYPE,CDL_STAT,L_ENDORS,L_COMPL,L_RESTRI,DR_HGT,DR_WGT,PREV_ACC,PREV_SUS,PREV_DWI,PREV_SPD,PREV_OTH,FIRST_MO,FIRST_YR,LAST_MO,LAST_YR,SPEEDREL,DR_SF1,DR_SF2,DR_SF3,DR_SF4,VTRAFWAY,VNUM_LAN,VSPD_LIM,VALIGN,VPROFILE,VPAVETYP,VSURCOND,VTRAFCON,VTCONT_F,P_CRASH1,P_CRASH2,P_CRASH3,PCRASH4,PCRASH5,ACC_TYPE,DEATHS,DR_DRINK,idno
240164_2014,24,240164,2,2,2,6,6,15,23,12,2,1,0,24,1,37,421,37421,15,2008,5FNYF18748B0,5,F,N,Y,F,1,8,7,4,8,B,0,0,0,0,000000000,00000000000,0,0,0,1,0,0,0,0,0,0,0,998,0,0,0,12,6,2,12,0,0,0,1,24,21117,6,1,0,0,3,0,65,128,0,0,0,0,0,0,0,0,0,0,0,0,0,0,1,2,40,2,1,2,1,0,0,14,62,98,1,1,51,0,0,7524
240165_2014,24,240165,1,1,1,8,6,20,8,34,0,1,0,24,0,53,706,53706,80,2003,JS1GT75A2321,J,S,1,G,T,7,5,A,2,3,2,1,0,0,0,000000000,00000000000,0,0,0,1,0,0,0,0,0,0,0,998,0,0,0,98,6,2,30,0,0,0,1,24,21826,6,1,0,0,3,0,70,185,0,0,0,0,0,0,0,0,0,0,0,0,0,0,1,2,50,1,1,2,1,0,0,1,12,1,1,4,6,1,0,7525
240166_2014,24,240166,1,1,3,18,6,21,27,42,0,1,0,24,1,49,50,49050,3,2005,JTKDE1771500,J,T,K,D,E,1,7,7,1,5,0,0,0,0,0,000000000,00000000000,0,0,0,1,0,0,0,0,0,0,0,998,0,0,0,3,6,2,42,0,0,0,1,24,21122,6,1,0,0,3,0,72,180,0,2,0,0,1,3,2012,7,2013,3,36,58,0,0,3,2,55,2,1,2,1,0,0,14,6,7,4,4,7,1,0,7526
240167_2014,24,240167,1,2,1,17,6,11,13,12,2,1,0,24,1,73,705,73705,80,2013,JKBZXJF10DA0,J,K,B,Z,X,J,F,1,0,D,A,0,0,0,0,000000000,00000000000,0,0,0,1,0,0,0,0,0,0,0,998,0,0,0,12,6,2,12,0,0,0,1,24,21244,1,1,0,0,2,2,71,150,0,3,0,1,0,1,2012,6,2014,3,36,39,74,0,2,3,45,1,5,2,1,3,3,1,17,1,1,1,69,1,0,7527
240167_2014,24,240167,2,2,1,17,6,11,13,12,2,1,0,24,1,24,1,24001,4,2001,1G8ZK52781Z2,1,G,8,Z,K,5,2,7,8,1,Z,2,0,0,0,000000000,00000000000,0,0,0,1,0,0,0,0,0,0,0,998,0,0,0,12,6,2,12,0,0,0,1,24,21043,6,1,0,0,3,0,63,160,0,0,0,0,0,0,0,0,0,0,0,0,0,0,2,3,45,1,5,2,1,3,3,11,62,1,1,1,68,0,0,7528
240168_2014,24,240168,1,1,1,7,6,23,47,8,0,1,0,42,1,30,46,30046,4,2000,WVWMA23B6YP2,W,V,W,M,A,2,3,B,6,Y,P,2,0,0,0,000000000,00000000000,0,0,0,1,0,0,0,0,0,0,0,998,0,0,0,12,6,2,8,0,0,0,1,42,17406,6,1,0,0,3,0,70,999,0,0,0,0,0,0,0,0,0,0,0,0,0,0,1,4,30,1,1,2,1,0,0,1,80,9,1,1,13,0,0,7529
240169_2014,24,240169,1,1,1,7,6,22,58,33,0,1,0,24,1,20,8,20008,2,1971,113271W13543,1,1,3,2,7,1,W,1,3,5,4,3,0,0,0,000000000,00000000000,0,0,0,1,0,0,0,0,0,0,0,998,0,1,5,14,6,2,1,0,0,0,1,24,21218,6,1,0,0,3,0,72,210,0,0,0,0,0,0,0,0,0,0,0,0,0,0,1,2,30,1,5,2,1,0,0,1,9,99,5,4,7,1,1,7530
240170_2014,24,240170,1,1,2,23,6,5,12,42,0,1,0,24,1,49,33,49033,2,2000,JTDDR32T4Y00,J,T,D,D,R,3,2,T,4,Y,0,0,0,0,0,000000000,00000000000,0,0,0,1,0,0,0,0,0,0,0,998,0,0,0,9,6,2,42,0,0,0,1,24,21783,6,1,0,0,3,0,70,160,0,0,0,1,0,9,2013,9,2013,4,0,0,0,0,1,2,40,2,2,2,1,0,0,1,11,99,3,4,5,2,0,7531
240171_2014,24,240171,1,1,1,28,6,0,1,43,0,1,0,24,1,72,706,72706,80,2004,1HD1GPW1X4K3,1,H,D,1,G,P,W,1,X,4,K,3,0,0,0,000000000,00000000000,0,0,0,1,0,0,0,0,0,0,0,998,0,0,0,12,6,2,43,0,0,0,1,24,21409,6,1,0,0,3,0,72,175,0,0,0,0,1,11,2013,11,2013,9,99,99,99,99,3,2,25,1,6,2,1,28,3,1,12,99,9,4,6,1,1,7532
240172_2014,24,240172,1,1,1,17,6,14,18,42,0,1,0,24,1,7,402,7402,14,2002,1B4HS48N72F1,1,B,4,H,S,4,8,N,7,2,F,1,0,0,0,000000000,00000000000,0,0,0,1,0,0,0,0,0,0,0,998,0,0,0,12,6,2,42,0,0,1,1,24,20705,6,1,0,0,3,0,71,220,0,1,0,0,0,7,2013,7,2013,4,0,0,0,0,1,2,40,2,1,2,1,0,0,14,9,99,9,4,5,1,0,7533
240173_2014,24,240173,1,1,3,15,6,20,29,43,0,1,0,24,2,20,24,20024,6,2010,1GNLREED6AJ2,1,G,N,L,R,E,E,D,6,A,J,2,0,0,0,000000000,00000000000,0,0,0,1,0,0,0,0,0,0,0,998,0,0,0,1,6,2,33,0,0,0,1,24,20743,6,1,0,0,3,0,72,200,0,0,0,0,0,0,0,0,0,0,0,0,0,0,3,3,40,1,5,2,1,0,0,1,12,1,1,4,6,1,0,7534
240174_2014,24,240174,1,1,1,8,7,5,29,42,0,1,0,24,1,12,481,12481,31,1997,1FTDF08W6VKA,1,F,T,D,F,0,8,W,6,V,K,A,0,0,0,000000000,00000000000,0,0,0,1,0,0,0,0,0,0,0,998,0,0,0,9,6,2,42,0,0,0,1,24,21811,6,1,0,0,3,0,71,185,0,0,0,0,0,0,0,0,0,0,0,0,0,0,3,2,55,1,1,2,1,0,0,1,13,1,1,4,1,1,1,7535
240175_2014,24,240175,1,1,1,1,7,22,49,33,0,1,0,24,1,73,706,73706,80,2008,JKBZGNB118A0,J,K,B,Z,G,N,B,1,1,8,A,0,0,0,0,000000000,00000000000,0,0,0,1,0,0,0,0,0,0,0,998,0,0,0,12,6,2,52,0,0,0,1,24,20902,6,1,0,0,3,0,72,250,0,0,0,1,0,6,2013,6,2013,0,0,0,0,0,3,2,45,2,1,2,1,0,0,14,12,1,1,4,6,1,1,7536
240176_2014,24,240176,1,2,2,4,7,18,21,12,6,1,0,24,1,53,706,53706,80,2007,JS1GT77A0721,J,S,1,G,T,7,7,A,0,7,2,1,0,0,0,000000000,00000000000,0,0,0,1,0,0,0,0,0,0,0,998,0,0,0,12,6,2,12,0,0,0,1,24,20707,6,1,0,0,3,0,71,215,0,0,0,2,1,7,2011,12,2012,9,99,99,99,99,3,4,45,1,1,2,1,0,0,1,67,1,1,1,83,1,0,7537
240176_2014,24,240176,2,2,2,4,7,18,21,12,6,1,0,24,1,37,402,37402,14,2007,5J6RE38377L0,5,J,6,R,E,3,8,3,7,7,L,0,0,0,0,000000000,00000000000,0,0,0,1,0,0,0,0,0,0,0,998,0,0,0,10,6,2,12,0,0,0,1,24,20866,6,1,0,0,3,0,72,190,0,0,0,0,0,0,0,0,0,0,99,99,99,99,8,8,25,8,8,2,1,20,3,11,15,1,1,1,82,0,0,7538
240177_2014,24,240177,1,1,1,4,7,17,5,33,0,1,0,24,2,76,705,76705,80,2003,JYARJ06E03A0,J,Y,A,R,J,0,6,E,0,3,A,0,0,0,0,000000000,00000000000,0,0,0,1,0,0,0,0,0,0,0,998,0,0,0,12,6,2,33,0,0,0,1,24,20725,6,1,0,0,3,0,71,190,0,0,0,0,0,0,0,0,0,9,0,0,0,0,3,3,40,3,1,2,1,0,0,99,13,99,9,4,5,1,1,7539
240178_2014,24,240178,1,2,1,8,7,15,10,12,2,1,0,24,1,6,51,6051,4,2010,2C3CA4CDXAH1,2,C,3,C,A,4,C,D,X,A,H,1,0,0,0,000000000,00000000000,0,0,0,1,0,0,0,0,0,0,0,998,0,0,0,12,6,2,12,0,0,0,1,24,21239,6,1,0,0,3,0,67,200,0,0,0,0,0,0,0,0,0,0,28,0,0,0,1,2,40,1,6,2,1,0,0,1,10,1,1,1,50,1,0,7540
240178_2014,24,240178,2,2,1,8,7,15,10,12,2,1,0,24,1,12,481,12481,31,2008,1FTRF12228KE,1,F,T,R,F,1,2,2,2,8,K,E,0,0,0,000000000,00000000000,0,0,0,1,0,0,0,0,0,0,0,998,0,0,0,12,6,2,12,0,0,0,1,24,21236,6,1,0,0,3,0,70,150,0,0,0,0,0,0,0,0,0,0,0,0,0,0,1,2,40,1,6,2,1,0,0,1,62,99,9,1,51,0,0,7541
240179_2014,24,240179,1,2,1,6,7,23,45,12,6,1,0,24,1,62,421,62421,15,2011,SALFR2BN9BH2,S,A,L,F,R,2,B,N,9,B,H,2,0,0,0,000000000,00000000000,0,0,0,1,0,0,0,0,0,0,0,998,0,1,1,12,6,2,12,0,0,0,1,24,21804,6,1,0,0,3,0,66,145,0,0,0,0,1,2,2013,2,2013,0,38,0,0,0,1,2,50,1,1,2,1,21,3,1,66,1,1,1,88,0,1,7542
240179_2014,24,240179,2,2,1,6,7,23,45,12,6,1,0,24,1,12,471,12471,31,2002,1FTZR45EX2TA,1,F,T,Z,R,4,5,E,X,2,T,A,0,0,0,000000000,00000000000,0,0,0,1,0,0,0,0,0,0,0,998,0,0,0,10,6,2,12,0,0,0,1,24,21632,6,1,0,0,3,0,75,260,0,0,0,0,0,0,0,0,0,0,0,0,0,0,3,2,55,1,1,2,1,0,0,1,17,1,1,1,89,1,0,7543
240180_2014,24,240180,1,2,1,9,7,9,7,12,1,1,0,24,1,20,2,20002,4,2007,2G1WC58R5793,2,G,1,W,C,5,8,R,5,7,9,3,0,0,0,000000000,00000000000,0,0,0,1,0,0,0,0,0,0,0,998,0,0,0,12,6,2,12,0,0,0,1,24,21723,6,1,0,0,3,0,73,150,0,0,0,0,0,0,0,0,0,0,27,0,0,0,3,3,65,1,1,2,1,0,0,15,50,6,1,1,20,1,0,7544
240180_2014,24,240180,2,2,2,9,7,9,7,12,1,1,0,17,3,38,890,38890,61,2014,JALC4W168E70,J,A,L,C,4,W,1,6,8,E,7,0,0,0,57,2470819,572470819,2,2,1,1,0,0,0,0,0,0,0,0,0,0,0,6,6,2,12,0,0,0,1,17,60554,6,1,6,0,3,0,72,148,0,0,0,0,0,0,0,0,0,0,0,0,0,0,3,3,65,1,1,2,1,0,0,5,53,1,1,1,21,0,0,7545
240181_2014,24,240181,1,1,1,13,7,2,8,34,0,1,0,51,2,55,35,55035,4,2008,KMHDU46D88U4,K,M,H,D,U,4,6,D,8,8,U,4,0,0,0,000000000,00000000000,0,0,0,1,0,0,0,0,0,0,0,998,0,1,1,12,6,2,1,0,0,0,1,51,22039,6,1,0,0,3,0,72,170,0,0,0,1,1,9,2012,9,2012,0,0,0,0,0,1,2,50,1,1,2,1,0,0,1,12,99,9,4,7,1,1,7546
240182_2014,24,240182,1,1,2,6,7,2,57,8,0,1,1,51,1,35,443,35443,20,2008,5N1BV28U38N1,5,N,1,B,V,2,8,U,3,8,N,1,0,0,0,000000000,00000000000,0,0,0,1,0,0,0,0,0,0,0,998,0,0,0,12,4,5,8,0,0,0,1,51,20111,6,1,0,0,3,0,69,180,0,0,0,0,0,0,0,0,0,0,0,0,0,0,3,2,30,1,1,2,1,0,0,1,80,1,1,1,13,0,1,7547
240183_2014,24,240183,1,1,1,11,7,20,40,42,0,1,0,11,2,69,54,69054,3,2005,WMWRE33435TD,W,M,W,R,E,3,3,4,3,5,T,D,0,0,0,000000000,00000000000,0,0,0,1,0,0,0,0,0,0,0,998,0,0,0,1,6,2,42,0,0,0,1,11,20011,6,1,0,0,3,0,999,999,99,99,99,99,99,99,9999,99,9999,0,0,0,0,0,1,2,25,2,1,2,1,0,0,14,12,1,1,4,10,1,1,7548
240184_2014,24,240184,1,1,1,12,7,20,52,33,0,1,0,24,1,73,706,73706,80,2011,JKAZXCJ10BA0,J,K,A,Z,X,C,J,1,0,B,A,0,0,0,0,000000000,00000000000,0,0,0,1,0,0,0,0,0,0,0,998,0,0,0,12,6,2,42,0,0,0,1,24,20772,6,1,0,0,3,0,72,240,0,0,0,0,0,0,0,0,0,0,0,0,0,0,3,2,30,3,1,2,1,0,0,1,11,1,1,4,5,1,1,7549
240185_2014,24,240185,1,1,2,14,7,16,50,8,0,1,0,24,3,12,461,12461,21,1999,1FTNE24L5XHB,1,F,T,N,E,2,4,L,5,X,H,B,0,0,99,999999999,99999999999,1,20,22,1,0,0,0,0,98,0,0,998,0,0,0,12,2,5,8,0,0,0,1,24,20708,6,1,0,0,3,0,72,210,0,0,0,0,1,4,2014,4,2014,0,0,0,0,0,1,2,40,1,1,2,1,0,0,1,83,1,1,1,13,0,0,7550
240186_2014,24,240186,1,1,1,4,7,21,11,8,0,1,0,24,2,24,2,24002,2,1998,1G8ZF1281WZ1,1,G,8,Z,F,1,2,8,1,W,Z,1,0,0,0,000000000,00000000000,0,0,0,1,0,0,0,0,0,0,0,998,0,0,0,12,4,5,8,0,0,0,1,24,20774,6,1,0,0,3,0,63,186,0,0,0,0,0,0,0,0,0,0,0,0,0,0,3,3,55,1,1,2,1,0,0,1,80,1,1,1,13,0,0,7551
240187_2014,24,240187,1,2,1,23,7,15,32,33,0,1,0,24,1,22,22,22022,4,2005,1G2ZH5286541,1,G,2,Z,H,5,2,8,6,5,4,1,0,0,0,000000000,00000000000,0,0,0,1,0,0,0,0,0,0,0,998,0,0,0,14,6,2,12,0,0,0,1,24,20659,6,1,0,0,3,0,71,180,0,0,0,1,0,1,2014,1,2014,4,38,0,0,0,3,2,55,1,1,2,1,0,0,11,15,99,9,4,14,1,0,7552
240187_2014,24,240187,2,2,1,23,7,15,32,33,0,1,0,24,1,7,482,7482,31,2003,1D7HA16K63J5,1,D,7,H,A,1,6,K,6,3,J,5,0,0,0,000000000,00000000000,0,0,0,1,0,0,0,0,0,0,0,998,0,0,0,12,6,2,12,0,0,0,1,24,20613,6,1,0,0,3,0,71,160,0,0,0,0,0,0,0,0,0,0,0,0,0,0,3,2,55,1,1,2,1,0,0,1,62,99,9,1,98,0,1,7553
240188_2014,24,240188,1,1,1,27,7,1,50,34,0,1,0,24,1,53,734,53734,90,2009,5SAAR41A0971,5,S,A,A,R,4,1,A,0,9,7,1,0,0,0,000000000,00000000000,0,0,0,1,0,0,0,0,0,0,0,998,0,0,0,12,6,2,34,0,0,0,1,24,21856,6,1,0,0,3,0,69,162,0,0,0,1,0,1,2014,1,2014,0,0,0,0,0,1,2,35,1,1,2,1,0,0,1,13,99,9,4,1,1,1,7554
240189_2014,24,240189,1,2,1,28,7,13,58,12,2,1,0,24,1,7,442,7442,20,2000,1B4GP44G7YB6,1,B,4,G,P,4,4,G,7,Y,B,6,0,0,0,000000000,00000000000,0,0,0,1,0,0,0,0,0,0,0,998,0,0,0,12,6,2,12,0,0,0,1,24,21060,6,1,0,0,3,0,66,180,0,0,0,0,1,1,2014,1,2014,0,28,0,0,0,1,2,50,1,1,2,1,0,0,1,10,1,1,2,50,1,1,7555
240189_2014,24,240189,2,2,1,28,7,13,58,12,2,1,0,24,1,48,45,48045,5,2011,4S4BRBJC9B34,4,S,4,B,R,B,J,C,9,B,3,4,0,0,0,000000000,00000000000,0,0,0,1,0,0,0,0,0,0,0,998,0,0,0,12,6,2,12,0,0,0,1,24,21638,6,1,0,0,3,0,66,155,0,1,0,2,0,1,2014,7,2014,0,0,0,0,0,1,2,50,1,1,2,1,0,0,1,62,99,9,2,51,0,0,7556
240190_2014,24,240190,1,4,1,9,7,13,18,12,7,1,1,24,1,2,404,2404,14,2006,1J8HG48K26C2,1,J,8,H,G,4,8,K,2,6,C,2,0,0,0,000000000,00000000000,0,0,0,1,0,0,0,0,0,0,0,998,0,0,0,5,4,5,12,0,0,0,1,24,21215,6,1,0,0,3,0,63,150,0,2,0,2,0,3,2012,12,2013,0,27,0,0,0,3,4,50,1,1,2,1,3,3,15,52,7,1,1,46,0,0,7557
240190_2014,24,240190,2,4,1,9,7,13,18,12,7,1,0,24,1,32,42,32042,4,2008,WAUDH74F48N0,W,A,U,D,H,7,4,F,4,8,N,0,0,0,0,000000000,00000000000,0,0,0,1,0,0,0,0,0,0,0,998,0,1,1,11,6,2,12,0,0,0,1,24,20904,6,1,0,0,3,0,66,150,0,0,0,0,0,0,0,0,0,0,0,0,0,0,3,4,50,1,1,2,1,3,3,1,60,1,1,1,45,1,0,7558
240190_2014,24,240190,3,4,1,9,7,13,18,12,7,1,0,24,1,13,421,13421,15,2004,5LMFU28R34LJ,5,L,M,F,U,2,8,R,3,4,L,J,0,0,0,000000000,00000000000,0,0,0,1,0,0,0,0,0,0,0,998,0,0,0,5,6,2,12,0,0,0,1,24,20901,6,1,0,0,3,0,69,260,0,0,0,0,0,0,0,0,0,0,0,0,0,0,3,4,50,1,1,2,1,3,3,1,60,99,9,1,98,0,0,7559
240190_2014,24,240190,4,4,1,9,7,13,18,12,7,1,0,24,1,49,50,49050,3,2011,JTKJF5C79B30,J,T,K,J,F,5,C,7,9,B,3,0,0,0,0,000000000,00000000000,0,0,0,1,0,0,0,0,0,0,0,0,0,0,0,10,4,3,12,0,0,0,1,24,20904,6,1,0,0,3,0,64,110,0,0,0,0,0,0,0,0,0,0,0,0,0,0,3,2,30,1,1,2,1,3,3,5,66,1,1,1,98,0,0,7560
240191_2014,24,240191,1,1,1,31,7,0,24,8,0,1,0,42,1,22,22,22022,4,2005,1G2ZH548X541,1,G,2,Z,H,5,4,8,X,5,4,1,0,0,0,000000000,00000000000,0,0,0,1,0,0,0,0,0,0,0,998,0,0,0,12,6,2,8,0,0,0,1,42,17267,6,1,0,0,3,0,72,999,0,0,0,0,0,0,0,0,0,0,0,0,0,0,3,3,40,1,1,2,2,0,0,1,80,6,1,1,13,0,0,7561
240192_2014,24,240192,1,3,1,30,7,19,15,1,0,1,0,24,2,37,706,37706,80,2002,JH2SC50072M0,J,H,2,S,C,5,0,0,7,2,M,0,0,0,0,000000000,00000000000,0,0,0,1,0,0,0,0,0,0,0,998,0,0,0,0,6,2,12,0,0,0,1,24,21403,1,1,0,0,2,0,75,181,0,1,0,0,0,3,2014,3,2014,3,36,0,0,0,1,2,25,1,1,2,1,20,3,1,9,99,9,1,98,1,1,7562
240192_2014,24,240192,2,3,1,30,7,19,15,1,0,1,0,24,1,19,421,19421,15,2004,3GYFK66N24G2,3,G,Y,F,K,6,6,N,2,4,G,2,0,0,0,000000000,00000000000,0,0,0,1,0,0,0,0,0,0,0,998,0,0,0,8,4,5,12,0,0,0,1,24,21403,6,1,0,0,3,0,68,175,0,0,0,0,0,0,0,0,0,0,0,0,0,0,1,4,30,1,1,2,1,0,0,1,66,99,9,2,98,0,0,7563
240192_2014,24,240192,3,3,1,30,7,19,15,1,0,1,0,24,1,18,2,18002,4,2005,1G4HP52K75U1,1,G,4,H,P,5,2,K,7,5,U,1,0,0,0,000000000,00000000000,0,0,0,1,0,0,0,0,0,0,0,998,0,0,0,7,2,5,12,0,0,0,1,24,21146,6,1,0,0,3,0,65,179,0,0,0,0,0,0,0,0,0,0,0,0,0,0,1,2,25,1,1,2,1,0,0,1,62,99,9,1,98,0,0,7564
240193_2014,24,240193,1,2,2,26,7,14,16,12,6,1,0,24,1,49,43,49043,4,2004,4T1BF28B94U3,4,T,1,B,F,2,8,B,9,4,U,3,0,0,0,000000000,00000000000,0,0,0,1,0,0,0,0,0,0,0,998,0,0,0,9,6,2,12,0,0,0,1,24,20716,6,1,0,0,3,0,67,150,0,0,0,0,0,0,0,0,0,0,38,0,0,0,1,2,45,1,1,2,1,4,3,1,17,1,1,1,89,0,0,7565
240193_2014,24,240193,2,2,1,26,7,14,16,12,6,1,0,24,1,72,706,72706,80,2007,1HD1CT3107K4,1,H,D,1,C,T,3,1,0,7,K,4,0,0,0,000000000,00000000000,0,0,0,1,0,0,0,0,0,0,0,998,0,0,0,12,6,2,12,0,0,0,1,24,21037,6,1,0,0,3,0,70,150,0,0,0,0,0,0,0,0,0,0,0,0,0,0,1,2,45,1,1,2,1,0,0,1,66,1,1,1,88,1,0,7566
240194_2014,24,240194,1,5,1,18,7,17,47,12,6,1,0,24,1,12,3,12003,2,2011,1ZVBP8CFXB51,1,Z,V,B,P,8,C,F,X,B,5,1,0,0,0,000000000,00000000000,0,0,0,1,0,0,0,0,0,0,0,998,0,0,0,3,6,2,12,0,0,0,1,24,20622,6,1,0,0,3,0,73,230,0,0,0,0,0,0,0,0,0,0,48,0,0,0,3,3,55,1,1,2,1,3,3,11,15,1,1,1,68,0,0,7567
240194_2014,24,240194,2,5,3,18,7,17,47,12,6,1,0,24,1,22,22,22022,4,2007,1G2ZH17NX741,1,G,2,Z,H,1,7,N,X,7,4,1,0,0,0,000000000,00000000000,0,0,0,1,0,0,0,0,0,0,0,998,0,0,0,12,6,2,12,0,0,0,1,24,20866,6,1,0,0,3,0,69,180,0,0,0,0,1,4,2013,4,2013,0,0,0,0,0,3,3,55,1,1,2,1,3,3,1,62,99,9,1,69,1,0,7568
240194_2014,24,240194,3,5,1,18,7,17,47,12,6,1,0,24,1,52,46,52046,4,2009,JA3AU26UX9U0,J,A,3,A,U,2,6,U,X,9,U,0,0,0,0,000000000,00000000000,0,0,0,1,0,0,0,0,0,0,0,0,0,0,0,11,4,5,12,0,0,0,1,24,20772,6,1,0,0,3,0,69,150,0,0,0,0,0,0,0,0,0,0,0,0,0,0,1,3,35,1,1,2,1,3,3,5,66,1,1,1,98,0,0,7569
240194_2014,24,240194,4,5,4,18,7,17,47,12,6,1,0,24,1,52,402,52402,14,2006,4A4MN41S76E0,4,A,4,M,N,4,1,S,7,6,E,0,0,0,0,000000000,00000000000,0,0,0,1,0,0,0,0,0,0,0,0,0,0,0,11,6,2,12,0,0,0,1,24,20774,6,1,0,0,3,0,71,190,0,0,0,0,0,0,0,0,0,0,0,0,0,0,1,3,35,1,1,2,1,3,3,5,66,1,1,1,98,0,0,7570
240194_2014,24,240194,5,5,1,18,7,17,47,12,6,1,0,24,3,12,461,12461,21,2007,1FTNE24W37DA,1,F,T,N,E,2,4,W,3,7,D,A,0,0,0,000000000,00000000000,0,0,0,1,0,0,0,0,0,0,0,0,0,0,0,12,4,5,12,0,0,0,1,11,20003,6,1,99,9,9,9,999,999,99,99,99,99,99,99,9999,99,9999,0,0,0,0,0,1,3,35,1,1,2,1,3,3,5,66,1,1,1,98,0,0,7571
240195_2014,24,240195,1,1,1,2,8,20,20,34,0,1,0,24,1,72,706,72706,80,2002,1HD1DGV162Y6,1,H,D,1,D,G,V,1,6,2,Y,6,0,0,0,000000000,00000000000,0,0,0,1,0,0,0,0,0,0,0,998,0,0,0,12,6,2,1,0,0,0,1,24,21921,6,1,0,0,3,0,67,265,0,0,0,0,0,0,0,0,0,4,0,0,0,0,1,2,35,3,1,2,1,0,0,14,13,1,1,4,1,1,1,7572
240196_2014,24,240196,1,3,1,3,8,6,9,12,8,1,0,24,1,30,42,30042,3,2003,9BWDE61J9340,9,B,W,D,E,6,1,J,9,3,4,0,0,0,0,000000000,00000000000,0,0,0,1,0,0,0,0,0,0,0,998,0,0,0,11,6,2,12,0,0,0,1,24,21085,6,1,0,0,3,0,74,256,0,0,0,0,0,0,0,0,0,0,28,0,0,0,1,2,45,1,6,2,1,0,0,1,10,1,1,1,64,1,0,7573
240196_2014,24,240196,2,3,1,3,8,6,9,12,8,1,0,24,1,49,401,49401,14,2014,JTEBU5JR5E51,J,T,E,B,U,5,J,R,5,E,5,1,0,0,0,000000000,00000000000,0,0,0,1,0,0,0,0,0,0,0,998,0,0,0,11,6,2,12,0,0,0,1,24,21050,6,1,0,0,3,0,73,215,0,0,0,0,0,0,0,0,0,0,0,0,0,0,1,2,45,1,6,2,1,0,0,1,62,1,1,1,65,0,0,7574
240196_2014,24,240196,3,3,1,3,8,6,9,12,8,1,0,24,1,12,37,12037,4,2001,1FAFP34P11W2,1,F,A,F,P,3,4,P,1,1,W,2,0,0,0,000000000,00000000000,0,0,0,1,0,0,0,0,0,0,0,998,0,0,0,12,6,2,12,0,0,0,1,24,21132,6,1,0,0,3,0,66,143,0,0,0,2,0,3,2013,3,2013,0,0,0,0,0,1,2,45,1,6,2,1,0,0,1,62,99,9,1,98,0,0,7575
240197_2014,24,240197,1,1,1,3,8,23,38,8,0,1,0,24,1,49,472,49472,30,2004,5TEWM72N24Z3,5,T,E,W,M,7,2,N,2,4,Z,3,0,0,0,000000000,00000000000,0,0,0,1,0,0,0,0,0,0,0,998,0,0,0,12,6,2,8,0,0,0,1,24,20876,6,1,0,0,3,0,69,175,0,0,0,0,0,0,0,0,0,0,0,0,0,0,3,2,40,1,1,2,2,0,0,1,80,99,9,1,13,0,0,7576
240198_2014,24,240198,1,1,1,5,8,21,48,8,0,1,0,51,1,37,31,37031,4,2004,1HGEM22984L0,1,H,G,E,M,2,2,9,8,4,L,0,0,0,0,000000000,00000000000,0,0,0,1,0,0,0,0,0,0,0,998,0,0,0,12,6,2,8,0,0,0,1,51,20147,6,1,0,0,3,0,63,196,0,0,0,3,1,12,2011,6,2014,9,99,99,99,99,3,2,55,1,1,2,1,0,0,1,80,99,9,1,13,0,0,7577
240199_2014,24,240199,1,1,3,1,7,20,32,33,0,1,0,24,2,12,402,12402,14,2008,1FMCU94128KB,1,F,M,C,U,9,4,1,2,8,K,B,0,0,0,000000000,00000000000,0,0,0,1,0,0,0,0,0,0,0,998,0,0,0,14,4,3,8,0,0,0,1,24,20912,0,0,0,0,0,0,999,999,0,0,0,0,0,0,0,0,0,0,36,0,0,0,8,8,0,3,8,8,98,0,0,14,11,99,9,4,15,0,0,7578
240200_2014,24,240200,1,1,1,18,7,20,56,8,0,1,0,24,1,55,37,55037,2,2006,KMHHM65D06U2,K,M,H,H,M,6,5,D,0,6,U,2,0,0,0,000000000,00000000000,0,0,0,1,0,0,0,0,0,0,0,998,0,0,0,12,4,3,8,0,0,0,1,24,21221,6,1,0,0,3,0,62,132,0,0,0,0,0,0,0,0,0,0,0,0,0,0,1,5,30,1,5,2,1,0,0,1,80,1,1,1,13,0,0,7579
240201_2014,24,240201,1,1,3,10,8,1,25,40,0,1,0,24,2,37,31,37031,3,2002,1HGEM22062L1,1,H,G,E,M,2,2,0,6,2,L,1,0,0,0,000000000,00000000000,0,0,0,1,0,0,0,0,0,0,0,998,0,0,0,9,6,2,42,0,0,0,1,24,21050,6,1,0,0,3,0,67,155,0,0,0,0,0,0,0,0,0,3,58,0,0,0,2,2,30,1,1,2,1,0,0,1,6,6,5,4,7,1,1,7580