st_case_year,STATE,ST_CASE,VEH_NO,VE_FORMS,NUMOCCS,DAY,MONTH,HOUR,MINUTE,HARM_EV,MAN_COLL,UNITTYPE,HIT_RUN,REG_STAT,OWNER,MAKE,MODEL,MAK_MOD,BODY_TYP,MOD_YEAR,VIN,VIN_1,VIN_2,VIN_3,VIN_4,VIN_5,VIN_6,VIN_7,VIN_8,VIN_9,VIN_10,VIN_11,VIN_12,TOW_VEH,J_KNIFE,MCARR_I1,MCARR_I2,MCARR_ID,GVWR,V_CONFIG,CARGO_BT,HAZ_INV,HAZ_PLAC,HAZ_ID,HAZ_CNO,HAZ_REL,BUS_USE,SPEC_USE,EMER_USE,TRAV_SP,UNDERIDE,ROLLOVER,ROLINLOC,IMPACT1,DEFORMED,TOWED,M_HARM,VEH_SC1,VEH_SC2,FIRE_EXP,DR_PRES,L_STATE,DR_ZIP,L_STATUS,L_TYPE,CDL_STAT,L_ENDORS,L_COMPL,L_RESTRI,DR_HGT,DR_WGT,PREV_ACC,PREV_SUS,PREV_DWI,PREV_SPD,PREV_OTH,FIRST_MO,FIRST_YR,LAST_MO,LAST_YR,SPEEDREL,DR_SF1,DR_SF2,DR_SF3,DR_SF4,VTRAFWAY,VNUM_LAN,VSPD_LIM,VALIGN,VPROFILE,VPAVETYP,VSURCOND,VTRAFCON,VTCONT_F,P_CRASH1,P_CRASH2,P_CRASH3,PCRASH4,PCRASH5,ACC_TYPE,DEATHS,DR_DRINK,idno
240237_2014,24,240237,1,2,1,30,8,18,16,12,6,1,0,12,1,12,881,12881,63,1996,1FDZS96W9TVA,1,F,D,Z,S,9,6,W,9,T,V,A,0,0,57,827733,57827733,3,2,4,1,0,0,0,0,0,0,0,998,0,0,0,5,2,5,12,0,0,0,1,24,20659,6,1,6,0,3,0,71,225,0,0,0,0,0,0,0,0,0,0,0,0,0,0,3,2,55,1,1,2,1,20,3,11,15,1,1,1,76,0,0,7638
240237_2014,24,240237,2,2,1,30,8,18,16,12,6,1,0,11,2,72,706,72706,80,2014,1HD1LC319EC4,1,H,D,1,L,C,3,1,9,E,C,4,0,0,0,000000000,00000000000,0,0,0,1,0,0,0,0,0,0,0,998,0,0,0,12,6,2,12,0,0,0,1,11,20001,6,1,0,0,3,0,999,999,99,99,99,99,99,99,9999,99,9999,3,36,0,0,0,3,2,55,1,1,2,1,0,0,1,65,9,9,2,77,1,1,7639
240238_2014,24,240238,1,2,1,30,8,11,43,12,6,1,0,24,1,37,31,37031,4,2005,1HGEM21335L0,1,H,G,E,M,2,1,3,3,5,L,0,0,0,0,000000000,00000000000,0,0,0,1,0,0,0,0,0,0,0,998,0,0,0,9,6,2,12,0,0,0,1,24,20708,6,1,0,0,3,0,70,257,0,0,0,0,0,0,0,0,0,0,0,0,0,0,1,2,98,8,8,8,1,20,3,3,17,1,1,1,89,0,0,7640
240238_2014,24,240238,2,2,1,30,8,11,43,12,6,1,0,24,1,50,705,50705,80,2014,SMTL03NEXET6,S,M,T,L,0,3,N,E,X,E,T,6,0,0,0,000000000,00000000000,0,0,0,1,0,0,0,0,0,0,0,998,0,0,0,12,6,2,12,0,0,0,1,24,20716,6,1,0,0,3,0,73,290,0,0,0,0,0,0,0,0,0,0,0,0,0,0,4,4,50,1,1,2,1,0,0,1,66,1,1,1,88,1,0,7641
240239_2014,24,240239,1,1,3,31,8,4,24,17,0,1,0,24,2,12,401,12401,14,2003,1FMZU83W63UC,1,F,M,Z,U,8,3,W,6,3,U,C,0,0,0,000000000,00000000000,0,0,0,1,0,0,0,0,0,0,0,998,0,1,5,12,6,2,42,0,0,0,1,24,20851,2,1,0,0,2,0,69,200,0,1,0,0,0,5,2012,5,2012,9,99,99,99,99,1,2,50,3,1,2,1,0,0,1,9,6,9,4,7,2,1,7642
240240_2014,24,240240,1,1,1,6,9,0,45,53,0,1,0,99,9,76,709,76709,80,9999,999999999999,9,9,9,9,9,9,9,9,9,9,9,9,0,0,0,000000000,00000000000,0,0,0,1,0,0,0,0,0,0,0,998,0,0,0,12,6,2,53,0,0,0,1,24,21409,6,1,0,0,2,0,72,190,0,0,0,0,1,8,2012,8,2012,0,0,0,0,0,1,2,25,3,3,2,1,0,0,1,13,99,9,4,5,1,1,7643
240241_2014,24,240241,1,1,1,6,9,19,16,58,0,1,0,11,1,54,35,54035,4,2005,19UUA66295A0,1,9,U,U,A,6,6,2,9,5,A,0,0,0,0,000000000,00000000000,0,0,0,1,0,0,0,0,0,0,0,998,0,0,0,98,6,2,30,0,0,0,1,11,20024,6,1,0,0,3,9,999,999,99,99,99,99,99,99,9999,99,9999,0,99,99,99,99,1,2,40,2,6,2,1,0,0,1,13,1,1,4,1,1,1,7644
240242_2014,24,240242,1,3,1,12,9,18,40,12,1,1,0,24,3,82,881,82881,62,2014,1FVACWDT9EHF,1,F,V,A,C,W,D,T,9,E,H,F,1,1,57,1825596,571825596,2,4,6,1,0,0,0,0,0,0,0,998,0,0,0,12,6,2,12,0,0,0,1,24,21220,6,1,6,0,3,0,71,230,0,0,0,0,2,5,2013,8,2014,0,26,38,0,0,1,3,50,1,1,2,1,0,0,1,50,1,1,1,20,0,0,7645
240242_2014,24,240242,2,3,1,12,9,18,40,12,1,1,0,24,2,48,34,48034,6,1990,JF1BJ6329LK9,J,F,1,B,J,6,3,2,9,L,K,9,0,0,0,000000000,00000000000,0,0,0,1,0,0,0,0,0,0,0,0,0,0,0,6,6,2,12,0,0,0,1,24,21085,6,1,0,0,3,0,63,117,0,0,0,0,0,0,0,0,0,0,0,0,0,0,1,3,50,1,1,2,1,0,0,5,53,1,1,1,21,0,0,7646
240242_2014,24,240242,3,3,2,12,9,18,40,12,1,1,0,24,1,20,32,20032,4,1987,1Y1SK5143HZ1,1,Y,1,S,K,5,1,4,3,H,Z,1,0,0,0,000000000,00000000000,0,0,0,1,0,0,0,0,0,0,0,998,0,0,0,11,6,2,12,0,0,0,1,24,21017,6,1,0,0,3,0,69,170,0,0,0,0,3,6,2013,5,2014,0,0,0,0,0,1,3,50,1,1,2,1,0,0,1,62,99,9,4,98,1,0,7647
240243_2014,24,240243,1,1,1,14,9,20,24,14,0,1,0,48,2,12,401,12401,14,2003,1FMZU64K93UC,1,F,M,Z,U,6,4,K,9,3,U,C,0,0,0,000000000,00000000000,0,0,0,1,0,0,0,0,0,0,0,998,0,0,0,12,6,2,14,0,0,0,1,24,21224,0,0,0,0,0,0,999,999,0,0,0,0,0,0,0,0,0,0,29,27,0,0,3,4,55,1,1,2,1,0,0,1,10,1,1,5,11,1,1,7648
240244_2014,24,240244,1,2,1,14,9,23,37,12,6,1,1,99,9,99,999,99999,99,9999,999999999999,9,9,9,9,9,9,9,9,9,9,9,9,0,0,0,000000000,00000000000,0,0,0,1,0,0,0,0,0,0,0,998,0,0,0,1,9,5,12,0,0,0,1,99,99999,9,9,99,9,9,9,999,999,99,99,99,99,99,99,9999,99,9999,9,99,99,99,99,3,2,35,1,1,2,1,3,3,11,15,1,1,1,68,0,0,7649
240244_2014,24,240244,2,2,1,14,9,23,37,12,6,1,0,24,2,72,706,72706,80,2000,1HD1CAP15YK1,1,H,D,1,C,A,P,1,5,Y,K,1,0,0,0,000000000,00000000000,0,0,0,1,0,0,0,0,0,0,0,998,0,0,0,12,6,2,12,0,0,0,1,24,21740,1,1,0,0,2,0,71,270,0,1,0,0,0,7,2014,7,2014,3,0,0,0,0,3,2,35,1,1,2,1,3,3,1,62,99,9,1,69,1,0,7650
240245_2014,24,240245,1,1,1,6,9,18,39,42,0,1,0,24,1,37,32,37032,4,1992,1HGCB7651NA0,1,H,G,C,B,7,6,5,1,N,A,0,0,0,0,000000000,00000000000,0,0,0,1,0,0,0,0,0,0,0,40,0,0,0,12,6,2,42,0,0,0,1,24,21111,6,1,0,0,3,0,68,160,0,0,0,0,2,8,2012,12,2012,0,0,0,0,0,1,2,40,1,1,2,2,0,0,1,12,1,1,4,10,1,0,7651
240246_2014,24,240246,1,1,3,19,9,2,56,33,0,1,0,51,1,7,24,7024,4,2007,2B3KA53H87H6,2,B,3,K,A,5,3,H,8,7,H,6,0,0,0,000000000,00000000000,0,0,0,1,0,0,0,0,0,0,0,998,0,0,0,14,6,2,30,0,0,0,1,51,22303,3,1,0,0,2,0,999,999,0,1,0,0,0,11,2012,11,2012,4,0,0,0,0,6,3,25,3,6,2,1,0,0,14,6,99,9,4,2,1,1,7652
240247_2014,24,240247,1,1,1,19,9,22,15,8,0,1,0,24,1,49,40,49040,4,2001,4T1BG22K61U1,4,T,1,B,G,2,2,K,6,1,U,1,0,0,0,000000000,00000000000,0,0,0,1,0,0,0,0,0,0,0,998,0,0,0,12,2,3,8,0,0,0,1,24,21617,6,1,0,0,3,0,70,175,0,0,0,0,0,0,0,0,0,0,0,0,0,0,1,2,55,1,1,2,1,0,0,1,80,1,1,1,13,0,0,7653
240248_2014,24,240248,1,1,1,20,9,4,7,21,0,1,0,24,1,23,481,23481,31,1991,2GTEC19Z0M15,2,G,T,E,C,1,9,Z,0,M,1,5,0,0,0,000000000,00000000000,0,0,0,1,0,0,0,0,0,0,0,998,0,1,5,11,6,2,1,0,0,0,1,24,21740,6,1,0,0,3,0,69,180,0,0,0,0,0,0,0,0,0,0,0,0,0,0,1,2,30,1,3,2,1,0,0,1,12,99,9,4,6,1,0,7654
240249_2014,24,240249,1,1,1,20,9,13,33,24,0,1,0,24,1,72,706,72706,80,2002,1HD1GEV192Y3,1,H,D,1,G,E,V,1,9,2,Y,3,0,0,0,000000000,00000000000,0,0,0,1,0,0,0,0,0,0,0,998,0,0,0,2,6,2,24,0,0,0,1,24,20794,6,1,0,0,3,0,70,190,0,0,0,0,0,0,0,0,0,0,0,0,0,0,1,2,30,3,5,2,1,0,0,14,13,99,9,4,1,1,0,7655
240250_2014,24,240250,1,2,2,11,7,11,43,12,6,1,0,24,1,49,402,49402,14,2014,JTMBFREV2E50,J,T,M,B,F,R,E,V,2,E,5,0,0,0,0,000000000,00000000000,0,0,0,1,0,0,0,0,0,0,0,998,0,0,0,12,6,2,12,0,0,0,1,24,20871,6,1,0,0,3,0,60,125,0,0,0,0,0,0,0,0,0,0,38,0,0,0,1,2,30,1,1,2,1,20,3,3,17,1,1,1,88,0,0,7656
240250_2014,24,240250,2,2,1,11,7,11,43,12,6,1,0,24,1,7,20,7020,4,1995,1B3ES47C0SD5,1,B,3,E,S,4,7,C,0,S,D,5,0,0,0,000000000,00000000000,0,0,0,1,0,0,0,0,0,0,0,998,0,0,0,10,6,2,12,0,0,0,1,24,21702,6,1,0,0,3,0,74,250,0,0,0,0,0,0,0,0,0,0,0,0,0,0,1,2,30,1,1,2,1,0,0,1,66,99,9,1,89,1,0,7657
240251_2014,24,240251,1,2,1,22,7,17,38,12,1,1,0,51,2,37,402,37402,14,2004,SHSRD78864U2,S,H,S,R,D,7,8,8,6,4,U,2,0,0,0,000000000,00000000000,0,0,0,1,0,0,0,0,0,0,0,998,0,1,1,12,6,2,1,0,0,0,1,24,20837,6,1,0,0,3,0,71,179,0,0,0,0,0,0,0,0,0,0,36,0,0,0,3,3,55,1,1,2,1,9,3,1,50,1,1,1,20,1,1,7658
240251_2014,24,240251,2,2,1,22,7,17,38,12,1,1,0,24,1,42,43,42043,4,2007,WDDNG86X57A0,W,D,D,N,G,8,6,X,5,7,A,0,0,0,0,000000000,00000000000,0,0,0,1,0,0,0,0,0,0,0,0,0,0,0,6,6,2,12,0,0,0,1,24,20695,1,1,0,0,2,0,73,240,0,4,0,3,0,2,2012,6,2014,0,0,0,0,0,3,3,55,1,1,2,1,9,3,5,53,1,1,1,21,0,0,7659
240252_2014,24,240252,1,1,1,13,9,19,54,8,0,1,0,24,2,12,401,12401,14,2002,1FMZU63K82UD,1,F,M,Z,U,6,3,K,8,2,U,D,0,0,0,000000000,00000000000,0,0,0,1,0,0,0,0,0,0,0,998,0,0,0,12,4,3,8,0,0,0,1,24,21040,1,1,0,0,2,0,69,190,0,1,0,0,0,2,2013,2,2013,0,0,0,0,0,5,2,40,1,1,2,1,0,0,1,80,1,1,1,13,0,0,7660
240253_2014,24,240253,1,1,1,17,9,23,7,31,0,1,0,51,1,2,404,2404,14,2004,1J4GW58N24C4,1,J,4,G,W,5,8,N,2,4,C,4,0,0,0,000000000,00000000000,0,0,0,1,0,0,0,0,0,0,0,998,0,1,6,12,6,2,42,0,0,0,1,51,20137,6,1,0,0,3,0,68,175,0,0,0,1,1,1,2013,7,2013,0,0,0,0,0,1,2,40,2,1,2,1,0,0,14,9,99,9,4,7,1,1,7661
240254_2014,24,240254,1,1,1,22,9,14,1,8,0,1,0,24,2,20,471,20471,30,1998,1GCCT19W4W81,1,G,C,C,T,1,9,W,4,W,8,1,0,0,0,000000000,00000000000,0,0,0,1,0,0,0,0,0,0,0,998,0,0,0,12,4,8,8,0,0,0,1,24,21042,6,1,0,0,3,0,65,109,0,0,0,0,0,0,0,0,0,0,0,0,0,0,1,2,40,1,1,2,1,0,0,1,80,1,1,1,13,0,0,7662
240255_2014,24,240255,1,4,1,7,9,15,43,12,6,1,0,24,1,49,44,49044,2,2005,4T1CE38P75U5,4,T,1,C,E,3,8,P,7,5,U,5,0,0,0,000000000,00000000000,0,0,0,1,0,0,0,0,0,0,0,998,0,0,0,3,6,2,12,0,0,0,1,24,21851,6,1,0,0,3,0,71,180,0,0,0,1,1,9,2012,5,2014,0,38,0,0,0,2,2,55,3,1,2,1,0,0,3,17,1,1,1,87,0,0,7663
240255_2014,24,240255,2,4,1,7,9,15,43,12,6,1,0,24,1,72,706,72706,80,2006,1HD1JDB166Y0,1,H,D,1,J,D,B,1,6,6,Y,0,0,0,0,000000000,00000000000,0,0,0,1,0,0,0,0,0,0,0,998,0,0,0,12,6,2,12,0,0,0,1,24,21286,6,1,0,0,3,0,62,129,0,0,0,0,0,0,0,0,0,0,0,0,0,0,2,2,55,3,1,2,1,0,0,1,66,1,9,1,86,1,0,7664
240255_2014,24,240255,3,4,1,7,9,15,43,12,6,1,0,24,1,72,706,72706,80,2011,1HD1BW519BB0,1,H,D,1,B,W,5,1,9,B,B,0,0,0,0,000000000,00000000000,0,0,0,1,0,0,0,0,0,0,0,998,0,0,0,0,4,3,1,0,0,0,1,24,21222,6,1,0,0,3,0,72,210,0,0,0,0,0,0,0,0,0,0,0,0,0,0,2,2,55,3,1,2,1,0,0,1,66,99,9,1,98,0,0,7665
240255_2014,24,240255,4,4,4,7,9,15,43,12,6,1,0,24,1,37,441,37441,20,2008,5FNRL38608B4,5,F,N,R,L,3,8,6,0,8,B,4,0,0,0,000000000,00000000000,0,0,0,1,0,0,0,0,0,0,0,0,0,0,0,10,2,5,12,0,0,0,1,24,21811,6,1,0,0,3,0,63,112,0,0,0,0,0,0,0,0,0,0,0,0,0,0,1,2,35,1,1,2,1,20,3,5,60,1,1,1,98,0,0,7666
240256_2014,24,240256,1,1,1,19,9,16,18,8,0,1,0,24,1,7,482,7482,31,1994,1B7HF16Y8RS6,1,B,7,H,F,1,6,Y,8,R,S,6,0,0,0,000000000,00000000000,0,0,0,1,0,0,0,0,0,0,0,998,0,0,0,12,0,5,8,0,0,0,1,24,21227,6,7,0,0,3,2,69,193,0,1,0,0,2,1,2012,6,2014,0,73,38,0,0,1,2,25,1,1,2,1,2,3,11,80,1,1,1,13,0,0,7667
240257_2014,24,240257,1,1,1,27,9,7,33,32,0,1,0,24,2,12,37,12037,4,2005,1FAFP34N85W3,1,F,A,F,P,3,4,N,8,5,W,3,0,0,0,000000000,00000000000,0,0,0,1,0,0,0,0,0,0,0,998,0,1,5,12,6,2,42,0,0,0,1,24,21122,6,1,0,0,3,0,68,185,0,1,0,0,0,8,2014,8,2014,9,58,0,0,0,3,2,55,2,1,2,1,0,0,14,12,7,1,4,1,1,1,7668
240258_2014,24,240258,1,1,4,26,9,21,26,43,0,1,0,24,1,12,25,12025,6,2014,2FMHK6DT7EBD,2,F,M,H,K,6,D,T,7,E,B,D,0,0,0,000000000,00000000000,0,0,0,1,0,0,0,0,0,0,0,998,0,0,0,6,6,2,43,0,0,0,1,24,21655,6,1,0,0,3,0,69,250,0,0,0,0,0,0,0,0,0,0,0,0,0,0,1,2,50,1,1,2,1,0,0,13,12,1,1,4,98,1,0,7669
240259_2014,24,240259,1,1,1,28,9,6,23,8,0,1,0,24,2,30,40,30040,4,2014,3VW3L7AJ9EM4,3,V,W,3,L,7,A,J,9,E,M,4,0,0,0,000000000,00000000000,0,0,0,1,0,0,0,0,0,0,0,998,0,0,0,12,4,5,8,0,0,0,1,24,21757,6,1,0,0,3,0,64,160,0,0,0,0,0,0,0,0,0,0,0,0,0,0,1,2,50,2,1,2,1,0,0,14,80,99,9,1,13,0,0,7670
240260_2014,24,240260,1,2,2,26,9,15,26,12,2,1,0,24,1,32,401,32401,14,2009,WA1AY74L19D0,W,A,1,A,Y,7,4,L,1,9,D,0,0,0,0,000000000,00000000000,0,0,0,1,0,0,0,0,0,0,0,45,0,0,0,12,6,2,12,0,0,0,1,24,21076,6,1,0,0,3,0,62,130,0,0,0,0,0,0,0,0,0,0,28,0,0,0,1,2,45,2,6,2,1,0,0,14,10,1,1,2,50,0,0,7671
240260_2014,24,240260,2,2,1,26,9,15,26,12,2,1,0,51,1,63,34,63034,4,2004,KNAGD1263452,K,N,A,G,D,1,2,6,3,4,5,2,0,0,0,000000000,00000000000,0,0,0,1,0,0,0,0,0,0,0,45,0,0,0,12,6,2,12,0,0,0,1,51,22407,6,1,6,0,3,9,69,160,0,0,0,0,0,0,0,0,0,0,0,0,0,0,1,2,45,2,6,2,1,0,0,14,62,99,9,1,51,1,0,7672
240261_2014,24,240261,1,1,1,8,9,15,37,8,0,1,0,24,1,18,22,18022,4,2013,1G4GF5E35DF1,1,G,4,G,F,5,E,3,5,D,F,1,0,0,0,000000000,00000000000,0,0,0,1,0,0,0,0,0,0,0,998,0,0,0,2,2,5,8,0,0,0,1,24,21207,6,1,0,0,3,0,64,195,0,0,0,0,0,0,0,0,0,0,38,0,0,0,1,4,30,1,1,2,1,2,3,11,80,1,1,1,13,0,0,7673
240262_2014,24,240262,1,2,1,18,9,18,39,12,6,1,0,24,1,72,706,72706,80,2009,1HD1KB4159Y6,1,H,D,1,K,B,4,1,5,9,Y,6,0,0,0,000000000,00000000000,0,0,0,1,0,0,0,0,0,0,0,998,0,0,0,12,6,2,12,0,0,0,1,24,20601,0,0,0,0,0,0,71,165,0,0,0,0,0,0,0,0,0,0,28,39,0,0,1,2,40,1,1,2,1,0,0,1,62,1,1,3,69,1,1,7674
240262_2014,24,240262,2,2,4,18,9,18,39,12,6,1,0,24,1,52,402,52402,14,2006,4A4MN21S96E0,4,A,4,M,N,2,1,S,9,6,E,0,0,0,0,000000000,00000000000,0,0,0,1,0,0,0,0,0,0,0,998,0,0,0,3,4,5,12,0,0,0,1,24,20735,6,1,0,0,3,0,61,200,0,0,0,0,0,0,0,0,0,0,0,0,0,0,1,2,40,1,1,2,1,0,0,11,15,1,1,1,68,0,0,7675
240263_2014,24,240263,1,2,1,7,6,22,19,12,1,1,0,24,2,23,481,23481,31,2004,2GTEC19T4412,2,G,T,E,C,1,9,T,4,4,1,2,0,0,0,000000000,00000000000,0,0,0,1,0,0,0,0,0,0,0,998,0,0,0,12,6,2,12,0,0,0,1,24,20706,6,1,0,0,3,0,62,150,0,0,0,0,0,0,0,0,0,4,0,0,0,0,3,3,40,1,2,2,1,3,3,1,50,1,1,1,20,1,0,7676
240263_2014,24,240263,2,2,1,7,6,22,19,12,1,1,0,24,2,12,401,12401,14,2005,1FMZU73K75UB,1,F,M,Z,U,7,3,K,7,5,U,B,0,0,0,000000000,00000000000,0,0,0,1,0,0,0,0,0,0,0,0,0,0,0,6,6,2,12,0,0,0,1,54,25425,6,1,0,0,3,0,60,155,0,0,0,0,0,0,0,0,0,0,0,0,0,0,3,3,40,1,2,2,1,3,3,5,53,1,1,1,21,0,0,7677
240264_2014,24,240264,1,1,1,30,9,20,36,8,0,1,0,24,1,55,33,55033,4,2014,5NPEB4ACXEH9,5,N,P,E,B,4,A,C,X,E,H,9,0,0,0,000000000,00000000000,0,0,0,1,0,0,0,0,0,0,0,998,0,0,0,12,4,5,8,0,0,0,1,24,20770,6,1,0,0,3,0,69,177,0,0,0,1,0,10,2012,10,2012,0,0,0,0,0,3,2,35,1,1,2,2,3,3,1,80,1,1,1,13,0,0,7678
240265_2014,24,240265,1,3,1,28,9,14,28,12,6,1,0,24,1,20,37,20037,4,2004,1G1ND52F04M6,1,G,1,N,D,5,2,F,0,4,M,6,0,0,0,000000000,00000000000,0,0,0,1,0,0,0,0,0,0,0,998,0,0,0,10,6,2,12,0,0,0,1,24,21660,6,1,0,0,3,0,59,157,0,0,0,0,0,0,0,0,0,0,38,0,0,0,2,2,55,1,1,2,1,3,3,1,17,1,1,1,89,1,0,7679
240265_2014,24,240265,2,3,2,28,9,14,28,12,6,1,0,24,2,30,47,30047,3,2001,3VWCK21C71M4,3,V,W,C,K,2,1,C,7,1,M,4,0,0,0,000000000,00000000000,0,0,0,1,0,0,0,0,0,0,0,998,0,0,0,12,6,2,12,0,0,0,1,24,21629,6,1,0,0,3,0,63,123,0,0,0,0,0,0,0,0,0,0,0,0,0,0,2,2,55,1,1,2,1,3,3,1,66,99,9,1,88,0,0,7680
240265_2014,24,240265,3,3,1,28,9,14,28,12,6,1,0,24,1,18,401,18401,14,2007,3G5DA03L47S5,3,G,5,D,A,0,3,L,4,7,S,5,0,0,0,000000000,00000000000,0,0,0,1,0,0,0,0,0,0,0,0,0,0,0,12,2,5,12,0,0,0,1,24,21638,6,1,0,0,3,0,63,140,0,0,0,0,0,0,0,0,0,0,0,0,0,0,2,2,55,1,1,2,1,3,3,5,62,1,1,1,98,0,0,7681
240266_2014,24,240266,1,2,1,28,9,17,18,12,7,1,0,24,1,53,706,53706,80,2008,JS1GN7EA9821,J,S,1,G,N,7,E,A,9,8,2,1,0,0,0,000000000,00000000000,0,0,0,1,0,0,0,0,0,0,0,998,0,0,0,3,6,2,12,0,0,0,1,24,20774,6,1,0,0,3,0,63,115,0,0,0,0,0,0,0,0,0,0,0,0,0,0,3,3,65,1,1,2,1,0,0,15,61,99,9,1,48,1,0,7682
240266_2014,24,240266,2,2,1,28,9,17,18,12,7,1,0,24,1,20,16,20016,2,2000,1G1JC1243Y73,1,G,1,J,C,1,2,4,3,Y,7,3,0,0,0,000000000,00000000000,0,0,0,1,0,0,0,0,0,0,0,998,0,0,0,7,6,2,12,0,0,0,1,24,21061,6,1,0,0,3,0,65,202,0,0,0,0,0,0,0,0,0,0,0,0,0,0,3,3,65,1,1,2,1,0,0,15,10,1,1,1,48,0,0,7683
240267_2014,24,240267,1,2,1,29,9,5,29,43,0,1,0,24,3,12,481,12481,31,2001,1FDNF20F01EA,1,F,D,N,F,2,0,F,0,1,E,A,0,0,0,000000000,00000000000,0,0,0,1,0,0,0,0,0,0,0,998,0,0,0,2,6,2,12,0,0,0,1,51,22842,1,1,0,0,2,0,70,175,0,1,0,2,4,2,2012,9,2014,9,99,99,99,99,1,2,40,2,1,2,1,0,0,14,11,1,1,4,5,0,0,7684
240267_2014,24,240267,2,2,1,29,9,5,29,43,0,1,0,24,1,49,402,49402,14,2010,2T3BF4DV8AW0,2,T,3,B,F,4,D,V,8,A,W,0,0,0,0,000000000,00000000000,0,0,0,1,0,0,0,0,0,0,0,998,0,0,0,11,6,2,12,0,0,0,1,24,20882,6,1,0,0,3,0,65,170,0,0,0,0,0,0,0,0,0,0,0,0,0,0,1,2,40,2,1,2,1,0,0,14,62,99,9,1,98,1,0,7685
240268_2014,24,240268,1,1,1,3,10,5,52,8,0,1,0,24,1,41,51,41051,4,2011,JM1BL1U67B13,J,M,1,B,L,1,U,6,7,B,1,3,0,0,0,000000000,00000000000,0,0,0,1,0,0,0,0,0,0,0,998,0,0,0,12,6,2,8,0,0,0,1,24,21797,6,1,0,0,3,0,72,240,0,0,0,0,0,0,0,0,0,0,0,0,0,0,1,2,50,1,1,2,1,0,0,1,80,1,1,1,13,0,0,7686
240269_2014,24,240269,1,1,1,5,10,14,59,43,0,1,0,24,2,72,706,72706,80,2001,1HD1GDV1X1Y3,1,H,D,1,G,D,V,1,X,1,Y,3,0,0,0,000000000,00000000000,0,0,0,1,0,0,0,0,0,0,0,998,0,0,0,12,6,2,42,0,0,0,1,24,21102,6,1,6,0,3,0,71,220,0,0,0,0,0,0,0,0,0,0,0,0,0,0,1,2,30,2,3,2,1,0,0,14,12,1,1,4,6,1,1,7687
240270_2014,24,240270,1,2,1,4,10,16,42,12,2,1,0,24,2,49,32,49032,4,2005,JTDBR32E6520,J,T,D,B,R,3,2,E,6,5,2,0,0,0,0,000000000,00000000000,0,0,0,1,0,0,0,0,0,0,0,998,0,0,0,12,6,2,12,0,0,0,1,24,21625,6,1,0,0,3,3,64,147,0,0,0,0,0,0,0,0,0,0,28,0,0,0,1,2,50,1,1,2,1,0,0,1,10,1,1,2,50,0,0,7688
240270_2014,24,240270,2,2,2,4,10,16,42,12,2,1,0,24,2,12,24,12024,6,2011,2FMDK3GC3BBA,2,F,M,D,K,3,G,C,3,B,B,A,0,0,0,000000000,00000000000,0,0,0,1,0,0,0,0,0,0,0,998,0,0,0,12,6,2,12,0,0,0,1,24,21601,6,1,0,0,3,0,67,175,0,3,0,2,1,5,2012,11,2013,0,0,0,0,0,1,2,50,1,1,2,1,0,0,1,62,1,1,1,51,1,0,7689
240271_2014,24,240271,1,1,1,4,10,20,48,8,0,1,1,99,9,99,999,99999,99,9999,999999999999,9,9,9,9,9,9,9,9,9,9,9,9,9,0,0,000000000,00000000000,9,0,0,1,0,0,0,0,99,99,9,998,0,0,0,98,9,5,8,0,0,0,1,99,99999,9,9,99,9,9,9,999,999,99,99,99,99,99,99,9999,99,9999,9,99,99,99,99,8,6,35,1,6,2,1,0,0,99,80,99,9,9,13,0,0,7690
240272_2014,24,240272,1,1,1,8,10,6,20,24,0,1,0,24,1,73,706,73706,80,2006,JKBVNKE136A0,J,K,B,V,N,K,E,1,3,6,A,0,0,0,0,000000000,00000000000,0,0,0,1,0,0,0,0,0,0,0,998,0,0,0,1,6,2,24,0,0,0,1,24,20832,6,1,0,0,3,0,69,185,0,0,0,1,0,11,2012,11,2012,0,0,0,0,0,3,4,55,1,1,2,1,0,0,1,13,1,1,4,1,1,0,7691
240274_2014,24,240274,1,1,1,12,10,22,42,8,0,1,0,24,1,35,401,35401,14,1997,JN8AR05Y8VW1,J,N,8,A,R,0,5,Y,8,V,W,1,0,0,0,000000000,00000000000,0,0,0,1,0,0,0,0,0,0,0,998,0,0,0,12,4,5,8,0,0,0,1,24,20769,6,1,0,0,3,0,67,160,0,0,0,0,1,5,2012,5,2012,0,0,0,0,0,1,2,45,1,1,2,1,0,0,1,80,1,1,1,13,0,0,7692
240275_2014,24,240275,1,2,2,22,9,17,39,12,1,1,0,24,1,20,404,20404,14,2011,2CNALDECXB62,2,C,N,A,L,D,E,C,X,B,6,2,0,0,0,000000000,00000000000,0,0,0,1,0,0,0,0,0,0,0,998,0,0,0,12,6,2,12,0,0,0,1,24,21239,6,1,0,0,3,0,70,200,0,0,0,0,0,0,0,0,0,4,0,0,0,0,3,2,35,1,1,2,1,98,3,1,50,1,1,1,20,1,0,7693
240275_2014,24,240275,2,2,5,22,9,17,39,12,1,1,0,24,1,19,20,19020,6,2012,3GYFNAE33CS5,3,G,Y,F,N,A,E,3,3,C,S,5,0,0,0,000000000,00000000000,0,0,0,1,0,0,0,0,0,0,0,0,0,0,0,6,4,3,12,0,0,0,1,24,21218,6,1,0,0,3,0,73,275,0,0,0,0,0,0,0,0,0,0,0,0,0,0,3,2,35,1,1,2,1,98,3,5,53,1,1,1,21,0,0,7694