st_case_year,STATE,ST_CASE,VEH_NO,VE_FORMS,NUMOCCS,DAY,MONTH,HOUR,MINUTE,HARM_EV,MAN_COLL,UNITTYPE,HIT_RUN,REG_STAT,OWNER,MAKE,MODEL,MAK_MOD,BODY_TYP,MOD_YEAR,VIN,VIN_1,VIN_2,VIN_3,VIN_4,VIN_5,VIN_6,VIN_7,VIN_8,VIN_9,VIN_10,VIN_11,VIN_12,TOW_VEH,J_KNIFE,MCARR_I1,MCARR_I2,MCARR_ID,GVWR,V_CONFIG,CARGO_BT,HAZ_INV,HAZ_PLAC,HAZ_ID,HAZ_CNO,HAZ_REL,BUS_USE,SPEC_USE,EMER_USE,TRAV_SP,UNDERIDE,ROLLOVER,ROLINLOC,IMPACT1,DEFORMED,TOWED,M_HARM,VEH_SC1,VEH_SC2,FIRE_EXP,DR_PRES,L_STATE,DR_ZIP,L_STATUS,L_TYPE,CDL_STAT,L_ENDORS,L_COMPL,L_RESTRI,DR_HGT,DR_WGT,PREV_ACC,PREV_SUS,PREV_DWI,PREV_SPD,PREV_OTH,FIRST_MO,FIRST_YR,LAST_MO,LAST_YR,SPEEDREL,DR_SF1,DR_SF2,DR_SF3,DR_SF4,VTRAFWAY,VNUM_LAN,VSPD_LIM,VALIGN,VPROFILE,VPAVETYP,VSURCOND,VTRAFCON,VTCONT_F,P_CRASH1,P_CRASH2,P_CRASH3,PCRASH4,PCRASH5,ACC_TYPE,DEATHS,DR_DRINK,idno
240314_2014,24,240314,5,6,1,16,10,8,14,12,7,1,0,45,1,24,7,24007,4,2004,1G8AL52F74Z1,1,G,8,A,L,5,2,F,7,4,Z,1,0,0,0,000000000,00000000000,0,0,0,1,0,0,0,0,0,0,0,0,0,0,0,7,6,2,12,0,0,0,1,45,29646,6,1,0,0,3,0,66,120,0,0,0,1,1,4,2012,4,2013,0,0,0,0,0,3,3,55,1,6,2,1,3,3,5,60,1,1,1,98,0,0,7752
240314_2014,24,240314,6,6,1,16,10,8,14,12,7,1,0,24,1,59,33,59033,2,1995,JT8JZ31C0S00,J,T,8,J,Z,3,1,C,0,S,0,0,0,0,0,000000000,00000000000,0,0,0,1,0,0,0,0,0,0,0,0,0,0,0,7,4,5,12,0,0,0,1,24,20746,6,1,0,0,3,0,68,180,0,0,0,0,0,0,0,0,0,0,0,0,0,0,3,3,55,1,6,2,1,3,3,5,60,1,1,1,98,0,0,7753
240315_2014,24,240315,1,1,1,19,10,21,9,35,0,1,0,24,1,41,45,41045,1,2002,JM1NB3530202,J,M,1,N,B,3,5,3,0,2,0,2,0,0,0,000000000,00000000000,0,0,0,1,0,0,0,0,0,0,0,65,0,1,5,12,6,2,1,0,0,0,1,24,21782,6,1,0,0,3,0,66,135,0,0,0,0,0,0,0,0,0,3,39,0,0,0,1,2,50,1,2,2,1,0,0,6,6,99,9,4,2,1,1,7754
240316_2014,24,240316,1,1,1,11,10,0,9,8,0,1,0,24,1,14,17,14017,4,2001,1MEFM50U11A6,1,M,E,F,M,5,0,U,1,1,A,6,0,0,0,000000000,00000000000,0,0,0,1,0,0,0,0,0,0,0,998,0,0,0,12,4,3,8,0,0,0,1,24,21133,6,1,0,0,3,0,72,195,0,1,0,2,0,9,2013,2,2014,0,0,0,0,0,1,4,40,1,1,2,1,0,0,1,80,99,9,1,13,0,0,7755
240317_2014,24,240317,1,2,1,13,10,6,54,8,0,1,0,24,1,55,401,55401,14,2002,KM8SC73D92U3,K,M,8,S,C,7,3,D,9,2,U,3,0,0,0,000000000,00000000000,0,0,0,1,0,0,0,0,0,0,0,998,0,0,0,12,4,5,8,0,0,0,1,24,21222,6,1,0,0,3,0,67,215,0,0,0,0,0,0,0,0,0,0,0,0,0,0,3,2,35,1,1,2,1,2,3,1,80,1,1,1,13,0,0,7756
240317_2014,24,240317,2,2,1,13,10,6,54,8,0,1,0,24,1,12,17,12017,4,1997,1FALP57U2VA3,1,F,A,L,P,5,7,U,2,V,A,3,0,0,0,000000000,00000000000,0,0,0,1,0,0,0,0,0,0,0,998,0,0,0,14,0,5,8,0,0,0,1,24,21222,6,1,0,0,3,0,69,150,0,0,0,0,0,0,0,0,0,0,0,0,0,0,3,2,35,1,1,2,1,2,3,1,80,1,1,1,98,0,0,7757
240318_2014,24,240318,1,1,1,22,10,9,21,16,0,1,0,24,1,49,404,49404,14,2007,JTEBU11FX700,J,T,E,B,U,1,1,F,X,7,0,0,0,0,0,000000000,00000000000,0,0,0,1,0,0,0,0,0,0,0,998,0,0,0,0,6,2,16,0,0,0,1,24,21085,6,1,0,0,3,0,64,150,0,0,0,0,0,0,0,0,0,0,0,0,0,0,1,2,40,1,5,2,2,0,0,1,98,1,1,1,0,1,0,7758
240319_2014,24,240319,1,2,1,28,10,1,36,12,6,1,0,24,1,20,481,20481,31,2003,1GCHK23123F1,1,G,C,H,K,2,3,1,2,3,F,1,0,0,0,000000000,00000000000,0,0,0,1,0,0,0,0,0,0,0,998,0,1,5,12,6,2,12,0,0,0,1,24,20650,6,1,0,0,3,0,73,200,0,0,0,0,1,5,2014,5,2014,0,28,0,0,0,1,2,55,1,3,2,1,0,0,1,10,1,1,2,64,0,0,7759
240319_2014,24,240319,2,2,2,28,10,1,36,12,6,1,0,24,2,6,43,6043,1,2004,1C3EL55R44N3,1,C,3,E,L,5,5,R,4,4,N,3,0,0,0,000000000,00000000000,0,0,0,1,0,0,0,0,0,0,0,998,0,0,0,3,6,2,12,0,0,0,1,24,20685,6,1,0,0,3,0,71,180,0,0,0,0,0,0,0,0,0,0,0,0,0,0,1,2,55,1,3,2,1,0,0,1,62,7,1,1,65,1,0,7760
240320_2014,24,240320,1,1,1,28,10,15,18,14,0,1,0,24,1,34,35,34035,4,2008,WBANU53598CT,W,B,A,N,U,5,3,5,9,8,C,T,0,0,0,000000000,00000000000,0,0,0,1,0,0,0,0,0,0,0,998,0,0,0,12,6,2,8,0,0,0,1,24,21403,6,1,0,0,3,0,70,150,0,0,0,0,0,0,0,0,0,0,0,0,0,0,4,2,25,1,6,2,1,0,0,1,50,1,1,1,11,0,0,7761
240321_2014,24,240321,1,1,3,29,10,6,13,46,0,1,0,24,1,12,471,12471,31,2004,1FTYR10U24TA,1,F,T,Y,R,1,0,U,2,4,T,A,0,0,0,000000000,00000000000,0,0,0,1,0,0,0,0,0,0,0,998,0,0,0,12,6,2,46,0,0,0,1,24,20636,6,1,0,0,3,0,75,175,0,0,0,1,1,7,2012,8,2014,0,0,0,0,0,3,2,55,2,1,2,1,3,3,1,12,1,1,4,6,1,0,7762
240322_2014,24,240322,1,2,1,25,10,12,55,12,6,1,0,24,1,37,402,37402,14,2010,5J6RE4H37AL0,5,J,6,R,E,4,H,3,7,A,L,0,0,0,0,000000000,00000000000,0,0,0,1,0,0,0,0,0,0,0,998,0,0,0,3,6,2,12,0,0,0,1,24,20613,6,1,0,0,3,0,67,199,0,0,0,0,0,0,0,0,0,0,38,0,0,0,1,2,40,2,1,2,1,0,0,11,15,1,1,1,68,1,0,7763
240322_2014,24,240322,2,2,2,25,10,12,55,12,6,1,0,24,1,49,402,49402,14,2004,JTEGD20V6400,J,T,E,G,D,2,0,V,6,4,0,0,0,0,0,000000000,00000000000,0,0,0,1,0,0,0,0,0,0,0,998,0,0,0,12,6,2,12,0,0,0,1,24,20601,6,1,0,0,3,0,66,270,0,0,0,0,0,0,0,0,0,0,0,0,0,0,1,2,40,2,1,2,1,0,0,1,62,1,1,1,69,0,0,7764
240323_2014,24,240323,1,2,1,18,10,11,51,12,2,1,0,24,1,53,706,53706,80,2004,JS1GW71A9421,J,S,1,G,W,7,1,A,9,4,2,1,0,0,0,000000000,00000000000,0,0,0,1,0,0,0,0,0,0,0,97,0,0,0,12,6,2,12,0,0,0,1,24,20657,6,1,0,0,3,0,66,180,0,0,0,2,0,8,2012,2,2014,3,0,0,0,0,2,2,30,3,5,2,1,0,0,1,62,99,1,1,69,1,0,7765
240323_2014,24,240323,2,2,2,18,10,11,51,12,2,1,0,24,1,20,24,20024,6,2010,1GNLREED2AJ1,1,G,N,L,R,E,E,D,2,A,J,1,0,0,0,000000000,00000000000,0,0,0,1,0,0,0,0,0,0,0,998,0,0,0,12,6,2,12,0,0,0,1,24,20764,6,1,0,0,3,0,67,155,0,0,0,0,0,0,0,0,0,0,0,0,0,0,2,2,30,3,5,2,1,0,0,11,15,1,1,1,68,0,0,7766
240324_2014,24,240324,1,1,1,29,10,18,37,8,0,1,0,24,1,63,32,63032,4,2009,KNADE2234965,K,N,A,D,E,2,2,3,4,9,6,5,0,0,0,000000000,00000000000,0,0,0,1,0,0,0,0,0,0,0,998,0,0,0,12,4,5,8,0,0,0,1,24,21227,6,1,0,0,3,0,51,92,0,0,0,0,0,0,0,0,0,0,0,0,0,0,2,2,30,1,1,2,1,0,0,1,80,99,9,1,13,0,0,7767
240325_2014,24,240325,1,2,1,29,10,0,45,25,0,1,0,24,1,49,32,49032,4,2007,2T1BR32E97C7,2,T,1,B,R,3,2,E,9,7,C,7,0,0,0,000000000,00000000000,0,0,0,1,0,0,0,0,0,0,0,998,0,0,0,12,6,2,12,0,0,0,1,24,21703,6,1,0,0,3,0,64,145,0,0,0,0,0,0,0,0,0,0,51,0,0,0,3,3,45,1,1,2,1,0,0,1,13,1,1,4,1,1,1,7768
240325_2014,24,240325,2,2,1,29,10,0,45,25,0,1,0,24,1,52,46,52046,4,2011,JA32U2FU6BU0,J,A,3,2,U,2,F,U,6,B,U,0,0,0,0,000000000,00000000000,0,0,0,1,0,0,0,0,0,0,0,998,0,0,0,12,6,2,12,0,0,0,1,24,21702,6,1,0,0,3,0,67,150,0,0,0,0,0,0,0,0,0,0,0,0,0,0,3,3,45,1,1,2,1,0,0,1,54,99,9,1,98,0,0,7769
240326_2014,24,240326,1,1,1,28,10,5,21,8,0,1,0,51,3,20,481,20481,31,2011,1GC2KVCG3BZ4,1,G,C,2,K,V,C,G,3,B,Z,4,0,0,0,000000000,00000000000,0,0,0,1,0,0,0,0,0,0,0,998,0,0,0,12,6,2,8,0,0,0,1,24,20602,6,1,0,0,3,0,74,230,0,0,0,0,0,0,0,0,0,0,0,0,0,0,6,2,55,2,1,2,1,0,0,15,80,1,1,1,13,0,0,7770
240327_2014,24,240327,1,1,1,4,11,4,57,8,0,1,0,24,3,13,5,13005,4,1999,1LNHM97V8XY6,1,L,N,H,M,9,7,V,8,X,Y,6,0,0,0,000000000,00000000000,0,0,0,1,0,0,0,0,0,0,0,998,0,0,0,12,2,3,8,0,0,0,1,24,20904,6,1,0,0,3,0,68,218,0,0,0,0,0,0,0,0,0,0,99,99,99,99,3,3,45,1,1,2,1,3,3,1,80,1,1,1,13,0,0,7771
240328_2014,24,240328,1,1,1,13,12,6,57,8,0,1,0,24,1,12,37,12037,2,2002,1FAFP36322W1,1,F,A,F,P,3,6,3,2,2,W,1,0,0,0,000000000,00000000000,0,0,0,1,0,0,0,0,0,0,0,50,0,0,0,12,4,3,8,0,0,0,1,24,20723,6,1,0,0,3,0,74,195,0,0,0,0,0,0,0,0,0,0,0,0,0,0,1,2,55,1,1,2,1,0,0,1,80,3,9,1,13,0,0,7772
240329_2014,24,240329,1,1,1,28,12,15,45,26,0,1,0,11,1,37,402,37402,14,1997,JHLRD1846VC0,J,H,L,R,D,1,8,4,6,V,C,0,0,0,0,000000000,00000000000,0,0,0,1,0,0,0,0,0,0,0,998,0,0,0,12,6,2,26,0,0,0,1,11,20015,6,1,0,0,3,0,63,120,0,0,0,0,0,0,0,0,0,0,0,0,0,0,8,8,98,8,8,8,1,0,0,1,11,99,9,4,12,1,0,7773
240330_2014,24,240330,1,2,1,8,11,16,33,12,6,1,0,24,1,37,705,37705,80,2008,JH2PC40028M1,J,H,2,P,C,4,0,0,2,8,M,1,0,0,0,000000000,00000000000,0,0,0,1,0,0,0,0,0,0,0,998,0,0,0,12,6,2,12,0,0,0,1,24,21075,6,1,0,0,3,3,72,140,0,0,0,1,1,6,2014,9,2014,3,0,0,0,0,1,2,30,1,6,2,1,0,0,1,62,1,1,1,69,1,0,7774
240330_2014,24,240330,2,2,1,8,11,16,33,12,6,1,0,24,3,12,402,12402,14,2014,1FMCU0GX1EUC,1,F,M,C,U,0,G,X,1,E,U,C,0,0,0,000000000,00000000000,0,0,0,1,0,0,0,0,0,0,0,998,0,0,0,3,6,2,12,0,0,0,1,24,21794,6,1,0,0,3,0,68,115,0,0,0,0,0,0,0,0,0,0,0,0,0,0,1,2,30,1,6,2,1,0,0,11,15,1,1,1,68,0,0,7775
240331_2014,24,240331,1,3,1,4,11,18,50,12,2,1,0,24,1,20,482,20482,31,2007,3GNFK123X7G2,3,G,N,F,K,1,2,3,X,7,G,2,0,0,0,000000000,00000000000,0,0,0,1,0,0,0,0,0,0,0,998,0,0,0,12,6,2,12,0,0,0,1,24,20720,6,1,0,0,3,0,68,165,0,0,0,0,0,0,0,0,0,0,0,0,0,0,1,2,45,1,3,2,1,0,0,1,10,1,1,2,50,0,0,7776
240331_2014,24,240331,2,3,1,4,11,18,50,12,2,1,0,24,1,49,43,49043,4,2007,4T1BK36B37U2,4,T,1,B,K,3,6,B,3,7,U,2,0,0,0,000000000,00000000000,0,0,0,1,0,0,0,0,0,0,0,998,0,0,0,12,6,2,12,0,0,0,1,24,20720,6,1,0,0,3,0,67,170,0,0,0,0,0,0,0,0,0,0,0,0,0,0,1,2,45,1,3,2,1,0,0,1,62,1,1,1,51,1,0,7777
240331_2014,24,240331,3,3,1,4,11,18,50,12,2,1,0,24,1,59,31,59031,4,2015,JTHBK1GG0F21,J,T,H,B,K,1,G,G,0,F,2,1,0,0,0,000000000,00000000000,0,0,0,1,0,0,0,0,0,0,0,998,0,0,0,7,6,2,12,0,0,0,1,24,20720,6,1,0,0,3,0,67,135,0,0,0,0,0,0,0,0,0,0,0,0,0,0,1,2,45,1,3,2,1,0,0,1,62,6,9,1,98,0,0,7778
240332_2014,24,240332,1,1,1,10,10,16,34,14,0,1,0,24,1,55,35,55035,4,2005,KMHDN46DX5U1,K,M,H,D,N,4,6,D,X,5,U,1,0,0,0,000000000,00000000000,0,0,0,1,0,0,0,0,0,0,0,998,0,0,0,12,4,3,14,0,0,0,1,24,21128,6,1,0,0,3,0,69,310,0,0,0,0,0,0,0,0,0,0,0,0,0,0,0,0,0,0,0,0,0,0,0,1,13,1,1,5,98,1,0,7779
240333_2014,24,240333,1,1,1,1,11,6,55,8,0,1,0,24,1,19,3,19003,4,2003,1G6KD54Y33U2,1,G,6,K,D,5,4,Y,3,3,U,2,0,0,0,000000000,00000000000,0,0,0,1,0,0,0,0,0,0,0,998,0,0,0,12,6,2,8,0,0,0,1,24,21075,6,1,0,0,3,0,73,265,0,0,0,0,0,0,0,0,0,0,0,0,0,0,3,4,65,1,1,2,2,0,0,1,80,1,1,1,13,0,0,7780
240334_2014,24,240334,1,1,1,1,11,2,2,14,0,1,0,24,1,2,1,2001,6,2013,1C4NJDBB1DD2,1,C,4,N,J,D,B,B,1,D,D,2,0,0,0,000000000,00000000000,0,0,0,1,0,0,0,0,0,0,0,998,0,0,0,12,6,2,14,0,0,0,1,24,20850,0,0,0,0,0,0,999,999,0,0,0,0,0,0,0,0,0,0,0,0,0,0,3,4,55,1,1,2,1,0,0,1,10,1,1,4,1,0,1,7781
240335_2014,24,240335,1,2,1,6,11,8,7,12,6,1,0,24,1,51,43,51043,1,2008,YV1MC67268J0,Y,V,1,M,C,6,7,2,6,8,J,0,0,0,0,000000000,00000000000,0,0,0,1,0,0,0,0,0,0,0,998,0,0,0,9,6,2,12,0,0,0,1,24,21811,6,1,0,0,3,0,66,130,0,0,0,0,0,0,0,0,0,0,38,0,0,0,1,2,98,8,8,8,2,20,3,3,17,1,1,1,89,1,0,7782
240335_2014,24,240335,2,2,1,6,11,8,7,12,6,1,0,24,1,41,54,41054,6,2010,JM3TB3MV6A02,J,M,3,T,B,3,M,V,6,A,0,2,0,0,0,000000000,00000000000,0,0,0,1,0,0,0,0,0,0,0,998,0,0,0,12,6,2,12,0,0,0,1,24,21801,6,1,0,0,3,0,65,118,0,0,0,2,1,7,2012,9,2014,0,0,0,0,0,4,2,55,1,1,2,2,0,0,1,66,1,1,1,88,0,0,7783
240336_2014,24,240336,1,2,1,2,11,8,8,12,6,1,0,24,1,49,43,49043,4,2009,4T1BK36B99U3,4,T,1,B,K,3,6,B,9,9,U,3,0,0,0,000000000,00000000000,0,0,0,1,0,0,0,0,0,0,0,998,0,0,0,9,6,2,12,0,0,0,1,24,20646,6,1,0,0,3,0,73,178,0,0,0,0,0,0,0,0,0,0,39,0,0,0,1,2,50,1,1,2,1,3,3,1,17,1,1,1,89,1,1,7784
240336_2014,24,240336,2,2,2,2,11,8,8,12,6,1,0,24,1,51,401,51401,14,2005,YV1CZ8527512,Y,V,1,C,Z,8,5,2,7,5,1,2,0,0,0,000000000,00000000000,0,0,0,1,0,0,0,0,0,0,0,998,0,0,0,12,6,2,12,0,0,0,1,24,20622,6,1,0,0,3,0,62,113,0,0,0,0,0,0,0,0,0,0,0,0,0,0,4,2,40,1,1,2,1,3,3,1,66,6,9,1,88,0,0,7785
240337_2014,24,240337,1,1,1,7,11,23,50,8,0,1,0,24,1,12,16,12016,4,2011,2FABP7EV8BX1,2,F,A,B,P,7,E,V,8,B,X,1,0,0,0,000000000,00000000000,0,0,0,1,0,0,0,0,0,0,0,998,0,0,0,12,4,3,8,0,0,0,1,24,21222,6,1,0,0,3,0,69,149,0,0,0,0,0,0,0,0,0,0,85,86,0,0,3,4,55,1,1,2,1,0,0,1,50,98,1,2,13,0,0,7786
240338_2014,24,240338,1,2,1,8,11,1,22,12,1,1,0,24,1,35,421,35421,15,2011,5N1AA0NC3BN6,5,N,1,A,A,0,N,C,3,B,N,6,0,0,0,000000000,00000000000,0,0,0,1,0,0,0,0,0,0,0,998,0,0,0,12,6,2,12,0,0,0,1,24,21061,6,1,0,0,3,0,70,220,0,0,0,0,0,0,0,0,0,4,26,0,0,0,3,3,55,1,5,2,1,0,0,1,50,1,1,1,20,0,0,7787
240338_2014,24,240338,2,2,1,8,11,1,22,12,1,1,0,24,1,20,25,20025,4,2014,2G1155S39E91,2,G,1,1,5,5,S,3,9,E,9,1,0,0,0,000000000,00000000000,0,0,0,1,0,0,0,0,0,0,0,0,0,0,0,6,6,2,12,0,0,0,1,24,21225,6,1,0,0,3,0,65,155,0,0,0,0,0,0,0,0,0,0,83,54,0,0,3,3,55,1,5,2,1,0,0,5,53,1,1,1,21,1,0,7788
240339_2014,24,240339,1,1,1,7,11,17,40,8,0,1,0,24,1,14,6,14006,4,2000,2MEFM74W5YX7,2,M,E,F,M,7,4,W,5,Y,X,7,0,0,0,000000000,00000000000,0,0,0,1,0,0,0,0,0,0,0,998,0,0,0,12,2,5,8,0,0,0,1,24,21244,6,1,0,0,3,0,73,240,0,0,0,0,0,0,0,0,0,3,86,0,0,0,1,4,30,2,3,2,1,0,0,1,80,1,1,1,13,0,0,7789
240340_2014,24,240340,1,2,1,9,11,16,25,12,2,1,0,24,1,13,5,13005,4,2001,1LNHM81WX1Y7,1,L,N,H,M,8,1,W,X,1,Y,7,0,0,0,000000000,00000000000,0,0,0,1,0,0,0,0,0,0,0,998,0,0,0,12,6,2,12,0,0,0,1,24,20776,6,1,0,0,3,0,70,175,0,0,0,0,1,10,2013,10,2013,0,99,99,99,99,1,2,40,2,1,2,1,0,0,1,10,1,1,2,50,1,0,7790
240340_2014,24,240340,2,2,2,9,11,16,25,12,2,1,0,24,2,6,43,6043,4,2004,1C3EL56R84N4,1,C,3,E,L,5,6,R,8,4,N,4,0,0,0,000000000,00000000000,0,0,0,1,0,0,0,0,0,0,0,998,0,0,0,12,6,2,12,0,0,0,1,24,20732,6,1,0,0,3,0,66,174,0,0,0,0,0,0,0,0,0,0,0,0,0,0,1,2,40,2,1,2,1,0,0,1,62,99,9,1,51,0,0,7791
240341_2014,24,240341,1,1,1,13,11,6,9,14,0,1,0,24,3,82,881,82881,66,2012,1FUJGEDV9CSB,1,F,U,J,G,E,D,V,9,C,S,B,1,1,57,02225510,5702225510,3,6,1,1,0,0,0,0,0,0,0,998,0,0,0,1,2,5,8,0,0,0,1,24,21217,6,1,6,0,3,0,66,186,0,1,0,0,0,7,2014,7,2014,0,0,0,0,0,3,2,65,1,1,2,1,0,0,1,11,1,1,4,1,0,0,7792
240342_2014,24,240342,1,1,1,15,11,17,24,8,0,1,0,24,1,12,17,12017,4,2014,1FAHP2E82EG1,1,F,A,H,P,2,E,8,2,E,G,1,0,0,0,000000000,00000000000,0,0,0,1,0,0,0,0,0,0,0,998,0,0,0,12,4,3,8,0,0,0,1,24,20650,6,1,0,0,3,0,71,180,0,0,0,0,0,0,0,0,0,0,0,0,0,0,3,2,45,1,1,2,1,3,3,1,81,1,1,1,13,0,0,7793
240343_2014,24,240343,1,1,1,8,11,18,43,8,0,1,0,24,3,35,50,35050,4,2015,3N1CE2CP6FL3,3,N,1,C,E,2,C,P,6,F,L,3,0,0,0,000000000,00000000000,0,0,0,1,0,0,0,0,0,0,0,998,0,0,0,12,2,3,8,0,0,0,1,24,20832,0,0,0,0,0,0,999,999,0,0,0,0,0,0,0,0,0,0,99,99,99,99,3,3,40,1,1,2,1,3,3,1,80,99,9,1,13,0,0,7794
240344_2014,24,240344,1,2,1,11,11,11,11,1,0,1,0,24,1,76,705,76705,80,2009,JYAVMO1E89A1,J,Y,A,V,M,O,1,E,8,9,A,1,0,0,0,000000000,00000000000,0,0,0,1,0,0,0,0,0,0,0,998,0,0,0,0,6,2,1,0,0,0,1,24,21915,6,1,0,0,2,0,73,240,0,0,0,2,1,9,2012,11,2014,0,36,0,0,0,1,2,35,2,1,2,1,0,0,14,9,99,7,2,98,1,0,7795
240344_2014,24,240344,2,2,1,11,11,11,11,1,0,1,0,11,3,20,473,20473,30,2010,1GCCSBD92A81,1,G,C,C,S,B,D,9,2,A,8,1,0,0,0,000000000,00000000000,0,0,0,1,0,0,0,0,0,0,0,998,0,0,0,12,6,2,12,0,0,0,1,10,19709,6,1,0,0,3,0,72,200,0,0,0,0,0,0,0,0,0,0,0,0,0,0,1,2,35,2,1,2,1,0,0,14,63,4,1,1,98,0,0,7796
240345_2014,24,240345,1,2,1,17,11,7,20,12,6,1,0,24,2,20,22,20022,4,2010,1G1AF5F52A71,1,G,1,A,F,5,F,5,2,A,7,1,0,0,0,000000000,00000000000,0,0,0,1,0,0,0,0,0,0,0,998,0,0,0,9,6,2,12,0,0,0,1,24,21001,6,1,0,0,3,0,63,110,0,0,0,2,0,4,2013,4,2013,4,28,0,0,0,3,3,65,1,6,2,2,0,0,1,9,99,7,2,48,1,0,7797
240345_2014,24,240345,2,2,1,17,11,7,20,12,6,1,0,48,2,12,401,12401,14,2006,1FMEU64816UA,1,F,M,E,U,6,4,8,1,6,U,A,0,0,0,000000000,00000000000,0,0,0,1,0,0,0,0,0,0,0,998,0,0,0,12,6,2,12,0,0,0,1,48,77433,6,1,0,0,3,0,999,999,0,0,0,0,0,0,0,0,0,0,0,0,0,0,3,3,65,1,6,2,2,0,0,1,61,99,9,2,48,0,0,7798
240346_2014,24,240346,1,1,2,2,12,2,29,53,0,1,0,24,1,37,31,37031,2,2005,SHHEP33515U5,S,H,H,E,P,3,3,5,1,5,U,5,0,0,0,000000000,00000000000,0,0,0,1,0,0,0,0,0,0,0,998,0,0,0,1,6,2,42,0,0,0,1,24,21222,6,1,0,0,3,0,70,170,0,0,0,1,1,11,2012,11,2012,4,0,0,0,0,1,2,40,3,3,2,2,0,0,1,9,4,4,4,7,1,1,7799
240347_2014,24,240347,1,2,1,18,11,18,52,12,6,1,0,24,1,20,4,20004,2,1999,1G1YY32G5X51,1,G,1,Y,Y,3,2,G,5,X,5,1,0,0,0,000000000,00000000000,0,0,0,1,0,0,0,0,0,0,0,998,0,0,0,4,6,2,12,0,0,0,1,24,21157,6,1,0,0,3,0,67,160,0,0,0,0,0,0,0,0,0,0,28,0,0,0,1,2,50,1,1,2,1,0,0,1,9,99,4,2,64,1,0,7800
240347_2014,24,240347,2,2,2,18,11,18,52,12,6,1,0,24,1,47,35,47035,6,2007,YS3FD59Y1710,Y,S,3,F,D,5,9,Y,1,7,1,0,0,0,0,000000000,00000000000,0,0,0,1,0,0,0,0,0,0,0,998,0,0,0,12,6,2,12,0,0,0,1,24,21701,6,1,0,0,3,0,65,130,0,0,0,0,0,0,0,0,0,0,0,0,0,0,1,2,50,1,1,2,1,0,0,1,62,1,1,1,65,0,0,7801
240348_2014,24,240348,1,1,1,15,11,21,11,33,0,1,0,24,3,37,32,37032,2,2007,1HGFA16857L0,1,H,G,F,A,1,6,8,5,7,L,0,0,0,0,000000000,00000000000,0,0,0,1,0,0,0,0,0,0,0,998,0,0,0,14,6,2,30,0,0,0,1,24,20877,6,1,0,0,3,0,70,160,0,1,0,0,1,7,2013,10,2014,9,99,99,99,99,3,2,30,3,5,2,1,0,0,14,9,99,3,4,2,1,0,7802
240349_2014,24,240349,1,1,1,1,12,22,8,33,0,1,0,24,1,20,401,20401,14,2002,1GNDT13SX224,1,G,N,D,T,1,3,S,X,2,2,4,0,0,0,000000000,00000000000,0,0,0,1,0,0,0,0,0,0,0,998,0,0,0,14,6,2,42,0,0,0,1,24,21239,6,1,0,0,3,0,69,210,0,0,0,1,1,4,2012,7,2012,3,58,0,0,0,3,3,45,2,1,2,2,0,0,14,6,99,9,4,7,1,0,7803
240350_2014,24,240350,1,1,4,23,11,1,46,35,0,1,0,24,1,34,35,34035,4,2006,WBSNB93586B5,W,B,S,N,B,9,3,5,8,6,B,5,0,0,0,000000000,00000000000,0,0,0,1,0,0,0,0,0,0,0,998,0,1,5,98,6,2,42,0,0,0,1,24,20721,6,1,0,0,3,0,76,200,0,0,0,3,1,8,2012,8,2013,4,0,0,0,0,6,1,25,2,6,2,1,0,0,14,12,99,1,4,6,1,1,7804
240351_2014,24,240351,1,1,1,24,11,9,44,9,0,1,0,24,1,12,881,12881,61,2012,1FDUF5GT6CEA,1,F,D,U,F,5,G,T,6,C,E,A,0,0,57,01238066,5701238066,2,1,1,1,0,0,0,0,0,0,0,998,0,0,0,3,0,3,9,0,0,0,1,24,21742,6,1,6,0,3,0,64,275,0,0,0,0,0,0,0,0,0,0,0,0,0,0,3,3,30,1,6,2,1,3,3,11,83,1,1,1,13,0,0,7805
240352_2014,24,240352,1,3,1,3,12,15,59,12,2,1,0,24,1,12,3,12003,2,2002,1FAFP42X42F1,1,F,A,F,P,4,2,X,4,2,F,1,0,0,0,000000000,00000000000,0,0,0,1,0,0,0,0,0,0,0,998,0,0,0,12,6,2,12,0,0,0,1,24,21060,6,1,0,0,3,0,69,200,0,0,0,0,0,0,0,0,0,9,99,99,99,99,1,2,35,1,1,2,2,0,0,1,10,1,1,2,50,0,0,7806
240352_2014,24,240352,2,3,1,3,12,15,59,12,2,1,0,24,2,21,1,21001,4,1983,1G3AK4791DM4,1,G,3,A,K,4,7,9,1,D,M,4,0,0,0,000000000,00000000000,0,0,0,1,0,0,0,0,0,0,0,998,0,0,0,12,6,2,12,0,0,0,1,24,21122,6,1,6,0,3,0,71,197,0,0,0,0,0,0,0,0,0,0,0,0,0,0,1,2,35,1,1,2,2,0,0,1,62,1,1,1,51,1,0,7807
240352_2014,24,240352,3,3,1,3,12,15,59,12,2,1,0,24,1,24,5,24005,4,2002,1G8JS54F42Y5,1,G,8,J,S,5,4,F,4,2,Y,5,0,0,0,000000000,00000000000,0,0,0,1,0,0,0,0,0,0,0,998,0,0,0,12,6,2,12,0,0,0,1,24,21144,6,1,0,0,3,0,69,250,0,0,0,0,0,0,0,0,0,0,0,0,0,0,1,2,35,1,1,2,2,0,0,1,60,1,1,1,98,0,0,7808