st_case_year,STATE,ST_CASE,VEH_NO,VE_FORMS,NUMOCCS,DAY,MONTH,HOUR,MINUTE,HARM_EV,MAN_COLL,UNITTYPE,HIT_RUN,REG_STAT,OWNER,MAKE,MODEL,MAK_MOD,BODY_TYP,MOD_YEAR,VIN,VIN_1,VIN_2,VIN_3,VIN_4,VIN_5,VIN_6,VIN_7,VIN_8,VIN_9,VIN_10,VIN_11,VIN_12,TOW_VEH,J_KNIFE,MCARR_I1,MCARR_I2,MCARR_ID,GVWR,V_CONFIG,CARGO_BT,HAZ_INV,HAZ_PLAC,HAZ_ID,HAZ_CNO,HAZ_REL,BUS_USE,SPEC_USE,EMER_USE,TRAV_SP,UNDERIDE,ROLLOVER,ROLINLOC,IMPACT1,DEFORMED,TOWED,M_HARM,VEH_SC1,VEH_SC2,FIRE_EXP,DR_PRES,L_STATE,DR_ZIP,L_STATUS,L_TYPE,CDL_STAT,L_ENDORS,L_COMPL,L_RESTRI,DR_HGT,DR_WGT,PREV_ACC,PREV_SUS,PREV_DWI,PREV_SPD,PREV_OTH,FIRST_MO,FIRST_YR,LAST_MO,LAST_YR,SPEEDREL,DR_SF1,DR_SF2,DR_SF3,DR_SF4,VTRAFWAY,VNUM_LAN,VSPD_LIM,VALIGN,VPROFILE,VPAVETYP,VSURCOND,VTRAFCON,VTCONT_F,P_CRASH1,P_CRASH2,P_CRASH3,PCRASH4,PCRASH5,ACC_TYPE,DEATHS,DR_DRINK,idno
240353_2014,24,240353,1,1,1,23,11,1,53,9,0,1,1,99,9,99,999,99999,99,9999,999999999999,9,9,9,9,9,9,9,9,9,9,9,9,9,0,99,999999999,99999999999,9,99,99,1,0,0,0,0,0,0,0,998,0,0,0,12,9,5,9,0,0,0,1,99,99999,9,9,99,9,9,9,999,999,99,99,99,99,99,99,9999,99,9999,9,99,99,99,99,3,4,45,1,1,2,1,0,0,1,83,99,9,9,13,0,0,7809
240354_2014,24,240354,1,2,1,25,11,15,22,12,6,1,0,24,1,35,481,35481,31,2007,1N6AA06A67N2,1,N,6,A,A,0,6,A,6,7,N,2,0,0,0,000000000,00000000000,0,0,0,1,0,0,0,0,0,0,0,998,0,0,0,10,6,2,12,0,0,0,1,24,21804,6,1,0,0,3,0,74,175,0,0,0,1,0,12,2013,12,2013,0,28,0,0,0,1,2,50,1,1,2,1,4,3,1,9,99,9,2,64,1,0,7810
240354_2014,24,240354,2,2,1,25,11,15,22,12,6,1,0,10,3,86,881,86881,66,2000,1M1AA13Y2YW1,1,M,1,A,A,1,3,Y,2,Y,W,1,1,3,57,230008,57230008,3,6,3,1,0,0,0,0,0,0,0,998,0,0,0,12,6,2,12,0,0,0,1,10,19966,6,1,6,0,3,0,72,270,0,0,0,0,0,0,0,0,0,0,0,0,0,0,1,2,50,1,1,2,1,4,3,1,62,99,9,9,65,0,0,7811
240355_2014,24,240355,1,1,1,11,12,17,36,8,0,1,1,99,9,99,999,99999,99,9999,999999999999,9,9,9,9,9,9,9,9,9,9,9,9,0,0,0,000000000,00000000000,0,0,0,1,0,0,0,0,0,0,0,998,0,0,0,12,9,5,8,0,0,0,1,99,99999,9,9,99,9,9,9,999,999,99,99,99,99,99,99,9999,99,9999,9,99,99,99,99,1,2,30,1,6,2,1,0,0,1,83,99,9,3,13,0,0,7812
240356_2014,24,240356,1,1,2,22,11,4,43,33,0,1,0,24,2,59,31,59031,4,1997,JT8BF22G9V00,J,T,8,B,F,2,2,G,9,V,0,0,0,0,0,000000000,00000000000,0,0,0,1,0,0,0,0,0,0,0,998,0,0,0,14,6,2,30,0,0,0,1,24,21216,6,1,0,0,3,0,71,160,0,0,0,0,0,0,0,0,0,0,0,0,0,0,1,2,30,1,1,2,1,3,3,1,11,1,1,4,1,1,1,7813
240357_2014,24,240357,1,1,4,27,11,3,0,1,0,1,0,42,1,12,401,12401,14,2003,1FMZU73K23UB,1,F,M,Z,U,7,3,K,2,3,U,B,0,0,0,000000000,00000000000,0,0,0,1,0,0,0,0,0,0,0,998,0,2,3,0,6,2,1,0,0,0,1,42,16132,6,1,0,0,3,0,72,999,0,0,0,0,0,0,0,0,0,0,0,0,0,0,3,2,55,1,1,2,1,0,0,1,12,99,9,4,10,1,1,7814
240358_2014,24,240358,1,2,1,27,11,9,33,12,6,1,0,11,1,37,32,37032,4,2001,2HGES26791H5,2,H,G,E,S,2,6,7,9,1,H,5,0,0,0,000000000,00000000000,0,0,0,1,0,0,0,0,0,0,0,998,0,0,0,3,6,2,12,0,0,0,1,11,20008,6,1,99,9,9,9,999,999,99,99,99,99,99,99,9999,99,9999,0,28,0,0,0,1,2,50,1,1,2,2,0,0,1,10,99,5,2,64,1,0,7815
240358_2014,24,240358,2,2,2,27,11,9,33,12,6,1,0,24,1,12,37,12037,4,2013,1FADP3E20DL2,1,F,A,D,P,3,E,2,0,D,L,2,0,0,0,000000000,00000000000,0,0,0,1,0,0,0,0,0,0,0,998,0,0,0,12,6,2,12,0,0,0,1,24,21918,6,1,0,0,3,0,68,175,0,0,0,0,0,0,0,0,0,0,0,0,0,0,1,2,50,1,1,2,2,0,0,1,62,1,1,1,65,0,0,7816
240359_2014,24,240359,1,1,5,29,11,1,39,1,0,1,0,24,1,35,402,35402,14,2007,5N1AN08U27C5,5,N,1,A,N,0,8,U,2,7,C,5,0,0,0,000000000,00000000000,0,0,0,1,0,0,0,0,0,0,0,998,0,2,1,0,6,2,1,0,0,0,1,12,33624,6,1,0,0,3,0,64,999,0,0,0,0,0,0,0,0,0,0,85,0,0,0,3,3,65,1,1,2,1,0,0,1,51,6,5,2,98,1,0,7817
240360_2014,24,240360,1,2,2,4,12,17,34,12,6,1,0,24,2,12,481,12481,31,2014,1FTFW1EF8EKD,1,F,T,F,W,1,E,F,8,E,K,D,0,0,0,000000000,00000000000,0,0,0,1,0,0,0,0,0,0,0,998,0,0,0,4,6,2,12,0,0,0,1,24,20602,6,1,0,0,3,0,71,200,0,0,0,0,0,0,0,0,0,0,38,0,0,0,3,2,55,1,1,2,1,21,3,12,98,1,1,3,98,0,0,7818
240360_2014,24,240360,2,2,1,4,12,17,34,12,6,1,0,24,1,7,472,7472,31,2001,1B7HL2AN81S3,1,B,7,H,L,2,A,N,8,1,S,3,0,0,0,000000000,00000000000,0,0,0,1,0,0,0,0,0,0,0,998,0,0,0,12,6,8,12,0,0,0,1,24,20732,6,1,0,0,3,3,71,230,0,1,0,5,5,2,2012,10,2014,0,0,0,0,0,3,2,55,1,1,2,1,0,0,1,60,99,9,1,98,1,0,7819
240361_2014,24,240361,1,1,1,30,11,19,52,9,0,1,0,24,1,12,481,12481,31,2005,1FTSW21P75ED,1,F,T,S,W,2,1,P,7,5,E,D,0,0,0,000000000,00000000000,0,0,0,1,0,0,0,0,0,0,0,998,0,0,0,12,4,3,9,0,0,0,1,24,21122,6,1,0,0,3,0,73,280,0,0,0,1,0,1,2013,1,2013,0,86,0,0,0,1,2,55,1,1,2,1,0,0,1,83,99,9,1,13,0,0,7820
240362_2014,24,240362,1,1,2,30,11,4,15,33,0,1,0,24,2,12,401,12401,14,2000,1FMZU63E5YZB,1,F,M,Z,U,6,3,E,5,Y,Z,B,0,0,0,000000000,00000000000,0,0,0,1,0,0,0,0,0,0,0,998,0,0,0,1,6,2,42,0,0,0,1,24,20877,6,1,0,0,3,0,69,175,0,0,0,0,0,0,0,0,0,0,99,99,99,99,3,3,35,3,1,2,1,0,0,14,11,99,9,4,1,1,1,7821
240363_2014,24,240363,2,1,1,10,12,12,56,14,0,1,0,24,1,37,32,37032,2,1992,1HGCB7158NA0,1,H,G,C,B,7,1,5,8,N,A,0,0,0,0,000000000,00000000000,0,0,0,1,0,0,0,0,0,0,0,998,0,0,0,12,6,2,14,0,0,0,1,24,21784,6,1,0,0,3,0,72,210,3,0,0,1,1,7,2012,6,2013,0,0,0,0,0,1,2,40,1,6,2,1,0,0,1,98,99,9,1,98,1,0,7822
240364_2014,24,240364,1,1,3,8,12,15,55,33,0,1,0,24,1,20,421,20421,15,2000,1GNDT13W1Y21,1,G,N,D,T,1,3,W,1,Y,2,1,0,0,0,000000000,00000000000,0,0,0,1,0,0,0,0,0,0,0,998,0,0,0,12,6,2,42,0,0,0,1,24,21222,6,1,0,0,3,0,71,244,0,0,0,0,0,0,0,0,0,0,0,0,0,0,1,2,25,3,1,2,1,0,0,1,13,99,1,4,1,2,0,7823
240365_2014,24,240365,1,1,8,23,11,3,20,42,0,1,0,24,2,20,431,20431,16,2003,3GNFK16Z03G1,3,G,N,F,K,1,6,Z,0,3,G,1,0,0,0,000000000,00000000000,0,0,0,1,0,0,0,0,0,0,0,998,0,1,5,8,6,2,42,0,0,0,1,24,20785,0,0,0,0,0,0,64,160,0,0,0,0,0,0,0,0,0,0,99,99,99,99,1,4,35,3,6,2,1,0,0,14,9,99,9,4,2,3,1,7824
240366_2014,24,240366,1,1,1,19,11,21,40,8,0,1,0,24,1,12,461,12461,21,1997,1FTHE2428VHA,1,F,T,H,E,2,4,2,8,V,H,A,0,0,0,000000000,00000000000,0,0,0,1,0,0,0,0,0,0,0,998,0,0,0,12,4,5,8,0,0,0,1,24,20763,6,1,6,0,3,0,65,160,0,0,0,1,0,10,2012,10,2012,0,86,0,0,0,1,3,40,1,1,2,1,0,0,1,80,99,9,2,13,0,0,7825
240367_2014,24,240367,1,1,1,10,12,17,53,53,0,1,0,24,1,48,38,48038,4,2006,JF1GD79686G5,J,F,1,G,D,7,9,6,8,6,G,5,0,0,0,000000000,00000000000,0,0,0,1,0,0,0,0,0,0,0,998,0,0,0,8,6,2,42,0,0,0,1,24,21157,6,1,0,0,3,0,68,170,0,0,1,0,1,6,2013,7,2013,3,58,0,0,0,1,2,30,1,6,2,1,0,0,1,13,99,9,4,1,1,0,7826
240368_2014,24,240368,1,3,3,29,11,11,34,12,6,1,0,24,2,49,40,49040,4,2004,4T1BE30K14U3,4,T,1,B,E,3,0,K,1,4,U,3,0,0,0,000000000,00000000000,0,0,0,1,0,0,0,0,0,0,0,998,0,0,0,9,6,2,12,0,0,0,1,42,19103,6,1,0,0,3,0,69,999,0,0,0,0,0,0,0,0,0,0,38,39,0,0,8,2,98,3,8,8,1,3,3,1,17,99,9,1,89,1,0,7827
240368_2014,24,240368,2,3,1,29,11,11,34,12,6,1,0,24,3,12,481,12481,31,2012,1FTBF2B62CEA,1,F,T,B,F,2,B,6,2,C,E,A,0,0,0,000000000,00000000000,0,0,0,1,0,0,0,0,0,0,0,998,0,0,0,12,4,3,12,0,0,0,1,51,22003,6,1,3,0,3,0,66,145,0,0,0,0,0,0,0,0,0,0,99,99,99,99,3,3,35,1,1,2,1,3,3,1,66,99,9,1,88,0,0,7828
240368_2014,24,240368,3,3,1,29,11,11,34,12,6,1,0,24,1,42,401,42401,14,2008,4JGBB86E18A3,4,J,G,B,B,8,6,E,1,8,A,3,0,0,0,000000000,00000000000,0,0,0,1,0,0,0,0,0,0,0,998,0,0,0,1,4,3,12,0,0,0,1,24,20816,6,1,0,0,3,0,66,122,0,0,0,0,0,0,0,0,0,0,0,0,0,0,3,3,35,1,1,2,1,3,3,1,66,99,9,1,98,0,0,7829
240369_2014,24,240369,1,3,1,6,11,6,38,12,2,1,0,24,1,34,34,34034,4,2003,WBAEU33443PF,W,B,A,E,U,3,3,4,4,3,P,F,0,0,0,000000000,00000000000,0,0,0,1,0,0,0,0,0,0,0,998,0,0,0,12,6,2,12,0,0,0,1,42,16510,6,1,0,0,3,0,69,999,0,4,0,0,0,2,2012,4,2014,0,28,0,0,0,1,2,50,1,6,2,2,0,0,1,10,99,9,2,50,0,0,7830
240369_2014,24,240369,2,3,1,6,11,6,38,12,2,1,0,24,1,37,402,37402,14,2014,5J6RM3H3XEL0,5,J,6,R,M,3,H,3,X,E,L,0,0,0,0,000000000,00000000000,0,0,0,1,0,0,0,0,0,0,0,998,0,0,0,12,6,2,12,0,0,0,1,24,20659,6,1,0,0,3,0,64,220,0,0,0,1,0,6,2014,6,2014,0,0,0,0,0,1,2,50,1,6,2,2,0,0,1,62,99,9,1,51,1,0,7831
240369_2014,24,240369,3,3,1,6,11,6,38,12,2,1,0,24,1,49,40,49040,4,2009,4T1BE46K99U9,4,T,1,B,E,4,6,K,9,9,U,9,0,0,0,000000000,00000000000,0,0,0,1,0,0,0,0,0,0,0,998,0,0,0,12,2,5,54,0,0,0,1,24,20659,6,1,0,0,3,0,65,180,0,0,0,1,0,5,2013,5,2013,0,81,0,0,0,1,2,50,1,6,2,2,0,0,1,98,1,1,1,98,0,0,7832
240370_2014,24,240370,1,2,1,12,12,16,58,12,6,1,0,24,1,49,472,49472,30,2002,5TEHN72N82Z0,5,T,E,H,N,7,2,N,8,2,Z,0,0,0,0,000000000,00000000000,0,0,0,1,0,0,0,0,0,0,0,998,0,0,0,12,6,2,12,0,0,0,1,24,21111,6,1,0,0,3,0,68,160,0,0,0,0,0,0,0,0,0,0,28,0,0,0,1,2,50,1,1,2,1,0,0,1,10,1,1,2,64,0,0,7833
240370_2014,24,240370,2,2,1,12,12,16,58,12,6,1,0,24,1,58,34,58034,4,1995,JNKAY21D3SM2,J,N,K,A,Y,2,1,D,3,S,M,2,0,0,0,000000000,00000000000,0,0,0,1,0,0,0,0,0,0,0,998,0,0,0,11,6,2,12,0,0,0,1,24,21013,6,1,0,0,3,0,71,165,0,0,0,0,0,0,0,0,0,0,0,0,0,0,1,2,50,1,1,2,1,0,0,1,62,99,9,1,65,1,0,7834
240371_2014,24,240371,1,1,1,30,11,3,36,42,0,1,0,42,2,12,401,12401,14,2000,NULL,NULL,NULL,NULL,NULL,NULL,NULL,NULL,NULL,NULL,NULL,NULL,NULL,0,0,0,000000000,00000000000,0,0,0,1,0,0,0,0,0,0,0,998,0,0,0,12,6,2,42,0,0,0,1,24,21207,0,0,0,0,0,0,68,150,0,0,0,0,0,0,0,0,0,0,99,99,99,99,1,2,25,1,1,2,1,0,0,1,13,99,9,4,1,1,0,7835
240372_2014,24,240372,1,3,1,25,11,12,44,12,1,1,0,19,3,82,881,82881,66,2015,1FUJGLD58FLG,1,F,U,J,G,L,D,5,8,F,L,G,1,1,57,0134697,570134697,3,6,1,1,0,0,0,0,0,0,0,998,0,0,0,12,6,2,12,0,0,0,1,21,41164,6,1,6,0,3,0,70,210,0,0,0,0,0,0,0,0,0,0,26,0,0,0,3,3,65,1,5,2,1,0,0,2,51,1,1,1,24,0,0,7836
240372_2014,24,240372,2,3,1,25,11,12,44,12,1,1,0,42,1,20,461,20461,29,2010,1GCZGFBA7A11,1,G,C,Z,G,F,B,A,7,A,1,1,0,0,0,000000000,00000000000,0,0,0,1,0,0,0,0,0,0,0,998,0,0,0,6,6,2,12,0,0,0,1,42,15955,6,1,6,0,3,0,68,999,0,0,0,0,0,0,0,0,0,0,0,0,0,0,3,3,65,1,5,2,1,0,0,2,53,1,1,1,25,0,0,7837
240372_2014,24,240372,3,3,1,25,11,12,44,12,1,1,0,51,1,2,405,2405,14,2002,1J4GL48K42W2,1,J,4,G,L,4,8,K,4,2,W,2,0,0,0,000000000,00000000000,0,0,0,1,0,0,0,0,0,0,0,998,0,0,0,6,6,2,12,0,0,0,1,51,22124,6,1,0,0,3,0,64,175,0,0,0,0,1,10,2013,10,2013,0,0,0,0,0,3,3,65,1,5,2,1,0,0,2,53,1,1,1,98,1,0,7838
240373_2014,24,240373,1,3,1,17,11,6,20,33,0,1,0,42,1,37,31,37031,4,2007,1HGFA165X7L0,1,H,G,F,A,1,6,5,X,7,L,0,0,0,0,000000000,00000000000,0,0,0,1,0,0,0,0,0,0,0,998,0,0,0,14,6,2,12,0,0,0,1,42,17366,6,1,0,0,3,0,67,999,0,0,0,0,0,0,0,0,0,0,99,99,99,99,1,2,50,1,1,2,2,0,0,1,99,99,9,1,12,1,0,7839
240373_2014,24,240373,2,3,1,17,11,6,20,33,0,1,0,24,1,35,50,35050,4,2011,3N1BC1CP5BL4,3,N,1,B,C,1,C,P,5,B,L,4,0,0,0,000000000,00000000000,0,0,0,1,0,0,0,0,0,0,0,998,0,0,0,12,6,2,12,0,0,0,1,24,21014,6,1,0,0,3,0,73,185,0,0,0,0,0,0,0,0,0,0,0,0,0,0,1,2,50,1,1,2,2,0,0,1,62,99,9,1,98,0,0,7840
240373_2014,24,240373,3,3,1,17,11,6,20,33,0,1,0,24,1,58,402,58402,14,2013,5N1AL0MM5DC3,5,N,1,A,L,0,M,M,5,D,C,3,0,0,0,000000000,00000000000,0,0,0,1,0,0,0,0,0,0,0,998,0,1,1,12,6,2,1,0,0,0,1,24,21014,6,1,0,0,3,0,77,150,0,0,0,1,0,7,2013,7,2013,0,0,0,0,0,1,2,50,1,1,2,2,0,0,1,62,99,1,1,98,0,0,7841
240374_2014,24,240374,1,1,1,6,12,0,18,8,0,1,1,99,9,99,999,99999,99,9999,999999999999,9,9,9,9,9,9,9,9,9,9,9,9,9,0,99,999999999,99999999999,9,99,99,1,0,0,0,0,99,99,9,998,0,0,0,98,9,5,8,99,99,0,1,99,99999,9,9,99,9,9,9,999,999,99,99,99,99,99,99,9999,99,9999,9,99,99,99,99,2,3,35,1,1,2,2,97,8,1,80,99,9,9,13,0,0,7842
240375_2014,24,240375,1,2,1,13,12,13,11,12,1,1,0,24,1,6,51,6051,4,2007,2C3KA53G77H7,2,C,3,K,A,5,3,G,7,7,H,7,0,0,0,000000000,00000000000,0,0,0,1,0,0,0,0,0,0,0,998,0,0,0,12,6,2,12,0,0,0,1,24,20715,6,1,6,0,3,0,68,215,0,0,0,0,0,0,0,0,0,0,29,0,0,0,3,2,55,1,1,2,1,0,0,1,50,99,9,4,20,0,0,7843
240375_2014,24,240375,2,2,1,13,12,13,11,12,1,1,0,24,1,35,47,35047,4,2009,3N1BC11E49L3,3,N,1,B,C,1,1,E,4,9,L,3,0,0,0,000000000,00000000000,0,0,0,1,0,0,0,0,0,0,0,0,0,0,0,6,6,2,12,0,0,0,1,24,20772,6,1,0,0,3,0,64,143,0,0,0,0,0,0,0,0,0,0,0,0,0,0,3,2,55,1,1,2,1,0,0,5,53,1,1,5,21,1,0,7844
240376_2014,24,240376,1,2,1,2,12,8,21,12,1,1,0,24,1,20,2,20002,4,2012,2G1WC5E31C11,2,G,1,W,C,5,E,3,1,C,1,1,0,0,0,000000000,00000000000,0,0,0,1,0,0,0,0,0,0,0,998,0,0,0,12,6,2,12,0,0,0,1,24,21030,6,1,0,0,3,0,68,230,0,0,0,0,0,0,0,0,0,0,99,99,99,99,5,4,40,1,1,2,2,3,3,1,52,99,9,1,24,1,0,7845
240376_2014,24,240376,2,2,2,2,12,8,21,12,1,1,0,24,3,12,870,12870,61,2011,1FDFE4FS8BDB,1,F,D,F,E,4,F,S,8,B,D,B,0,0,88,888888888,88888888888,2,1,1,1,0,0,0,0,0,98,0,998,0,0,0,6,4,5,12,0,0,0,1,24,21244,6,1,0,0,3,0,68,150,0,0,0,0,0,0,0,0,0,0,0,0,0,0,5,4,40,1,1,2,2,3,3,2,53,1,1,1,25,0,0,7846
240377_2014,24,240377,1,2,1,9,12,11,6,12,6,1,0,24,3,12,16,12016,4,2008,2FAFP71V88X1,2,F,A,F,P,7,1,V,8,8,X,1,0,0,0,000000000,00000000000,0,0,0,1,0,0,0,0,0,5,5,998,0,0,0,12,6,2,12,0,0,0,1,24,21221,6,1,0,0,3,0,73,255,0,0,0,0,0,0,0,0,0,4,38,39,16,0,2,3,25,1,1,2,2,3,3,1,66,99,9,1,88,0,0,7847
240377_2014,24,240377,2,2,1,9,12,11,6,12,6,1,0,24,1,18,7,18007,4,1991,1G4AH54N9M64,1,G,4,A,H,5,4,N,9,M,6,4,0,0,0,000000000,00000000000,0,0,0,1,0,0,0,0,0,0,0,998,0,0,0,9,6,2,12,0,0,0,1,24,21220,6,1,0,0,3,0,70,250,0,0,0,0,0,0,0,0,0,0,0,0,0,0,2,3,25,1,1,2,2,3,3,1,17,99,9,1,89,1,0,7848
240378_2014,24,240378,1,2,1,15,12,20,42,12,2,1,0,24,2,32,45,32045,2,2000,TRUTC28N3Y10,T,R,U,T,C,2,8,N,3,Y,1,0,0,0,0,000000000,00000000000,0,0,0,1,0,0,0,0,0,0,0,998,0,0,0,12,6,2,12,0,0,0,1,24,21035,6,1,0,0,3,0,74,190,0,0,0,0,0,0,0,0,0,0,28,0,0,0,1,2,50,1,1,2,1,0,0,1,10,99,9,3,50,1,1,7849
240378_2014,24,240378,2,2,1,15,12,20,42,12,2,1,0,24,1,49,51,49051,4,2008,JTDBT9035811,J,T,D,B,T,9,0,3,5,8,1,1,0,0,0,000000000,00000000000,0,0,0,1,0,0,0,0,0,0,0,998,0,0,0,12,6,2,12,0,0,0,1,24,21037,6,1,0,0,3,0,65,150,0,0,0,0,0,0,0,0,0,0,0,0,0,0,1,2,50,1,1,2,1,0,0,1,62,99,9,1,51,1,1,7850
240379_2014,24,240379,1,1,1,20,12,2,47,34,0,1,0,24,2,14,17,14017,4,1998,1MEFM53S6WA6,1,M,E,F,M,5,3,S,6,W,A,6,0,0,0,000000000,00000000000,0,0,0,1,0,0,0,0,0,0,0,998,0,1,5,9,6,2,42,0,0,0,1,24,21639,6,1,0,0,3,0,70,140,0,0,0,2,0,6,2014,11,2014,3,28,36,0,0,1,2,40,3,1,2,1,0,0,14,6,99,3,4,2,1,1,7851
240380_2014,24,240380,1,1,1,20,12,18,44,24,0,1,0,54,1,48,44,48044,10,2005,4S4BT62C9571,4,S,4,B,T,6,2,C,9,5,7,1,0,0,0,000000000,00000000000,0,0,0,1,0,0,0,0,0,0,0,998,0,1,1,11,6,2,1,0,0,0,1,54,26508,6,1,6,0,3,0,72,210,0,0,0,0,0,0,0,0,0,0,39,0,0,0,2,3,65,2,3,2,1,0,0,1,11,99,9,4,6,1,0,7852
240381_2014,24,240381,1,5,2,20,12,19,26,12,1,1,0,42,1,2,403,2403,14,2012,1C4RJFCT9CC1,1,C,4,R,J,F,C,T,9,C,C,1,0,0,0,000000000,00000000000,0,0,0,1,0,0,0,0,0,0,0,998,0,1,1,12,6,2,12,0,0,0,1,42,15090,6,1,0,0,3,0,75,999,0,0,0,0,1,12,2014,12,2014,4,26,0,0,0,2,2,65,1,1,2,1,0,0,1,50,99,9,1,20,0,0,7853
240381_2014,24,240381,2,5,5,20,12,19,26,12,1,1,0,24,2,49,442,49442,20,2007,5TDZK23C87S0,5,T,D,Z,K,2,3,C,8,7,S,0,0,0,0,000000000,00000000000,0,0,0,1,0,0,0,0,0,0,0,0,0,0,0,6,6,2,12,0,0,0,1,24,21550,6,1,0,0,3,0,68,160,0,0,0,0,0,0,0,0,0,0,0,0,0,0,1,2,65,1,1,2,1,0,0,5,53,1,1,1,21,1,0,7854
240381_2014,24,240381,3,5,1,20,12,19,26,12,1,1,0,17,1,34,35,34035,4,2003,WBADT33483GF,W,B,A,D,T,3,3,4,8,3,G,F,0,0,0,000000000,00000000000,0,0,0,1,0,0,0,0,0,0,0,0,0,0,0,6,6,2,12,0,0,0,1,17,60304,6,1,0,0,3,0,72,192,0,0,0,0,0,0,0,0,0,0,0,0,0,0,1,2,65,1,1,2,1,0,0,5,53,1,1,1,98,0,0,7855
240381_2014,24,240381,4,5,2,20,12,19,26,12,1,1,0,24,1,12,23,12023,4,2014,1FADP3F25EL3,1,F,A,D,P,3,F,2,5,E,L,3,0,0,0,000000000,00000000000,0,0,0,1,0,0,0,0,0,0,0,0,0,0,0,6,6,2,12,0,0,0,1,24,21521,6,1,0,0,3,0,72,325,0,0,0,0,1,8,2014,8,2014,0,0,0,0,0,1,2,65,1,1,2,1,0,0,5,53,1,1,1,98,0,0,7856
240381_2014,24,240381,5,5,1,20,12,19,26,12,1,1,0,12,3,87,881,87881,66,1994,1XP5DB8X4RN3,1,X,P,5,D,B,8,X,4,R,N,3,1,1,57,932958,57932958,3,6,3,1,0,0,0,0,0,0,0,0,0,0,0,6,4,5,12,0,0,0,1,12,33619,6,1,6,0,3,0,69,999,0,0,0,0,0,0,0,0,0,0,0,0,0,0,1,2,65,1,1,2,1,0,0,5,53,1,1,1,98,0,0,7857
240382_2014,24,240382,1,2,1,22,12,16,24,12,6,1,0,42,2,12,401,12401,14,2000,1FMZU63E2YZA,1,F,M,Z,U,6,3,E,2,Y,Z,A,0,0,0,000000000,00000000000,0,0,0,1,0,0,0,0,0,0,0,998,0,0,0,12,6,2,12,0,0,0,1,42,17268,6,1,0,0,3,0,74,999,0,0,0,0,0,0,0,0,0,0,28,0,0,0,1,2,50,1,1,2,2,0,0,1,10,99,9,2,64,1,0,7858
240382_2014,24,240382,2,2,1,22,12,16,24,12,6,1,0,24,3,87,881,87881,63,1997,1NPAXREX0VN4,1,N,P,A,X,R,E,X,0,V,N,4,0,0,57,305813,57305813,3,1,4,1,0,0,0,0,0,0,0,998,0,1,5,11,6,2,12,0,0,0,1,42,17236,6,1,6,0,3,0,72,999,0,0,0,0,0,0,0,0,0,0,0,0,0,0,1,2,50,1,1,2,2,0,0,1,62,99,9,1,65,0,0,7859
240383_2014,24,240383,1,2,1,10,12,12,44,12,6,1,0,24,1,49,32,49032,4,2002,2T1BR12E82C5,2,T,1,B,R,1,2,E,8,2,C,5,0,0,0,000000000,00000000000,0,0,0,1,0,0,0,0,0,0,0,998,0,0,0,1,6,2,12,0,0,0,1,24,21220,6,1,0,0,3,3,63,105,0,0,0,0,0,0,0,0,0,0,38,0,0,0,3,2,45,1,1,2,1,3,3,11,15,1,1,1,68,1,0,7860
240383_2014,24,240383,2,2,1,10,12,12,44,12,6,1,0,24,1,20,2,20002,4,2004,1G1ND52F24M5,1,G,1,N,D,5,2,F,2,4,M,5,0,0,0,000000000,00000000000,0,0,0,1,0,0,0,0,0,0,0,998,0,0,0,12,6,2,12,0,0,0,1,24,21221,6,1,0,0,3,0,68,250,0,0,0,0,0,0,0,0,0,0,0,0,0,0,3,2,45,1,1,2,1,3,3,1,62,99,9,1,69,0,0,7861
240385_2014,24,240385,1,2,2,26,12,23,19,12,1,1,0,24,1,6,441,6441,20,2010,2A4RR5D17AR3,2,A,4,R,R,5,D,1,7,A,R,3,0,0,0,000000000,00000000000,0,0,0,1,0,0,0,0,0,0,0,998,0,0,0,12,6,2,12,0,0,0,1,24,21078,6,1,0,0,3,0,74,230,0,0,0,0,0,0,0,0,0,4,26,0,0,0,2,2,55,1,1,2,1,0,0,1,51,1,1,1,32,0,0,7862
240385_2014,24,240385,2,2,2,26,12,23,19,12,1,1,0,24,3,12,17,12017,4,2001,1FAFP53UX1A1,1,F,A,F,P,5,3,U,X,1,A,1,0,0,0,000000000,00000000000,0,0,0,1,0,0,0,0,0,1,0,998,0,0,0,6,6,2,12,0,0,0,1,24,21078,6,1,0,0,3,0,74,230,0,0,0,0,0,0,0,0,0,0,0,0,0,0,2,2,55,1,1,2,1,0,0,3,53,1,1,1,32,1,0,7863
240386_2014,24,240386,1,2,1,30,12,8,39,12,8,1,0,24,1,19,21,19021,4,2005,1G6DW6779501,1,G,6,D,W,6,7,7,9,5,0,1,0,0,0,000000000,00000000000,0,0,0,1,0,0,0,0,0,0,0,998,0,0,0,8,6,2,12,0,0,0,1,24,21655,6,1,0,0,3,0,72,165,0,0,0,0,1,2,2014,2,2014,0,28,0,0,0,1,2,50,2,1,2,1,0,0,14,10,1,1,2,64,1,0,7864